group	index	message_id	prefix_rom_offset	data_rom_offset	compressed_bytes	bits_consumed	symbol_count	raw_symbols	text
00	00	0x0000	0x022291	0x022292	8	59	14	01E 028 001 0B9 1AB 025 029 001 093 032 024 011 1C9 1C0	その 方向には 何もない<WAIT_INPUT>
00	01	0x0001	0x02229A	0x02229B	11	84	19	06B 084 054 075 029 001 01F 015 036 084 029 019 03C 010 018 022 02F 01F 1C0	レディは たからばこをあけてみた
00	02	0x0002	0x0222A6	0x0222A7	4	29	8	1C4 03C 001 090 021 018 01F 1C0	<INSERT_A>を 見つけた
00	03	0x0003	0x0222AB	0x0222AC	8	60	14	029 019 028 0A1 029 001 015 036 084 01F 03E 01F 1C9 1C0	はこの中は からだった<WAIT_INPUT>
00	04	0x0004	0x0222B4	0x0222B5	11	82	21	01B 015 01B 001 025 032 021 084 015 001 011 03E 083 029 011 084 01F 03E 01F 1C9 1C0	しかし にもつが いっぱいだった<WAIT_INPUT>
00	05	0x0005	0x0222C0	0x0222C1	5	36	10	1CA 029 001 1C4 03C 123 03E 01F 1CD 1C0	<INSERT_B>は <INSERT_A>を使った<PAUSE_30>
00	06	0x0006	0x0222C6	0x0222C7	7	53	11	1CA 029 001 1CA 03C 023 024 013 01F 1CD 1C0	<INSERT_B>は <INSERT_B>をとなえた<PAUSE_30>
00	07	0x0007	0x0222CE	0x0222CF	11	81	16	01B 015 01B 001 093 084 019 023 032 014 019 036 024 011 1C9 1C0	しかし 何ごともおこらない<WAIT_INPUT>
00	08	0x0008	0x0222DA	0x0222DB	6	45	14	1CA 028 001 00C 00E 084 015 1C2 169 18B 01B 01F 1C9 1C0	<INSERT_B>の LPが<NUMBER>回復した<WAIT_INPUT>
00	09	0x0009	0x0222E1	0x0222E2	6	45	14	1CA 028 001 00D 00E 084 015 1C2 169 18B 01B 01F 1C9 1C0	<INSERT_B>の SPが<NUMBER>回復した<WAIT_INPUT>
00	0A	0x000A	0x0222E8	0x0222E9	10	79	18	084 04C 04B 056 043 028 186 1A4 084 015 001 024 017 024 03E 01F 1C9 1C0	ザコナイの効果が なくなった<WAIT_INPUT>
00	0B	0x000B	0x0222F3	0x0222F4	9	72	17	014 02B 084 01F 028 186 1A4 084 015 001 024 017 024 03E 01F 1C9 1C0	おふだの効果が なくなった<WAIT_INPUT>
00	0C	0x000C	0x0222FD	0x0222FE	7	51	13	1CA 084 015 001 035 02F 084 015 013 03E 01F 1C9 1C0	<INSERT_B>が よみがえった<WAIT_INPUT>
00	0D	0x000D	0x022305	0x022306	8	57	15	1CA 029 001 035 02F 084 015 013 036 024 015 03E 01F 1C9 1C0	<INSERT_B>は よみがえらなかった<WAIT_INPUT>
00	0E	0x000E	0x02230E	0x02230F	7	55	15	1CA 028 001 020 015 036 084 015 001 1C2 02B 013 01F 1C9 1C0	<INSERT_B>の ちからが <NUMBER>ふえた<WAIT_INPUT>
00	0F	0x000F	0x022316	0x022317	9	67	17	1CA 028 001 016 084 02A 03D 01A 084 015 001 1C2 02B 013 01F 1C9 1C0	<INSERT_B>の きびんさが <NUMBER>ふえた<WAIT_INPUT>
00	10	0x0010	0x022320	0x022321	8	61	18	1CA 028 001 00C 00E 028 18A 0AC 199 084 015 001 1C2 02B 013 01F 1C9 1C0	<INSERT_B>の LPの最大値が <NUMBER>ふえた<WAIT_INPUT>
00	11	0x0011	0x022329	0x02232A	8	61	18	1CA 028 001 00D 00E 028 18A 0AC 199 084 015 001 1C2 02B 013 01F 1C9 1C0	<INSERT_B>の SPの最大値が <NUMBER>ふえた<WAIT_INPUT>
00	12	0x0012	0x022332	0x022333	4	30	10	1CA 029 001 1C4 03C 123 03E 01F 1C9 1C0	<INSERT_B>は <INSERT_A>を使った<WAIT_INPUT>
00	13	0x0013	0x022337	0x022338	6	41	10	1CA 029 001 1CA 03C 015 018 01F 1C9 1C0	<INSERT_B>は <INSERT_B>をかけた<WAIT_INPUT>
00	14	0x0014	0x02233E	0x02233F	2	11	3	1C1 1C5 1C0	<NOP><WAIT>
00	15	0x0015	0x022341	0x022342	2	9	3	1C1 1C9 1C0	<NOP><WAIT_INPUT>
00	16	0x0016	0x022344	0x022345	5	39	9	1CA 029 001 1CA 03C 015 018 01F 1C0	<INSERT_B>は <INSERT_B>をかけた
00	17	0x0017	0x02234A	0x02234B	6	43	13	1CA 028 001 00C 00E 084 015 1C2 169 18B 01B 01F 1C0	<INSERT_B>の LPが<NUMBER>回復した
00	18	0x0018	0x022351	0x022352	10	76	16	01F 015 036 084 029 019 029 001 1CA 084 01F 03E 01F 07A 1C9 1C0	たからばこは <INSERT_B>だった!<WAIT_INPUT>
00	19	0x0019	0x02235C	0x02235D	6	42	11	00D 00E 084 015 001 01F 037 024 011 1C9 1C0	SPが たりない<WAIT_INPUT>
00	1A	0x001A	0x022363	0x022364	8	60	14	01E 028 001 0B9 1AB 025 029 001 014 018 024 011 1C9 1C0	その 方向には おけない<WAIT_INPUT>
00	1B	0x001B	0x02236C	0x02236D	7	56	14	1CA 029 001 1C4 03C 1C8 1CA 025 03B 01F 01B 01F 1C9 1C0	"<INSERT_B>は <INSERT_A>を
<INSERT_B>にわたした<WAIT_INPUT>"
00	1C	0x001C	0x022374	0x022375	10	73	19	1CA 029 1C8 099 084 015 015 03B 03E 01F 028 084 022 001 033 031 01F 1C9 1C0	"<INSERT_B>は
気がかわったので やめた<WAIT_INPUT>"
00	1D	0x001D	0x02237F	0x022380	5	38	11	1CA 029 1C8 1C4 03C 001 01C 022 01F 1C9 1C0	"<INSERT_B>は
<INSERT_A>を すてた<WAIT_INPUT>"
00	1E	0x001E	0x022385	0x022386	5	37	12	1CA 029 001 1C4 03C 001 118 03D 084 01F 1C5 1C0	<INSERT_B>は <INSERT_A>を 読んだ<WAIT>
00	1F	0x001F	0x02238B	0x02238C	8	63	20	06B 084 054 075 029 001 1C2 045 06F 084 055 06A 03C 1C8 177 025 08E 039 01F 1C0	"レディは <NUMBER>エンドルを
手に入れた"
00	20	0x0020	0x022394	0x022395	8	64	16	1CA 028 001 137 084 015 1C8 020 040 012 03B 01A 039 01F 1C9 1C0	"<INSERT_B>の 毒が
ちゅうわされた<WAIT_INPUT>"
00	21	0x0021	0x02239D	0x02239E	4	28	9	1CA 029 001 1C4 03C 123 03E 01F 1C0	<INSERT_B>は <INSERT_A>を使った
00	22	0x0022	0x0223A2	0x0223A3	2	13	3	1C1 1CD 1C0	<NOP><PAUSE_30>
00	23	0x0023	0x0223A5	0x0223A6	11	84	23	184 0BB 120 11B 028 001 1C2 188 03C 1C8 018 01B 022 032 001 011 011 084 022 01C 015 079 1C0	"探険日記の <NUMBER>巻を
けしても いいですか?"
00	24	0x0024	0x0223B1	0x0223B2	11	84	21	184 0BB 120 11B 028 001 1C2 188 084 015 1C8 016 013 022 01B 02E 011 02E 01B 01F 1C0	"探険日記の <NUMBER>巻が
きえてしまいました"
00	25	0x0025	0x0223BD	0x0223BE	16	121	27	093 084 019 023 032 001 024 015 03E 01F 035 012 025 1C8 01B 084 01C 02E 037 015 013 03E 022 011 038 1C9 1C0	"何ごとも なかったように
しずまりかえっている<WAIT_INPUT>"
00	26	0x0026	0x0223CE	0x0223CF	5	38	10	1C4 029 001 017 084 01F 018 01F 1C9 1C0	<INSERT_A>は くだけた<WAIT_INPUT>
00	27	0x0027	0x0223D4	0x0223D5	9	65	15	0D6 091 029 001 0C7 124 03C 001 123 013 02E 01D 03D 1C9 1C0	死人は 道具を 使えません<WAIT_INPUT>
00	28	0x0028	0x0223DE	0x0223DF	16	125	30	06B 084 054 075 029 001 1C4 03C 1C8 1CA 028 001 025 032 021 015 036 1C8 1CA 028 025 032 021 025 012 021 01B 01F 1C9 1C0	"レディは <INSERT_A>を
<INSERT_B>の にもつから
<INSERT_B>のにもつにうつした<WAIT_INPUT>"
00	29	0x0029	0x0223EF	0x0223F0	6	48	11	1C4 029 001 01C 022 036 039 024 011 1C9 1C0	<INSERT_A>は すてられない<WAIT_INPUT>
00	2A	0x002A	0x0223F6	0x0223F7	5	37	10	1C4 03C 001 01C 022 02E 01C 015 079 1C0	<INSERT_A>を すてますか?
00	2B	0x002B	0x0223FC	0x0223FD	13	103	27	06B 084 054 075 029 1C8 1CA 028 025 032 021 015 036 1C8 1C4 03C 0FB 037 106 01B 022 001 01C 022 01F 1C9 1C0	"レディは
<INSERT_B>のにもつから
<INSERT_A>を取り出して すてた<WAIT_INPUT>"
00	2C	0x002C	0x02240A	0x02240B	10	73	20	1CA 029 1C8 1CA 028 025 032 021 015 036 1C8 1C4 03C 0FB 037 106 01B 01F 1C9 1C0	"<INSERT_B>は
<INSERT_B>のにもつから
<INSERT_A>を取り出した<WAIT_INPUT>"
00	2D	0x002D	0x022415	0x022416	9	65	17	1CA 029 1C8 1CA 028 025 032 021 025 1C8 1C4 03C 08E 039 01F 1C9 1C0	"<INSERT_B>は
<INSERT_B>のにもつに
<INSERT_A>を入れた<WAIT_INPUT>"
00	2E	0x002E	0x02241F	0x022420	11	88	21	06B 084 054 075 029 001 02A 023 037 084 022 01A 017 01D 03D 03C 027 03E 01F 1C9 1C0	レディは ひとりでさくせんをねった<WAIT_INPUT>
00	2F	0x002F	0x02242B	0x02242C	10	76	18	06A 078 068 084 022 016 038 001 084 022 016 038 001 084 022 016 038 1C0	ルーラできる できる できる
00	30	0x0030	0x022436	0x022437	11	85	21	06A 078 068 084 022 016 024 011 001 084 022 016 024 011 001 084 022 016 024 011 1C0	ルーラできない できない できない
00	31	0x0031	0x022442	0x022443	10	78	20	069 06B 061 055 084 022 016 038 001 084 022 016 038 001 084 022 016 038 1C9 1C0	リレミトできる できる できる<WAIT_INPUT>
00	32	0x0032	0x02244D	0x02244E	11	84	23	069 06B 061 055 084 022 016 024 011 001 084 022 016 024 011 001 084 022 016 024 011 1C9 1C0	リレミトできない できない できない<WAIT_INPUT>
00	33	0x0033	0x022459	0x02245A	8	62	16	12D 011 084 022 001 09A 16A 084 015 001 123 013 024 011 1C9 1C0	呪いで 魔術が 使えない<WAIT_INPUT>
00	34	0x0034	0x022462	0x022463	6	43	13	1CA 029 1C8 12D 03B 039 022 01B 02E 03E 01F 07A 1C0	"<INSERT_B>は
呪われてしまった!"
00	35	0x0035	0x022469	0x02246A	11	81	19	1C4 029 1C8 12D 011 084 022 001 0F0 015 036 001 029 024 039 024 011 1C9 1C0	"<INSERT_A>は
呪いで 体から はなれない<WAIT_INPUT>"
00	36	0x0036	0x022475	0x022476	16	123	31	06B 084 054 075 029 001 1CA 028 001 025 032 021 015 036 1C8 1C4 03C 001 023 037 084 01F 01C 028 03C 1C8 033 031 01F 1C9 1C0	"レディは <INSERT_B>の にもつから
<INSERT_A>を とりだすのを
やめた<WAIT_INPUT>"
00	37	0x0037	0x022486	0x022487	5	36	9	1CA 029 001 1C4 03C 090 01F 1CD 1C0	<INSERT_B>は <INSERT_A>を見た<PAUSE_30>
00	38	0x0038	0x02248C	0x02248D	24	189	40	02E 015 011 028 025 017 03C 001 02E 017 023 1C8 013 01F 011 028 01B 039 024 011 001 032 028 084 015 1C8 084 023 019 015 036 015 001 035 03E 022 016 01F 1C9 1C0	"まかいのにくを まくと
えたいのしれない ものが
どこからか よってきた<WAIT_INPUT>"
00	39	0x0039	0x0224A5	0x0224A6	3	21	4	1C2 164 0E3 1C0	<NUMBER>時間
00	3A	0x003A	0x0224A9	0x0224AA	2	16	4	1C1 1C2 16C 1C0	<NOP><NUMBER>分
00	3B	0x003B	0x0224AC	0x0224AD	6	45	11	1C1 1C2 084 02A 041 012 084 022 01C 1C9 1C0	<NOP><NUMBER>びょうです<WAIT_INPUT>
00	3C	0x003C	0x0224B3	0x0224B4	9	71	13	010 024 01F 028 083 05D 06B 043 164 0E3 029 1C3 1C0	あなたのプレイ時間は
00	3D	0x003D	0x0224BD	0x0224BE	5	40	7	011 011 015 014 037 1C9 1C0	いいかおり<WAIT_INPUT>
00	3E	0x003E	0x0224C3	0x0224C4	15	115	28	07D 024 03D 084 01B 001 019 028 001 06B 084 05B 078 03C 001 0B1 015 01D 1C8 023 001 098 011 022 010 038 1C5 1C0	"「なんじ この レバーを 行かせ
と 書いてある<WAIT>"
00	3F	0x003F	0x0224D3	0x0224D4	11	84	21	07D 019 028 06B 084 05B 078 084 022 01C 035 1C8 023 001 098 011 022 010 038 1C5 1C0	"「このレバーですよ
と 書いてある<WAIT>"
00	40	0x0040	0x0224DF	0x0224E0	7	56	15	06B 084 05B 078 03C 001 0B1 015 01B 02E 01C 015 079 1C3 1C0	レバーを 行かしますか?
00	41	0x0041	0x0224E7	0x0224E8	10	79	17	07D 123 112 001 02B 028 012 1C8 023 001 098 011 022 010 038 1C9 1C0	"「使用 ふのう
と 書いてある<WAIT_INPUT>"
00	42	0x0042	0x0224F2	0x0224F3	11	88	19	07D 016 018 03D 001 0B1 015 01C 024 1C8 023 001 098 011 022 010 038 1C5 1C0	"「きけん 行かすな
と 書いてある<WAIT>"
00	43	0x0043	0x0224FE	0x0224FF	7	50	11	1CA 029 1C2 028 084 051 063 078 084 04D 1C0	<INSERT_B>は<NUMBER>のダメージ
00	44	0x0044	0x022506	0x022507	13	99	25	1CA 029 001 02E 084 017 039 084 022 001 084 01F 011 084 051 063 078 084 04D 03C 010 01F 013 01F 1C0	<INSERT_B>は まぐれで だいダメージをあたえた
00	45	0x0045	0x022514	0x022515	14	112	26	1CA 029 001 034 084 01F 03D 01F 011 022 016 001 084 01F 011 084 051 063 078 084 04D 03C 012 018 01F 1C0	<INSERT_B>は ゆだんたいてき だいダメージをうけた
00	46	0x0046	0x022523	0x022524	7	55	12	1CA 029 001 01F 01C 018 03C 035 03D 084 01F 1C0	<INSERT_B>は たすけをよんだ
00	47	0x0047	0x02252B	0x02252C	6	45	11	1CA 029 001 01F 011 016 03F 017 01B 01F 1C0	<INSERT_B>は たいきゃくした
00	48	0x0048	0x022532	0x022533	5	36	11	1CA 029 001 1C4 03C 001 021 015 03E 01F 1C0	<INSERT_B>は <INSERT_A>を つかった
00	49	0x0049	0x022538	0x022539	5	38	10	1CA 029 001 1CA 03C 001 015 018 01F 1C0	<INSERT_B>は <INSERT_B>を かけた
00	4A	0x004A	0x02253E	0x02253F	13	100	21	01B 015 01B 001 00D 00E 084 02B 01E 017 084 022 001 023 024 013 036 039 024 011 1C0	しかし SPぶそくで となえられない
00	4B	0x004B	0x02254C	0x02254D	5	40	11	1CA 029 001 014 020 022 01B 02E 03E 01F 1C0	<INSERT_B>は おちてしまった
00	4C	0x004C	0x022552	0x022553	6	48	12	1CA 029 001 01F 011 016 03F 017 01B 01F 1C5 1C0	<INSERT_B>は たいきゃくした<WAIT>
00	4D	0x004D	0x022559	0x02255A	6	44	11	1CA 084 015 001 014 01E 03E 022 016 01F 1C0	<INSERT_B>が おそってきた
00	4E	0x004E	0x022560	0x022561	10	74	18	025 084 018 036 039 024 011 001 084 01A 03D 027 03D 084 022 01C 1C5 1C0	にげられない ざんねんです<WAIT>
00	4F	0x004F	0x02256B	0x02256C	8	58	13	1CA 029 001 016 010 011 03C 011 039 022 011 038 1C0	<INSERT_B>は きあいをいれている
00	50	0x0050	0x022574	0x022575	17	136	26	01B 015 01B 001 017 020 084 015 02A 036 015 084 01C 001 02E 084 01B 040 021 029 021 015 013 024 011 1C0	しかし くちがひらかず まじゅつはつかえない
00	51	0x0051	0x022586	0x022587	14	110	23	01B 015 01B 001 028 03A 011 084 022 001 02E 084 01B 040 021 084 015 021 015 013 024 011 1C0	しかし のろいで まじゅつがつかえない
00	52	0x0052	0x022595	0x022596	9	68	13	01B 015 01B 001 024 025 032 014 019 036 024 011 1C0	しかし なにもおこらない
00	53	0x0053	0x02259F	0x0225A0	12	96	21	01B 015 01B 001 02E 084 01B 040 021 029 001 011 02E 029 001 021 015 013 024 011 1C0	しかし まじゅつは いまは つかえない
00	54	0x0054	0x0225AC	0x0225AD	10	75	15	1C4 029 001 010 023 015 01F 032 024 017 001 020 03E 01F 1C0	<INSERT_A>は あとかたもなく ちった
00	55	0x0055	0x0225B7	0x0225B8	9	72	18	1CA 029 001 02E 03B 037 084 015 001 024 025 032 001 02F 013 024 011 1C0	<INSERT_B>は まわりが なにも みえない
00	56	0x0056	0x0225C1	0x0225C2	8	58	14	1CA 029 001 01B 03E 083 02D 03C 02B 03E 022 011 038 1C0	<INSERT_B>は しっぽをふっている
00	57	0x0057	0x0225CA	0x0225CB	5	40	10	1CA 029 001 023 03E 01B 03D 01B 01F 1C0	<INSERT_B>は とっしんした
00	58	0x0058	0x0225D0	0x0225D1	8	61	16	1CA 029 001 084 022 03D 084 018 016 03C 001 029 03E 01B 01F 1C0	<INSERT_B>は でんげきを はっした
00	59	0x0059	0x0225D9	0x0225DA	10	73	19	1CA 028 001 084 022 03D 084 018 016 029 001 010 01F 036 024 015 03E 01F 1C0	<INSERT_B>の でんげきは あたらなかった
00	5A	0x005A	0x0225E4	0x0225E5	6	41	11	1CA 029 001 084 02B 03D 01B 03D 01B 01F 1C0	<INSERT_B>は ぶんしんした
00	5B	0x005B	0x0225EB	0x0225EC	6	47	13	1CA 029 001 084 02D 078 03E 023 01B 022 011 038 1C0	<INSERT_B>は ぼーっとしている
00	5C	0x005C	0x0225F2	0x0225F3	4	29	9	1CA 029 001 014 084 023 03E 01F 1C0	<INSERT_B>は おどった
00	5D	0x005D	0x0225F7	0x0225F8	10	73	16	1CA 029 001 044 077 078 049 068 043 03C 01A 018 03D 084 01F 1C0	<INSERT_B>は ウォークライをさけんだ
00	5E	0x005E	0x022602	0x022603	7	56	13	1CA 029 001 019 012 084 018 016 03C 035 018 01F 1C0	<INSERT_B>は こうげきをよけた
00	5F	0x005F	0x02260A	0x02260B	7	56	14	1CA 084 015 001 00D 00E 03C 001 01C 011 023 03E 01F 1C0	<INSERT_B>が SPを すいとった
00	60	0x0060	0x022612	0x022613	7	53	13	1CA 029 001 046 06C 046 06C 023 01B 022 011 038 1C0	<INSERT_B>は オロオロとしている
00	61	0x0061	0x02261A	0x02261B	13	101	19	02A 01A 03D 001 084 01F 039 032 001 01F 01C 018 025 019 024 015 03E 01F 1C0	ひさん だれも たすけにこなかった
00	62	0x0062	0x022628	0x022629	13	97	23	1CA 025 001 084 017 01A 03E 023 01A 01A 03E 022 001 084 01F 011 084 051 063 078 084 04D 1C0	<INSERT_B>に ぐさっとささって だいダメージ
00	63	0x0063	0x022636	0x022637	14	106	21	084 01D 03D 084 01D 03D 025 022 024 011 001 032 028 02E 027 01B 03E 083 029 011 1C0	ぜんぜんにてない ものまねしっぱい
00	64	0x0064	0x022645	0x022646	6	41	11	1CA 029 001 084 01B 084 029 017 01B 01F 1C0	<INSERT_B>は じばくした
00	65	0x0065	0x02264C	0x02264D	11	82	18	1C4 03C 001 02F 01F 001 05D 074 043 055 001 023 015 011 022 010 038 1C0	<INSERT_A>を みた ファイト とかいてある
00	66	0x0066	0x022658	0x022659	16	121	22	045 068 078 1C8 046 078 054 075 078 1C2 028 022 016 029 01F 01F 015 013 02E 01D 03D 1C0	"エラー
オーティー<NUMBER>のてきはたたかえません"
00	67	0x0067	0x022669	0x02266A	6	46	11	1CA 029 001 084 023 017 03C 012 018 01F 1C0	<INSERT_B>は どくをうけた
00	68	0x0068	0x022670	0x022671	6	47	13	1CA 029 001 01B 084 02A 039 022 01B 02E 03E 01F 1C0	<INSERT_B>は しびれてしまった
00	69	0x0069	0x022677	0x022678	6	42	10	1CA 029 001 027 030 036 01A 039 01F 1C0	<INSERT_B>は ねむらされた
00	6A	0x006A	0x02267E	0x02267F	5	39	9	1CA 029 001 031 084 01A 031 01F 1C0	<INSERT_B>は めざめた
00	6B	0x006B	0x022684	0x022685	7	52	13	1CA 029 001 01B 084 02A 039 084 015 023 039 01F 1C0	<INSERT_B>は しびれがとれた
00	6C	0x006C	0x02268C	0x02268D	11	85	20	1CA 029 001 019 012 084 018 016 037 041 017 084 015 042 070 083 05D 01B 01F 1C0	<INSERT_B>は こうげきりょくがアップした
00	6D	0x006D	0x022698	0x022699	8	64	14	09E 018 08B 01F 020 03C 001 015 01F 084 021 018 01F 1C0	化け物たちを かたづけた
00	6E	0x006E	0x0226A1	0x0226A2	11	84	18	014 028 014 028 1C8 183 0F3 199 001 1C2 03C 001 032 036 03E 01F 1C9 1C0	"おのおの
経験値 <NUMBER>を もらった<WAIT_INPUT>"
00	6F	0x006F	0x0226AD	0x0226AE	6	48	14	1C2 045 06F 084 055 06A 03C 001 02A 03A 03E 01F 1C9 1C0	<NUMBER>エンドルを ひろった<WAIT_INPUT>
00	70	0x0070	0x0226B4	0x0226B5	9	67	15	1CA 029 001 06B 084 05E 06A 1C2 025 042 070 083 05D 1C5 1C0	<INSERT_B>は レベル<NUMBER>にアップ<WAIT>
00	71	0x0071	0x0226BE	0x0226BF	7	54	15	00C 00E 028 18A 0AC 199 084 015 001 1C2 02B 013 01F 1C5 1C0	LPの最大値が <NUMBER>ふえた<WAIT>
00	72	0x0072	0x0226C6	0x0226C7	5	38	10	1CA 028 09A 16A 03C 17B 013 01F 1C5 1C0	<INSERT_B>の魔術を覚えた<WAIT>
00	73	0x0073	0x0226CC	0x0226CD	13	97	17	02A 03E 01A 021 03B 084 01A 1C8 1CA 03C 10F 011 021 011 01F 1C5 1C0	"ひっさつわざ
<INSERT_B>を思いついた<WAIT>"
00	74	0x0074	0x0226DA	0x0226DB	18	143	32	01B 015 01B 001 1CA 029 1C8 019 039 0F4 128 001 025 032 021 03C 0D3 022 024 011 1C8 025 032 021 03C 01C 022 02E 01C 015 079 1C0	"しかし <INSERT_B>は
これ以上 にもつを持てない
にもつをすてますか?"
00	75	0x0075	0x0226ED	0x0226EE	9	66	15	084 023 028 025 032 021 03C 001 01C 022 02E 01C 015 079 1C0	どのにもつを すてますか?
00	76	0x0076	0x0226F7	0x0226F8	7	50	14	1CA 029 1C8 1C4 03C 001 023 036 024 015 03E 01F 1C9 1C0	"<INSERT_B>は
<INSERT_A>を とらなかった<WAIT_INPUT>"
00	77	0x0077	0x0226FF	0x022700	8	63	17	1CA 029 001 1C4 03C 01C 022 022 1C8 1C4 03C 001 023 03E 01F 1C9 1C0	"<INSERT_B>は <INSERT_A>をすてて
<INSERT_A>を とった<WAIT_INPUT>"
00	78	0x0078	0x022708	0x022709	7	54	14	1CA 029 1C8 1C4 03C 001 015 017 023 017 01B 01F 1C5 1C0	"<INSERT_B>は
<INSERT_A>を かくとくした<WAIT>"
00	79	0x0079	0x022710	0x022711	7	51	14	00D 00E 028 18A 0AC 199 084 015 001 1C2 02B 013 01F 1C0	SPの最大値が <NUMBER>ふえた
00	7A	0x007A	0x022718	0x022719	5	39	10	107 084 015 001 1C2 02B 013 01F 1C5 1C0	力が <NUMBER>ふえた<WAIT>
00	7B	0x007B	0x02271E	0x02271F	7	52	13	04E 051 061 056 084 015 001 1C2 02B 013 01F 1C5 1C0	スタミナが <NUMBER>ふえた<WAIT>
00	7C	0x007C	0x022726	0x022727	8	63	14	016 084 02A 03D 01A 084 015 001 1C2 02B 013 01F 1C5 1C0	きびんさが <NUMBER>ふえた<WAIT>
00	7D	0x007D	0x02272F	0x022730	6	46	12	15C 01D 011 084 015 001 1C2 02B 013 01F 1C5 1C0	知せいが <NUMBER>ふえた<WAIT>
00	7E	0x007E	0x022736	0x022737	6	45	12	068 070 049 084 015 001 1C2 02B 013 01F 1C5 1C0	ラックが <NUMBER>ふえた<WAIT>
00	7F	0x007F	0x02273D	0x02273E	6	41	10	1CA 03C 001 015 01F 084 021 018 01F 1C0	<INSERT_B>を かたづけた
00	80	0x0080	0x022744	0x022745	9	66	19	06B 084 054 075 029 1C8 183 0F3 199 001 1C2 03C 001 032 036 03E 01F 1C9 1C0	"レディは
経験値 <NUMBER>を もらった<WAIT_INPUT>"
00	81	0x0081	0x02274E	0x02274F	9	71	17	1C4 084 015 001 084 01B 031 03D 025 001 014 020 022 011 038 1C9 1C0	<INSERT_A>が じめんに おちている<WAIT_INPUT>
00	82	0x0082	0x022758	0x022759	9	69	19	1CA 028 001 1C4 03C 1C8 084 01D 03D 084 02B 001 01C 022 02E 01C 015 079 1C0	"<INSERT_B>の <INSERT_A>を
ぜんぶ すてますか?"
00	83	0x0083	0x022762	0x022763	6	47	13	1CA 028 001 1C4 03C 1C8 01C 022 02E 01C 015 079 1C0	"<INSERT_B>の <INSERT_A>を
すてますか?"
00	84	0x0084	0x022769	0x02276A	5	39	11	1C4 03C 001 023 037 02E 01D 03D 027 079 1C0	<INSERT_A>を とりませんね?
00	85	0x0085	0x02276F	0x022770	7	53	13	09E 018 08B 029 001 025 084 018 022 011 03E 01F 1C0	化け物は にげていった
00	86	0x0086	0x022777	0x022778	7	49	12	1CA 028 09A 16A 03C 10F 011 106 01B 01F 1C5 1C0	<INSERT_B>の魔術を思い出した<WAIT>
00	87	0x0087	0x02277F	0x022780	10	79	20	1C4 029 1C8 017 084 01F 018 022 001 024 017 024 03E 022 01B 02E 03E 01F 1C9 1C0	"<INSERT_A>は
くだけて なくなってしまった<WAIT_INPUT>"
00	88	0x0088	0x02278A	0x02278B	2	11	3	1C1 1C5 1C0	<NOP><WAIT>
00	89	0x0089	0x02278D	0x02278E	2	9	3	1C1 1C9 1C0	<NOP><WAIT_INPUT>
00	8A	0x008A	0x022790	0x022791	10	74	31	06B 084 054 075 07D 081 081 081 081 081 081 081 081 081 081 081 081 1CD 1C8 081 081 081 081 081 081 081 081 081 081 1CD 1C0	"レディ「・・・・・・・・・・・・<PAUSE_30>
・・・・・・・・・・<PAUSE_30>"
00	8B	0x008B	0x02279B	0x02279C	4	30	7	1C1 08D 017 03B 07A 1CB 1C0	<NOP>行くわ!<PAUSE_60>
00	8C	0x008C	0x0227A0	0x0227A1	2	12	3	1D0 07A 1C0	"<CLEAR>
!"
00	8D	0x008D	0x0227A3	0x0227A4	7	52	14	1D0 1CA 029 1C8 1C4 03C 001 012 018 023 03E 01F 1C3 1C0	"<CLEAR>
<INSERT_B>は
<INSERT_A>を うけとった"
00	8E	0x008E	0x0227AB	0x0227AC	7	49	14	1D0 1CA 029 1C8 1C4 03C 001 177 025 08E 039 01F 1C3 1C0	"<CLEAR>
<INSERT_B>は
<INSERT_A>を 手に入れた"
00	8F	0x008F	0x0227B3	0x0227B4	9	67	17	1D0 1CA 029 1C8 1C4 03C 001 012 018 023 03A 012 023 01B 01F 1C3 1C0	"<CLEAR>
<INSERT_B>は
<INSERT_A>を うけとろうとした"
00	90	0x0090	0x0227BD	0x0227BE	14	107	26	1D0 01B 015 01B 001 025 032 021 084 015 011 03E 083 029 011 084 022 1C8 0D3 022 024 015 03E 01F 1C3 1C0	"<CLEAR>
しかし にもつがいっぱいで
持てなかった"
00	91	0x0091	0x0227CC	0x0227CD	9	65	16	1D0 1CA 029 1C8 1C4 03C 001 02A 03A 014 012 023 01B 01F 1C3 1C0	"<CLEAR>
<INSERT_B>は
<INSERT_A>を ひろおうとした"
00	92	0x0092	0x0227D6	0x0227D7	6	44	13	1D0 1CA 029 1C8 1C4 03C 001 02F 021 018 01F 1C3 1C0	"<CLEAR>
<INSERT_B>は
<INSERT_A>を みつけた"
00	93	0x0093	0x0227DD	0x0227DE	9	66	19	1D0 1CA 029 1C8 1C2 045 06F 084 055 06A 03C 001 012 018 023 03E 01F 1C3 1C0	"<CLEAR>
<INSERT_B>は
<NUMBER>エンドルを うけとった"
00	94	0x0094	0x0227E7	0x0227E8	8	63	19	1D0 1CA 029 1C8 1C2 045 06F 084 055 06A 03C 001 177 025 08E 039 01F 1C3 1C0	"<CLEAR>
<INSERT_B>は
<NUMBER>エンドルを 手に入れた"
00	95	0x0095	0x0227F0	0x0227F1	13	101	25	1D0 1CA 029 001 1C2 115 028 1C8 047 084 04D 05A 028 04B 043 06F 03C 001 012 018 023 03E 01F 1C3 1C0	"<CLEAR>
<INSERT_B>は <NUMBER>枚の
カジノのコインを うけとった"
00	96	0x0096	0x0227FE	0x0227FF	8	63	18	1D0 1CA 029 001 1C4 03C 1C8 0C2 0C4 01A 01D 022 032 036 03E 01F 1C3 1C0	"<CLEAR>
<INSERT_B>は <INSERT_A>を
装備させてもらった"
00	97	0x0097	0x022807	0x022808	7	51	15	1D0 1CA 029 1C8 12D 03B 039 022 01B 02E 03E 01F 07A 1C3 1C0	"<CLEAR>
<INSERT_B>は
呪われてしまった!"
00	98	0x0098	0x02280F	0x022810	25	199	46	1D0 1CA 029 001 1C4 03C 1C8 0C2 0C4 01A 01D 022 032 036 014 012 023 01B 01F 1C3 1C5 1D0 01B 015 01B 001 1C4 084 015 1C8 12D 011 084 022 001 0F0 015 036 001 029 024 039 024 011 1C3 1C0	"<CLEAR>
<INSERT_B>は <INSERT_A>を
装備させてもらおうとした
<WAIT>
<CLEAR>
しかし <INSERT_A>が
呪いで 体から はなれない"
00	99	0x0099	0x022829	0x02282A	4	29	5	1D0 05B 078 043 1C0	"<CLEAR>
ハーイ"
00	9A	0x009A	0x02282E	0x02282F	10	80	21	1D0 06B 084 054 075 029 001 021 084 02D 03C 001 028 084 01E 016 019 03D 084 01F 1C0	"<CLEAR>
レディは つぼを のぞきこんだ"
00	9B	0x009B	0x022839	0x02283A	9	72	17	1D0 01B 015 01B 001 093 032 001 090 021 015 036 024 015 03E 01F 1C0	"<CLEAR>
しかし 何も 見つからなかった"
00	9C	0x009C	0x022843	0x022844	9	66	18	1D0 06B 084 054 075 029 001 051 06F 04E 03C 001 01B 036 084 02C 01F 1C0	"<CLEAR>
レディは タンスを しらべた"
00	9D	0x009D	0x02284D	0x02284E	9	65	17	1D0 06B 084 054 075 029 001 01F 038 03C 001 01B 036 084 02C 01F 1C0	"<CLEAR>
レディは たるを しらべた"
00	9E	0x009E	0x022857	0x022858	10	74	19	1D0 06B 084 054 075 029 001 13A 084 01F 024 03C 001 01B 036 084 02C 01F 1C0	"<CLEAR>
レディは 本だなを しらべた"
00	9F	0x009F	0x022862	0x022863	5	38	10	1D0 13A 028 10C 084 01F 081 081 081 1C0	"<CLEAR>
本の山だ・・・"
00	A0	0x00A0	0x022868	0x022869	8	64	17	1D0 06B 084 054 075 029 001 01F 024 03C 001 01B 036 084 02C 01F 1C0	"<CLEAR>
レディは たなを しらべた"
00	A1	0x00A1	0x022871	0x022872	9	65	17	1D0 06B 084 054 075 029 001 029 019 03C 001 01B 036 084 02C 01F 1C0	"<CLEAR>
レディは はこを しらべた"
00	A2	0x00A2	0x02287B	0x02287C	14	110	28	1D0 093 032 001 019 01F 013 024 011 1C8 015 03D 084 01D 03D 025 001 0D6 03D 084 022 011 038 035 012 084 01F 1C0	"<CLEAR>
何も こたえない
かんぜんに 死んでいるようだ"
00	A3	0x00A3	0x02288A	0x02288B	7	56	14	1D0 10B 10C 03C 11C 038 001 0C7 124 084 015 010 038 1C0	"<CLEAR>
鉱山を掘る 道具がある"
00	A4	0x00A4	0x022892	0x022893	13	100	22	1D0 035 084 019 039 01F 001 02D 019 037 028 001 015 01F 02E 037 028 035 012 084 01F 1C0	"<CLEAR>
よごれた ほこりの かたまりのようだ"
00	A5	0x00A5	0x0228A0	0x0228A1	19	148	30	1D0 017 01A 011 025 014 011 028 01C 038 1C8 032 028 01C 084 019 017 001 096 011 001 052 078 084 04E 084 015 010 038 1C0	"<CLEAR>
くさいにおいのする
ものすごく 古い チーズがある"
00	A6	0x00A6	0x0228B4	0x0228B5	26	204	45	1D0 02A 015 036 084 02A 022 001 047 069 047 069 025 001 024 03E 022 011 038 1C5 1D0 107 03C 001 017 03B 013 038 023 1C8 019 024 084 019 024 025 001 024 037 01E 012 084 01F 1C3 1C0	"<CLEAR>
ひからびて カリカリに なっている<WAIT>
<CLEAR>
力を くわえると
こなごなに なりそうだ"
00	A7	0x00A7	0x0228CF	0x0228D0	9	67	18	1D0 02A 015 038 084 05C 078 084 051 060 03C 001 02F 021 018 01F 07A 1C0	"<CLEAR>
ひかるビーダマを みつけた!"
00	A8	0x00A8	0x0228D9	0x0228DA	13	97	26	1D0 02A 015 038 084 05C 078 084 051 060 03C 1C8 04B 06B 049 051 025 001 014 017 037 02E 01C 015 079 1C0	"<CLEAR>
ひかるビーダマを
コレクタに おくりますか?"
00	A9	0x00A9	0x0228E7	0x0228E8	12	90	23	1D0 02A 015 038 084 05C 078 084 051 060 03C 1C8 04B 06B 049 051 025 001 014 017 03E 01F 1C0	"<CLEAR>
ひかるビーダマを
コレクタに おくった"
00	AA	0x00AA	0x0228F4	0x0228F5	11	87	22	1D0 047 084 04D 05A 028 04B 043 06F 03C 1C8 047 084 04D 05A 025 001 014 017 03E 01F 1C0	"<CLEAR>
カジノのコインを
カジノに おくった"
00	AB	0x00AB	0x022900	0x022901	4	27	7	1D0 019 039 029 001 1C4 1C0	"<CLEAR>
これは <INSERT_A>"
00	AC	0x00AC	0x022905	0x022906	9	70	22	1D0 06B 084 054 075 001 084 015 1C8 0C2 0C4 084 022 016 038 001 0CB 12A 084 022 01C 1C0	"<CLEAR>
レディ が
装備できる 武器です"
00	AD	0x00AD	0x02290F	0x022910	10	73	22	1D0 04B 070 049 04E 001 084 015 1C8 0C2 0C4 084 022 016 038 001 0CB 12A 084 022 01C 1C0	"<CLEAR>
コックス が
装備できる 武器です"
00	AE	0x00AE	0x02291A	0x02291B	11	88	27	1D0 06B 084 054 075 001 04B 070 049 04E 001 084 015 1C8 0C2 0C4 084 022 016 038 001 0CB 12A 084 022 01C 1C0	"<CLEAR>
レディ コックス が
装備できる 武器です"
00	AF	0x00AF	0x022926	0x022927	9	67	21	1D0 067 04D 046 001 084 015 1C8 0C2 0C4 084 022 016 038 001 0CB 12A 084 022 01C 1C0	"<CLEAR>
ヨシオ が
装備できる 武器です"
00	B0	0x00B0	0x022930	0x022931	11	84	26	1D0 06B 084 054 075 001 067 04D 046 001 084 015 1C8 0C2 0C4 084 022 016 038 001 0CB 12A 084 022 01C 1C0	"<CLEAR>
レディ ヨシオ が
装備できる 武器です"
00	B1	0x00B1	0x02293C	0x02293D	11	87	26	1D0 04B 070 049 04E 001 067 04D 046 001 084 015 1C8 0C2 0C4 084 022 016 038 001 0CB 12A 084 022 01C 1C0	"<CLEAR>
コックス ヨシオ が
装備できる 武器です"
00	B2	0x00B2	0x022948	0x022949	13	102	31	1D0 06B 084 054 075 001 04B 070 049 04E 001 067 04D 046 001 084 015 1C8 0C2 0C4 084 022 016 038 001 0CB 12A 084 022 01C 1C0	"<CLEAR>
レディ コックス ヨシオ が
装備できる 武器です"
00	B3	0x00B3	0x022956	0x022957	9	69	22	1D0 06B 084 054 075 001 084 015 1C8 0C2 0C4 084 022 016 038 001 151 124 084 022 01C 1C0	"<CLEAR>
レディ が
装備できる 防具です"
00	B4	0x00B4	0x022960	0x022961	9	72	22	1D0 04B 070 049 04E 001 084 015 1C8 0C2 0C4 084 022 016 038 001 151 124 084 022 01C 1C0	"<CLEAR>
コックス が
装備できる 防具です"
00	B5	0x00B5	0x02296A	0x02296B	11	87	27	1D0 06B 084 054 075 001 04B 070 049 04E 001 084 015 1C8 0C2 0C4 084 022 016 038 001 151 124 084 022 01C 1C0	"<CLEAR>
レディ コックス が
装備できる 防具です"
00	B6	0x00B6	0x022976	0x022977	9	66	21	1D0 067 04D 046 001 084 015 1C8 0C2 0C4 084 022 016 038 001 151 124 084 022 01C 1C0	"<CLEAR>
ヨシオ が
装備できる 防具です"
00	B7	0x00B7	0x022980	0x022981	11	83	26	1D0 06B 084 054 075 001 067 04D 046 001 084 015 1C8 0C2 0C4 084 022 016 038 001 151 124 084 022 01C 1C0	"<CLEAR>
レディ ヨシオ が
装備できる 防具です"
00	B8	0x00B8	0x02298C	0x02298D	11	86	26	1D0 04B 070 049 04E 001 067 04D 046 001 084 015 1C8 0C2 0C4 084 022 016 038 001 151 124 084 022 01C 1C0	"<CLEAR>
コックス ヨシオ が
装備できる 防具です"
00	B9	0x00B9	0x022998	0x022999	13	101	31	1D0 06B 084 054 075 001 04B 070 049 04E 001 067 04D 046 001 084 015 1C8 0C2 0C4 084 022 016 038 001 151 124 084 022 01C 1C0	"<CLEAR>
レディ コックス ヨシオ が
装備できる 防具です"
00	BA	0x00BA	0x0229A6	0x0229A7	23	182	41	1D0 019 011 021 084 015 010 039 084 029 1C8 020 041 03E 023 028 04A 084 047 024 036 1C8 01C 084 017 025 001 084 01D 03D 015 011 001 084 02C 03D 037 084 01F 035 1C0	"<CLEAR>
こいつがあれば
ちょっとのケガなら
すぐに ぜんかい べんりだよ"
00	BB	0x00BB	0x0229BE	0x0229BF	22	170	34	1D0 019 03B 078 011 001 137 032 001 032 012 010 03D 01B 03D 1C8 032 01B 032 028 01F 031 025 001 014 02A 023 021 084 023 012 084 01E 1C0	"<CLEAR>
こわーい 毒も もうあんしん
もしものために おひとつどうぞ"
00	BC	0x00BC	0x0229D5	0x0229D6	21	165	33	1D0 0F0 084 015 060 05C 01B 01F 01E 028 023 016 025 1C8 060 05C 05A 06F 010 039 084 029 001 099 16C 069 05D 06B 070 04D 072 07A 1C0	"<CLEAR>
体がマヒしたそのときに
マヒノンあれば 気分リフレッシュ!"
00	BD	0x00BD	0x0229EB	0x0229EC	33	262	55	1D0 084 04C 04B 024 03D 084 01E 001 090 01F 017 024 011 023 011 012 1C8 014 138 011 010 024 01F 025 001 0AC 057 072 078 04E 1C8 014 02B 084 01F 123 03E 022 001 084 04C 04B 020 03F 03D 001 084 029 011 084 029 078 011 1C0	"<CLEAR>
ザコなんぞ 見たくないという
お強いあなたに 大ニュース
おふだ使って ザコちゃん ばいばーい"
00	BE	0x00BE	0x022A0D	0x022A0E	52	409	90	1D0 010 028 0C9 025 001 032 084 023 037 01F 011 1C8 084 022 032 001 031 03D 084 023 017 01A 011 001 023 011 012 010 024 01F 1C5 1D0 014 02E 015 01D 017 084 01F 01A 011 1C8 04E 083 05D 069 06F 084 049 123 03E 022 001 084 04D 071 06F 083 05D 001 084 04D 071 06F 083 05D 1C8 024 014 001 156 028 090 013 038 0A5 12F 084 022 001 014 123 011 017 084 01F 01A 011 1C0	"<CLEAR>
あの町に もどりたい
でも めんどくさい というあなた<WAIT>
<CLEAR>
おまかせください
スプリング使って ジャンプ ジャンプ
なお 空の見える場所で お使いください"
00	BF	0x00BF	0x022A42	0x022A43	22	176	41	1D0 019 028 13A 029 1C8 084 054 04E 068 06F 084 055 028 02A 02F 021 001 02E 03D 01A 011 028 1C8 0A8 03E 022 001 01E 03D 024 01B 028 001 0EA 0E6 098 084 022 01C 1C0	"<CLEAR>
この本は
デスランドのひみつ まんさいの
買って そんなしの 歴史書です"
00	C0	0x00C0	0x022A59	0x022A5A	44	347	77	1D0 084 054 04E 068 06F 084 055 0CD 08B 001 048 06F 084 049 025 03D 084 016 041 012 029 1C8 09E 018 08B 084 015 001 016 036 011 024 1C8 083 05C 06F 049 083 05C 069 052 046 06F 029 011 084 019 012 028 1C5 1D0 09E 018 08B 015 036 025 084 018 036 039 038 1C8 015 03E 016 022 016 024 001 109 12B 084 022 01C 1C0	"<CLEAR>
デスランド名物 キングにんぎょうは
化け物が きらいな
ピンクピリチオンはいごうの<WAIT>
<CLEAR>
化け物からにげられる
かっきてきな 商品です"
00	C1	0x00C1	0x022A86	0x022A87	11	85	22	1D0 023 017 025 001 178 03B 03E 01F 023 019 03A 029 1C8 024 011 035 012 084 022 01C 1C0	"<CLEAR>
とくに 変わったところは
ないようです"
00	C2	0x00C2	0x022A92	0x022A93	10	75	19	1D0 003 169 123 03E 01F 036 1C8 024 017 024 03E 022 01B 02E 011 02E 01C 1C0	"<CLEAR>
1回使ったら
なくなってしまいます"
00	C3	0x00C3	0x022A9D	0x022A9E	8	64	16	1D0 093 169 123 03E 022 032 1C8 024 017 024 037 02E 01D 03D 1C0	"<CLEAR>
何回使っても
なくなりません"
00	C4	0x00C4	0x022AA6	0x022AA7	8	58	14	1D0 010 015 011 001 023 084 02A 036 084 015 010 038 1C0	"<CLEAR>
あかい とびらがある"
00	C5	0x00C5	0x022AAF	0x022AB0	12	90	21	1D0 023 084 02A 036 025 029 001 047 084 048 084 015 001 015 015 03E 022 011 038 1C0	"<CLEAR>
とびらには カギが かかっている"
00	C6	0x00C6	0x022ABC	0x022ABD	8	61	14	1D0 010 014 011 001 023 084 02A 036 084 015 010 038 1C0	"<CLEAR>
あおい とびらがある"
00	C7	0x00C7	0x022AC5	0x022AC6	7	54	16	1D0 0D5 0B8 0B2 0C7 028 001 023 084 02A 036 084 015 010 038 1C0	"<CLEAR>
地下水道の とびらがある"
00	C8	0x00C8	0x022ACD	0x022ACE	18	138	33	1D0 185 084 022 001 02E 03E 015 025 024 03E 01F 001 023 084 02A 036 084 015 010 038 1C5 1D0 185 017 022 001 01A 03B 039 024 011 1C0	"<CLEAR>
熱で まっかになった とびらがある<WAIT>
<CLEAR>
熱くて さわれない"
00	C9	0x00C9	0x022AE0	0x022AE1	8	62	15	1D0 019 014 037 028 001 023 084 02A 036 084 015 010 038 1C0	"<CLEAR>
こおりの とびらがある"
00	CA	0x00CA	0x022AE9	0x022AEA	17	133	32	1D0 084 047 058 084 05C 04E 028 159 084 015 001 06B 069 078 05D 01A 039 01F 1C8 09D 028 001 023 084 02A 036 084 015 010 038 1C0	"<CLEAR>
ガヌビスの像が レリーフされた
石の とびらがある"
00	CB	0x00CB	0x022AFB	0x022AFC	7	52	13	1D0 180 011 001 023 084 02A 036 084 015 010 038 1C0	"<CLEAR>
黒い とびらがある"
00	CC	0x00CC	0x022B03	0x022B04	25	193	47	1D0 01C 016 023 014 03E 01F 001 023 084 02A 036 084 015 001 010 038 035 012 084 01F 1C5 1D0 023 084 02A 036 025 029 001 047 084 048 084 015 001 015 015 03E 022 011 038 035 012 084 01F 1C0	"<CLEAR>
すきとおった とびらが あるようだ<WAIT>
<CLEAR>
とびらには カギが かかっているようだ"
00	CD	0x00CD	0x022B1D	0x022B1E	7	55	15	1D0 0AC 165 09D 028 001 023 084 02A 036 084 015 010 038 1C0	"<CLEAR>
大理石の とびらがある"
00	CE	0x00CE	0x022B25	0x022B26	18	137	30	1D0 043 05A 084 05D 028 159 084 015 001 06B 069 078 05D 01A 039 01F 1C8 09D 028 001 023 084 02A 036 084 015 010 038 1C0	"<CLEAR>
イノブの像が レリーフされた
石の とびらがある"
00	CF	0x00CF	0x022B38	0x022B39	5	37	10	1D0 023 084 02A 036 084 015 010 038 1C0	"<CLEAR>
とびらがある"
00	D0	0x00D0	0x022B3E	0x022B3F	15	116	29	1D0 023 084 02A 036 084 015 010 038 1C5 1D0 019 020 036 015 036 029 001 010 018 036 039 024 011 035 012 084 01F 1C0	"<CLEAR>
とびらがある<WAIT>
<CLEAR>
こちらからは あけられないようだ"
00	D1	0x00D1	0x022B4E	0x022B4F	46	365	86	1D0 09A 08B 084 015 001 013 084 015 015 039 01F 001 023 084 02A 036 084 015 010 038 1C8 09A 08B 029 001 019 020 036 03C 001 025 036 03D 084 022 011 038 1C5 1D0 02E 038 084 022 001 091 0E3 029 001 019 019 03C 12E 01A 024 011 084 01E 1C8 023 001 011 03B 03D 084 029 015 037 084 01F 1C5 1D0 023 084 02A 036 029 001 02A 036 015 024 011 1C3 1C3 1C0	"<CLEAR>
魔物が えがかれた とびらがある
魔物は こちらを にらんでいる<WAIT>
<CLEAR>
まるで 人間は ここを通さないぞ
と いわんばかりだ<WAIT>
<CLEAR>
とびらは ひらかない"
00	D2	0x00D2	0x022B7D	0x022B7E	11	87	22	1D0 09A 08B 084 015 001 013 084 015 015 039 01F 001 023 084 02A 036 084 015 010 038 1C0	"<CLEAR>
魔物が えがかれた とびらがある"
00	D3	0x00D3	0x022B89	0x022B8A	36	284	65	1D0 011 018 084 015 016 084 015 001 015 037 019 02E 039 022 011 038 1C8 011 018 084 015 016 028 0A1 025 001 055 06F 059 06A 084 015 090 013 038 1C5 1D0 032 012 01C 019 01B 001 015 037 019 031 084 029 1C8 0A1 025 001 08E 039 01E 012 084 01F 081 081 081 1C3 1C0	"<CLEAR>
いけがきが かりこまれている
いけがきの中に トンネルが見える<WAIT>
<CLEAR>
もうすこし かりこめば
中に 入れそうだ・・・"
00	D4	0x00D4	0x022BAE	0x022BAF	34	268	64	1D0 0CC 0AC 024 001 0AF 115 158 084 015 1C8 154 028 08E 037 167 03C 001 02B 01A 011 084 022 011 038 1C5 1D0 158 028 001 023 084 02A 036 025 029 1C8 092 08F 028 155 028 001 032 03D 01B 041 012 084 015 1C8 012 016 084 02D 037 025 001 01A 039 022 011 038 1C0	"<CLEAR>
巨大な 一枚岩が
塔の入り口を ふさいでいる<WAIT>
<CLEAR>
岩の とびらには
伝説の王の もんしょうが
うきぼりに されている"
00	D5	0x00D5	0x022BD1	0x022BD2	44	347	80	1D0 023 084 02A 036 029 001 02A 036 015 024 011 1C5 1D0 010 01B 032 023 028 001 034 015 084 015 1C8 014 032 01A 025 001 029 03D 028 012 01B 022 1C8 0E2 0B1 084 022 001 023 084 02A 036 084 015 001 02A 036 017 036 01B 011 1C5 1D0 0AC 016 017 024 036 024 011 023 001 019 019 029 1C8 12E 039 024 011 035 012 084 01F 1C3 1C0	"<CLEAR>
とびらは ひらかない<WAIT>
<CLEAR>
あしもとの ゆかが
おもさに はんのうして
自行で とびらが ひらくらしい<WAIT>
<CLEAR>
大きくならないと ここは
通れないようだ"
00	D6	0x00D6	0x022BFE	0x022BFF	11	88	23	1CC 019 019 029 001 0CB 12A 0B3 084 01F 084 01D 07A 1C8 093 028 001 112 084 01F 011 079 1C0	"<SPEAKER>「ここは 武器屋だぜ!
何の 用だい?"
00	D7	0x00D7	0x022C0A	0x022C0B	11	87	23	1CC 019 019 029 001 151 124 0B3 084 01F 084 01D 07A 1C8 093 028 001 112 084 01F 011 079 1C0	"<SPEAKER>「ここは 防具屋だぜ!
何の 用だい?"
00	D8	0x00D8	0x022C16	0x022C17	23	178	41	1CC 012 020 029 0AF 0C8 0C7 124 0B3 084 01F 1C8 084 023 039 032 001 123 011 01C 022 084 01F 018 084 023 1C8 010 038 023 001 020 041 012 02D 012 01C 038 084 01D 1C0	"<SPEAKER>「うちは一発道具屋だ
どれも 使いすてだけど
あると ちょうほうするぜ"
00	D9	0x00D9	0x022C2E	0x022C2F	20	159	35	1CC 05B 043 05B 043 05B 043 1C8 019 019 029 001 014 02F 033 084 018 0B3 01A 03D 1C8 084 019 112 029 001 024 03D 084 022 01C 015 011 079 1C0	"<SPEAKER>「ハイハイハイ
ここは おみやげ屋さん
ご用は なんですかい?"
00	DA	0x00DA	0x022C43	0x022C44	9	67	18	1CC 02D 015 025 032 001 093 015 1C8 112 084 015 001 010 038 015 079 1C0	"<SPEAKER>「ほかにも 何か
用が あるか?"
00	DB	0x00DB	0x022C4D	0x022C4E	5	36	10	1CC 02E 01F 084 023 012 084 01E 07A 1C0	<SPEAKER>「またどうぞ!
00	DC	0x00DC	0x022C53	0x022C54	5	36	10	1CC 084 023 039 084 015 011 011 079 1C0	<SPEAKER>「どれがいい?
00	DD	0x00DD	0x022C59	0x022C5A	4	25	6	1CC 1C4 084 01F 027 1C0	<SPEAKER>「<INSERT_A>だね
00	DE	0x00DE	0x022C5E	0x022C5F	17	134	33	1CC 019 039 029 001 10D 011 028 023 016 1C8 0C7 124 023 01B 022 001 123 03E 022 032 1C8 186 107 084 015 001 010 038 084 01D 07A 1C0	"<SPEAKER>「これは 戦いのとき
道具として 使っても
効力が あるぜ!"
00	DF	0x00DF	0x022C70	0x022C71	7	56	17	1CC 1C2 045 06F 084 055 06A 084 01F 084 015 1C8 0A8 012 015 079 1C0	"<SPEAKER>「<NUMBER>エンドルだが
買うか?"
00	E0	0x00E0	0x022C78	0x022C79	7	51	13	1CC 0FA 084 015 001 0D3 021 03D 084 01F 027 079 1C0	<SPEAKER>「誰が 持つんだね?
00	E1	0x00E1	0x022C80	0x022C81	8	62	16	1CC 011 02E 01C 084 017 001 0C2 0C4 01B 022 02F 038 015 079 1C0	<SPEAKER>「いますぐ 装備してみるか?
00	E2	0x00E2	0x022C89	0x022C8A	15	119	27	1CC 0A8 03E 01F 036 001 01C 084 017 0C2 0C4 01B 024 011 023 1C8 03B 01C 039 020 02E 012 015 036 024 07A 1C0	"<SPEAKER>「買ったら すぐ装備しないと
わすれちまうからな!"
00	E3	0x00E3	0x022C99	0x022C9A	5	39	9	1CC 02D 036 035 07A 001 1CF 07A 1C0	<SPEAKER>「ほらよ! <INSERT_D>!
00	E4	0x00E4	0x022C9F	0x022CA0	14	105	26	1CC 084 01B 03F 010 001 1CF 028 1C8 02A 021 084 016 028 0A1 025 001 011 039 022 014 017 015 036 024 1C0	"<SPEAKER>「じゃあ <INSERT_D>の
ひつぎの中に いれておくからな"
00	E5	0x00E5	0x022CAE	0x022CAF	9	70	18	1CC 02D 015 025 001 024 025 015 1C8 0A8 03E 022 017 039 038 015 079 1C0	"<SPEAKER>「ほかに なにか
買ってくれるか?"
00	E6	0x00E6	0x022CB8	0x022CB9	8	58	16	1CC 024 03D 084 01F 001 032 012 011 011 028 015 081 081 081 1C0	<SPEAKER>「なんだ もういいのか・・・
00	E7	0x00E7	0x022CC1	0x022CC2	13	100	29	1CC 1CF 029 001 019 039 03C 1C8 0C2 0C4 084 022 016 024 011 084 015 1C8 01E 039 084 022 032 001 011 011 015 079 1C0	"<SPEAKER>「<INSERT_D>は これを
装備できないが
それでも いいか?"
00	E8	0x00E8	0x022CCF	0x022CD0	14	111	26	1CC 03D 079 001 1CF 029 1C8 032 012 001 019 039 03C 001 0D3 022 024 011 035 012 084 01F 084 01E 079 1C0	"<SPEAKER>「ん? <INSERT_D>は
もう これを 持てないようだぞ?"
00	E9	0x00E9	0x022CDE	0x022CDF	7	51	13	1CC 02D 015 028 091 084 015 001 0D3 021 015 079 1C0	<SPEAKER>「ほかの人が 持つか?
00	EA	0x00EA	0x022CE6	0x022CE7	16	121	31	1CC 084 01F 018 084 023 001 019 039 03C 0A8 012 025 029 1C8 084 04F 057 084 015 001 01F 037 027 013 035 012 084 01F 024 1C0	"<SPEAKER>「だけど これを買うには
ゼニが たりねえようだな"
00	EB	0x00EB	0x022CF7	0x022CF8	15	117	27	1CC 03D 079 001 02F 03D 024 1C8 032 012 001 019 039 03C 001 0D3 022 024 011 035 012 084 01F 084 01E 079 1C0	"<SPEAKER>「ん? みんな
もう これを 持てないようだぞ?"
00	EC	0x00EC	0x022D07	0x022D08	10	78	20	1CC 0FA 028 001 084 023 028 025 032 021 03C 1C8 0A2 038 03D 084 01F 027 079 1C0	"<SPEAKER>「誰の どのにもつを
売るんだね?"
00	ED	0x00ED	0x022D12	0x022D13	9	65	17	1CC 084 023 028 025 032 021 03C 001 0A2 038 03D 084 01F 027 079 1C0	<SPEAKER>「どのにもつを 売るんだね?
00	EE	0x00EE	0x022D1C	0x022D1D	16	123	35	1CC 1C4 015 010 081 081 081 1C5 1CC 01E 039 001 1C2 045 06F 084 055 06A 084 022 1C8 100 016 0FB 038 084 015 001 084 023 012 084 01F 079 1C0	"<SPEAKER>「<INSERT_A>かあ・・・<WAIT><SPEAKER>「それ <NUMBER>エンドルで
引き取るが どうだ?"
00	EF	0x00EF	0x022D2D	0x022D2E	7	52	13	1CC 02E 011 084 023 001 04C 06F 048 072 078 07A 1C0	<SPEAKER>「まいど サンキュー!
00	F0	0x00F0	0x022D35	0x022D36	8	62	16	1CC 02D 015 028 08B 03C 001 0A2 03E 022 017 039 038 015 079 1C0	<SPEAKER>「ほかの物を 売ってくれるか?
00	F1	0x00F1	0x022D3E	0x022D3F	12	92	23	1CC 03D 079 001 0FA 032 1C8 093 032 001 0D3 03E 022 011 024 011 035 012 084 01F 084 01E 1C0	"<SPEAKER>「ん? 誰も
何も 持っていないようだぞ"
00	F2	0x00F2	0x022D4B	0x022D4C	10	79	20	1CC 03D 079 1C8 093 032 001 0D3 03E 022 011 024 011 035 012 084 01F 084 01E 1C0	"<SPEAKER>「ん?
何も 持っていないようだぞ"
00	F3	0x00F3	0x022D56	0x022D57	29	229	54	1CC 030 030 030 081 081 081 001 019 039 029 07A 1C8 020 041 03E 023 001 100 016 0F5 018 036 039 03D 027 07A 1C5 1CC 0A2 038 028 029 033 031 022 001 0D3 03E 022 01F 02D 012 084 015 1C8 011 011 023 10F 012 084 01E 1C0	"<SPEAKER>「むむむ・・・ これは!
ちょっと 引き受けられんね!<WAIT><SPEAKER>「売るのはやめて 持ってたほうが
いいと思うぞ"
00	F4	0x00F4	0x022D74	0x022D75	35	274	62	1CC 012 014 037 03F 010 001 023 037 03F 078 07A 1C8 084 01F 031 084 01F 010 001 023 039 024 011 1C8 084 023 012 033 036 001 023 037 021 015 039 022 038 024 1C5 1CC 122 11E 084 022 001 014 029 036 011 03C 01B 022 015 036 1C8 02E 01F 097 011 035 1C0	"<SPEAKER>「うおりゃあ とりゃー!
だめだあ とれない
どうやら とりつかれてるな<WAIT><SPEAKER>「教会で おはらいをしてから
また来いよ"
00	F5	0x00F5	0x022D98	0x022D99	21	161	44	1CC 0BA 0BB 028 182 025 001 035 012 019 01E 07A 1C5 1CC 011 03E 083 029 017 001 1C2 045 06F 084 055 06A 084 022 01C 084 015 1C8 084 019 182 121 024 01A 011 02E 01C 015 079 1C0	"<SPEAKER>「言険の宿に ようこそ!<WAIT><SPEAKER>「いっぱく <NUMBER>エンドルですが
ご宿泊なさいますか?"
00	F6	0x00F6	0x022DAE	0x022DAF	15	114	26	1CC 01E 039 084 022 029 001 084 019 034 038 037 023 1C8 014 017 021 03A 084 016 017 084 01F 01A 011 1C0	"<SPEAKER>「それでは ごゆるりと
おくつろぎください"
00	F7	0x00F7	0x022DBE	0x022DBF	20	159	36	1CC 014 031 084 01A 031 084 022 084 019 084 01A 011 02E 01C 015 1C8 016 041 012 032 001 011 011 120 084 022 010 037 02E 01C 035 012 025 07A 1C0	"<SPEAKER>「おめざめでございますか
きょうも いい日でありますように!"
00	F8	0x00F8	0x022DD3	0x022DD4	10	77	23	1CC 084 022 032 1C8 014 094 084 015 01F 037 024 011 035 012 084 022 01C 027 081 081 081 1C0	"<SPEAKER>「でも
お金がたりないようですね・・・"
00	F9	0x00F9	0x022DDE	0x022DDF	20	159	37	1CC 010 037 084 015 023 012 084 019 084 01A 011 02E 01B 01F 1C8 02E 01F 028 001 084 019 037 035 012 03C 1C8 014 02E 020 01B 022 014 037 02E 01C 1C0	"<SPEAKER>「ありがとうございました
またの ごりようを
おまちしております"
00	FA	0x00FA	0x022DF3	0x022DF4	31	242	57	1CC 04D 071 055 078 081 084 055 081 084 04A 06C 084 04A 06C 025 1C8 035 012 019 01E 081 081 081 1C5 1CC 02A 023 084 029 03D 001 1C2 045 06F 084 055 06A 084 022 01C 084 015 1C8 014 121 037 025 001 024 037 02E 01C 015 024 079 1C0	"<SPEAKER>「シャトー・ド・ゲロゲロに
ようこそ・・・<WAIT><SPEAKER>「ひとばん <NUMBER>エンドルですが
お泊りに なりますかな?"
00	FB	0x00FB	0x022E13	0x022E14	26	206	46	1CC 084 022 029 001 010 01A 02E 084 022 001 084 019 034 03E 017 037 1C8 024 084 015 017 001 04C 043 04B 024 001 035 038 03C 1C8 014 01C 084 019 01B 017 084 01F 01A 011 081 081 081 1C0	"<SPEAKER>「では あさまで ごゆっくり
ながく サイコな よるを
おすごしください・・・"
00	FC	0x00FC	0x022E2E	0x022E2F	8	61	16	1CC 014 029 035 012 084 019 084 01A 011 02E 01C 081 081 081 1C0	<SPEAKER>「おはようございます・・・
00	FD	0x00FD	0x022E37	0x022E38	12	94	25	1CC 014 033 081 081 081 1C8 014 094 084 015 024 011 023 029 001 019 039 011 015 025 081 081 081 1C0	"<SPEAKER>「おや・・・
お金がないとは これいかに・・・"
00	FE	0x00FE	0x022E44	0x022E45	8	57	16	1CC 01E 039 084 022 029 001 01A 035 012 024 036 081 081 081 1C0	<SPEAKER>「それでは さようなら・・・
00	FF	0x00FF	0x022E4D	0x022E4E	23	184	41	1CC 01B 03D 084 01B 038 001 099 0D3 020 001 010 039 084 029 1C8 02F 024 001 01C 017 03B 039 02E 01C 1C8 122 11E 084 015 001 014 15E 025 01F 022 02E 01C 015 024 1C0	"<SPEAKER>「しんじる 気持ち あれば
みな すくわれます
教会が お役にたてますかな"
01	00	0x0100	0x022E65	0x022E66	14	106	25	1CC 02D 015 025 029 001 093 015 1C8 014 15E 025 01F 022 038 019 023 029 001 010 037 02E 01C 015 1C0	"<SPEAKER>「ほかには 何か
お役にたてることは ありますか"
01	01	0x0101	0x022E74	0x022E75	22	171	37	1CC 0DC 035 07A 1C8 019 028 001 02E 035 013 038 001 0B0 084 02A 023 03C 1C8 014 014 011 024 038 001 181 084 022 001 021 021 02F 01F 02E 013 07A 1C0	"<SPEAKER>「神よ!
この まよえる 旅びとを
おおいなる 愛で つつみたまえ!"
01	02	0x0102	0x022E8B	0x022E8C	30	235	50	1CC 014 015 013 037 024 01A 011 1C8 1CA 01A 03D 1C5 1CC 0DC 035 07A 1C8 019 028 001 02E 035 013 038 001 0B0 084 02A 023 03C 1C8 014 014 011 024 038 001 181 084 022 001 021 021 02F 01F 02E 013 07A 1C0	"<SPEAKER>「おかえりなさい
<INSERT_B>さん<WAIT><SPEAKER>「神よ!
この まよえる 旅びとを
おおいなる 愛で つつみたまえ!"
01	03	0x0103	0x022EAA	0x022EAB	25	200	52	1CC 084 022 029 001 0BA 0BB 028 001 014 0A0 03C 1C8 0A6 015 01D 022 017 084 01F 01A 039 1C5 1CC 019 028 184 0BB 120 11B 025 1C8 098 016 019 03D 084 022 001 014 016 02E 01C 084 015 1C8 035 011 015 024 079 1C0	"<SPEAKER>「では 言険の お話を
聞かせてくだされ<WAIT><SPEAKER>「この探険日記に
書きこんで おきますが
よいかな?"
01	04	0x0104	0x022EC4	0x022EC5	12	92	25	1CC 084 01F 011 093 188 028 001 184 0BB 120 11B 025 1C8 098 016 019 02F 02E 01B 041 012 015 079 1C0	"<SPEAKER>「だい何巻の 探険日記に
書きこみましょうか?"
01	05	0x0105	0x022ED1	0x022ED2	10	73	16	1CC 01B 03E 015 037 001 098 016 019 02F 02E 01B 01F 035 07A 1C0	<SPEAKER>「しっかり 書きこみましたよ!
01	06	0x0106	0x022EDC	0x022EDD	14	111	24	1CC 098 016 019 02E 024 011 023 079 1C8 03B 015 037 02E 01B 01F 001 084 016 041 011 025 07A 1C0	"<SPEAKER>「書きこまないと?
わかりました ぎょいに!"
01	07	0x0107	0x022EEB	0x022EEC	11	84	22	1CC 032 03E 023 001 184 0BB 03C 1C8 01F 028 01B 02E 039 01F 011 084 022 01C 015 079 1C0	"<SPEAKER>「もっと 探険を
たのしまれたいですか?"
01	08	0x0108	0x022EF7	0x022EF8	36	284	67	1CC 013 013 079 001 098 016 019 02E 084 01C 025 1C8 184 0BB 03C 001 014 033 031 025 024 038 079 1C5 1CC 150 02E 084 022 028 001 014 0A0 084 015 001 024 017 024 03E 022 1C8 02A 023 021 0C3 025 001 032 084 023 03E 022 032 1C8 015 02E 03B 03D 028 084 022 01C 015 079 1C0	"<SPEAKER>「ええ? 書きこまずに
探険を おやめになる?<WAIT><SPEAKER>「今までの お話が なくなって
ひとつ前に もどっても
かまわんのですか?"
01	09	0x0109	0x022F1C	0x022F1D	20	160	30	1CC 034 03E 017 037 023 1C8 014 033 01C 02F 001 017 084 01F 01A 039 1C8 04D 078 066 078 001 042 084 04A 078 06F 07A 1C0	"<SPEAKER>「ゆっくりと
おやすみ くだされ
シーユー アゲーン!"
01	0A	0x010A	0x022F31	0x022F32	8	57	13	1CC 03B 01F 01B 084 015 001 10F 011 02E 01C 025 1C0	<SPEAKER>「わたしが 思いますに
01	0B	0x010B	0x022F3A	0x022F3B	18	139	34	1CC 1CA 01A 03D 029 1C8 010 023 001 1C2 028 183 0F3 084 022 1C8 021 084 016 028 06B 084 05E 06A 025 001 024 038 084 022 01B 041 012 1C0	"<SPEAKER>「<INSERT_B>さんは
あと <NUMBER>の経験で
つぎのレベルに なるでしょう"
01	0C	0x010C	0x022F4D	0x022F4E	13	98	25	1CC 1CA 01A 03D 1C8 032 012 001 084 05B 069 084 05B 069 025 001 138 011 084 022 01C 084 01D 07A 1C0	"<SPEAKER>「<INSERT_B>さん
もう バリバリに 強いですぜ!"
01	0D	0x010D	0x022F5B	0x022F5C	13	104	24	1CC 0FA 03C 001 010 028 0A9 015 036 1C8 035 084 02A 032 084 023 01C 028 084 022 01C 015 079 1C0	"<SPEAKER>「誰を あの世から
よびもどすのですか?"
01	0E	0x010E	0x022F69	0x022F6A	16	126	33	1CC 035 084 02A 032 084 023 01B 028 001 02A 035 012 029 1C8 1C2 045 06F 084 055 06A 084 022 01C 1C8 011 011 084 022 01C 015 079 1C0	"<SPEAKER>「よびもどしの ひようは
<NUMBER>エンドルです
いいですか?"
01	0F	0x010F	0x022F7A	0x022F7B	23	180	42	1CC 063 068 063 068 063 068 07A 1C8 052 071 059 069 078 06F 07A 1C5 1CC 1CA 01A 03D 1C8 019 028 0A9 025 001 011 02E 01C 084 017 1C8 032 084 023 037 01F 02E 013 07A 1C0	"<SPEAKER>「メラメラメラ!
チャネリーン!<WAIT><SPEAKER>「<INSERT_B>さん
この世に いますぐ
もどりたまえ!"
01	10	0x0110	0x022F92	0x022F93	6	44	13	1D0 1CA 029 001 032 084 023 03E 022 097 01F 07A 1C0	"<CLEAR>
<INSERT_B>は もどって来た!"
01	11	0x0111	0x022F99	0x022F9A	11	84	23	1CC 030 030 030 001 1CA 01A 03D 029 1C8 0D6 03D 084 023 036 03D 084 022 01C 084 01E 07A 1C0	"<SPEAKER>「むむむ <INSERT_B>さんは
死んどらんですぞ!"
01	12	0x0112	0x022FA5	0x022FA6	8	63	15	1CC 010 036 036 001 033 031 038 028 084 022 01C 015 07A 1C0	<SPEAKER>「あらら やめるのですか!
01	13	0x0113	0x022FAE	0x022FAF	24	186	45	1CC 01F 01B 041 012 028 001 02A 035 012 029 1C8 122 11E 023 011 013 084 023 032 001 015 015 037 02E 01C 1C8 084 022 032 001 030 037 138 011 029 001 01B 02E 01D 03D 081 081 081 1C0	"<SPEAKER>「たしょうの ひようは
教会といえども かかります
でも むり強いは しません・・・"
01	14	0x0114	0x022FC7	0x022FC8	9	70	19	1CC 030 030 07A 001 014 094 084 015 001 01F 037 024 011 084 022 01C 035 1C0	<SPEAKER>「むむ! お金が たりないですよ
01	15	0x0115	0x022FD1	0x022FD2	10	78	20	1CC 0FA 028 001 137 03C 1C8 020 040 012 03B 01C 038 028 084 022 01C 015 079 1C0	"<SPEAKER>「誰の 毒を
ちゅうわするのですか?"
01	16	0x0116	0x022FDC	0x022FDD	15	117	30	1CC 084 022 029 001 017 01C 037 09F 023 01B 022 1C8 1C2 045 06F 084 055 06A 03C 1C8 014 027 084 015 011 01B 02E 01C 1C0	"<SPEAKER>「では くすり代として
<NUMBER>エンドルを
おねがいします"
01	17	0x0117	0x022FEC	0x022FED	18	139	30	1CC 04C 06F 042 06A 047 078 069 078 07A 1C8 1CA 028 001 0F0 028 1C8 137 03C 001 020 040 012 03B 01A 039 037 078 07A 1C0	"<SPEAKER>「サンアルカーリー!
<INSERT_B>の 体の
毒を ちゅうわされりー!"
01	18	0x0118	0x022FFF	0x023000	14	107	25	1CC 030 030 001 1CA 01A 03D 029 1C8 137 025 001 030 01B 084 029 02E 039 022 011 02E 01D 03D 035 1C0	"<SPEAKER>「むむ <INSERT_B>さんは
毒に むしばまれていませんよ"
01	19	0x0119	0x02300E	0x02300F	10	73	17	1CC 0FA 03C 001 014 029 036 011 01C 038 028 084 01B 03F 011 079 1C0	<SPEAKER>「誰を おはらいするのじゃい?
01	1A	0x011A	0x023019	0x02301A	14	108	30	1CC 084 022 029 001 084 01B 03E 083 02A 023 01B 022 1C8 1C2 045 06F 084 055 06A 03C 1C8 032 036 011 02E 01C 084 01E 1C0	"<SPEAKER>「では じっぴとして
<NUMBER>エンドルを
もらいますぞ"
01	1B	0x011B	0x023028	0x023029	23	183	36	1CC 056 078 062 07A 001 056 078 062 07A 001 056 06F 07A 1C8 1CA 025 001 023 037 021 016 001 12D 011 03C 1C8 018 020 036 01B 01F 02E 013 07A 1C0	"<SPEAKER>「ナーム! ナーム! ナン!
<INSERT_B>に とりつき 呪いを
けちらしたまえ!"
01	1C	0x011C	0x023040	0x023041	13	98	26	1CC 030 030 001 1CA 01A 03D 029 1C8 12D 03B 039 022 029 001 011 024 011 035 012 084 022 01C 084 01E 1C0	"<SPEAKER>「むむ <INSERT_B>さんは
呪われては いないようですぞ"
01	1D	0x011D	0x02304E	0x02304F	28	222	51	1CC 0DC 03C 001 01B 03D 084 01B 038 028 023 001 014 024 084 01B 017 036 011 1C8 018 03D 019 012 029 001 01F 011 01D 021 024 019 023 084 022 01C 1C8 093 015 001 019 02E 03E 022 011 02E 01D 03D 015 079 1C0	"<SPEAKER>「神を しんじるのと おなじくらい
けんこうは たいせつなことです
何か こまっていませんか?"
01	1E	0x011E	0x02306B	0x02306C	10	74	20	1CC 02D 015 025 032 001 093 015 1C8 019 02E 03E 022 011 02E 01D 03D 015 079 1C0	"<SPEAKER>「ほかにも 何か
こまっていませんか?"
01	1F	0x011F	0x023076	0x023077	25	194	42	1CC 0F0 028 001 018 03D 019 012 023 001 014 024 084 01B 017 036 011 1C8 0DC 03C 001 01B 03D 084 01B 038 019 023 029 1C8 01F 011 01D 021 024 019 023 084 022 01C 035 1C0	"<SPEAKER>「体の けんこうと おなじくらい
神を しんじることは
たいせつなことですよ"
01	20	0x0120	0x023090	0x023091	28	217	44	1CC 014 015 013 037 024 01A 011 1C8 1CA 01A 03D 1C5 1CC 016 041 012 032 001 011 020 025 020 1C8 018 03D 019 012 025 027 07A 1C8 05B 084 044 074 056 043 04E 084 054 043 07A 1C0	"<SPEAKER>「おかえりなさい
<INSERT_B>さん<WAIT><SPEAKER>「きょうも いちにち
けんこうにね!
ハヴァナイスデイ!"
01	21	0x0121	0x0230AD	0x0230AE	31	241	62	1CC 084 022 029 001 0BA 0BB 028 001 014 0A0 03C 1C8 0A6 015 01D 022 017 084 01F 01A 011 1C5 1CC 035 03A 01B 015 03E 01F 036 001 019 028 184 0BB 120 11B 025 1C8 098 016 019 03D 084 022 014 016 02E 01B 041 012 1C8 011 011 084 022 01C 035 027 079 1C0	"<SPEAKER>「では 言険の お話を
聞かせてください<WAIT><SPEAKER>「よろしかったら この探険日記に
書きこんでおきましょう
いいですよね?"
01	22	0x0122	0x0230CD	0x0230CE	6	45	13	1CC 019 039 084 022 001 011 011 084 022 01C 027 1C0	<SPEAKER>「これで いいですね
01	23	0x0123	0x0230D4	0x0230D5	13	97	24	1CC 098 017 028 029 001 033 031 02E 01C 015 079 1C8 01E 039 032 001 011 011 084 022 01C 027 1C0	"<SPEAKER>「書くのは やめますか?
それも いいですね"
01	24	0x0124	0x0230E2	0x0230E3	33	258	66	1CC 02E 010 001 184 0BB 120 11B 03C 001 098 015 084 01C 025 1C8 014 140 02F 084 022 01C 015 079 1C5 1CC 150 02E 084 022 028 001 014 0A0 084 015 001 024 017 024 03E 022 1C8 02A 023 021 0C3 025 001 032 084 023 037 02E 01C 084 015 1C8 011 011 084 022 01C 015 079 1C0	"<SPEAKER>「まあ 探険日記を 書かずに
お休みですか?<WAIT><SPEAKER>「今までの お話が なくなって
ひとつ前に もどりますが
いいですか?"
01	25	0x0125	0x023104	0x023105	18	138	32	1CC 140 139 032 001 018 03D 019 012 025 029 1C8 01F 011 01D 021 024 019 023 084 022 01C 1C8 084 049 070 056 043 081 081 081 1C0	"<SPEAKER>「休息も けんこうには
たいせつなことです
グッナイ・・・"
01	26	0x0126	0x023117	0x023118	10	76	20	1CC 084 022 032 001 1CA 01A 03D 029 1C8 014 01F 03E 01B 03F 084 022 01C 035 1C0	"<SPEAKER>「でも <INSERT_B>さんは
おたっしゃですよ"
01	27	0x0127	0x023122	0x023123	8	60	14	1CC 011 02E 029 001 033 031 022 014 016 02E 01C 015 1C0	<SPEAKER>「いまは やめておきますか
01	28	0x0128	0x02312B	0x02312C	11	83	21	1CC 02E 010 001 014 094 084 015 1C8 01F 037 024 011 035 012 084 022 01C 03B 027 1C0	"<SPEAKER>「まあ お金が
たりないようですわね"
01	29	0x0129	0x023137	0x023138	14	106	26	1CC 084 022 032 001 1CA 01A 03D 029 1C8 137 025 001 030 01B 084 029 02E 039 022 011 02E 01D 03D 035 1C0	"<SPEAKER>「でも <INSERT_B>さんは
毒に むしばまれていませんよ"
01	2A	0x012A	0x023146	0x023147	8	62	16	1CC 0FA 03C 001 014 029 036 011 01B 02E 01B 041 012 015 079 1C0	<SPEAKER>「誰を おはらいしましょうか?
01	2B	0x012B	0x02314F	0x023150	17	132	36	1CC 084 022 029 001 084 01B 03E 083 02A 023 01B 022 1C8 1C2 045 06F 084 055 06A 03C 1C8 011 01F 084 01F 016 01F 011 028 084 022 01C 084 015 1C0	"<SPEAKER>「では じっぴとして
<NUMBER>エンドルを
いただきたいのですが"
01	2C	0x012C	0x023161	0x023162	11	81	22	1CC 084 022 032 001 1CA 01A 03D 029 1C8 12D 03B 039 022 029 001 011 02E 01D 03D 035 1C0	"<SPEAKER>「でも <INSERT_B>さんは
呪われては いませんよ"
01	2D	0x012D	0x02316D	0x02316E	27	216	45	1CC 019 019 029 001 0DC 025 090 01C 022 036 039 01F 1C8 010 03B 039 024 09A 08B 084 023 032 084 015 1C8 01C 017 011 03C 032 023 031 022 001 014 023 084 01C 039 038 12F 084 01F 1C0	"<SPEAKER>「ここは 神に見すてられた
あわれな魔物どもが
すくいをもとめて おとずれる所だ"
01	2E	0x012E	0x023189	0x02318A	8	59	16	1CC 02D 015 025 001 027 084 015 011 029 001 010 038 015 079 1C0	<SPEAKER>「ほかに ねがいは あるか?
01	2F	0x012F	0x023192	0x023193	26	201	48	1CC 014 014 0DC 035 07A 001 019 028 001 02F 084 01B 031 024 1C8 084 022 016 01E 019 024 011 028 001 09A 08B 084 023 032 025 032 1C8 024 01A 018 03C 001 015 018 022 033 03E 022 017 039 07A 1C0	"<SPEAKER>「おお神よ! この みじめな
できそこないの 魔物どもにも
なさけを かけてやってくれ!"
01	30	0x0130	0x0231AD	0x0231AE	23	184	43	1CC 035 017 001 032 084 023 03E 022 097 01F 1C8 010 01A 02E 01B 011 001 09A 08B 084 023 032 07A 1C8 063 043 05D 077 078 04E 001 084 05C 078 044 075 084 04E 072 078 07A 1C0	"<SPEAKER>「よく もどって来た
あさましい 魔物ども!
メイフォース ビーウィズュー!"
01	31	0x0131	0x0231C5	0x0231C6	27	211	55	1CC 084 022 029 001 019 039 02E 084 022 028 001 0B5 08D 03C 1C8 019 017 029 017 001 01C 038 03D 084 01F 024 1C5 1CC 01E 01B 022 001 019 028 184 0BB 120 11B 025 1C8 098 016 019 03D 084 022 032 001 011 011 028 015 079 1C0	"<SPEAKER>「では これまでの 悪行を
こくはく するんだな<WAIT><SPEAKER>「そして この探険日記に
書きこんでも いいのか?"
01	32	0x0132	0x0231E1	0x0231E2	15	117	31	1CC 084 023 028 184 0BB 120 11B 025 098 016 019 032 012 015 081 081 081 1C8 084 023 039 084 015 011 011 023 10F 012 079 1C0	"<SPEAKER>「どの探険日記に書きこもうか・・・
どれがいいと思う?"
01	33	0x0133	0x0231F1	0x0231F2	7	53	14	1CC 01F 01B 015 025 001 098 016 019 03D 084 01F 07A 1C0	<SPEAKER>「たしかに 書きこんだ!
01	34	0x0134	0x0231F9	0x0231FA	3	18	5	1CC 01E 012 015 1C0	<SPEAKER>「そうか
01	35	0x0135	0x0231FD	0x0231FE	9	69	18	1CC 02E 084 01F 001 184 0BB 03C 1C8 01B 01F 037 024 011 028 015 079 1C0	"<SPEAKER>「まだ 探険を
したりないのか?"
01	36	0x0136	0x023207	0x023208	25	196	46	1CC 098 016 019 02E 084 01C 025 001 140 030 028 015 079 1C8 014 0C3 028 0BA 0BB 084 015 001 02A 023 021 0C3 02E 084 022 1C8 032 084 023 03E 022 032 001 011 011 03D 084 01F 024 079 1C0	"<SPEAKER>「書きこまずに 休むのか?
お前の言険が ひとつ前まで
もどっても いいんだな?"
01	37	0x0137	0x023221	0x023222	33	257	57	1CC 014 014 0DC 035 07A 001 019 011 021 036 025 032 001 033 01C 036 015 024 1C8 02A 023 023 016 03C 001 010 01F 013 022 033 03E 022 017 039 07A 1C8 063 043 083 05C 078 04E 001 084 05C 078 044 075 084 04E 072 078 081 081 081 1C0	"<SPEAKER>「おお神よ! こいつらにも やすらかな
ひとときを あたえてやってくれ!
メイピース ビーウィズュー・・・"
01	38	0x0138	0x023243	0x023244	13	102	24	1CC 02B 078 030 081 081 081 1C8 03B 084 015 029 011 028 001 090 01F 023 019 03A 084 01F 024 1C0	"<SPEAKER>「ふーむ・・・
わがはいの 見たところだな"
01	39	0x0139	0x023251	0x023252	16	126	30	1CC 1CA 029 1C8 010 023 001 1C2 028 183 0F3 084 022 1C8 021 084 016 028 06B 084 05E 06A 025 001 024 038 023 10F 012 1C0	"<SPEAKER>「<INSERT_B>は
あと <NUMBER>の経験で
つぎのレベルに なると思う"
01	3A	0x013A	0x023262	0x023263	13	97	25	1CC 1CA 029 001 032 012 1C8 084 01B 040 012 084 02B 03D 001 138 011 03D 084 01B 03F 024 011 015 1C0	"<SPEAKER>「<INSERT_B>は もう
じゅうぶん 強いんじゃないか"
01	3B	0x013B	0x023270	0x023271	8	64	16	1CC 0FA 03C 001 09B 016 015 013 036 01D 038 03D 084 01F 079 1C0	<SPEAKER>「誰を 生きかえらせるんだ?
01	3C	0x013C	0x023279	0x02327A	21	165	49	1CC 032 028 029 001 01E 012 084 01F 03D 084 01F 084 015 081 081 081 1C8 122 11E 025 001 1C2 045 06F 084 055 06A 028 11F 108 03C 1C8 01E 039 084 015 001 0FC 193 023 001 011 012 032 028 084 01F 1C0	"<SPEAKER>「ものは そうだんだが・・・
教会に <NUMBER>エンドルの寄付を
それが 感謝と いうものだ"
01	3D	0x013D	0x02328F	0x023290	6	47	13	1D0 1CA 029 001 035 02F 084 015 013 03E 01F 07A 1C0	"<CLEAR>
<INSERT_B>は よみがえった!"
01	3E	0x013E	0x023296	0x023297	13	103	26	1CC 024 03D 084 01F 001 02E 084 01F 001 09B 016 022 038 084 01E 07A 1C8 014 084 023 015 01C 024 07A 1C0	"<SPEAKER>「なんだ まだ 生きてるぞ!
おどかすな!"
01	3F	0x013F	0x0232A4	0x0232A5	5	39	8	1CC 013 001 033 031 038 028 1C0	<SPEAKER>「え やめるの
01	40	0x0140	0x0232AA	0x0232AB	14	106	27	1CC 01E 01B 022 001 019 039 084 015 1C8 084 018 03D 084 01B 021 023 001 011 012 032 028 01A 081 081 081 1C0	"<SPEAKER>「そして これが
げんじつと いうものさ・・・"
01	41	0x0141	0x0232B9	0x0232BA	16	127	32	1CC 010 036 001 094 084 015 001 01F 037 024 011 028 015 081 081 081 1C8 01E 037 03F 001 02E 011 03E 01F 027 013 081 081 081 1C0	"<SPEAKER>「あら 金が たりないのか・・・
そりゃ まいったねえ・・・"
01	42	0x0142	0x0232CA	0x0232CB	18	140	30	1CC 0FA 084 01F 001 09A 08B 028 017 01D 025 1C8 137 025 033 036 039 038 001 084 055 084 04D 024 033 03A 012 029 079 1C0	"<SPEAKER>「誰だ 魔物のくせに
毒にやられる ドジなやろうは?"
01	43	0x0143	0x0232DD	0x0232DE	24	188	48	1CC 084 01B 084 019 017 028 01A 01F 032 001 024 03D 023 033 036 1C8 122 11E 025 001 1C2 045 06F 084 055 06A 028 11F 108 03C 1C8 01E 039 084 015 001 0FC 193 023 001 011 012 032 028 084 01F 1C0	"<SPEAKER>「じごくのさたも なんとやら
教会に <NUMBER>エンドルの寄付を
それが 感謝と いうものだ"
01	44	0x0144	0x0232F6	0x0232F7	15	114	24	1CC 012 01E 021 018 07A 001 01E 011 021 1C8 083 02A 03D 083 02A 03D 01B 022 038 084 01E 07A 1C0	"<SPEAKER>「うそつけ! そいつ
ぴんぴんしてるぞ!"
01	45	0x0145	0x023306	0x023307	33	261	61	1CC 084 01F 031 084 01F 027 1C5 1CC 03B 084 015 029 011 029 001 12D 011 03C 023 017 028 084 015 1C8 084 01D 03D 084 01D 03D 001 025 084 015 022 024 03D 084 01F 1C5 1CC 015 018 038 02D 012 029 1C8 023 017 011 024 03D 084 01F 018 084 023 027 1C0	"<SPEAKER>「だめだね<WAIT><SPEAKER>「わがはいは 呪いをとくのが
ぜんぜん にがてなんだ<WAIT><SPEAKER>「かけるほうは
とくいなんだけどね"
01	46	0x0146	0x023328	0x023329	10	76	22	1D0 184 0BB 120 11B 084 015 001 010 037 02E 01C 1C8 098 016 019 02F 02E 01C 015 079 1C0	"<CLEAR>
探険日記が あります
書きこみますか?"
01	47	0x0147	0x023333	0x023334	9	65	18	1D0 084 023 028 184 0BB 120 11B 025 098 016 019 02F 02E 01C 015 079 1C0	"<CLEAR>
どの探険日記に書きこみますか?"
01	48	0x0148	0x02333D	0x02333E	5	37	9	1D0 098 016 019 02F 02E 01B 01F 1C0	"<CLEAR>
書きこみました"
01	49	0x0149	0x023343	0x023344	7	50	14	1D0 184 0BB 03C 001 021 084 021 018 02E 01C 015 079 1C0	"<CLEAR>
探険を つづけますか?"
01	4A	0x014A	0x02334B	0x02334C	25	196	48	1D0 098 016 019 02E 084 01C 025 001 014 03B 038 023 001 014 0A0 084 015 1C8 02A 023 021 0C3 02E 084 022 001 032 084 023 03E 022 01B 02E 011 02E 01C 1C8 035 03A 01B 011 084 022 01C 015 079 1C0	"<CLEAR>
書きこまずに おわると お話が
ひとつ前まで もどってしまいます
よろしいですか?"
01	4B	0x014B	0x023365	0x023366	5	38	9	1D0 084 022 029 02E 01F 1C3 1C3 1C0	"<CLEAR>
ではまた"
01	4C	0x014C	0x02336B	0x02336C	8	62	15	1CC 04C 06F 048 072 078 001 084 05E 069 060 070 052 07A 1C0	<SPEAKER>「サンキュー ベリマッチ!
01	4D	0x014D	0x023374	0x023375	8	60	17	1CC 02D 015 025 029 001 112 029 001 024 011 084 022 01C 015 079 1C0	<SPEAKER>「ほかには 用は ないですか?
01	4E	0x014E	0x02337D	0x02337E	9	70	18	1CC 084 023 028 025 032 021 03C 1C8 01B 02E 011 02E 01B 041 012 079 1C0	"<SPEAKER>「どのにもつを
しまいましょう?"
01	4F	0x014F	0x023387	0x023388	10	78	19	1CC 084 022 029 001 048 052 06F 023 1C8 01B 02E 03E 022 014 016 02E 01C 1C0	"<SPEAKER>「では キチンと
しまっておきます"
01	50	0x0150	0x023392	0x023393	9	67	18	1CC 02D 015 025 001 093 015 1C8 01B 02E 011 02E 01B 041 012 015 079 1C0	"<SPEAKER>「ほかに 何か
しまいましょうか?"
01	51	0x0151	0x02339C	0x02339D	11	81	23	1CC 084 022 032 001 0FA 032 1C8 025 032 021 03C 001 0D3 03E 022 024 011 084 022 01C 035 1C0	"<SPEAKER>「でも 誰も
にもつを 持ってないですよ"
01	52	0x0152	0x0233A8	0x0233A9	14	110	28	1CC 084 022 032 001 093 02A 023 021 1C8 025 032 021 03C 001 0D3 03E 022 024 011 035 012 084 022 01C 084 015 1C0	"<SPEAKER>「でも 何ひとつ
にもつを 持ってないようですが"
01	53	0x0153	0x0233B7	0x0233B8	21	165	41	1CC 1C4 028 001 01E 012 019 084 015 1C8 01F 084 01F 011 02E 001 011 03E 083 029 011 084 022 01B 022 1C8 019 039 0F4 128 001 014 08E 039 084 022 016 02E 01D 03D 1C0	"<SPEAKER>「<INSERT_A>の そうこが
ただいま いっぱいでして
これ以上 お入れできません"
01	54	0x0154	0x0233CD	0x0233CE	34	269	63	1CC 084 022 029 001 048 052 06F 023 1C8 01B 02E 03E 022 081 081 081 010 039 03E 079 1C5 1CC 019 039 001 12D 03B 039 022 02E 01C 027 081 081 081 1C8 122 11E 084 022 001 014 029 036 011 01B 022 015 036 1C8 02E 01F 001 097 022 017 084 01F 01A 011 027 1C0	"<SPEAKER>「では キチンと
しまって・・・あれっ?<WAIT><SPEAKER>「これ 呪われてますね・・・
教会で おはらいしてから
また 来てくださいね"
01	55	0x0155	0x0233F0	0x0233F1	17	134	38	1CC 003 002 002 002 045 06F 084 055 06A 18E 194 084 022 1C8 014 111 015 037 01B 02E 01C 1C8 011 017 036 001 014 111 015 037 01B 02E 01B 041 012 079 1C0	"<SPEAKER>「1000エンドル単位で
お預かりします
いくら お預かりしましょう?"
01	56	0x0156	0x023402	0x023403	15	113	31	1CC 1C2 045 06F 084 055 06A 084 022 01C 027 079 1C8 084 022 029 001 048 070 052 069 023 001 014 111 015 037 01B 02E 01C 1C0	"<SPEAKER>「<NUMBER>エンドルですね?
では キッチリと お預かりします"
01	57	0x0157	0x023412	0x023413	25	198	56	1CC 1C2 045 06F 084 055 06A 084 022 01C 015 079 1C5 1CC 011 011 025 017 011 028 084 022 01C 084 015 1C8 014 0FD 0D9 029 001 01E 03D 024 025 1C8 014 0D3 020 084 022 029 001 024 011 035 012 084 022 01C 084 015 081 081 081 1C0	"<SPEAKER>「<NUMBER>エンドルですか?<WAIT><SPEAKER>「いいにくいのですが
お客様は そんなに
お持ちでは ないようですが・・・"
01	58	0x0158	0x02342C	0x02342D	7	54	15	1CC 084 023 039 03C 001 135 01B 02E 01B 041 012 015 079 1C0	<SPEAKER>「どれを 返しましょうか?
01	59	0x0159	0x023434	0x023435	7	51	14	1CC 0FA 084 015 001 0D3 03E 022 011 016 02E 01C 079 1C0	<SPEAKER>「誰が 持っていきます?
01	5A	0x015A	0x02343C	0x02343D	8	57	17	1CC 019 019 084 022 001 0C2 0C4 01B 022 011 016 02E 01C 015 079 1C0	<SPEAKER>「ここで 装備していきますか?
01	5B	0x015B	0x023445	0x023446	11	86	19	1CC 024 015 024 015 001 01A 02E 025 024 037 02E 01C 035 1C8 016 03E 023 1C0	"<SPEAKER>「なかなか さまになりますよ
きっと"
01	5C	0x015C	0x023451	0x023452	5	40	11	1CC 029 011 001 084 023 012 084 01E 07A 1C0	<SPEAKER>「はい どうぞ!
01	5D	0x015D	0x023457	0x023458	12	90	23	1CC 084 022 029 001 1CE 028 1C8 02A 021 084 016 025 001 011 039 022 014 016 02E 01C 035 1C0	"<SPEAKER>「では <INSERT_C>の
ひつぎに いれておきますよ"
01	5E	0x015E	0x023464	0x023465	8	64	16	1CC 02D 015 028 08B 032 1C8 135 01B 02E 01B 041 012 015 079 1C0	"<SPEAKER>「ほかの物も
返しましょうか?"
01	5F	0x015F	0x02346D	0x02346E	14	109	29	1CC 1CE 029 001 019 039 03C 1C8 0C2 0C4 084 022 016 02E 01D 03D 018 084 023 1C8 015 02E 011 02E 01D 03D 015 079 1C0	"<SPEAKER>「<INSERT_C>は これを
装備できませんけど
かまいませんか?"
01	60	0x0160	0x02347C	0x02347D	9	69	18	1CC 0FA 015 001 02D 015 028 091 084 015 001 0D3 020 02E 01C 015 079 1C0	<SPEAKER>「誰か ほかの人が 持ちますか?
01	61	0x0161	0x023486	0x023487	11	86	23	1CC 1CE 029 001 01E 039 0F4 128 1C8 08B 03C 001 0D3 022 024 011 035 012 084 022 01C 035 1C0	"<SPEAKER>「<INSERT_C>は それ以上
物を 持てないようですよ"
01	62	0x0162	0x023492	0x023493	5	40	10	1CC 033 031 038 028 084 022 01C 027 1C0	<SPEAKER>「やめるのですね
01	63	0x0163	0x023498	0x023499	8	61	16	1CC 02D 015 028 08B 03C 1C8 135 01B 02E 01B 041 012 015 079 1C0	"<SPEAKER>「ほかの物を
返しましょうか?"
01	64	0x0164	0x0234A1	0x0234A2	13	100	25	1CC 02F 024 01A 03D 001 01E 039 0F4 128 1C8 08B 03C 001 0D3 022 024 011 035 012 084 022 01C 035 1C0	"<SPEAKER>「みなさん それ以上
物を 持てないようですよ"
01	65	0x0165	0x0234AF	0x0234B0	11	86	20	1CC 010 039 001 010 024 01F 028 025 032 021 029 1C8 010 037 02E 01D 03D 035 1C0	"<SPEAKER>「あれ あなたのにもつは
ありませんよ"
01	66	0x0166	0x0234BB	0x0234BC	19	150	39	1CC 084 018 03D 084 01A 011 001 1C2 045 06F 084 055 06A 1C8 014 111 015 037 01B 022 011 02E 01C 1C8 011 017 036 001 014 135 01B 01B 02E 01B 041 012 079 1C0	"<SPEAKER>「げんざい <NUMBER>エンドル
お預かりしています
いくら お返ししましょう?"
01	67	0x0167	0x0234CF	0x0234D0	14	106	31	1CC 1C2 045 06F 084 055 06A 084 022 01C 027 079 1C5 1CC 03B 015 037 02E 01B 01F 1C8 084 022 029 001 084 023 012 084 01E 1C0	"<SPEAKER>「<NUMBER>エンドルですね?<WAIT><SPEAKER>「わかりました
では どうぞ"
01	68	0x0168	0x0234DE	0x0234DF	17	136	34	1CC 013 03E 079 001 014 094 079 1C8 003 045 06F 084 055 06A 032 1C8 014 111 015 037 01B 022 011 02E 01D 03D 018 084 023 081 081 081 1C0	"<SPEAKER>「えっ? お金?
1エンドルも
お預かりしていませんけど・・・"
01	69	0x0169	0x0234F0	0x0234F1	17	131	37	1CC 1C2 045 06F 084 055 06A 084 022 01C 015 079 1C5 1CC 01E 03D 024 025 001 01F 017 01A 03D 1C8 014 111 015 037 01B 022 011 02E 01D 03D 084 015 1C0	"<SPEAKER>「<NUMBER>エンドルですか?<WAIT><SPEAKER>「そんなに たくさん
お預かりしていませんが"
01	6A	0x016A	0x023502	0x023503	19	145	40	1CC 1C2 045 06F 084 055 06A 084 022 01C 015 079 1C5 1CC 01E 03D 024 025 001 01F 017 01A 03D 1C8 014 0D3 020 025 024 039 024 011 035 012 084 022 01C 084 015 1C0	"<SPEAKER>「<NUMBER>エンドルですか?<WAIT><SPEAKER>「そんなに たくさん
お持ちになれないようですが"
01	6B	0x016B	0x023516	0x023517	20	158	38	1D0 07D 083 05F 04E 055 1C8 023 001 015 011 022 010 038 1C5 1D0 023 021 084 01D 03D 001 083 05F 04E 055 084 015 001 0A0 01B 015 018 022 016 01F 07A 1C0	"<CLEAR>
「ポスト
と かいてある<WAIT>
<CLEAR>
とつぜん ポストが 話しかけてきた!"
01	6C	0x016C	0x02352B	0x02352C	28	223	54	1CC 084 02D 017 029 001 083 05F 04E 055 084 022 01C 1C5 1CC 014 094 023 001 025 032 021 03C 1C8 01E 012 019 025 001 014 017 037 02E 01C 1C8 01A 022 001 084 023 020 036 028 001 084 019 112 084 022 01B 041 012 079 1C0	"<SPEAKER>「ぼくは ポストです<WAIT><SPEAKER>「お金と にもつを
そうこに おくります
さて どちらの ご用でしょう?"
01	6D	0x016D	0x023548	0x023549	17	133	31	1CC 047 084 04D 05A 084 022 001 010 01E 084 02B 024 036 1C8 019 019 084 022 001 04B 043 06F 03C 0A8 03E 023 017 036 011 1C0	"<SPEAKER>「カジノで あそぶなら
ここで コインを買っとくらい"
01	6E	0x016E	0x02355A	0x02355B	18	144	32	1CC 014 033 001 04B 043 06F 03C 0D3 03E 022 024 01A 038 027 079 1C8 019 020 036 084 022 001 014 111 037 01B 033 01B 041 012 1C0	"<SPEAKER>「おや コインを持ってなさるね?
こちらで お預りしやしょう"
01	6F	0x016F	0x02356D	0x02356E	13	103	26	1CC 014 0D8 020 03F 03D 015 036 029 001 04B 043 06F 03C 1C8 1C2 115 001 111 015 03E 022 033 01C 027 1C0	"<SPEAKER>「お嬢ちゃんからは コインを
<NUMBER>枚 預かってやすね"
01	70	0x0170	0x02357B	0x02357C	14	109	28	1CC 014 0D8 020 03F 03D 015 036 029 001 04B 043 06F 03C 1C8 003 115 032 001 111 015 03E 022 033 01D 03D 027 1C0	"<SPEAKER>「お嬢ちゃんからは コインを
1枚も 預かってやせんね"
01	71	0x0171	0x02358A	0x02358B	25	193	47	1CC 04B 043 06F 029 001 003 115 001 004 002 045 06F 084 055 06A 084 01F 015 036 1C8 1C2 115 02E 084 022 001 0A8 013 038 018 084 023 1C8 093 115 001 0A8 03E 022 017 039 024 01A 038 079 1C0	"<SPEAKER>「コインは 1枚 20エンドルだから
<NUMBER>枚まで 買えるけど
何枚 買ってくれなさる?"
01	72	0x0172	0x0235A4	0x0235A5	4	27	7	1CC 1C2 115 084 01F 027 1C0	<SPEAKER>「<NUMBER>枚だね
01	73	0x0173	0x0235A9	0x0235AA	12	91	25	1CC 1C2 045 06F 084 055 06A 025 1C8 024 037 033 01C 035 07A 001 011 011 084 022 01C 015 011 079 1C0	"<SPEAKER>「<NUMBER>エンドルに
なりやすよ! いいですかい?"
01	74	0x0174	0x0235B6	0x0235B7	14	111	27	1CC 084 023 012 032 001 010 037 084 015 023 012 07A 1C8 01F 028 01B 03D 084 022 03E 023 017 036 011 07A 1C0	"<SPEAKER>「どうも ありがとう!
たのしんでっとくらい!"
01	75	0x0175	0x0235C5	0x0235C6	25	200	53	1CC 04B 043 06F 029 001 003 115 001 004 002 045 06F 084 055 06A 084 01F 015 036 1C8 084 01A 03D 027 03D 084 01F 018 084 023 001 014 0D8 020 03F 03D 025 029 1C8 0A2 03E 022 010 084 018 036 039 024 011 027 013 1C0	"<SPEAKER>「コインは 1枚 20エンドルだから
ざんねんだけど お嬢ちゃんには
売ってあげられないねえ"
01	76	0x0176	0x0235DF	0x0235E0	17	132	32	1CC 014 019 084 021 015 011 084 015 001 010 02E 03E 01F 036 1C8 02E 01F 097 023 017 036 011 07A 001 16B 03E 022 038 035 07A 1C0	"<SPEAKER>「おこづかいが あまったら
また来とくらい! 待ってるよ!"
01	77	0x0177	0x0235F1	0x0235F2	17	136	36	1CC 1C2 045 06F 084 055 06A 025 1C8 024 037 02E 01C 035 081 081 081 1C8 010 039 001 014 094 084 015 001 01F 037 027 013 035 012 084 01F 027 1C0	"<SPEAKER>「<NUMBER>エンドルに
なりますよ・・・
あれ お金が たりねえようだね"
01	78	0x0178	0x023603	0x023604	12	92	24	1CC 019 019 029 001 04B 043 06F 03C 1C8 12B 08B 025 015 013 038 001 114 116 12F 084 01F 035 1C0	"<SPEAKER>「ここは コインを
品物にかえる 交換所だよ"
01	79	0x0179	0x023610	0x023611	15	117	29	1CC 014 033 001 04B 043 06F 03C 0D3 03E 022 038 028 015 011 079 1C8 01E 039 032 001 014 111 037 01B 02E 01C 027 1C0	"<SPEAKER>「おや コインを持ってるのかい?
それも お預りしますね"
01	7A	0x017A	0x023620	0x023621	18	142	33	1CC 1CE 015 036 029 001 04B 043 06F 03C 1C8 1C2 115 001 111 015 03E 022 038 027 1C8 12B 08B 023 001 114 116 01C 038 015 011 079 1C0	"<SPEAKER>「<INSERT_C>からは コインを
<NUMBER>枚 預かってるね
品物と 交換するかい?"
01	7B	0x017B	0x023633	0x023634	5	37	10	1CC 084 01B 03F 001 02E 01F 024 07A 1C0	<SPEAKER>「じゃ またな!
01	7C	0x017C	0x023639	0x02363A	26	204	51	1CC 1CE 029 001 04B 043 06F 03C 081 081 081 081 1C8 010 001 0AF 115 032 027 013 028 015 011 1C5 1CC 04B 043 06F 03C 001 01F 031 022 1C8 02E 01F 097 022 017 039 035 07A 001 16B 03E 022 038 084 01D 07A 1C0	"<SPEAKER>「<INSERT_C>は コインを・・・・
あ 一枚もねえのかい<WAIT><SPEAKER>「コインを ためて
また来てくれよ! 待ってるぜ!"
01	7D	0x017D	0x023654	0x023655	6	48	13	1CC 084 023 039 023 001 114 116 01B 01F 011 079 1C0	<SPEAKER>「どれと 交換したい?
01	7E	0x017E	0x02365B	0x02365C	4	27	7	1CC 1C4 084 01F 027 079 1C0	<SPEAKER>「<INSERT_A>だね?
01	7F	0x017F	0x023660	0x023661	6	43	11	1CC 0FA 025 001 03B 01F 01E 012 015 079 1C0	<SPEAKER>「誰に わたそうか?
01	80	0x0180	0x023667	0x023668	8	60	14	1CC 01A 03E 01E 017 001 0C2 0C4 01C 038 015 011 079 1C0	<SPEAKER>「さっそく 装備するかい?
01	81	0x0181	0x023670	0x023671	4	30	7	1CC 035 01B 016 01F 07A 1C0	<SPEAKER>「よしきた!
01	82	0x0182	0x023675	0x023676	4	31	7	1CC 02D 011 001 1CE 07A 1C0	<SPEAKER>「ほい <INSERT_C>!
01	83	0x0183	0x02367A	0x02367B	15	114	26	1CC 02D 011 001 1CE 1C8 02A 021 084 016 028 0A1 025 001 011 039 023 011 022 1C8 033 038 015 036 024 1C0	"<SPEAKER>「ほい <INSERT_C>
ひつぎの中に いれといて
やるからな"
01	84	0x0184	0x02368A	0x02368B	8	61	16	1CC 02D 015 028 12B 08B 03C 001 114 116 01C 038 015 011 079 1C0	<SPEAKER>「ほかの品物を 交換するかい?
01	85	0x0185	0x023693	0x023694	20	156	38	1CC 084 01B 03F 001 04B 043 06F 028 142 037 029 001 111 015 03E 023 019 012 1C8 02E 01F 097 022 017 039 035 07A 001 16B 03E 022 038 015 036 027 07A 1C0	"<SPEAKER>「じゃ コインの残りは 預かっとこう
また来てくれよ! 待ってるからね!"
01	86	0x0186	0x0236A8	0x0236A9	15	116	31	1CC 1CE 029 1C8 019 039 03C 0C2 0C4 084 022 016 024 011 018 084 023 1C8 01E 039 084 022 032 001 011 011 028 015 011 079 1C0	"<SPEAKER>「<INSERT_C>は
これを装備できないけど
それでも いいのかい?"
01	87	0x0187	0x0236B8	0x0236B9	14	106	27	1CC 084 022 032 001 1CE 029 1C8 032 012 001 019 039 029 1C8 0D3 022 024 011 02F 01F 011 084 01F 084 01D 1C0	"<SPEAKER>「でも <INSERT_C>は
もう これは
持てないみたいだぜ"
01	88	0x0188	0x0236C7	0x0236C8	8	58	14	1CC 02D 015 028 091 025 001 03B 01F 01E 012 015 079 1C0	<SPEAKER>「ほかの人に わたそうか?
01	89	0x0189	0x0236D0	0x0236D1	15	115	28	1CC 1C4 023 001 114 116 01C 038 025 029 1C8 04B 043 06F 084 015 001 01F 037 024 011 02F 01F 011 084 01F 024 1C0	"<SPEAKER>「<INSERT_A>と 交換するには
コインが たりないみたいだな"
01	8A	0x018A	0x0236E0	0x0236E1	15	119	29	1CC 084 022 032 001 02F 024 01A 03D 1C8 032 012 001 019 039 029 1C8 0D3 022 024 011 02F 01F 011 084 01F 084 01D 1C0	"<SPEAKER>「でも みなさん
もう これは
持てないみたいだぜ"
01	8B	0x018B	0x0236F0	0x0236F1	14	108	30	1CC 014 039 029 001 0A9 103 0A1 028 1C8 02A 015 038 084 05C 078 084 051 060 03C 001 010 021 031 022 038 03D 084 01F 1C0	"<SPEAKER>「おれは 世界中の
ひかるビーダマを あつめてるんだ"
01	8C	0x018C	0x0236FF	0x023700	17	134	38	1CC 014 03E 001 084 05C 078 084 051 060 03C 1C8 0D3 03E 022 038 084 01B 03F 024 011 015 07A 1C8 01E 039 001 014 039 084 015 001 032 036 03E 01F 07A 1C0	"<SPEAKER>「おっ ビーダマを
持ってるじゃないか!
それ おれが もらった!"
01	8D	0x018D	0x023711	0x023712	20	154	39	1CC 1CF 015 036 029 001 1C2 04B 028 1C8 084 05C 078 084 051 060 03C 001 032 036 03E 022 038 018 084 023 1C8 093 015 023 001 114 116 01B 035 012 015 079 1C0	"<SPEAKER>「<INSERT_D>からは <NUMBER>コの
ビーダマを もらってるけど
何かと 交換しようか?"
01	8E	0x018E	0x023726	0x023727	7	50	12	1CC 02E 01F 001 097 022 014 017 039 035 07A 1C0	<SPEAKER>「また 来ておくれよ!
01	8F	0x018F	0x02372E	0x02372F	26	201	45	1CC 084 05C 078 084 051 060 023 114 116 025 001 010 020 019 020 084 022 1C8 1AC 031 01F 001 01C 022 016 024 042 043 054 062 03C 1C8 083 05D 06B 084 04F 06F 055 01C 038 035 07A 1C0	"<SPEAKER>「ビーダマと交換に あちこちで
集めた すてきなアイテムを
プレゼントするよ!"
01	90	0x0190	0x023749	0x02374A	9	70	16	1CC 01A 03E 01E 017 001 0C2 0C4 01B 022 02F 038 015 011 079 1C0	<SPEAKER>「さっそく 装備してみるかい?
01	91	0x0191	0x023753	0x023754	10	78	19	1CC 029 011 001 019 039 07A 1C8 084 01F 011 084 01B 025 01B 022 035 07A 1C0	"<SPEAKER>「はい これ!
だいじにしてよ!"
01	92	0x0192	0x02375E	0x02375F	16	126	25	1CC 029 011 001 019 039 081 081 081 1C8 1CE 028 001 015 03D 014 018 025 1C8 011 039 023 017 027 1C0	"<SPEAKER>「はい これ・・・
<INSERT_C>の かんおけに
いれとくね"
01	93	0x0193	0x02376F	0x023770	9	68	17	1CC 02D 015 025 001 02D 01B 011 08B 029 001 010 038 015 011 079 1C0	<SPEAKER>「ほかに ほしい物は あるかい?
01	94	0x0194	0x023779	0x02377A	22	173	42	1CC 012 078 03D 081 081 081 001 032 03E 023 1C8 084 05C 078 084 051 060 03C 001 010 021 031 024 017 020 03F 1C8 01E 039 029 001 010 084 018 036 039 024 011 024 078 1C0	"<SPEAKER>「うーん・・・ もっと
ビーダマを あつめなくちゃ
それは あげられないなー"
01	95	0x0195	0x023790	0x023791	25	197	49	1CC 08E 08A 084 05C 084 04C 03C 001 090 01D 022 017 084 01F 01A 011 1C8 084 05C 084 04C 084 015 024 011 023 001 019 019 015 036 0F8 029 1C8 08D 017 019 023 084 015 001 084 022 016 02E 01D 03D 1C0	"<SPEAKER>「入島ビザを 見せてください
ビザがないと ここから先は
行くことが できません"
01	96	0x0196	0x0237AA	0x0237AB	7	52	13	1D0 1CA 029 001 1C4 03C 1C8 022 03B 01F 01B 01F 1C0	"<CLEAR>
<INSERT_B>は <INSERT_A>を
てわたした"
01	97	0x0197	0x0237B2	0x0237B3	32	250	59	1CC 029 011 001 014 0D8 01A 03D 1C8 01F 01B 015 025 001 084 05C 084 04C 03C 1C8 029 011 018 03D 001 01B 02E 01B 01F 1C5 1CC 032 012 001 023 012 03A 017 001 01B 01F 015 036 1C8 011 021 084 022 032 001 019 019 029 001 12E 039 038 035 1C0	"<SPEAKER>「はい お嬢さん
たしかに ビザを
はいけん しました<WAIT><SPEAKER>「もう とうろく したから
いつでも ここは 通れるよ"
01	98	0x0198	0x0237D3	0x0237D4	40	314	72	1CC 09C 025 001 010 038 018 084 029 001 033 084 015 022 1C8 069 084 05B 078 051 044 06F 028 001 0C9 025 021 017 018 084 023 1C5 1CC 018 03E 019 012 001 0F2 011 015 036 1C8 122 11E 084 022 001 014 011 028 037 03C 001 01B 022 015 036 1C8 084 022 015 018 01F 0B9 084 015 001 011 011 035 1C0	"<SPEAKER>「北に あるけば やがて
リバータウンの 町につくけど<WAIT><SPEAKER>「けっこう 遠いから
教会で おいのりを してから
でかけた方が いいよ"
01	99	0x0199	0x0237FC	0x0237FD	13	99	25	1CC 092 08F 023 0DC 0EF 028 08A 1C8 084 054 04E 068 06F 084 055 08A 02C 001 035 012 019 01E 07A 1C0	"<SPEAKER>「伝説と神秘の島
デスランド島へ ようこそ!"
01	9A	0x019A	0x02380A	0x02380B	46	365	78	1CC 091 028 012 03B 01A 03E 022 001 018 03E 019 012 1C8 011 011 015 084 018 03D 024 028 035 027 013 07A 1C5 1CC 019 028 08A 025 029 001 0E8 095 024 03D 022 001 024 011 028 025 1C8 02F 03D 024 001 0B6 028 19E 001 015 013 020 03F 03E 022 01A 1C8 018 03E 016 041 017 001 035 017 084 029 037 024 028 035 027 013 1C0	"<SPEAKER>「人のうわさって けっこう
いいかげんなのよねえ!<WAIT><SPEAKER>「この島には 財宝なんて ないのに
みんな 目の色 かえちゃってさ
けっきょく よくばりなのよねえ"
01	9B	0x019B	0x023839	0x02383A	58	461	105	1CC 017 01E 03E 001 02E 011 03E 020 03F 03E 01F 035 07A 1C5 1CC 08A 03C 184 0BB 01B 035 012 023 001 099 084 015 038 025 097 01F 018 084 023 1C8 0CB 0DE 028 01F 01B 024 02F 084 015 001 024 011 015 036 1C8 08E 08A 084 05C 084 04C 03C 001 032 036 013 024 015 03E 01F 035 1C5 1CC 032 012 020 041 03E 023 001 16D 028 001 018 011 019 03C 1C8 02E 084 01B 031 025 001 033 03E 023 018 084 029 001 035 015 03E 01F 024 078 07A 1C0	"<SPEAKER>「くそっ まいっちゃったよ!<WAIT><SPEAKER>「島を探険しようと 気がるに来たけど
武芸のたしなみが ないから
入島ビザを もらえなかったよ<WAIT><SPEAKER>「もうちょっと 刻の けいこを
まじめに やっとけば よかったなー!"
01	9C	0x019C	0x023874	0x023875	22	176	39	1CC 013 079 001 08E 08A 084 05C 084 04C 03C 001 032 036 03E 01F 084 01F 023 079 1C8 014 03D 024 028 017 01D 025 001 01C 084 019 011 033 021 084 01F 024 1C0	"<SPEAKER>「え? 入島ビザを もらっただと?
おんなのくせに すごいやつだな"
01	9D	0x019D	0x02388B	0x02388C	29	225	56	1CC 03B 01B 029 001 092 08F 028 001 08B 15C 037 084 01B 011 01A 03D 084 01B 03F 1C8 084 023 012 084 01B 03F 001 084 054 04E 068 06F 084 055 08A 025 02E 021 03B 038 1C8 092 08F 028 0A0 03C 001 0A6 016 01F 011 015 028 079 1C0	"<SPEAKER>「わしは 伝説の 物知りじいさんじゃ
どうじゃ デスランド島にまつわる
伝説の話を 聞きたいかの?"
01	9E	0x019E	0x0238A9	0x0238AA	112	895	224	1CC 019 028 001 084 054 04E 068 06F 084 055 08A 025 001 029 038 015 104 1C8 048 06F 084 049 084 05B 06C 06F 023 011 012 001 09A 08B 084 015 1C8 014 03E 01F 028 084 01B 03F 081 081 081 1C5 1CC 048 06F 084 049 084 05B 06C 06F 029 001 02E 010 001 011 03B 084 029 1C8 0C5 10A 084 022 024 001 01A 02E 084 01A 02E 024 0E5 0E7 03C 1C8 185 0D4 025 001 033 03E 022 014 03E 01F 036 01B 011 1C5 1CC 03B 024 033 18F 195 018 029 001 032 020 03A 03D 028 019 023 1C8 09A 08B 084 023 032 028 09B 0F0 0DD 0F3 02E 084 022 032 1C8 033 03E 022 014 03E 01F 01E 012 024 028 084 01B 03F 1C5 1CC 01E 028 048 06F 084 049 084 05B 06C 06F 084 015 001 0E5 0E7 028 01C 013 1C8 023 012 023 012 001 023 03D 084 022 032 024 011 032 028 03C 1C8 0C8 0BF 01B 022 01B 032 012 01F 028 084 01B 03F 07A 1C5 1CC 081 081 081 084 023 012 084 01B 03F 001 0C0 01A 03D 079 1C8 019 028 0A0 028 0F9 016 03C 001 0A6 016 01F 011 015 028 079 1C0	"<SPEAKER>「この デスランド島に はるか苦
キングバロンという 魔物が
おったのじゃ・・・<WAIT><SPEAKER>「キングバロンは まあ いわば
天才でな さまざまな研究を
熱心に やっておったらしい<WAIT><SPEAKER>「わなや仕掛けは もちろんのこと
魔物どもの生体実験までも
やっておったそうなのじゃ<WAIT><SPEAKER>「そのキングバロンが 研究のすえ
とうとう とんでもないものを
発明してしもうたのじゃ!<WAIT><SPEAKER>「・・・どうじゃ 娘さん?
この話の続きを 聞きたいかの?"
01	9F	0x019F	0x02391A	0x02391B	50	397	93	1CC 02B 014 03E 02B 014 03E 02B 014 03E 001 0C0 01A 03D 07A 1C8 084 01A 03D 027 03D 084 01B 03F 084 015 001 0A0 028 0F9 016 029 1C8 0A4 08B 0A3 084 022 001 0A6 011 022 017 084 01F 01A 039 1C5 1CC 0A4 08B 0A3 025 029 001 032 03E 023 001 017 03B 01B 017 1C8 022 011 027 011 025 001 092 08F 028 0A0 03C 1C8 01B 022 017 039 038 091 084 015 001 011 02E 01C 015 036 028 012 1C0	"<SPEAKER>「ふおっふおっふおっ 娘さん!
ざんねんじゃが 話の続きは
博物館で 聞いてくだされ<WAIT><SPEAKER>「博物館には もっと くわしく
ていねいに 伝説の話を
してくれる人が いますからのう"
01	A0	0x01A0	0x02394D	0x02394E	21	162	34	1CC 02B 014 078 02B 014 078 02B 014 078 01E 012 015 011 028 012 1C8 084 01B 03F 03E 01F 036 001 013 013 03B 011 001 013 013 03B 011 1C0	"<SPEAKER>「ふおーふおーふおーそうかいのう
じゃったら ええわい ええわい"
01	A1	0x01A1	0x023963	0x023964	9	66	16	1CC 010 001 01E 012 001 084 01B 03F 010 001 013 013 03B 011 1C0	<SPEAKER>「あ そう じゃあ ええわい
01	A2	0x01A2	0x02396D	0x02396E	28	224	50	1CC 02B 014 03E 02B 014 03E 02B 014 03E 001 0A4 08B 0A3 084 01B 03F 035 1C8 0A4 08B 0A3 025 08D 016 024 01A 039 001 02B 014 03E 02B 014 03E 1C8 02B 084 015 001 02B 014 03E 02B 014 03E 02B 014 078 1C0	"<SPEAKER>「ふおっふおっふおっ 博物館じゃよ
博物館に行きなされ ふおっふおっ
ふが ふおっふおっふおー"
01	A3	0x01A3	0x02398A	0x02398B	43	340	82	1CC 084 023 012 084 01B 03F 03E 01F 079 001 092 08F 028 0A0 029 079 1C8 084 01B 021 025 001 061 04E 054 069 042 04E 084 01B 03F 03A 012 079 1C5 1CC 093 0BC 0CA 032 001 030 015 01B 025 001 01E 03D 024 1C8 01C 084 019 011 033 021 084 015 001 011 01F 024 03D 022 1C8 01E 012 084 01E 012 03C 001 084 01D 03E 01C 038 028 012 07A 1C0	"<SPEAKER>「どうじゃった? 伝説の話は?
じつに ミステリアスじゃろう?<WAIT><SPEAKER>「何千年も むかしに そんな
すごいやつが いたなんて
そうぞうを ぜっするのう!"
01	A4	0x01A4	0x0239B6	0x0239B7	52	413	95	1CC 019 028 08A 028 092 08F 084 015 001 0A9 103 0A1 025 1C8 02A 03A 02E 03E 022 001 011 03A 03D 024 033 021 084 015 1C8 021 084 016 015 036 001 021 084 016 02C 023 001 097 038 03D 084 01F 035 1C5 1CC 0B7 0A7 023 015 001 0C6 094 015 01D 084 016 023 015 027 1C8 02E 010 001 08A 023 01B 022 029 001 149 14A 0FD 084 015 1C8 0CE 011 0B9 084 015 001 032 012 015 038 018 084 023 027 1C0	"<SPEAKER>「この島の伝説が 世界中に
ひろまって いろんなやつが
つぎから つぎへと 来るんだよ<WAIT><SPEAKER>「学昔とか 賞金かせぎとかね
まあ 島としては 観光客が
多い方が もうかるけどね"
01	A5	0x01A5	0x0239EB	0x0239EC	44	351	79	1CC 084 01B 021 025 016 041 012 02F 084 02B 015 011 07A 1C5 1CC 03B 01B 032 001 015 084 015 017 01B 03F 023 01B 022 1C8 024 084 015 027 03D 001 033 03E 022 014 038 018 039 084 023 032 1C5 1CC 019 028 08A 028 092 08F 02D 084 023 001 03B 01B 028 0AD 185 03C 1C8 015 016 01F 022 038 032 028 029 001 024 011 03B 011 1C0	"<SPEAKER>「じつにきょうみぶかい!<WAIT><SPEAKER>「わしも かがくしゃとして
ながねん やっておるけれども<WAIT><SPEAKER>「この島の伝説ほど わしの情熱を
かきたてるものは ないわい"
01	A6	0x01A6	0x023A18	0x023A19	27	212	46	1CC 014 027 078 020 03F 03D 001 015 03B 011 011 027 078 1C8 01E 028 001 015 020 016 024 001 02A 023 02F 029 1C8 084 02D 017 03C 001 084 01E 017 084 01E 017 001 01A 01D 038 084 01D 1C0	"<SPEAKER>「おねーちゃん かわいいねー
その かちきな ひとみは
ぼくを ぞくぞく させるぜ"
01	A7	0x01A7	0x023A34	0x023A35	48	380	89	1CC 048 06F 084 049 025 03D 084 016 041 012 029 1C8 019 028 08A 025 001 096 017 015 036 021 01F 03B 038 1C8 02F 03D 084 018 011 02A 03D 024 03D 084 01F 1C5 1CC 064 06F 04E 051 078 025 084 022 010 03E 01F 036 1C8 048 06F 084 049 025 03D 084 016 041 012 03C 001 013 011 033 03E 023 1C8 01A 01B 084 01F 01C 023 001 025 084 018 022 011 017 03D 084 01F 035 1C0	"<SPEAKER>「キングにんぎょうは
この島に 古くからつたわる
みんげいひんなんだ<WAIT><SPEAKER>「モンスターにであったら
キングにんぎょうを えいやっと
さしだすと にげていくんだよ"
01	A8	0x01A8	0x023A65	0x023A66	28	219	44	1CC 012 014 078 001 033 03E 023 001 021 011 01F 015 078 03E 07A 1C8 01C 078 029 078 001 01C 078 029 078 1C8 012 078 03D 001 196 0EB 028 001 025 014 011 084 01B 03F 028 078 1C0	"<SPEAKER>「うおー やっと ついたかーっ!
すーはー すーはー
うーん 異国の においじゃのー"
01	A9	0x01A9	0x023A82	0x023A83	18	139	33	1CC 03D 079 001 010 03D 01F 032 001 0E8 095 01A 084 015 01B 025 1C8 019 028 08A 025 001 033 03E 022 097 01F 017 020 015 011 079 1C0	"<SPEAKER>「ん? あんたも 財宝さがしに
この島に やって来たくちかい?"
01	AA	0x01AA	0x023A95	0x023A96	32	255	49	1CC 033 03E 083 029 037 01E 012 015 078 07A 001 017 078 03E 07A 1C8 03D 078 03E 001 012 015 012 015 01B 022 036 039 03D 024 078 1C8 011 01E 084 015 027 084 029 001 011 01E 084 015 027 084 029 1C0	"<SPEAKER>「やっぱりそうかー! くーっ!
んーっ うかうかしてられんなー
いそがねば いそがねば"
01	AB	0x01AB	0x023AB6	0x023AB7	87	691	158	1CC 013 079 001 020 084 015 012 079 001 02B 078 030 001 093 079 1C8 0EA 0E6 028 001 084 02C 03D 016 041 012 025 001 097 01F 084 01F 023 079 1C8 017 029 078 001 029 029 029 029 001 024 038 02D 084 023 07A 1C5 1CC 01F 01B 015 025 001 019 028 084 054 04E 068 06F 084 055 02D 084 023 1C8 016 041 012 02F 084 02B 015 011 0A5 12F 029 001 024 011 015 036 024 1C8 02E 010 001 01D 011 084 01D 011 001 084 02C 03D 016 041 012 01D 011 033 1C5 1CC 01E 039 084 01B 03F 010 001 014 039 032 001 011 03E 020 041 1C8 084 02C 03D 016 041 012 01B 025 001 08D 017 015 024 07A 1C8 017 029 029 029 001 084 01B 03F 010 024 001 027 078 020 03F 03D 07A 1C0	"<SPEAKER>「え? ちがう? ふーむ 何?
歴史の べんきょうに 来ただと?
くはー はははは なるほど!<WAIT><SPEAKER>「たしかに このデスランドほど
きょうみぶかい場所は ないからな
まあ せいぜい べんきょうせいや<WAIT><SPEAKER>「それじゃあ おれも いっちょ
べんきょうしに 行くかな!
くははは じゃあな ねーちゃん!"
01	AC	0x01AC	0x023B0E	0x023B0F	35	277	63	1CC 032 012 001 0FA 032 001 014 036 03D 035 1C8 014 03D 024 001 019 084 023 032 029 001 02B 027 084 022 1C8 02A 024 03D 01B 022 01B 02E 03E 01F 01B 1C5 1CC 149 14A 0FD 029 001 02F 024 1C8 03B 039 01A 016 025 023 001 015 013 03E 022 011 03E 01F 035 1C0	"<SPEAKER>「もう 誰も おらんよ
おんな こどもは ふねで
ひなんしてしまったし<WAIT><SPEAKER>「観光客は みな
われさきにと かえっていったよ"
01	AD	0x01AD	0x023B32	0x023B33	25	197	47	1CC 09A 08B 025 001 08A 03C 001 028 03E 023 036 039 01F 036 1C8 014 039 029 001 038 03A 012 028 001 14B 084 01F 07A 1C8 084 054 04E 068 06F 084 055 17A 14B 084 01F 035 001 023 02D 02D 1C0	"<SPEAKER>「魔物に 島を のっとられたら
おれは るろうの 民だ!
デスランド難民だよ とほほ"
01	AE	0x01AE	0x023B4C	0x023B4D	16	121	28	1CC 014 017 01C 037 029 001 01F 03E 083 02B 037 1C8 0A8 03E 023 015 024 011 023 001 017 03A 012 01C 038 035 1C0	"<SPEAKER>「おくすりは たっぷり
買っとかないと くろうするよ"
01	AF	0x01AF	0x023B5D	0x023B5E	24	186	43	1CC 02F 033 084 018 029 001 093 025 001 01B 035 012 015 024 010 1C8 096 09F 028 13A 001 084 022 032 001 0A8 03E 022 1C8 084 02C 03D 016 041 012 001 01B 035 012 015 024 1C0	"<SPEAKER>「みやげは 何に しようかなあ
古代の本 でも 買って
べんきょう しようかな"
01	B0	0x01B0	0x023B76	0x023B77	42	329	79	1CC 03B 01B 029 001 084 029 010 01A 03D 023 001 011 03E 01B 041 025 1C8 095 01A 084 015 01B 025 001 016 01F 03D 084 01B 03F 1C5 1CC 084 01B 03F 084 015 028 012 001 03B 01B 084 01F 018 001 0AB 0AA 025 1C8 014 020 022 001 01B 032 012 01F 03D 084 01B 03F 1C5 1CC 03B 01B 029 001 029 084 01C 015 01B 011 03B 011 07A 1C0	"<SPEAKER>「わしは ばあさんと いっしょに
宝さがしに きたんじゃ<WAIT><SPEAKER>「じゃがのう わしだけ 審査に
おちて しもうたんじゃ<WAIT><SPEAKER>「わしは はずかしいわい!"
01	B1	0x01B1	0x023BA1	0x023BA2	14	109	29	1CC 019 019 029 001 08E 08A 0AB 0AA 0A5 084 022 01C 1C8 08F 0BF 03C 001 014 0A6 016 025 024 037 02E 01C 015 079 1C0	"<SPEAKER>「ここは 入島審査場です
説明を お聞きになりますか?"
01	B2	0x01B2	0x023BB0	0x023BB1	84	669	167	1CC 084 054 04E 068 06F 084 055 08A 025 029 001 011 02E 032 001 02E 084 01F 1C8 02A 023 03C 001 014 01E 012 001 064 06F 04E 051 078 084 015 1C8 015 024 037 001 01F 017 01A 03D 001 011 038 028 084 022 01C 1C5 1CC 084 022 01C 015 036 001 08A 028 0DF 0DA 02C 001 08D 017 025 029 1C8 010 038 022 011 084 023 028 001 0CB 0DE 028 14C 107 084 015 024 011 023 1C8 0EE 03C 001 014 023 01B 022 01B 02E 011 02E 01C 1C5 1CC 029 084 01B 031 022 001 019 028 08A 02C 001 097 01F 015 01F 029 1C8 02E 084 01C 001 019 028 08E 08A 0AB 0AA 0A5 025 022 1C8 0AB 0AA 03C 001 0F5 018 022 011 01F 084 01F 017 028 084 022 01C 1C5 1CC 0AB 0AA 03C 001 014 0F5 018 025 024 037 02E 01C 015 079 1C0	"<SPEAKER>「デスランド島には いまも まだ
ひとを おそう モンスターが
かなり たくさん いるのです<WAIT><SPEAKER>「ですから 島の内部へ 行くには
あるていどの 武芸の能力がないと
命を おとしてしまいます<WAIT><SPEAKER>「はじめて この島へ 来たかたは
まず この入島審査場にて
審査を 受けていただくのです<WAIT><SPEAKER>「審査を お受けになりますか?"
01	B3	0x01B3	0x023C05	0x023C06	66	521	136	1CC 01E 039 084 022 029 001 014 017 028 001 023 084 02A 036 015 036 1C8 014 15D 02F 017 084 01F 01A 011 02E 01D 1C5 1CC 0AB 0AA 0A5 028 001 011 020 084 029 03D 001 014 017 025 1C8 084 054 04E 068 06F 084 055 0EA 0E6 0A4 08B 0A3 084 015 001 010 037 02E 01C 1C8 01E 019 02E 084 022 001 08D 018 039 084 029 001 084 019 012 015 017 084 022 01C 1C5 1CC 084 019 012 015 017 01C 039 084 029 001 0A4 08B 0A3 084 022 1C8 08E 08A 084 05C 084 04C 084 015 001 0C8 08D 01A 039 02E 01C 1C8 01E 039 084 022 029 001 084 049 070 084 055 001 068 070 049 07A 1C0	"<SPEAKER>「それでは おくの とびらから
お進みくださいませ<WAIT><SPEAKER>「審査場の いちばん おくに
デスランド歴史博物館が あります
そこまで 行ければ ごうかくです<WAIT><SPEAKER>「ごうかくすれば 博物館で
入島ビザが 発行されます
それでは グッド ラック!"
01	B4	0x01B4	0x023C48	0x023C49	39	312	86	1CC 01E 039 084 022 029 001 014 017 028 001 023 084 02A 036 015 036 1C8 014 15D 02F 017 084 01F 01A 011 02E 01D 1C5 1CC 0AB 0AA 0A5 028 001 011 020 084 029 03D 001 014 017 025 1C8 084 054 04E 068 06F 084 055 0EA 0E6 0A4 08B 0A3 084 015 001 010 037 02E 01C 1C8 01E 019 02E 084 022 001 08D 018 039 084 029 001 084 019 012 015 017 084 022 01C 1C0	"<SPEAKER>「それでは おくの とびらから
お進みくださいませ<WAIT><SPEAKER>「審査場の いちばん おくに
デスランド歴史博物館が あります
そこまで 行ければ ごうかくです"
01	B5	0x01B5	0x023C70	0x023C71	5	35	10	1CC 010 001 01E 012 084 022 01C 015 1C0	<SPEAKER>「あ そうですか
01	B6	0x01B6	0x023C76	0x023C77	25	195	43	1CC 099 03C 021 018 022 001 0B0 01B 022 017 084 01F 01A 011 1C8 030 037 029 001 016 03D 032 021 084 022 01C 1C8 01E 039 084 01F 018 029 001 03B 01C 039 084 01C 025 027 1C0	"<SPEAKER>「気をつけて 旅してください
むりは きんもつです
それだけは わすれずにね"
01	B7	0x01B7	0x023C90	0x023C91	30	234	50	1CC 01E 028 01A 016 028 001 02F 084 01E 084 017 036 011 024 036 1C8 16F 084 05F 051 06F 084 051 070 04D 072 084 022 001 036 017 025 1C8 019 013 036 039 027 013 023 001 017 03A 012 01C 038 084 01D 1C0	"<SPEAKER>「そのさきの みぞぐらいなら
Bボタンダッシュで らくに
こえられねえと くろうするぜ"
01	B8	0x01B8	0x023CAF	0x023CB0	26	201	44	1CC 02C 013 07A 001 0AB 0AA 025 001 012 015 03E 01F 028 015 011 079 1C8 020 015 084 019 03A 028 001 014 03D 024 028 019 029 1C8 02F 015 018 025 001 035 036 03D 027 013 07A 1C0	"<SPEAKER>「へえ! 審査に うかったのかい?
ちかごろの おんなのこは
みかけに よらんねえ!"
01	B9	0x01B9	0x023CCA	0x023CCB	26	203	50	1CC 019 028 0F8 015 036 001 020 041 03E 023 028 010 011 084 01F 1C8 08A 028 001 01E 012 084 018 03D 025 001 084 022 038 084 01E 1C8 064 06F 04E 051 078 032 001 084 022 022 017 038 015 036 024 07A 1C0	"<SPEAKER>「この先から ちょっとのあいだ
島の そうげんに でるぞ
モンスターも でてくるからな!"
01	BA	0x01BA	0x023CE5	0x023CE6	17	129	31	1CC 014 03D 024 028 001 010 03D 01F 084 015 1C8 0AB 0AA 025 001 012 015 038 015 024 1C8 084 05D 074 05B 05B 05B 05B 05B 1C0	"<SPEAKER>「おんなの あんたが
審査に うかるかな
ブァハハハハハ"
01	BB	0x01BB	0x023CF7	0x023CF8	22	174	39	1CC 08B 03C 001 0D3 021 023 016 029 1C8 16E 083 05D 070 04D 072 07A 001 16E 083 05D 070 04D 072 07A 001 023 1C8 027 03D 084 01B 038 023 001 011 011 035 1C0	"<SPEAKER>「物を 持つときは
Aプッシュ! Aプッシュ! と
ねんじると いいよ"
01	BC	0x01BC	0x023D0E	0x023D0F	33	260	60	1CC 02A 040 078 001 02A 040 078 07A 001 027 013 020 03F 03D 1C8 024 015 024 015 001 033 038 024 078 1C5 1CC 01E 03D 084 01F 018 028 001 012 084 022 084 015 010 037 03F 010 1C8 0AB 0AA 024 03D 022 001 02C 028 001 015 03E 083 029 035 07A 1C0	"<SPEAKER>「ひゅー ひゅー! ねえちゃん
なかなか やるなー<WAIT><SPEAKER>「そんだけの うでがありゃあ
審査なんて への かっぱよ!"
01	BD	0x01BD	0x023D30	0x023D31	25	193	47	1CC 014 039 029 001 019 012 033 03E 022 001 0AB 0AA 0A5 084 022 1C8 017 03A 012 001 01B 022 011 038 001 033 021 036 03C 1C8 02A 033 015 01C 028 084 015 001 01B 040 02F 024 03D 084 01F 1C0	"<SPEAKER>「おれは こうやって 審査場で
くろう している やつらを
ひやかすのが しゅみなんだ"
01	BE	0x01BE	0x023D4A	0x023D4B	25	198	50	1CC 084 05C 084 04C 03C 0D3 03E 022 038 024 036 001 01E 03D 024 12F 084 022 1C8 010 01E 03D 084 022 024 011 084 022 001 069 084 05B 078 051 044 06F 02C 1C8 08D 03E 01F 036 084 023 012 084 01F 079 1C0	"<SPEAKER>「ビザを持ってるなら そんな所で
あそんでないで リバータウンへ
行ったらどうだ?"
01	BF	0x01BF	0x023D64	0x023D65	48	379	84	1CC 023 016 025 001 014 027 013 01A 03D 1C8 10D 011 028 164 025 001 099 010 011 03C 001 01F 031 022 038 079 1C5 1CC 01F 020 084 023 02E 03E 022 001 16E 078 078 03E 023 1C8 107 03C 08E 039 022 011 038 023 001 099 010 011 084 015 01F 02E 03E 022 1C8 083 05B 06D 05D 06A 024 001 011 020 084 018 016 084 015 001 106 01D 038 084 01D 07A 1C0	"<SPEAKER>「ときに おねえさん
戦いの時に 気あいを ためてる?<WAIT><SPEAKER>「たちどまって Aーーっと
力を入れていると 気あいがたまって
パワフルな いちげきが 出せるぜ!"
01	C0	0x01C0	0x023D95	0x023D96	35	276	65	1CC 011 033 011 033 001 033 03E 023 028 001 014 032 011 084 022 1C8 019 019 02E 084 022 001 01F 084 023 037 021 016 02E 01B 01F 035 1C5 1CC 109 091 023 001 011 013 084 023 032 001 0CB 0DE 029 1C8 033 03E 023 015 024 016 03F 010 001 011 018 02E 01D 03D 024 1C0	"<SPEAKER>「いやいや やっとの おもいで
ここまで たどりつきましたよ<WAIT><SPEAKER>「商人と いえども 武芸は
やっとかなきゃあ いけませんな"
01	C1	0x01C1	0x023DB9	0x023DBA	27	212	51	1CC 019 028 08A 029 001 017 027 017 027 028 0C7 084 015 001 01F 017 01A 03D 1C8 010 038 03D 084 022 01C 035 001 084 05B 068 06F 04E 0FC 17B 084 015 1C8 0EE 025 001 015 015 03B 038 03D 084 022 01C 07A 1C0	"<SPEAKER>「この島は くねくねの道が たくさん
あるんですよ バランス感覚が
命に かかわるんです!"
01	C2	0x01C2	0x023DD5	0x023DD6	39	309	74	1CC 014 021 015 039 01A 02E 084 022 01C 001 0B0 028 015 01F 1C5 1CC 0AB 0AA 029 001 019 019 084 022 001 014 03B 037 084 022 01C 1C8 019 028 001 0B8 028 001 0A4 08B 0A3 084 022 1C8 08E 08A 084 05C 084 04C 03C 001 032 036 03E 022 0B8 01A 011 1C5 1CC 01E 039 084 022 029 001 035 011 0B0 03C 07A 1C0	"<SPEAKER>「おつかれさまです 旅のかた<WAIT><SPEAKER>「審査は ここで おわりです
この 下の 博物館で
入島ビザを もらって下さい<WAIT><SPEAKER>「それでは よい旅を!"
01	C3	0x01C3	0x023DFD	0x023DFE	26	204	46	1CC 083 05F 06F 07A 001 029 011 001 08E 08A 084 05C 084 04C 084 01F 035 1C8 019 039 084 015 001 003 115 010 039 084 029 1C8 02F 024 023 028 001 0F1 025 001 106 036 039 038 035 07A 1C0	"<SPEAKER>「ポン! はい 入島ビザだよ
これが 1枚あれば
みなとの 外に 出られるよ!"
01	C4	0x01C4	0x023E18	0x023E19	24	187	46	1CC 010 037 03F 037 03F 001 014 0D8 01A 03D 07A 1C8 032 020 032 028 084 015 001 011 03E 083 029 011 084 022 01C 035 1C8 02C 036 01B 022 001 02E 01F 097 022 017 084 01F 01A 011 035 1C0	"<SPEAKER>「ありゃりゃ お嬢さん!
もちものが いっぱいですよ
へらして また来てくださいよ"
01	C5	0x01C5	0x023E31	0x023E32	26	205	46	1CC 084 04A 06C 05B 078 07A 001 019 028 08A 028 001 019 023 084 029 084 022 1C8 019 03D 025 020 029 07A 001 03E 022 011 02F 01A 07A 1C8 035 011 0B0 03C 024 001 014 0D8 01A 03D 035 1C0	"<SPEAKER>「ゲロハー! この島の ことばで
こんにちは! っていみさ!
よい旅をな お嬢さんよ"
01	C6	0x01C6	0x023E4C	0x023E4D	83	662	154	1CC 084 023 012 084 01F 001 01C 084 019 011 084 01F 03A 012 079 1C5 1CC 019 03D 024 001 084 022 015 011 001 055 060 055 06F 084 015 1C8 014 01E 03E 022 016 01F 036 001 03B 01B 024 03D 084 01E 1C8 011 020 019 03A 084 01F 03A 012 024 001 016 03E 023 07A 1C5 1CC 013 03E 079 001 019 011 021 029 001 093 015 03E 022 079 1C8 019 039 019 01E 001 0A9 102 028 001 0AC 0C8 090 1C8 092 08F 028 0CC 0AC 055 060 055 06F 028 001 09E 09D 01A 1C5 1CC 096 09F 084 054 04E 068 06F 084 055 028 001 0AC 011 024 038 0CF 1C8 011 02E 001 092 08F 015 036 001 0BD 0DD 02C 1C8 012 078 03D 07A 001 06C 060 06F 084 01F 024 010 081 081 081 1C0	"<SPEAKER>「どうだ すごいだろう?<WAIT><SPEAKER>「こんな でかい トマトンが
おそってきたら わしなんぞ
いちころだろうな きっと!<WAIT><SPEAKER>「えっ? こいつは 何かって?
これこそ 世紀の 大発見
伝説の巨大トマトンの 化石さ<WAIT><SPEAKER>「古代デスランドの 大いなる謎
いま 伝説から 真実へ
うーん! ロマンだなあ・・・"
01	C7	0x01C7	0x023EA0	0x023EA1	23	182	41	1CC 014 0D8 01A 03D 001 010 03B 022 024 01A 03D 024 1C8 02E 084 01C 029 001 08E 037 167 084 022 001 084 05C 084 04C 03C 1C8 032 036 03E 022 001 016 024 029 039 1C0	"<SPEAKER>「お嬢さん あわてなさんな
まずは 入り口で ビザを
もらって きなはれ"
01	C8	0x01C8	0x023EB8	0x023EB9	50	399	90	1CC 084 01B 037 037 037 037 078 03D 07A 001 01A 010 01A 010 1C8 02E 032 024 017 001 0DC 0EF 023 001 0CF 025 010 02B 039 01F 1C8 0B4 0B1 0C1 0BD 028 001 029 084 01B 02E 037 001 029 084 01B 02E 037 078 1C5 1CC 084 054 04E 068 06F 084 055 092 08F 028 001 01C 084 02C 022 084 015 03B 015 038 1C8 0B4 0B1 0C1 0BD 084 01B 03F 035 001 090 022 011 017 015 011 079 1C0	"<SPEAKER>「じりりりりーん! さあさあ
まもなく 神秘と 謎にあふれた
活行写真の はじまり はじまりー<WAIT><SPEAKER>「デスランド伝説の すべてがわかる
活行写真じゃよ 見ていくかい?"
01	C9	0x01C9	0x023EEB	0x023EEC	31	244	53	1CC 014 0D8 01A 03D 025 029 001 011 020 084 029 03D 0C3 028 1C8 023 017 023 012 01D 016 025 001 084 019 010 03D 024 078 011 07A 1C8 084 01B 037 037 037 037 03D 023 001 01A 010 001 029 084 01B 02E 037 07C 078 1C0	"<SPEAKER>「お嬢さんには いちばん前の
とくとうせきに ごあんなーい!
じりりりりんと さあ はじまりぃー"
01	CA	0x01CA	0x023F0B	0x023F0C	31	248	53	1CC 014 024 084 019 028 001 011 011 013 029 001 029 011 028 012 020 078 1C8 01A 010 001 01C 03B 03E 01F 001 01C 03B 03E 01F 07A 1C8 084 01B 037 037 037 037 03D 023 001 01A 010 001 029 084 01B 02E 037 07C 078 1C0	"<SPEAKER>「おなごの いいえは はいのうちー
さあ すわった すわった!
じりりりりんと さあ はじまりぃー"
01	CB	0x01CB	0x023F2B	0x023F2C	16	121	25	1CC 02D 039 02D 039 001 011 020 084 029 03D 02E 013 025 1C8 01C 03B 03E 01F 001 01C 03B 03E 01F 1C0	"<SPEAKER>「ほれほれ いちばんまえに
すわった すわった"
01	CC	0x01CC	0x023F3C	0x023F3D	27	209	51	1CC 084 01D 011 001 084 01D 011 001 029 010 001 029 010 1C8 023 01B 028 01D 011 084 022 001 084 01B 041 012 013 011 029 1C8 0AF 120 001 0AF 169 084 015 001 084 018 03D 084 023 084 01B 03F 081 081 081 1C0	"<SPEAKER>「ぜい ぜい はあ はあ
としのせいで じょうえいは
一日 一回が げんどじゃ・・・"
01	CD	0x01CD	0x023F58	0x023F59	58	462	101	1CC 014 012 001 027 013 020 03F 03D 07A 001 097 01F 024 07A 1C8 02E 03B 037 03C 001 090 024 035 07A 001 02A 023 017 01D 032 1C8 02B 01F 017 01D 032 001 010 037 01E 012 024 001 033 021 084 029 015 037 035 1C5 1CC 0D1 0A1 032 001 019 028 084 054 04E 068 06F 084 055 025 1C8 095 028 025 014 011 03C 001 015 084 016 021 018 01F 025 1C8 020 084 018 013 027 013 07A 001 068 043 084 05B 06A 084 01F 084 01D 1C0	"<SPEAKER>「おう ねえちゃん! 来たな!
まわりを 見なよ! ひとくせも
ふたくせも ありそうな やつばかりよ<WAIT><SPEAKER>「連中も このデスランドに
宝のにおいを かぎつけたに
ちげえねえ! ライバルだぜ"
01	CE	0x01CE	0x023F93	0x023F94	31	241	55	1CC 015 078 03E 07A 001 02E 011 03E 01F 084 01D 001 02E 03E 01F 017 1C8 014 039 028 001 0A6 011 022 01F 001 019 028 08A 028 0A0 023 1C8 084 01D 03D 084 01D 03D 020 084 015 012 084 01D 001 023 02D 02D 084 01F 024 07A 1C0	"<SPEAKER>「かーっ! まいったぜ まったく
おれの 聞いてた この島の話と
ぜんぜんちがうぜ とほほだな!"
01	CF	0x01CF	0x023FB3	0x023FB4	44	347	85	1CC 03B 01F 01B 029 001 0C5 10A 015 084 015 017 01B 03F 1C8 048 06F 084 049 084 05B 06C 06F 028 035 012 025 001 011 084 01F 011 024 1C8 0C8 0BF 03C 01C 038 028 084 015 001 034 031 024 028 084 022 01C 1C5 1CC 015 039 028 019 023 03C 001 01C 019 01B 084 022 032 1C8 0B7 084 02B 01F 031 025 001 019 028 08A 025 1C8 097 01F 028 084 022 01C 1C0	"<SPEAKER>「わたしは 天才かがくしゃ
キングバロンのように いだいな
発明をするのが ゆめなのです<WAIT><SPEAKER>「かれのことを すこしでも
学ぶために この島に
来たのです"
01	D0	0x01D0	0x023FE0	0x023FE1	24	190	47	1CC 048 06F 084 049 084 05B 06C 06F 029 001 010 02E 037 025 1C8 011 084 01F 011 01C 084 016 022 001 015 039 028 035 012 025 029 1C8 023 022 032 001 024 039 024 011 024 010 081 081 081 1C0	"<SPEAKER>「キングバロンは あまりに
いだいすぎて かれのようには
とても なれないなあ・・・"
01	D1	0x01D1	0x023FF9	0x023FFA	23	178	46	1CC 0CC 0AC 055 060 055 06F 028 001 09E 09D 084 015 1C8 02F 021 015 03E 01F 011 084 01B 041 012 001 02D 015 025 032 1C8 093 015 001 010 038 025 001 020 084 015 011 024 011 03B 011 1C0	"<SPEAKER>「巨大トマトンの 化石が
みつかったいじょう ほかにも
何か あるに ちがいないわい"
01	D2	0x01D2	0x024011	0x024012	27	215	48	1CC 012 078 030 001 03B 01B 029 001 010 02E 037 001 08A 028 1C8 0ED 025 001 08D 017 028 029 001 033 031 022 014 019 012 015 028 1C8 0EE 010 03E 022 028 001 0E5 0E7 084 01B 03F 015 036 024 1C0	"<SPEAKER>「うーむ わしは あまり 島の
奥に 行くのは やめておこうかの
命あっての 研究じゃからな"
01	D3	0x01D3	0x02402D	0x02402E	26	204	43	1CC 014 036 001 014 036 078 07A 001 029 033 017 1C8 0B4 0B1 0C1 0BD 03C 001 029 084 01B 031 03A 078 1C8 014 039 029 001 02E 022 027 013 084 01E 001 014 036 014 036 078 1C0	"<SPEAKER>「おら おらー! はやく
活行写真を はじめろー
おれは まてねえぞ おらおらー"
01	D4	0x01D4	0x024048	0x024049	29	225	47	1CC 017 015 078 001 017 015 078 001 03D 079 1C8 084 01B 041 012 013 011 029 001 032 012 001 014 03B 03E 01F 015 1C8 02E 020 017 01F 084 02A 039 022 001 027 020 02E 03E 01F 084 01D 07A 1C0	"<SPEAKER>「くかー くかー ん?
じょうえいは もう おわったか
まちくたびれて ねちまったぜ!"
01	D5	0x01D5	0x024066	0x024067	59	468	99	1CC 03B 017 03B 017 01A 01D 038 084 01D 001 019 028 08A 029 035 078 1C8 096 09F 028 001 011 01D 016 084 015 001 084 023 03E 015 025 010 038 025 1C8 020 084 015 011 027 013 084 01D 001 02C 03E 001 02C 03E 001 02C 03E 1C5 1CC 014 039 01A 02E 084 015 001 01A 084 015 01B 010 022 022 1C8 094 0EC 001 084 01A 03E 017 084 01A 03E 017 084 022 1C8 010 039 01B 022 001 019 039 01B 022 001 012 078 03D 1C0	"<SPEAKER>「わくわくさせるぜ この島はよー
古代の いせきが どっかにあるに
ちがいねえぜ へっ へっ へっ<WAIT><SPEAKER>「おれさまが さがしあてて
金銀 ざっくざっくで
あれして これして うーん"
01	D6	0x01D6	0x0240A2	0x0240A3	24	189	44	1CC 09E 09D 024 03D 022 001 011 036 027 013 03D 084 01F 035 1C8 014 039 03E 020 084 015 001 011 01F 084 01F 017 032 028 029 1C8 096 09F 028 001 012 032 039 01F 001 095 01A 1C0	"<SPEAKER>「化石なんて いらねえんだよ
おれっちが いただくものは
古代の うもれた 宝さ"
01	D7	0x01D7	0x0240BB	0x0240BC	29	226	52	1CC 02B 084 015 02B 084 015 001 02B 084 015 02B 084 015 001 03B 01B 032 1C8 016 03E 023 001 024 03D 015 001 090 021 018 038 084 01E 011 1C8 012 02D 02D 001 012 02D 02D 02D 001 02B 084 015 02B 084 015 078 1C0	"<SPEAKER>「ふがふが ふがふが わしも
きっと なんか 見つけるぞい
うほほ うほほほ ふがふがー"
01	D8	0x01D8	0x0240D9	0x0240DA	23	184	44	1CC 02B 084 015 02B 084 015 001 03B 01B 025 029 001 062 069 084 01B 03F 1C8 084 01B 011 01A 03D 023 001 011 03E 01B 041 025 1C8 149 14A 084 022 032 001 01C 038 015 028 012 1C0	"<SPEAKER>「ふがふが わしには ムリじゃ
じいさんと いっしょに
観光でも するかのう"
01	D9	0x01D9	0x0240F1	0x0240F2	14	105	24	1D0 06B 06F 084 04E 084 015 021 011 01F 1C8 016 02F 041 012 024 001 0C7 124 084 015 010 038 1C0	"<CLEAR>
レンズがついた
きみょうな 道具がある"
01	DA	0x01DA	0x024100	0x024101	17	133	30	1D0 019 039 029 001 1C4 1C5 1D0 02A 084 023 017 096 017 022 1C8 032 012 001 15E 025 01F 01F 024 011 035 012 084 01F 1C0	"<CLEAR>
これは <INSERT_A><WAIT>
<CLEAR>
ひどく古くて
もう 役にたたないようだ"
01	DB	0x01DB	0x024112	0x024113	18	141	36	1D0 019 039 029 001 1C4 1C5 1D0 092 08F 028 155 028 001 032 03D 01B 041 012 03C 1C8 015 01F 084 023 03E 01F 001 09D 159 028 035 012 084 01F 1C0	"<CLEAR>
これは <INSERT_A><WAIT>
<CLEAR>
伝説の王の もんしょうを
かたどった 石像のようだ"
01	DC	0x01DC	0x024125	0x024126	8	63	16	1D0 0AC 016 024 001 026 028 084 015 001 029 03E 022 010 038 1C0	"<CLEAR>
大きな ぬのが はってある"
01	DD	0x01DD	0x02412E	0x02412F	73	577	131	1CC 014 014 001 090 01C 022 036 039 01F 0A4 08B 0A3 025 1C8 014 0FD 01A 02E 023 029 001 031 084 01C 036 01B 011 1C5 1CC 021 011 001 019 028 0E3 02E 084 022 029 001 019 019 032 1C8 149 14A 0FD 084 022 001 025 084 016 03B 03E 022 011 01F 084 015 1C8 011 02E 029 001 032 012 001 0FA 032 014 036 03D 035 1C5 1CC 03B 01B 032 001 01E 012 084 01B 084 015 01C 03D 084 01F 036 001 019 019 03C 1C8 106 038 035 001 01E 01B 022 001 189 13E 023 032 084 023 03E 022 097 03D 1C8 034 031 029 001 014 03B 03E 01F 028 084 01F 081 081 081 1C0	"<SPEAKER>「おお 見すてられた博物館に
お客さまとは めずらしい<WAIT><SPEAKER>「つい この間までは ここも
観光客で にぎわっていたが
いまは もう 誰もおらんよ<WAIT><SPEAKER>「わしも そうじがすんだら ここを
出るよ そして 二度ともどって来ん
ゆめは おわったのだ・・・"
01	DE	0x01DE	0x024178	0x024179	41	322	76	1CC 014 0D8 01A 03D 029 001 084 023 012 01B 022 1C8 019 03D 024 12F 025 001 097 01F 028 015 027 079 1C5 1CC 10F 011 106 028 12B 084 015 001 02D 01B 017 084 029 1C8 093 084 022 032 001 0D3 03E 022 011 016 024 01A 039 1C8 02F 03D 024 001 096 011 084 01F 018 028 001 084 015 036 017 01F 084 01B 03F 035 1C0	"<SPEAKER>「お嬢さんは どうして
こんな所に 来たのかね?<WAIT><SPEAKER>「思い出の品が ほしくば
何でも 持っていきなされ
みんな 古いだけの がらくたじゃよ"
01	DF	0x01DF	0x0241A2	0x0241A3	22	173	42	1CC 05D 077 05D 077 05D 077 05D 077 078 1C8 03B 01F 01B 029 001 084 04A 062 01D 011 084 01B 03D 001 084 022 078 01C 1C5 1CC 019 039 001 010 084 018 02E 078 01C 07A 1C0	"<SPEAKER>「フォフォフォフォー
わたしは ゲムせいじん でーす<WAIT><SPEAKER>「これ あげまーす!"
01	E0	0x01E0	0x0241B9	0x0241BA	4	27	7	1CC 014 011 01B 011 035 1C0	<SPEAKER>「おいしいよ
01	E1	0x01E1	0x0241BE	0x0241BF	7	54	15	1CC 01E 039 029 001 020 041 03E 023 042 06B 084 01F 027 1C0	<SPEAKER>「それは ちょっとアレだね
01	E2	0x01E2	0x0241C6	0x0241C7	4	27	7	1CC 032 012 024 011 035 1C0	<SPEAKER>「もうないよ
01	E3	0x01E3	0x0241CB	0x0241CC	22	175	39	1D0 1A1 001 018 03D 019 012 028 01F 016 001 084 054 04E 068 06F 084 055 028 02F 024 023 1C8 1A3 001 069 084 05B 078 051 044 06F 001 084 05B 06C 06F 08C 1C0	"<CLEAR>
↖ けんこうのたき デスランドのみなと
↗ リバータウン バロン城"
01	E4	0x01E4	0x0241E2	0x0241E3	21	161	39	1CC 019 019 029 001 069 084 05B 078 051 044 06F 028 0C9 1C8 084 054 04E 068 06F 084 055 084 022 001 011 020 084 029 03D 1C8 0C9 036 01B 011 001 0C9 035 1C0	"<SPEAKER>「ここは リバータウンの町
デスランドで いちばん
町らしい 町よ"
01	E5	0x01E5	0x0241F8	0x0241F9	57	452	100	1CC 012 014 078 001 01A 011 016 03D 029 001 024 03D 084 01F 015 1C8 0D6 091 084 015 0CE 017 022 001 0AC 178 084 01F 084 01D 07A 1C8 0D7 084 015 001 01F 037 024 011 035 001 02E 03E 01F 017 07A 1C5 1CC 032 03E 023 032 001 02D 023 03D 084 023 001 0F1 015 036 097 01F 1C8 0C6 094 015 01D 084 016 023 015 001 0B7 0A7 01A 03D 023 015 1C8 01E 03D 024 0D1 0A1 084 029 03E 015 037 084 01F 018 084 023 024 1C0	"<SPEAKER>「うおー さいきんは なんだか
死人が多くて 大変だぜ!
墓が たりないよ まったく!<WAIT><SPEAKER>「もっとも ほとんど 外から来た
賞金かせぎとか 学昔さんとか
そんな連中ばっかりだけどな"
01	E6	0x01E6	0x024232	0x024233	17	130	30	1CC 02A 011 078 001 010 024 01F 078 001 024 03D 084 022 1C8 0D6 03D 084 01B 03F 03E 01F 028 035 078 001 012 012 012 1C0	"<SPEAKER>「ひいー あなたー なんで
死んじゃったのよー ううう"
01	E7	0x01E7	0x024244	0x024245	39	309	75	1CC 084 017 01C 03D 001 084 017 01C 03D 001 083 05B 083 05B 029 027 1C5 1CC 019 028 08A 025 001 095 084 015 011 03E 083 029 011 010 03E 022 1C8 023 037 02D 012 084 01F 011 084 01F 03E 022 001 011 03E 022 01F 028 025 1C8 084 01D 03D 084 01D 03D 001 01E 012 084 01B 03F 024 011 035 078 001 012 078 1C0	"<SPEAKER>「ぐすん ぐすん パパはね<WAIT><SPEAKER>「この島に 宝がいっぱいあって
とりほうだいだって いってたのに
ぜんぜん そうじゃないよー うー"
01	E8	0x01E8	0x02426C	0x02426D	26	206	49	1CC 019 023 01B 025 001 024 03E 022 015 036 001 016 040 012 025 1C8 08A 025 097 038 091 084 015 001 02B 013 01F 03D 084 01F 035 1C8 01D 03D 084 022 03D 084 022 032 001 01B 01F 028 015 024 010 1C0	"<SPEAKER>「ことしに なってから きゅうに
島に来る人が ふえたんだよ
せんでんでも したのかなあ"
01	E9	0x01E9	0x024287	0x024288	30	238	50	1CC 012 011 078 001 02A 03E 017 001 012 037 03F 037 03F 078 1C8 0B0 028 001 029 084 01B 029 001 015 016 01C 022 001 03E 022 015 07A 1C8 014 039 029 001 033 03E 01F 038 084 01E 078 001 012 011 078 1C0	"<SPEAKER>「ういー ひっく うりゃりゃー
旅の はじは かきすて ってか!
おれは やったるぞー ういー"
01	EA	0x01EA	0x0242A6	0x0242A7	24	191	44	1CC 014 03E 07A 001 0AF 091 0B0 028 001 014 0D8 0D9 023 029 1C8 031 084 01C 036 01B 011 07A 001 131 0F1 023 1C8 161 106 0C0 084 01F 03E 01F 037 01B 022 001 084 017 029 029 1C0	"<SPEAKER>「おっ! 一人旅の お嬢様とは
めずらしい! 意外と
家出娘だったりして ぐはは"
01	EB	0x01EB	0x0242BF	0x0242C0	13	100	25	1CC 010 03D 01F 032 001 09C 028 001 084 05B 06C 06F 08C 025 1C8 08D 017 021 032 037 015 011 079 1C0	"<SPEAKER>「あんたも 北の バロン城に
行くつもりかい?"
01	EC	0x01EC	0x0242CD	0x0242CE	49	387	84	1CC 084 018 013 013 03E 001 13A 099 015 027 079 1C8 010 01E 019 029 001 02E 01F 028 0CD 03C 001 015 036 017 037 08C 023 1C8 035 084 029 039 022 014 03E 022 024 1C5 1CC 011 021 001 0FA 084 015 0F6 03E 01F 015 029 1C8 0F7 0BF 084 01B 03F 084 015 001 03B 024 084 015 1C8 011 01F 038 023 019 03A 025 001 010 038 036 01B 011 084 01E 011 1C0	"<SPEAKER>「げええっ 本気かね?
あそこは またの名を からくり城と
よばれておってな<WAIT><SPEAKER>「いつ 誰が作ったかは
不明じゃが わなが
いたるところに あるらしいぞい"
01	ED	0x01ED	0x0242FF	0x024300	26	208	46	1CC 08D 015 03D 02D 012 084 015 001 013 013 035 001 010 01E 019 029 1C8 149 14A 099 16C 084 022 001 08D 017 023 1C8 02E 020 084 015 011 024 017 001 010 028 0A9 011 016 084 01B 03F 1C0	"<SPEAKER>「行かんほうが ええよ あそこは
観光気分で 行くと
まちがいなく あの世いきじゃ"
01	EE	0x01EE	0x02431A	0x02431B	36	281	57	1CC 020 015 084 019 03A 001 095 028 012 03B 01A 032 001 035 017 016 017 084 015 1C8 084 023 084 022 015 011 09E 018 08B 028 001 012 03B 01A 032 016 017 024 010 1C8 010 017 02E 084 022 001 012 03B 01A 084 01F 018 084 023 024 1C0	"<SPEAKER>「ちかごろ 宝のうわさも よくきくが
どでかい化け物の うわさもきくなあ
あくまで うわさだけどな"
01	EF	0x01EF	0x02433F	0x024340	63	502	120	1CC 014 039 029 001 090 022 028 12E 037 028 1C8 010 036 017 039 084 01F 018 084 023 001 014 021 030 028 084 022 016 029 1C8 01E 019 036 02C 03D 028 001 033 021 023 029 020 084 015 012 084 01D 1C5 1CC 014 039 01A 02E 028 001 118 02F 084 022 029 001 019 028 08A 025 029 1C8 023 03D 084 022 032 027 013 001 02A 02F 021 084 015 010 038 084 01D 07A 1C5 1CC 02E 03E 001 01E 039 084 015 001 014 095 015 001 09E 09D 015 1C8 024 03D 084 01F 015 029 001 03B 015 036 03D 018 084 023 035 1C0	"<SPEAKER>「おれは 見ての通りの
あらくれだけど おつむのできは
そこらへんの やつとはちがうぜ<WAIT><SPEAKER>「おれさまの 読みでは この島には
とんでもねえ ひみつがあるぜ!<WAIT><SPEAKER>「まっ それが お宝か 化石か
なんだかは わからんけどよ"
01	F0	0x01F0	0x02437F	0x024380	69	546	127	1CC 014 023 024 028 091 03E 022 001 02D 03D 023 001 035 017 084 029 037 07A 1C5 1CC 084 01F 03E 022 001 04C 084 04D 049 01A 03D 084 015 001 09E 09D 03C 1C8 0C8 090 01B 01F 023 01F 03D 001 02F 03D 024 001 016 040 012 025 1C8 095 01A 084 015 01B 03C 001 029 084 01B 031 038 03D 084 01F 032 03D 1C5 1CC 010 078 010 001 04C 084 04D 049 01A 03D 029 001 011 03E 01F 011 1C8 084 023 019 025 001 011 03E 020 03F 03E 01F 028 015 024 010 1C8 09B 016 022 011 039 084 029 001 011 011 018 084 023 001 084 017 01C 03E 1C0	"<SPEAKER>「おとなの人って ほんと よくばり!<WAIT><SPEAKER>「だって サジクさんが 化石を
発見したとたん みんな きゅうに
宝さがしを はじめるんだもん<WAIT><SPEAKER>「あーあ サジクさんは いったい
どこに いっちゃったのかなあ
生きていれば いいけど ぐすっ"
01	F1	0x01F1	0x0243C5	0x0243C6	8	60	17	1D0 06B 084 054 075 029 001 014 0D7 03C 001 01B 036 084 02C 01F 1C0	"<CLEAR>
レディは お墓を しらべた"
01	F2	0x01F2	0x0243CE	0x0243CF	19	146	33	1D0 02E 010 01F 036 01B 011 001 014 0D7 084 015 010 038 1C8 150 0CA 028 001 120 108 084 015 001 016 084 01A 02E 039 022 011 038 1C0	"<CLEAR>
まあたらしい お墓がある
今年の 日付が きざまれている"
01	F3	0x01F3	0x0243E2	0x0243E3	14	112	31	1D0 0FA 015 084 015 001 011 01E 011 084 022 001 01E 012 084 01B 03C 1C8 01B 022 011 03E 01F 035 012 084 01F 081 081 081 1C0	"<CLEAR>
誰かが いそいで そうじを
していったようだ・・・"
01	F4	0x01F4	0x0243F1	0x0243F2	75	598	134	1CC 019 028 0C9 032 001 013 036 011 01A 03B 084 016 084 01F 035 07A 1C5 1CC 09C 028 001 10B 10C 023 033 036 084 022 1C8 029 01F 036 015 01A 039 022 01F 001 113 091 084 015 1C8 014 014 084 01D 011 001 025 084 018 022 097 022 035 078 1C5 1CC 092 08F 028 001 084 029 018 032 03D 028 1C8 029 024 01B 03C 001 01B 01F 032 03D 084 01F 015 036 1C5 1CC 0C9 028 001 02F 03D 024 029 001 010 03B 022 022 1C8 02A 024 03D 01B 020 02E 03E 01F 035 07A 1C5 1CC 011 03E 01F 011 001 019 028 08A 029 1C8 084 023 012 024 03E 020 02E 012 03D 084 01F 079 1C0	"<SPEAKER>「この町も えらいさわぎだよ!<WAIT><SPEAKER>「北の 鉱山とやらで
はたらかされてた 囚人が
おおぜい にげて来てよー<WAIT><SPEAKER>「伝説の ばけもんの
はなしを したもんだから<WAIT><SPEAKER>「町の みんなは あわてて
ひなんしちまったよ!<WAIT><SPEAKER>「いったい この島は
どうなっちまうんだ?"
01	F5	0x01F5	0x02443D	0x02443E	69	547	121	1CC 017 03E 01E 078 001 09E 018 08B 028 033 021 1C8 0A9 103 0A1 028 001 138 011 033 021 03C 1C8 095 084 022 001 014 084 02A 016 035 01D 022 1C5 1CC 021 084 016 015 036 001 021 084 016 02C 023 1C8 015 03D 084 021 031 025 001 01B 022 011 01F 024 03D 022 1C8 012 078 030 081 081 081 081 081 1C5 1CC 09E 018 08B 025 001 01B 022 02F 039 084 029 1C8 011 03E 01D 016 001 025 020 041 012 084 01F 024 1C5 1CC 024 03D 023 011 012 001 03B 038 084 020 013 028 1C8 029 01F 036 017 033 021 07A 1C0	"<SPEAKER>「くっそー 化け物のやつ
世界中の 強いやつを
宝で おびきよせて<WAIT><SPEAKER>「つぎから つぎへと
かんづめに していたなんて
うーむ・・・・・<WAIT><SPEAKER>「化け物に してみれば
いっせき にちょうだな<WAIT><SPEAKER>「なんという わるぢえの
はたらくやつ!"
01	F6	0x01F6	0x024483	0x024484	19	151	36	1CC 113 091 084 023 032 028 001 029 024 01B 084 015 1C8 02D 03D 023 012 024 036 001 019 028 08A 029 1C8 032 012 001 014 03B 037 084 01F 024 1C0	"<SPEAKER>「囚人どもの はなしが
ほんとうなら この島は
もう おわりだな"
01	F7	0x01F7	0x024497	0x024498	33	260	57	1CC 014 03D 024 001 019 084 023 032 029 1C8 023 037 010 013 084 01C 001 02A 024 03D 01A 01D 01F 035 1C5 1CC 03B 01B 036 001 190 084 023 032 084 022 1C8 024 03D 023 015 001 019 028 08A 03C 1C8 02E 032 036 03D 023 011 015 03D 1C0	"<SPEAKER>「おんな こどもは
とりあえず ひなんさせたよ<WAIT><SPEAKER>「わしら 男どもで
なんとか この島を
まもらんといかん"
01	F8	0x01F8	0x0244B9	0x0244BA	52	416	92	1CC 084 02D 017 029 001 011 02E 02D 084 023 001 13B 13C 023 011 012 1C8 01B 084 019 023 03C 001 033 031 01F 011 023 1C8 014 032 03E 01F 019 023 029 001 024 011 084 022 01C 035 1C5 1CC 019 03D 024 001 02C 03D 083 02A 024 001 023 019 03A 084 022 1C8 084 029 015 084 022 015 011 001 064 06F 04E 051 078 010 011 022 025 1C8 01F 01F 015 012 024 03D 022 001 023 02D 02D 1C0	"<SPEAKER>「ぼくは いまほど 兵土という
しごとを やめたいと
おもったことは ないですよ<WAIT><SPEAKER>「こんな へんぴな ところで
ばかでかい モンスターあいてに
たたかうなんて とほほ"
01	F9	0x01F9	0x0244EE	0x0244EF	25	198	45	1CC 014 0D8 01A 03D 07A 001 047 049 054 06A 024 084 01E 1C8 011 015 084 015 015 024 001 014 01C 01C 031 029 1C8 084 054 04E 068 06F 084 055 083 05B 06F 052 084 022 01C 024 07A 1C0	"<SPEAKER>「お嬢さん! カクテルなぞ
いかがかな おすすめは
デスランドパンチですな!"
01	FA	0x01FA	0x024508	0x024509	54	432	97	1CC 014 012 001 014 012 001 014 012 001 014 039 029 035 078 07A 1C8 016 028 012 001 084 05B 06C 06F 08C 025 035 078 001 012 011 078 1C8 08D 03E 022 016 020 02E 03E 01F 028 035 078 001 012 011 078 1C5 1CC 01E 039 084 022 035 078 001 02A 03E 017 001 010 028 035 078 1C8 02A 03E 017 001 019 001 019 03B 017 022 035 078 1C8 025 084 018 022 016 020 02E 03E 01F 028 035 078 001 012 011 078 1C0	"<SPEAKER>「おう おう おう おれはよー!
きのう バロン城によー ういー
行ってきちまったのよー ういー<WAIT><SPEAKER>「それでよー ひっく あのよー
ひっく こ こわくてよー
にげてきちまったのよー ういー"
01	FB	0x01FB	0x02453F	0x024540	30	233	52	1CC 084 01F 029 029 029 029 029 029 001 018 03E 01A 017 084 01F 084 01D 07A 1C8 025 084 018 015 013 03E 022 097 01F 084 01F 023 001 084 015 029 029 1C8 019 028 190 001 019 01B 026 018 084 01F 084 01D 07A 1C0	"<SPEAKER>「だはははははは けっさくだぜ!
にげかえって来ただと がはは
この男 こしぬけだぜ!"
01	FC	0x01FC	0x02455E	0x02455F	45	358	87	1CC 020 041 03E 023 0C3 02E 084 022 029 001 011 03B 034 038 1C8 0DB 096 0B7 0A7 017 036 011 01B 015 001 019 028 08A 025 1C8 033 03E 022 097 03D 015 03E 01F 084 01B 03F 1C5 1CC 084 01B 03F 084 015 001 09E 09D 084 015 001 02F 021 015 03E 022 011 036 011 1C8 03B 018 028 03B 015 036 03D 0D1 0A1 084 015 1C8 084 016 041 012 01A 03D 001 097 035 038 1C0	"<SPEAKER>「ちょっと前までは いわゆる
考古学昔くらいしか この島に
やって来んかったじゃ<WAIT><SPEAKER>「じゃが 化石が みつかっていらい
わけのわからん連中が
ぎょうさん 来よる"
01	FD	0x01FD	0x02458C	0x02458D	24	190	43	1CC 014 02D 02D 02D 001 08A 025 001 149 14A 0FD 084 015 1C8 02B 013 022 001 019 028 129 028 001 012 037 010 084 018 032 1C8 084 029 011 084 01E 012 01B 02E 01B 01F 03B 1C0	"<SPEAKER>「おほほほ 島に 観光客が
ふえて この店の うりあげも
ばいぞうしましたわ"
01	FE	0x01FE	0x0245A5	0x0245A6	105	834	203	1CC 084 023 019 015 025 001 04B 06B 049 051 023 015 011 012 1C8 033 021 084 015 011 022 001 02A 015 038 084 05C 078 084 051 060 03C 1C8 1AC 031 022 011 038 01E 012 024 03D 084 01F 1C5 1CC 04B 06B 049 051 025 001 084 05C 078 084 051 060 03C 033 038 023 1C8 014 039 011 025 001 01C 03D 084 029 036 01B 011 1C8 083 05D 06B 084 04F 06F 055 03C 001 017 039 038 03D 084 01F 01E 012 084 01F 1C5 1CC 02A 015 038 084 05C 078 084 051 060 03C 001 090 021 018 01F 036 1C8 084 01B 03F 02E 025 024 038 035 012 024 036 001 0C7 124 023 01B 022 1C8 123 012 023 011 011 035 1C5 1CC 01C 038 023 001 084 05C 078 084 051 060 029 001 023 03D 084 022 011 03E 022 1C8 04B 06B 049 051 028 023 019 03A 084 022 001 111 015 03E 022 032 036 013 038 1C8 01E 012 011 012 001 02B 01B 084 016 024 001 084 05C 078 084 051 060 024 03D 084 01F 1C0	"<SPEAKER>「どこかに コレクタとかいう
やつがいて ひかるビーダマを
集めているそうなんだ<WAIT><SPEAKER>「コレクタに ビーダマをやると
おれいに すんばらしい
プレゼントを くれるんだそうだ<WAIT><SPEAKER>「ひかるビーダマを 見つけたら
じゃまになるようなら 道具として
使うといいよ<WAIT><SPEAKER>「すると ビーダマは とんでいって
コレクタのところで 預かってもらえる
そういう ふしぎな ビーダマなんだ"
01	FF	0x01FF	0x02460F	0x024610	66	521	118	1CC 011 033 029 033 001 032 012 001 019 028 08A 029 1C8 019 037 021 084 01B 041 012 01F 011 001 084 022 01C 035 1C5 1CC 19B 029 001 021 016 025 001 0AF 13E 01B 015 1C8 019 024 011 01B 001 01F 01C 018 022 017 039 01E 012 024 1C8 012 084 022 03E 083 02B 01B 028 001 138 011 091 029 1C5 1CC 02F 03D 024 001 01C 084 022 025 001 015 03D 084 021 031 025 1C8 01A 039 020 03F 03E 01F 001 02F 01F 011 084 01F 01B 1C8 014 022 010 084 018 03E 022 001 033 021 084 022 01C 015 011 1C0	"<SPEAKER>「いやはや もう この島は
こりつじょうたい ですよ<WAIT><SPEAKER>「船は つきに 一度しか
こないし たすけてくれそうな
うでっぷしの 強い人は<WAIT><SPEAKER>「みんな すでに かんづめに
されちゃった みたいだし
おてあげって やつですかい"
02	00	0x0200	0x024652	0x024653	28	221	55	1CC 03B 01B 029 001 019 028 08A 084 022 1C8 09B 02E 039 001 01E 084 01F 03E 01F 03D 084 01B 03F 1C5 1CC 084 01F 015 036 001 093 084 015 001 014 016 035 012 023 032 1C8 019 028 08A 03C 001 029 024 039 03D 084 01E 011 1C0	"<SPEAKER>「わしは この島で
生まれ そだったんじゃ<WAIT><SPEAKER>「だから 何が おきようとも
この島を はなれんぞい"
02	01	0x0201	0x02466F	0x024670	66	526	127	1CC 025 084 018 022 097 01F 001 113 091 084 015 1C8 084 054 04E 084 05E 084 047 04E 084 022 001 04B 06B 049 051 025 1C8 11E 03E 01F 03E 022 011 012 03D 084 01F 1C5 1CC 010 039 015 036 001 014 039 032 01A 084 015 01B 022 1C8 0AF 04B 001 02F 021 018 01F 018 084 023 001 010 03D 024 023 019 1C8 09B 016 022 001 01F 084 023 037 021 018 024 011 033 1C5 1CC 035 015 03E 01F 036 001 010 03D 01F 01F 020 001 019 028 084 05C 078 084 051 060 1C8 003 002 002 045 06F 084 055 06A 084 022 001 015 03B 024 011 015 079 1C0	"<SPEAKER>「にげて来た 囚人が
デスベガスで コレクタに
会ったっていうんだ<WAIT><SPEAKER>「あれから おれもさがして
一コ みつけたけど あんなとこ
生きて たどりつけないや<WAIT><SPEAKER>「よかったら あんたたち このビーダマ
100エンドルで かわないか?"
02	02	0x0202	0x0246B2	0x0246B3	23	178	41	1CC 04B 06B 049 051 025 001 010 014 012 023 1C8 019 028 08A 084 022 001 027 084 029 03E 022 01F 018 084 023 1C8 019 039 084 022 001 01D 011 01D 011 01B 01F 035 1C0	"<SPEAKER>「コレクタに あおうと
この島で ねばってたけど
これで せいせいしたよ"
02	03	0x0203	0x0246CA	0x0246CB	5	33	8	1CC 013 001 01E 012 015 011 1C0	<SPEAKER>「え そうかい
02	04	0x0204	0x0246D0	0x0246D1	15	117	29	1CC 024 03D 084 01F 001 014 094 084 015 001 024 011 028 015 011 1C8 02E 010 011 011 033 001 0D3 03E 022 018 07A 1C0	"<SPEAKER>「なんだ お金が ないのかい
まあいいや 持ってけ!"
02	05	0x0205	0x0246E0	0x0246E1	16	122	30	1CC 014 03E 023 001 01E 039 084 01B 03F 1C8 025 032 021 03C 001 01D 011 037 01B 022 1C8 02E 01F 097 022 017 039 035 1C0	"<SPEAKER>「おっと それじゃ
にもつを せいりして
また来てくれよ"
02	06	0x0206	0x0246F1	0x0246F2	29	226	55	1CC 084 018 078 001 019 028 08A 025 001 02F 039 03D 029 1C8 024 017 024 03E 01F 018 084 023 001 035 017 015 03D 084 015 013 01F 036 1C8 19B 084 015 024 011 015 036 001 025 084 018 036 039 024 011 084 01B 03F 03D 07A 1C0	"<SPEAKER>「げー この島に みれんは
なくなったけど よくかんがえたら
船がないから にげられないじゃん!"
02	07	0x0207	0x02470F	0x024710	16	121	32	1CC 014 039 029 001 0AD 0AE 0B3 028 084 05F 084 05D 084 01F 1C8 007 002 00F 084 022 001 08A 028 0AD 0AE 03C 0A2 038 084 01D 1C0	"<SPEAKER>「おれは 情報屋のボブだ
50Yで 島の情報を売るぜ"
02	08	0x0208	0x024720	0x024721	124	992	226	1CC 035 017 001 016 016 024 001 027 078 020 03F 03D 07A 1C5 1CC 019 028 08A 029 024 001 09C 0BE 029 03D 084 02B 03D 0F4 128 084 015 1C8 084 01D 03E 083 02C 016 023 001 17D 162 025 001 014 014 03B 039 022 011 022 1C8 084 023 012 024 03E 022 038 015 001 0FE 03D 027 013 03D 084 01F 07A 1C5 1CC 0FE 03D 027 013 032 03D 084 01F 015 036 001 011 03A 011 03A 023 1C8 033 039 096 09F 028 095 084 01F 001 094 0EC 001 095 09D 084 01F 028 1C8 012 03B 01A 084 015 001 01F 021 03E 022 03B 018 035 07A 1C5 1CC 02E 001 014 015 084 018 084 022 001 014 039 02F 022 013 024 1C8 0AD 0AE 0B3 084 015 001 109 0A2 023 01B 022 001 024 037 01F 021 03E 022 1C8 03B 018 084 01F 024 07A 001 014 03E 023 001 0A0 084 015 01E 039 01F 024 1C5 1CC 023 025 015 017 084 01F 07A 001 08A 028 001 09C 0BE 025 1C8 08D 015 024 016 03F 001 012 03B 01A 084 015 001 02D 03D 023 015 1C8 084 023 012 015 001 03B 015 036 03D 03E 022 03B 018 035 1C0	"<SPEAKER>「よく ききな ねーちゃん!<WAIT><SPEAKER>「この島はな 北側はんぶん以上が
ぜっぺきと 樹海に おおわれていて
どうなってるか 解んねえんだ!<WAIT><SPEAKER>「解んねえもんだから いろいろと
やれ古代の宝だ 金銀 宝石だの
うわさが たつってわけよ!<WAIT><SPEAKER>「ま おかげで おれみてえな
情報屋が 商売として なりたつって
わけだな! おっと 話がそれたな<WAIT><SPEAKER>「とにかくだ! 島の 北側に
行かなきゃ うわさが ほんとか
どうか わからんってわけよ"
02	09	0x0209	0x02479D	0x02479E	189	1510	363	1CC 084 01F 084 015 024 001 084 02C 03E 083 02A 03D 01A 03D 035 07A 1C8 084 023 03E 015 036 001 08D 018 084 029 001 011 011 028 015 079 1C8 019 039 084 015 001 02E 01F 001 033 03E 015 011 024 03D 084 01F 1C5 1CC 019 019 015 036 001 01A 036 025 001 09C 025 08D 017 023 1C8 084 05B 06C 06F 08C 03E 022 011 012 001 08C 084 015 010 038 03D 084 01F 1C8 023 019 03A 084 015 001 019 019 084 015 001 017 01D 032 028 024 03D 084 01F 024 1C5 1CC 096 011 001 098 08B 025 035 038 023 084 01F 024 1C8 084 05B 06C 06F 08C 015 036 001 08A 028 09C 0BE 025 026 018 038 1C8 029 084 01C 024 03D 084 01F 084 015 001 023 019 03A 084 015 084 023 03E 019 011 1C5 1CC 08C 028 0A1 029 001 084 01B 084 019 017 028 035 012 024 001 03B 024 033 1C8 18F 195 018 084 015 001 033 02E 028 035 012 025 001 010 038 03D 084 01F 024 1C8 014 02E 018 025 001 064 06F 04E 051 078 032 001 012 035 012 035 07A 1C5 1CC 02E 011 025 020 001 011 03A 03D 024 001 033 021 036 084 015 1C8 084 022 015 018 022 08D 017 018 084 023 001 02D 023 03D 084 023 084 015 1C8 019 01B 026 015 01B 022 001 015 013 03E 022 017 038 015 081 081 081 1C5 1CC 023 020 040 012 084 022 001 010 028 0A9 02C 08D 017 015 1C8 084 023 03E 020 015 084 01F 024 001 014 015 084 018 084 022 001 0D7 09D 0B3 02E 084 022 1C8 029 03D 084 01B 041 012 001 01B 022 038 03E 022 001 0A0 084 01F 084 01D 07A 1C5 1CC 084 023 012 084 01F 011 001 084 02C 03E 083 02A 03D 01A 03D 035 07A 1C8 032 012 011 020 084 023 001 0A0 01E 012 015 079 1C0	"<SPEAKER>「だがな べっぴんさんよ!
どっから 行けば いいのか?
これが また やっかいなんだ<WAIT><SPEAKER>「ここから さらに 北に行くと
バロン城っていう 城があるんだ
ところが ここが くせものなんだな<WAIT><SPEAKER>「古い 書物によるとだな
バロン城から 島の北側にぬける
はずなんだが ところがどっこい<WAIT><SPEAKER>「城の中は じごくのような わなや
仕掛けが やまのように あるんだな
おまけに モンスターも うようよ!<WAIT><SPEAKER>「まいにち いろんな やつらが
でかけて行くけど ほとんどが
こしぬかして かえってくるか・・・<WAIT><SPEAKER>「とちゅうで あの世へ行くか
どっちかだな おかげで 墓石屋まで
はんじょう してるって 話だぜ!<WAIT><SPEAKER>「どうだい べっぴんさんよ!
もういちど 話そうか?"
02	0A	0x020A	0x02485B	0x02485C	19	146	31	1CC 035 01B 001 084 01B 03F 001 014 020 015 084 021 016 028 01B 038 01B 025 1C8 011 011 032 028 03C 001 033 03A 012 07A 1C0	"<SPEAKER>「よし じゃ おちかづきのしるしに
いいものを やろう!"
02	0B	0x020B	0x02486F	0x024870	27	212	51	1CC 02E 001 0D7 029 001 0FF 022 022 033 038 084 01D 07A 1C8 0AD 0AE 101 025 001 019 02F 025 001 01B 022 033 038 035 07A 1C8 084 02C 03E 083 02A 03D 01A 03D 084 01F 015 036 024 001 084 017 029 029 07A 1C0	"<SPEAKER>「ま 墓は 立ててやるぜ!
情報料に こみに してやるよ!
べっぴんさんだからな ぐはは!"
02	0C	0x020C	0x02488B	0x02488C	9	68	17	1CC 035 012 028 001 024 011 033 021 029 001 13D 03E 022 017 039 1C0	<SPEAKER>「ようの ないやつは 帰ってくれ
02	0D	0x020D	0x024895	0x024896	19	146	34	1CC 024 03D 084 022 013 07A 001 094 084 015 001 01F 037 027 078 084 01E 07A 1C8 024 031 03D 024 035 07A 001 027 078 020 03F 03D 07A 1C0	"<SPEAKER>「なんでえ! 金が たりねーぞ!
なめんなよ! ねーちゃん!"
02	0E	0x020E	0x0248A9	0x0248AA	35	280	61	1CC 084 023 03D 024 08C 084 01F 03A 012 084 015 001 015 03D 018 011 027 013 07A 1C8 019 018 021 025 001 08E 036 084 01C 03D 084 029 001 019 084 01B 03C 001 013 084 01C 1C8 014 078 01B 07A 001 033 03E 01F 038 084 01D 011 001 014 078 01B 07A 1C0	"<SPEAKER>「どんな城だろうが かんけいねえ!
こけつに 入らずんば こじを えず
おーし! やったるぜい おーし!"
02	0F	0x020F	0x0248CD	0x0248CE	57	453	108	1CC 032 012 001 010 03D 01F 036 01B 015 011 027 013 07A 1C5 1CC 012 084 022 03E 083 02B 01B 028 001 138 011 033 021 029 1C8 02F 03D 024 001 0D7 0A5 015 001 015 03D 084 021 031 028 0A1 025 1C8 029 011 03E 020 02E 03E 01F 035 07A 1C5 1CC 019 028 08A 03C 001 09E 018 08B 015 036 1C8 023 037 032 084 023 01C 001 01F 031 024 036 001 019 028 084 05F 084 05D 1C8 0EE 084 015 018 084 022 001 0AD 0AE 03C 001 010 021 031 038 084 01D 07A 1C0	"<SPEAKER>「もう あんたらしかいねえ!<WAIT><SPEAKER>「うでっぷしの 強いやつは
みんな 墓場か かんづめの中に
はいっちまったよ!<WAIT><SPEAKER>「この島を 化け物から
とりもどす ためなら このボブ
命がけで 情報を あつめるぜ!"
02	10	0x0210	0x024907	0x024908	49	391	98	1CC 01E 012 011 013 084 029 001 113 091 03C 001 01B 016 03E 022 011 01F 1C8 05E 084 05D 069 03E 022 001 084 01B 011 01A 03D 084 015 1C8 084 01B 021 029 001 064 06F 04E 051 078 084 01F 03E 01F 036 01B 011 084 01D 1C5 1CC 084 054 04E 084 05E 084 047 04E 029 001 014 014 01A 03B 084 016 084 01F 035 1C8 010 03D 01F 032 001 08D 03E 022 02F 039 084 029 1C8 084 023 012 084 022 01C 015 011 079 1C0	"<SPEAKER>「そういえば 囚人を しきっていた
ヘブリって じいさんが
じつは モンスターだったらしいぜ<WAIT><SPEAKER>「デスベガスは おおさわぎだよ
あんたも 行ってみれば
どうですかい?"
02	11	0x0211	0x024939	0x02493A	22	174	43	1CC 01E 028 001 02E 032 028 045 048 04E 03C 001 123 013 084 029 1C8 064 06F 04E 051 078 028 001 015 017 039 084 015 025 032 1C8 14D 08E 084 022 016 038 015 032 024 07A 1C0	"<SPEAKER>「その まものエキスを 使えば
モンスターの かくれがにも
寝入できるかもな!"
02	12	0x0212	0x024950	0x024951	22	174	43	1CC 019 03D 084 019 032 001 0EE 084 015 018 084 022 1C8 0AD 0AE 03C 001 010 021 031 038 015 036 1C8 010 03D 01F 032 001 084 015 03D 084 029 03E 022 017 039 035 024 07A 1C0	"<SPEAKER>「こんごも 命がけで
情報を あつめるから
あんたも がんばってくれよな!"
02	13	0x0213	0x024967	0x024968	9	71	19	1CC 084 022 029 001 019 039 03C 001 012 018 023 03E 022 017 039 035 07A 1C0	<SPEAKER>「では これを うけとってくれよ!
02	14	0x0214	0x024971	0x024972	18	144	36	1CC 01E 039 084 01B 03F 001 014 039 084 015 1C8 0C2 0C4 01A 01D 022 033 038 084 01D 1C8 030 02A 001 030 02A 001 030 02A 02A 02A 081 081 081 1C0	"<SPEAKER>「それじゃ おれが
装備させてやるぜ
むひ むひ むひひひ・・・"
02	15	0x0215	0x024984	0x024985	12	89	22	1CC 014 03E 023 001 084 01B 03F 010 1C8 019 028 021 084 016 025 001 01B 035 012 015 1C0	"<SPEAKER>「おっと じゃあ
このつぎに しようか"
02	16	0x0216	0x024991	0x024992	39	308	77	1CC 084 05B 06C 06F 08C 029 001 028 03A 03B 039 01F 08C 081 081 081 1C8 0B5 09A 028 001 01C 02F 015 023 011 03B 039 022 011 02E 01C 1C5 1CC 016 03E 023 001 048 06F 084 049 084 05B 06C 06F 028 1C8 084 02D 012 039 011 084 015 001 033 084 023 03E 022 011 038 025 1C8 020 084 015 011 024 011 084 022 01C 03B 1C0	"<SPEAKER>「バロン城は のろわれた城・・・
悪魔の すみかといわれています<WAIT><SPEAKER>「きっと キングバロンの
ぼうれいが やどっているに
ちがいないですわ"
02	17	0x0217	0x0249B9	0x0249BA	9	68	19	1CC 0AD 0AE 0B3 028 001 084 05F 084 05D 025 029 001 11E 03E 01F 015 079 1C0	<SPEAKER>「情報屋の ボブには 会ったか?
02	18	0x0218	0x0249C3	0x0249C4	21	168	41	1CC 01E 012 015 001 02E 010 001 014 01F 084 015 011 1C8 084 015 03D 084 029 03A 012 001 02E 084 01F 001 0EE 029 1C8 014 023 01B 01F 017 001 024 011 015 036 024 1C0	"<SPEAKER>「そうか まあ おたがい
がんばろう まだ 命は
おとしたく ないからな"
02	19	0x0219	0x0249D9	0x0249DA	31	245	51	1CC 014 039 01F 020 02F 01F 011 024 001 0C6 094 015 01D 084 016 025 1C8 011 03A 03D 024 001 0AD 0AE 03C 001 0A2 03E 022 011 038 190 01A 1C8 018 03E 019 012 001 15E 025 01F 021 001 036 01B 011 084 01D 1C0	"<SPEAKER>「おれたちみたいな 賞金かせぎに
いろんな 情報を 売っている男さ
けっこう 役にたつ らしいぜ"
02	1A	0x021A	0x0249F9	0x0249FA	77	613	139	1CC 010 03D 01F 1C8 044 075 070 083 05D 023 084 05D 078 053 028 1C8 189 021 028 0CB 12A 028 001 020 084 015 011 084 015 03B 015 038 079 1C5 1CC 044 075 070 083 05D 029 001 02A 03A 011 0E3 010 011 084 022 1C8 019 012 084 018 016 084 022 016 038 001 0CB 12A 024 028 035 1C5 1CC 084 022 032 001 084 05D 078 053 028 0B9 084 015 1C8 019 012 084 018 016 107 029 001 105 011 028 035 027 078 1C5 1CC 010 011 025 017 001 044 075 070 083 05D 023 084 05D 078 053 029 1C8 084 023 012 084 01B 025 001 0C2 0C4 084 022 016 024 011 028 035 1C8 099 03C 021 018 022 027 1C0	"<SPEAKER>「あんた
ウィップとブーツの
二つの武器の ちがいがわかる?<WAIT><SPEAKER>「ウィップは ひろい間あいで
こうげきできる 武器なのよ<WAIT><SPEAKER>「でも ブーツの方が
こうげき力は 高いのよねー<WAIT><SPEAKER>「あいにく ウィップとブーツは
どうじに 装備できないのよ
気をつけてね"
02	1B	0x021B	0x024A47	0x024A48	15	117	30	1CC 084 05B 06C 06F 08C 029 001 019 028 0C9 015 036 1C8 01C 019 01B 001 09C 025 08D 03E 01F 023 019 03A 084 01F 035 1C0	"<SPEAKER>「バロン城は この町から
すこし 北に行ったところだよ"
02	1C	0x021C	0x024A57	0x024A58	34	267	61	1CC 029 078 081 081 081 081 1C8 010 001 084 019 031 03D 024 01A 011 1C5 1CC 010 02E 03E 01F 001 025 032 021 033 1C8 035 084 02B 03D 024 001 014 094 029 001 063 084 049 028 01E 012 019 025 1C8 014 02E 015 01D 017 084 01F 01A 011 081 081 081 1C0	"<SPEAKER>「はー・・・・
あ ごめんなさい<WAIT><SPEAKER>「あまった にもつや
よぶんな お金は メグのそうこに
おまかせください・・・"
02	1D	0x021D	0x024A7A	0x024A7B	30	236	59	1CC 019 012 01B 022 001 129 084 029 03D 03C 001 01B 022 038 0B9 084 015 1C8 02B 03E 023 001 12C 091 084 015 001 13D 03E 022 017 038 099 084 015 01B 022 1C8 024 03D 084 01F 015 001 099 084 015 001 02E 084 016 039 038 03D 084 022 01C 1C0	"<SPEAKER>「こうして 店ばんを してる方が
ふっと 主人が 帰ってくる気がして
なんだか 気が まぎれるんです"
02	1E	0x021E	0x024A99	0x024A9A	52	409	92	1CC 12C 091 029 001 016 03E 023 001 09B 016 022 011 02E 01C 03B 1C8 04C 084 04D 049 084 015 001 019 028 161 025 001 032 084 023 038 02E 084 022 1C8 03B 01F 01B 001 01B 03E 015 037 01B 024 016 03F 07A 1C5 1CC 010 02E 03E 01F 001 025 032 021 033 1C8 035 084 02B 03D 024 001 014 094 029 1C8 063 084 049 028 01E 012 019 025 001 014 02E 015 01D 017 084 01F 01A 011 07A 1C0	"<SPEAKER>「主人は きっと 生きていますわ
サジクが この家に もどるまで
わたし しっかりしなきゃ!<WAIT><SPEAKER>「あまった にもつや
よぶんな お金は
メグのそうこに おまかせください!"
02	1F	0x021F	0x024ACE	0x024ACF	39	305	78	1CC 063 084 049 01A 03D 029 001 0DB 096 0B7 0A7 028 1C8 04C 084 04D 049 01A 03D 028 001 0ED 01A 03D 084 022 024 1C5 1CC 015 03B 011 01E 012 025 001 084 01F 03D 024 01A 03D 084 015 1C8 08D 0B9 0F7 0BF 025 001 024 03E 022 015 036 1C8 020 041 03E 023 001 084 02D 078 03E 023 001 01B 023 038 03D 084 01B 03F 035 1C0	"<SPEAKER>「メグさんは 考古学昔の
サジクさんの 奥さんでな<WAIT><SPEAKER>「かわいそうに だんなさんが
行方不明に なってから
ちょっと ぼーっと しとるんじゃよ"
02	20	0x0220	0x024AF6	0x024AF7	27	209	47	1CC 04C 084 04D 049 01A 03D 032 001 011 011 015 084 018 03D 1C8 019 02E 03E 01F 091 084 01B 03F 024 07A 001 0ED 01A 03D 03C 1C8 019 03D 024 025 001 01B 03D 083 029 011 01A 01D 022 07A 1C0	"<SPEAKER>「サジクさんも いいかげん
こまった人じゃな! 奥さんを
こんなに しんぱいさせて!"
02	21	0x0221	0x024B12	0x024B13	28	217	51	1CC 063 084 049 01A 03D 023 001 04C 084 04D 049 01A 03D 029 1C8 003 15F 025 001 011 02E 01C 035 07A 001 063 084 049 01A 03D 032 1C8 01C 03E 015 037 001 084 018 03D 016 025 001 024 037 02E 01B 022 024 1C0	"<SPEAKER>「メグさんと サジクさんは
1階に いますよ! メグさんも
すっかり げんきに なりましてな"
02	22	0x0222	0x024B2F	0x024B30	73	578	145	1CC 06B 084 054 075 01A 03D 07A 001 014 039 029 1C8 0AD 0AE 0B3 028 001 084 05F 084 05D 028 001 030 01C 019 084 022 01C 1C5 1CC 019 019 084 022 001 011 036 024 017 024 03E 01F 1C8 025 032 021 03C 001 111 037 02E 01C 035 07A 1C5 1CC 01E 039 025 001 019 028 0B8 028 001 05D 06C 042 025 032 1C8 151 124 028 001 096 011 001 01E 012 019 084 015 1C8 010 038 03D 084 022 01C 07A 1C5 1CC 011 02E 001 012 020 028 001 084 01B 011 01A 03D 084 015 1C8 01D 011 037 01B 022 02E 01C 015 036 001 011 011 032 028 084 015 1C8 084 022 022 016 01F 036 001 033 01C 017 001 0A2 037 02E 01C 035 07A 1C0	"<SPEAKER>「レディさん! おれは
情報屋の ボブの むすこです<WAIT><SPEAKER>「ここで いらなくなった
にもつを 預りますよ!<WAIT><SPEAKER>「それに この下の フロアにも
防具の 古い そうこが
あるんです!<WAIT><SPEAKER>「いま うちの じいさんが
せいりしてますから いいものが
でてきたら やすく 売りますよ!"
02	23	0x0223	0x024B79	0x024B7A	23	184	41	1CC 010 02E 03E 01F 001 025 032 021 033 1C8 035 084 02B 03D 024 001 014 094 029 1C8 063 084 049 028 01E 012 019 025 001 014 02E 015 01D 017 084 01F 01A 011 07A 1C0	"<SPEAKER>「あまった にもつや
よぶんな お金は
メグのそうこに おまかせください!"
02	24	0x0224	0x024B91	0x024B92	63	502	128	1CC 014 01E 036 017 001 154 028 0A1 025 1C8 084 05B 06C 06F 06C 070 049 02C 001 03B 01F 038 0B9 157 028 1C8 02A 02F 021 084 015 001 010 038 025 001 020 084 015 011 010 037 02E 01D 03D 1C5 1CC 024 03D 023 01B 022 032 001 096 09F 028 0C2 19F 028 1C8 18B 0B4 084 01F 018 029 001 017 011 023 031 024 011 023 081 081 081 1C5 1CC 014 014 001 01E 012 084 01F 001 06B 084 054 075 01A 03D 07A 1C8 019 028 0D5 160 029 001 014 03B 01F 01B 01B 02E 01C 1C8 01C 019 01B 029 001 014 15E 025 001 01F 021 084 022 01B 041 012 1C0	"<SPEAKER>「おそらく 塔の中に
バロンロックへ わたる方法の
ひみつが あるに ちがいありません<WAIT><SPEAKER>「なんとしても 古代の装置の
復活だけは くいとめないと・・・<WAIT><SPEAKER>「おお そうだ レディさん!
この地図は おわたしします
すこしは お役に たつでしょう"
02	25	0x0225	0x024BD1	0x024BD2	17	129	32	1CC 019 028 0D5 160 03C 001 014 03B 01F 01B 01B 02E 01C 1C8 01C 019 01B 029 001 014 15E 025 001 01F 021 084 022 01B 041 012 1C0	"<SPEAKER>「この地図を おわたしします
すこしは お役に たつでしょう"
02	26	0x0226	0x024BE3	0x024BE4	14	112	30	1CC 06B 084 054 075 01A 03D 07A 001 024 03D 023 015 1C8 019 028 08A 03C 001 01C 017 03E 022 017 084 01F 01A 011 07A 1C0	"<SPEAKER>「レディさん! なんとか
この島を すくってください!"
02	27	0x0227	0x024BF2	0x024BF3	21	168	41	1CC 014 03E 023 07A 001 084 022 029 001 011 084 01C 039 1C8 014 025 032 021 084 015 001 010 011 022 011 038 023 016 025 1C8 014 03B 01F 01B 01B 02E 01B 041 012 1C0	"<SPEAKER>「おっと! では いずれ
おにもつが あいているときに
おわたししましょう"
02	28	0x0228	0x024C08	0x024C09	24	186	48	1CC 014 01E 036 017 001 154 028 0A1 025 1C8 084 05B 06C 06F 06C 070 049 02C 001 03B 01F 038 0B9 157 028 1C8 02A 02F 021 084 015 001 015 017 01A 039 022 011 038 029 084 01C 084 022 01C 07A 1C0	"<SPEAKER>「おそらく 塔の中に
バロンロックへ わたる方法の
ひみつが かくされているはずです!"
02	29	0x0229	0x024C21	0x024C22	57	449	111	1CC 024 03D 023 07A 001 084 05B 06C 06F 06C 070 049 02C 1C8 03B 01F 03E 01F 079 001 01E 039 029 01C 084 019 011 07A 1C5 1CC 012 012 078 001 03B 01F 01B 032 08D 016 01F 011 07A 1C8 0DB 096 0B7 0A7 028 001 020 084 015 001 01A 03B 084 017 012 078 07A 1C8 084 01F 084 015 001 01E 03D 024 12F 02C 001 08D 03E 01F 036 001 030 030 1C5 1CC 019 03D 084 023 029 001 019 014 037 084 021 031 084 022 029 1C8 01C 02E 024 011 084 01F 03A 012 081 081 081 1C0	"<SPEAKER>「なんと! バロンロックへ
わたった? それはすごい!<WAIT><SPEAKER>「ううー わたしも行きたい!
考古学昔の ちが さわぐうー!
だが そんな所へ 行ったら むむ<WAIT><SPEAKER>「こんどは こおりづめでは
すまないだろう・・・"
02	2A	0x022A	0x024C5B	0x024C5C	74	591	145	1CC 096 011 001 084 02B 03D 018 03D 025 001 035 038 023 1C8 048 06F 084 049 084 05B 06C 06F 029 001 015 084 01C 014 014 017 028 1C8 01B 015 018 03C 001 0F6 03E 01F 023 001 010 037 02E 01C 1C5 1CC 099 03C 021 018 022 017 084 01F 01A 011 035 1C8 06B 084 054 075 01A 03D 07A 001 03B 01F 01B 028 001 035 02F 084 022 029 1C8 084 05B 06C 06F 06C 070 049 029 001 01B 015 018 084 01F 036 018 084 022 01C 1C5 1CC 014 01E 036 017 001 0E2 16C 028 001 01C 02F 015 028 1C8 177 0C3 025 001 01B 015 018 084 01F 036 018 028 001 1B6 1AD 03C 1C8 0F6 03E 022 011 038 029 084 01C 084 022 01C 07A 1C0	"<SPEAKER>「古い ぶんけんに よると
キングバロンは かずおおくの
しかけを 作ったと あります<WAIT><SPEAKER>「気をつけてくださいよ
レディさん! わたしの よみでは
バロンロックは しかけだらけです<WAIT><SPEAKER>「おそらく 自分の すみかの
手前に しかけだらけの 迷宮を
作っているはずです!"
02	2B	0x022B	0x024CA6	0x024CA7	39	305	78	1CC 084 04D 076 043 084 05C 078 023 015 011 012 001 09A 08B 032 1C8 01E 028 001 01B 015 018 025 001 022 019 084 01C 038 084 022 01B 041 012 1C5 1CC 01E 028 01C 016 025 001 024 03D 023 015 1C8 096 09F 028 0C2 19F 03C 001 029 015 011 084 022 016 039 084 029 1C8 011 011 028 084 022 01C 084 015 081 081 081 081 1C0	"<SPEAKER>「ジェイビーとかいう 魔物も
その しかけに てこずるでしょう<WAIT><SPEAKER>「そのすきに なんとか
古代の装置を はかいできれば
いいのですが・・・・"
02	2C	0x022C	0x024CCE	0x024CCF	20	160	40	1CC 012 013 078 07A 001 096 09F 028 0C2 19F 084 015 1C8 18B 0B4 01B 022 01B 02E 03E 01F 078 079 1C8 012 02A 03F 078 07A 001 012 078 03D 081 081 081 081 081 1C0	"<SPEAKER>「うえー! 古代の装置が
復活してしまったー?
うひゃー! うーん・・・・・"
02	2D	0x022D	0x024CE3	0x024CE4	10	79	20	1D0 04C 084 04D 049 029 001 016 084 01D 021 001 01B 022 01B 02E 03E 01F 07A 1C0	"<CLEAR>
サジクは きぜつ してしまった!"
02	2E	0x022E	0x024CEE	0x024CEF	9	69	17	1D0 04C 084 04D 049 029 001 016 084 01D 021 001 01B 022 011 038 1C0	"<CLEAR>
サジクは きぜつ している"
02	2F	0x022F	0x024CF8	0x024CF9	14	105	25	1CC 04C 084 04D 049 01A 03D 028 001 029 024 01B 03C 1C8 016 011 022 033 03E 022 017 039 035 07A 1C0	"<SPEAKER>「サジクさんの はなしを
きいてやってくれよ!"
02	30	0x0230	0x024D07	0x024D08	19	149	35	1CC 010 03D 01F 028 001 0D3 03E 022 011 038 001 01E 028 1C8 09D 159 084 015 001 154 023 001 015 03D 018 011 010 037 01E 012 084 01F 024 1C0	"<SPEAKER>「あんたの 持っている その
石像が 塔と かんけいありそうだな"
02	31	0x0231	0x024D1B	0x024D1C	32	253	57	1CC 01E 012 015 001 010 028 09D 159 084 015 1C8 154 025 08E 038 001 047 084 048 084 01F 03E 01F 03B 018 015 1C5 1CC 030 015 01B 028 001 033 021 032 001 024 015 024 015 1C8 035 012 084 01B 03D 084 02B 015 011 03D 084 01F 024 1C0	"<SPEAKER>「そうか あの石像が
塔に入る カギだったわけか<WAIT><SPEAKER>「むかしの やつも なかなか
ようじんぶかいんだな"
02	32	0x0232	0x024D3C	0x024D3D	87	689	171	1CC 084 018 013 013 078 07A 001 084 05B 06C 06F 06C 070 049 025 1C8 03B 01F 03E 01F 079 001 01E 011 021 029 001 01F 02E 084 018 01F 07A 1C5 1CC 024 025 001 03B 01F 03E 01F 029 011 011 084 015 1C8 084 01F 03D 084 015 011 001 084 01D 03E 083 02C 016 028 001 158 0A5 084 022 1C8 01A 016 025 08D 018 024 011 079 1C5 1CC 084 05B 06C 06F 06C 070 049 023 001 011 012 084 01F 018 010 03E 022 1C8 01C 084 018 013 001 158 0A5 001 024 03D 084 01F 03A 012 024 010 081 081 081 1C5 1CC 014 012 001 01E 012 084 01F 07A 001 01F 01B 015 001 113 091 084 015 1C8 158 0A5 03C 001 028 084 02D 038 001 017 021 084 015 001 084 023 012 023 015 1C8 011 03E 022 01F 001 016 014 017 084 015 001 010 038 024 1C0	"<SPEAKER>「げええー! バロンロックに
わたった? そいつは たまげた!<WAIT><SPEAKER>「なに わたったはいいが
だんがい ぜっぺきの 岩場で
さきに行けない?<WAIT><SPEAKER>「バロンロックと いうだけあって
すげえ 岩場 なんだろうなあ・・・<WAIT><SPEAKER>「おう そうだ! たしか 囚人が
岩場を のぼる くつが どうとか
いってた きおくが あるな"
02	33	0x0233	0x024D94	0x024D95	20	153	42	1CC 084 054 04E 084 05E 084 047 04E 028 001 084 055 084 055 05E 043 084 01F 07A 1C8 084 055 084 055 05E 043 084 015 001 01F 01B 015 001 011 03E 022 01F 084 01E 07A 1C0	"<SPEAKER>「デスベガスの ドドヘイだ!
ドドヘイが たしか いってたぞ!"
02	34	0x0234	0x024DA9	0x024DAA	61	482	112	1CC 084 023 03D 024 001 01C 084 019 011 001 03B 024 033 1C8 01B 015 018 084 015 001 084 022 022 016 022 032 001 023 025 015 017 1C8 039 011 01D 011 025 001 024 038 03D 084 01F 07A 1C5 1CC 016 03E 023 001 084 047 058 084 05C 04E 01A 02E 084 015 1C8 146 03E 022 001 017 084 01F 01A 038 03E 022 07A 1C5 1CC 013 079 001 084 047 058 084 05C 04E 01A 02E 03C 001 15C 036 024 011 079 1C8 084 023 02A 03F 078 001 01E 037 03F 001 01F 02E 084 018 01F 07A 1C0	"<SPEAKER>「どんな すごい わなや
しかけが でてきても とにかく
れいせいに なるんだ!<WAIT><SPEAKER>「きっと ガヌビスさまが
護って くださるって!<WAIT><SPEAKER>「え? ガヌビスさまを 知らない?
どひゃー そりゃ たまげた!"
02	35	0x0235	0x024DE7	0x024DE8	56	443	103	1CC 084 047 058 084 05C 04E 01A 02E 029 001 03B 024 033 1C8 01B 015 018 03C 001 1AE 03E 022 011 01F 023 1C8 011 03B 039 022 038 03D 084 01F 1C5 1CC 01E 028 001 014 01C 084 015 01F 029 1C8 015 014 084 015 001 046 046 047 061 084 022 1C8 0F0 084 015 001 091 0E3 024 03D 084 022 01A 010 1C5 1CC 048 06F 084 049 084 05B 06C 06F 032 001 016 03E 023 1C8 01C 012 029 011 01B 022 01F 001 084 01F 03A 012 024 010 07A 1C0	"<SPEAKER>「ガヌビスさまは わなや
しかけを 司っていたと
いわれてるんだ<WAIT><SPEAKER>「その おすがたは
かおが オオカミで
体が 人間なんでさあ<WAIT><SPEAKER>「キングバロンも きっと
すうはいしてた だろうなあ!"
02	36	0x0236	0x024E20	0x024E21	26	206	53	1CC 012 014 014 07A 001 06B 084 054 075 01A 03D 07A 1C8 084 05B 06C 06F 06C 070 049 028 019 023 029 001 01A 01C 084 015 028 1C8 019 028 084 05F 084 05D 084 022 032 001 03B 015 036 024 011 084 022 01A 010 07A 1C0	"<SPEAKER>「うおお! レディさん!
バロンロックのことは さすがの
このボブでも わからないでさあ!"
02	37	0x0237	0x024E3B	0x024E3C	27	209	50	1CC 12C 091 015 036 001 01C 084 02C 022 001 0A6 016 02E 01B 01F 1C8 02D 03D 023 012 025 001 010 037 084 015 023 012 084 019 084 01A 011 02E 01C 1C8 0EE 028 001 014 03D 084 01B 03D 084 022 01C 03B 1C0	"<SPEAKER>「主人から すべて 聞きました
ほんとうに ありがとうございます
命の おんじんですわ"
02	38	0x0238	0x024E57	0x024E58	25	197	44	1CC 084 019 031 03D 024 01A 011 001 12C 091 029 1C8 024 033 02F 029 084 01B 031 038 023 001 0FA 028 1C8 019 023 084 029 032 001 19D 025 001 08E 036 024 011 03D 084 022 01C 1C0	"<SPEAKER>「ごめんなさい 主人は
なやみはじめると 誰の
ことばも 耳に 入らないんです"
02	39	0x0239	0x024E71	0x024E72	54	431	102	1CC 03B 01F 01B 001 032 012 001 04C 084 04D 049 03C 1C8 029 024 01B 02E 01D 03D 03B 07A 1C5 1CC 069 084 05B 078 051 044 06F 015 036 001 011 03E 083 02D 032 1C8 01E 023 025 001 106 01B 02E 01D 03D 07A 1C8 081 081 081 023 001 011 011 01F 011 023 019 03A 084 022 01C 084 015 1C5 1CC 019 028 091 029 1C8 01E 012 011 012 02B 012 025 029 001 016 03E 023 1C8 024 036 024 011 084 022 01B 041 012 027 081 081 081 1C0	"<SPEAKER>「わたし もう サジクを
はなしませんわ!<WAIT><SPEAKER>「リバータウンから いっぽも
そとに 出しません!
・・・と いいたいところですが<WAIT><SPEAKER>「この人は
そういうふうには きっと
ならないでしょうね・・・"
02	3A	0x023A	0x024EA8	0x024EA9	25	193	47	1CC 013 013 03E 079 001 084 04D 076 043 084 05C 078 025 1C8 084 01F 02E 01A 039 01F 079 001 02E 010 07A 001 024 03D 022 1C8 02A 039 021 024 001 033 021 024 03D 084 022 01B 041 012 07A 1C0	"<SPEAKER>「ええっ? ジェイビーに
だまされた? まあ! なんて
ひれつな やつなんでしょう!"
02	3B	0x023B	0x024EC2	0x024EC3	23	178	40	1CC 084 019 031 03D 024 01A 011 001 12C 091 029 1C8 099 03C 001 012 01B 024 012 023 1C8 024 015 024 015 001 0B6 03C 001 01A 02E 01A 024 011 03D 084 022 01C 1C0	"<SPEAKER>「ごめんなさい 主人は
気を うしなうと
なかなか 目を さまさないんです"
02	3C	0x023C	0x024EDA	0x024EDB	49	390	89	1CC 011 033 011 033 001 018 03E 019 012 1C8 01D 011 037 01C 038 028 032 001 0AC 178 084 01B 03F 07A 1C5 1CC 019 01B 084 015 001 026 018 038 02E 084 022 1C8 01E 012 019 01D 011 037 03C 001 01B 02E 01C 015 036 1C8 019 028 08A 03C 001 01C 017 03E 022 014 017 039 07A 1C5 1CC 024 025 015 001 014 011 037 035 012 028 08B 084 015 1C8 014 010 037 015 024 079 1C0	"<SPEAKER>「いやいや けっこう
せいりするのも 大変じゃ!<WAIT><SPEAKER>「こしが ぬけるまで
そうこせいりを しますから
この島を すくっておくれ!<WAIT><SPEAKER>「なにか おいりようの物が
おありかな?"
02	3D	0x023D	0x024F0C	0x024F0D	36	284	67	1CC 023 03D 084 022 032 027 013 084 01D 07A 001 010 028 08C 029 07A 1C5 1CC 014 039 032 001 0A9 103 03C 001 02E 01F 025 015 018 01F 1C8 0BA 0BB 190 084 01F 084 015 001 019 03D 024 001 02A 084 022 013 1C8 023 019 03A 029 001 029 084 01B 031 022 084 01F 084 01D 07A 1C0	"<SPEAKER>「とんでもねえぜ! あの城は!<WAIT><SPEAKER>「おれも 世界を またにかけた
言険男だが こんな ひでえ
ところは はじめてだぜ!"
02	3E	0x023E	0x024F31	0x024F32	43	339	77	1CC 08E 0A5 0E1 029 0A8 03E 01F 032 028 028 1C8 011 084 01A 023 024 038 023 001 084 02A 084 02A 03E 020 03F 03E 022 1C8 024 015 024 015 001 08E 039 024 011 03D 084 022 01C 035 1C5 1CC 019 019 084 022 001 016 027 03D 0C1 0BD 084 022 032 1C8 012 021 01B 022 001 015 013 03A 012 015 024 010 001 012 078 03D 1C0	"<SPEAKER>「入場券は買ったものの
いざとなると びびっちゃって
なかなか 入れないんですよ<WAIT><SPEAKER>「ここで きねん写真でも
うつして かえろうかなあ うーん"
02	3F	0x023F	0x024F5D	0x024F5E	26	203	45	1CC 04C 084 04D 049 032 001 019 028 08C 015 036 001 08A 028 1C8 09C 0BE 025 001 011 03E 01F 028 015 024 079 001 012 078 030 1C8 010 011 021 001 034 012 016 010 038 028 012 07A 1C0	"<SPEAKER>「サジクも この城から 島の
北側に いったのかな? うーむ
あいつ ゆうきあるのう!"
02	40	0x0240	0x024F78	0x024F79	29	228	59	1CC 019 019 029 001 084 05B 06C 06F 08C 028 08E 037 167 084 022 01C 1C8 08E 0A5 101 029 001 014 0AF 091 01A 02E 1C8 007 002 045 06F 084 055 06A 023 001 024 03E 022 014 037 02E 01C 1C5 1CC 084 019 08E 0A5 024 01A 011 02E 01C 015 079 1C0	"<SPEAKER>「ここは バロン城の入り口です
入場料は お一人さま
50エンドルと なっております<WAIT><SPEAKER>「ご入場なさいますか?"
02	41	0x0241	0x024F96	0x024F97	24	186	44	1CC 029 011 035 03E 07A 001 019 039 08E 0A5 0E1 084 01F 035 07A 1C8 0AF 13E 001 0A8 013 084 029 001 093 169 084 022 032 1C8 106 08E 037 001 084 022 016 038 015 036 027 07A 1C0	"<SPEAKER>「はいよっ! これ入場券だよ!
一度 買えば 何回でも
出入り できるからね!"
02	42	0x0242	0x024FAF	0x024FB0	31	246	58	1CC 08C 025 029 011 03E 01F 036 001 084 01B 011 01A 03D 025 1C8 019 013 03C 001 015 018 022 084 019 036 03D 07A 1C5 1CC 08C 028 0A1 03C 001 010 03D 024 011 01B 022 1C8 032 036 013 038 015 032 001 01B 039 02E 01D 03D 084 01D 07A 1C0	"<SPEAKER>「城にはいったら じいさんに
こえを かけてごらん!<WAIT><SPEAKER>「城の中を あんないして
もらえるかも しれませんぜ!"
02	43	0x0243	0x024FCF	0x024FD0	21	164	44	1CC 010 037 03F 037 03F 001 014 0D8 01A 03D 07A 1C8 025 032 021 084 015 011 03E 083 029 011 084 022 001 08E 0A5 0E1 084 015 1C8 03B 01F 01D 024 011 084 022 01C 084 01D 07A 1C0	"<SPEAKER>「ありゃりゃ お嬢さん!
にもつがいっぱいで 入場券が
わたせないですぜ!"
02	44	0x0244	0x024FE5	0x024FE6	16	126	34	1CC 084 019 02E 015 01B 029 001 084 01F 031 084 022 01C 084 01D 07A 1C8 014 094 084 015 001 01F 037 024 011 035 012 084 022 01C 024 1C0	"<SPEAKER>「ごまかしは だめですぜ!
お金が たりないようですな"
02	45	0x0245	0x024FF6	0x024FF7	5	40	11	1CC 013 001 01E 012 084 022 01C 015 011 1C0	<SPEAKER>「え そうですかい
02	46	0x0246	0x024FFC	0x024FFD	38	298	71	1CC 0AF 08F 025 035 038 023 001 019 028 084 05B 06C 06F 08C 028 1C8 0D5 0B8 02B 015 017 025 001 0B2 0C7 084 015 010 038 036 01B 011 03D 084 01F 1C5 1CC 0B2 0C7 029 001 08A 028 001 029 038 015 09C 028 1C8 084 054 04E 084 05B 06B 078 10B 10C 025 001 198 039 022 011 017 036 01B 011 1C0	"<SPEAKER>「一説によると このバロン城の
地下ふかくに 水道があるらしいんだ<WAIT><SPEAKER>「水道は 島の はるか北の
デスバレー鉱山に 流れていくらしい"
02	47	0x0247	0x025023	0x025024	22	175	38	1CC 015 078 020 03F 03D 025 001 014 019 036 039 038 015 036 1C8 024 025 015 03C 0A8 03E 022 001 095 03C 1C8 02F 021 018 01F 019 023 025 01B 035 012 1C0	"<SPEAKER>「かーちゃんに おこられるから
なにかを買って 宝を
みつけたことにしよう"
02	48	0x0248	0x02503A	0x02503B	82	653	157	1CC 084 05D 06A 084 05D 06A 084 05D 06A 001 08C 028 001 023 020 040 012 02E 084 022 1C8 024 03D 023 015 001 01F 084 023 037 021 011 01F 03D 084 01F 018 084 023 1C8 02F 001 02F 001 090 01F 03D 084 01F 001 084 022 001 084 022 001 084 022 001 084 022 1C5 1CC 084 022 001 092 08F 028 001 084 022 015 011 001 064 06F 04E 051 078 03C 1C8 01F 001 01F 01B 015 025 001 090 01F 03D 084 01F 035 001 02D 03D 023 1C8 01B 001 01B 015 032 001 09B 016 022 011 01F 03D 084 01F 035 078 1C5 1CC 01B 001 01B 03D 084 01B 022 017 039 035 078 001 019 03B 011 035 078 1C8 084 05D 06A 084 05D 06A 001 019 03B 011 035 078 001 084 05D 06A 084 05D 06A 1C0	"<SPEAKER>「ブルブルブル 城の とちゅうまで
なんとか たどりついたんだけど
み み 見たんだ で で で で<WAIT><SPEAKER>「で 伝説の でかい モンスターを
た たしかに 見たんだよ ほんと
し しかも 生きていたんだよー<WAIT><SPEAKER>「し しんじてくれよー こわいよー
ブルブル こわいよー ブルブル"
02	49	0x0249	0x02508D	0x02508E	52	410	95	1CC 084 023 03E 015 028 001 019 01B 026 018 084 015 001 08C 028 0A1 084 022 1C8 092 08F 028 001 084 022 015 011 001 064 06F 04E 051 078 03C 1C8 090 01F 023 015 001 011 03E 022 01F 024 001 02B 02B 03D 1C5 1CC 02E 01C 02E 01C 001 033 038 099 084 015 001 084 022 022 016 01F 084 01E 1C8 01E 011 021 03C 001 023 03E 021 015 02E 013 022 1C8 105 017 001 0A2 03E 083 029 036 012 015 1C0	"<SPEAKER>「どっかの こしぬけが 城の中で
伝説の でかい モンスターを
見たとか いってたな ふふん<WAIT><SPEAKER>「ますます やる気が でてきたぞ
そいつを とっつかまえて
高く 売っぱらうか"
02	4A	0x024A	0x0250C2	0x0250C3	29	226	52	1CC 029 011 029 011 001 011 02E 024 036 1C8 04C 078 084 05C 04E 016 015 03D 001 084 01F 015 036 1C8 030 037 041 012 001 084 022 01C 035 07A 1C5 1CC 016 027 03D 0C1 0BD 001 03C 001 023 037 02E 01C 015 079 1C0	"<SPEAKER>「はいはい いまなら
サービスきかん だから
むりょう ですよ!<WAIT><SPEAKER>「きねん写真 を とりますか?"
02	4B	0x024B	0x0250E0	0x0250E1	21	166	41	1CC 02D 03D 084 01B 03F 010 001 01B 041 012 031 03D 028 1C8 0BA 0BB 16D 13C 028 001 015 014 001 015 036 1C8 019 03E 020 03C 001 090 022 017 084 01F 01A 011 07A 1C0	"<SPEAKER>「ほんじゃあ しょうめんの
言険刻土の かお から
こっちを 見てください!"
02	4C	0x024C	0x0250F6	0x0250F7	17	132	32	1CC 01E 012 015 011 001 014 039 029 1C8 023 03E 023 011 01F 02D 012 084 015 1C8 011 011 023 001 10F 012 018 084 023 024 078 1C0	"<SPEAKER>「そうかい おれは
とっといたほうが
いいと 思うけどなー"
02	4D	0x024D	0x025108	0x025109	33	260	64	1CC 084 022 016 010 084 015 03E 01F 001 016 027 03D 0C1 0BD 029 1C8 014 012 020 025 001 014 017 037 02E 01C 035 07A 1C5 1CC 024 025 084 02B 03D 001 084 018 03D 084 01E 012 025 001 013 036 011 1C8 164 0E3 084 015 001 015 015 038 032 03D 084 022 027 07A 1C0	"<SPEAKER>「できあがった きねん写真は
おうちに おくりますよ!<WAIT><SPEAKER>「なにぶん げんぞうに えらい
時間が かかるもんでね!"
02	4E	0x024E	0x02512A	0x02512B	11	82	18	1CC 011 016 02E 01C 035 078 07A 1C8 029 011 001 052 078 084 04E 07A 1C0	"<SPEAKER>「いきますよー!
はい チーズ!"
02	4F	0x024F	0x025136	0x025137	15	114	27	1CC 014 017 01C 037 001 015 03E 022 017 039 035 078 1C8 014 017 01C 037 001 015 03E 022 017 039 035 078 1C0	"<SPEAKER>「おくすり かってくれよー
おくすり かってくれよー"
02	50	0x0250	0x025146	0x025147	29	231	54	1CC 035 014 001 027 013 020 03F 03D 07A 001 084 023 019 084 022 1C8 02F 020 017 01A 001 017 03E 022 01F 03D 084 01F 011 079 001 02C 02C 02C 1C8 014 039 029 001 01A 016 025 001 011 015 01B 022 032 036 012 084 01D 1C0	"<SPEAKER>「よお ねえちゃん! どこで
みちくさ くってたんだい? へへへ
おれは さきに いかしてもらうぜ"
02	51	0x0251	0x025164	0x025165	19	146	32	1D0 084 01C 03E 01B 037 023 001 014 032 01E 012 024 1C8 022 021 028 001 023 084 02A 036 084 015 001 01B 02E 03E 022 011 038 1C0	"<CLEAR>
ずっしりと おもそうな
てつの とびらが しまっている"
02	52	0x0252	0x025178	0x025179	13	98	21	1D0 014 03D 01D 03D 1C8 084 019 0E2 163 025 001 014 08E 037 017 084 01F 01A 011 1C0	"<CLEAR>
おんせん
ご自由に お入りください"
02	53	0x0253	0x025186	0x025187	35	273	59	1CC 020 041 03E 023 014 001 01E 03D 024 023 019 1C8 01A 03B 03D 024 011 084 022 035 014 07A 1C5 1CC 014 03D 024 084 023 014 01B 001 024 028 025 1C8 020 041 03E 023 001 033 031 022 03E 022 084 029 1C8 010 1CD 001 010 1CD 001 010 010 1C0	"<SPEAKER>「ちょっとお そんなとこ
さわんないでよお!<WAIT><SPEAKER>「おんなどおし なのに
ちょっと やめてってば
あ<PAUSE_30> あ<PAUSE_30> ああ"
02	54	0x0254	0x0251AA	0x0251AB	14	106	24	1D0 0B6 084 015 001 023 03A 03D 023 01B 022 011 038 1C8 099 0D3 020 035 01A 01E 012 084 01F 1C0	"<CLEAR>
目が とろんとしている
気持ちよさそうだ"
02	55	0x0255	0x0251B9	0x0251BA	24	189	49	1CC 02A 013 03E 001 02A 013 03E 001 02A 013 03E 02C 02C 02C 1C8 019 039 029 001 019 039 029 001 014 0D8 020 03F 03D 07A 1C8 084 05B 06C 06F 08C 025 001 035 017 084 01E 001 02E 011 036 039 01F 1C0	"<SPEAKER>「ひえっ ひえっ ひえっへへへ
これは これは お嬢ちゃん!
バロン城に よくぞ まいられた"
02	56	0x0256	0x0251D2	0x0251D3	16	128	34	1CC 01E 039 084 022 029 001 014 0D8 020 03F 03D 1C8 025 040 012 084 01B 041 012 018 03D 03C 001 011 01F 084 01F 017 084 01E 011 07A 1C0	"<SPEAKER>「それでは お嬢ちゃん
にゅうじょうけんを いただくぞい!"
02	57	0x0257	0x0251E3	0x0251E4	29	227	55	1CC 016 041 012 029 001 023 017 084 02C 021 04C 078 084 05C 04E 084 01B 03F 07A 1C8 08C 028 0A1 03C 001 010 03D 024 011 001 01B 022 033 03A 012 07A 1C8 01E 019 028 001 13F 037 08B 025 001 13F 038 084 015 035 011 07A 1C0	"<SPEAKER>「きょうは とくべつサービスじゃ!
城の中を あんない してやろう!
そこの 乗り物に 乗るがよい!"
02	58	0x0258	0x025201	0x025202	10	74	18	1CC 01E 019 028 001 13F 037 08B 025 001 13F 038 084 015 035 011 07A 1C0	<SPEAKER>「そこの 乗り物に 乗るがよい!
02	59	0x0259	0x02520C	0x02520D	26	205	46	1CC 02A 013 03E 001 02A 013 03E 001 02A 013 03E 1C8 084 01B 084 019 017 02C 028 001 023 084 02A 036 03C 001 011 02E 1C8 010 018 022 001 01B 03D 084 01D 035 012 001 012 037 03F 07A 1C0	"<SPEAKER>「ひえっ ひえっ ひえっ
じごくへの とびらを いま
あけて しんぜよう うりゃ!"
02	5A	0x025A	0x025227	0x025228	27	215	44	1CC 018 018 018 018 018 07A 001 08D 017 028 032 001 035 01B 1C8 02A 016 015 013 01C 032 001 035 01B 001 01E 039 029 1C8 010 03D 01F 028 001 0E2 163 084 01B 03F 022 028 012 1C0	"<SPEAKER>「けけけけけ! 行くのも よし
ひきかえすも よし それは
あんたの 自由じゃてのう"
02	5B	0x025B	0x025243	0x025244	16	126	27	1CC 020 041 03E 016 03D 001 020 041 016 020 041 016 1C8 020 041 03E 016 03D 001 020 041 016 020 041 016 1C0	"<SPEAKER>「ちょっきん ちょきちょき
ちょっきん ちょきちょき"
02	5C	0x025C	0x025254	0x025255	19	149	32	1CC 084 02C 03A 084 02C 03A 001 084 029 010 001 018 018 018 018 1C8 010 084 029 084 029 084 029 010 001 012 018 018 018 03E 1C0	"<SPEAKER>「べろべろ ばあ けけけけ
あばばばあ うけけけっ"
02	5D	0x025D	0x025268	0x025269	20	156	35	1CC 019 019 084 022 001 08D 016 084 023 02E 037 084 01F 035 081 081 081 1C8 010 03D 01F 029 027 081 081 081 1C8 012 016 016 016 016 03E 1C0	"<SPEAKER>「ここで 行きどまりだよ・・・
あんたはね・・・
うききききっ"
02	5E	0x025E	0x02527D	0x02527E	54	427	96	1CC 019 028 001 01A 016 084 022 001 0C7 084 015 001 02B 01F 021 025 1C8 03B 015 039 038 018 084 023 001 084 023 03E 020 084 022 032 1C8 01C 016 024 0B9 03C 001 013 036 084 02B 023 011 011 035 1C5 1CC 08D 016 021 017 023 019 03A 029 001 011 03E 01B 041 1C8 016 041 012 02B 023 001 01D 03D 037 021 028 1C8 084 05B 06C 06F 08C 028 001 01A 011 084 019 028 02A 02F 021 01A 081 081 081 1C0	"<SPEAKER>「この さきで 道が ふたつに
わかれるけど どっちでも
すきな方を えらぶといいよ<WAIT><SPEAKER>「行きつくところは いっしょ
きょうふと せんりつの
バロン城の さいごのひみつさ・・・"
02	5F	0x025F	0x0252B4	0x0252B5	24	186	45	1D0 084 05E 084 05C 078 084 05B 06C 06F 028 001 159 084 015 010 038 1C8 0B6 028 023 019 03A 025 001 093 015 03C 1C8 029 031 019 030 001 010 024 084 015 001 010 011 022 011 038 1C0	"<CLEAR>
ベビーバロンの 像がある
目のところに 何かを
はめこむ あなが あいている"
02	60	0x0260	0x0252CD	0x0252CE	29	227	58	1D0 064 06F 04E 051 078 084 015 001 118 02F 01E 012 024 1C8 013 02D 03D 084 015 001 01F 017 01A 03D 001 010 038 1C5 1D0 07D 084 05B 06C 06F 017 03D 07E 028 006 188 084 01F 018 084 015 1C8 026 018 022 011 038 035 012 084 01F 1C3 1C0	"<CLEAR>
モンスターが 読みそうな
えほんが たくさん ある<WAIT>
<CLEAR>
「バロンくん」の4巻だけが
ぬけているようだ"
02	61	0x0261	0x0252EB	0x0252EC	46	363	84	1CC 013 078 03E 023 081 081 081 1C5 1CC 07D 030 015 01B 001 010 038 023 019 03A 025 001 084 05E 084 05C 081 081 081 1C8 1CD 081 081 081 024 03D 084 01F 03E 018 024 079 1C5 1CC 084 02D 017 001 084 05E 084 05C 016 020 017 03D 028 1C8 014 029 024 01B 03C 001 014 084 02D 013 01F 028 025 1C8 032 012 001 03B 01C 039 020 03F 03E 01F 035 1C0	"<SPEAKER>「えーっと・・・<WAIT><SPEAKER>「「むかし あるところに ベビ・・・
<PAUSE_30>・・・なんだっけな?<WAIT><SPEAKER>「ぼく ベビきちくんの
おはなしを おぼえたのに
もう わすれちゃったよ"
02	62	0x0262	0x02531A	0x02531B	18	138	32	1CC 084 05E 084 05C 016 020 017 03D 028 001 014 029 024 01B 03C 1C8 118 03D 084 022 017 039 022 001 010 037 084 015 023 012 1C0	"<SPEAKER>「ベビきちくんの おはなしを
読んでくれて ありがとう"
02	63	0x0263	0x02532D	0x02532E	23	183	45	1D0 020 084 016 039 01F 001 013 02D 03D 028 001 083 05E 078 084 04D 084 015 010 038 1C5 1D0 07D 030 015 01B 001 010 038 023 019 03A 025 07E 1C5 1D0 023 001 098 011 022 010 038 1C0	"<CLEAR>
ちぎれた えほんの ページがある<WAIT>
<CLEAR>
「むかし あるところに」<WAIT>
<CLEAR>
と 書いてある"
02	64	0x0264	0x025345	0x025346	24	185	44	1D0 020 084 016 039 01F 001 013 02D 03D 028 001 083 05E 078 084 04D 084 015 010 038 1C5 1D0 07D 084 05E 084 05C 016 020 023 011 012 07E 1C5 1D0 023 001 098 011 022 010 038 1C0	"<CLEAR>
ちぎれた えほんの ページがある<WAIT>
<CLEAR>
「ベビきちという」<WAIT>
<CLEAR>
と 書いてある"
02	65	0x0265	0x02535E	0x02535F	24	188	50	1D0 020 084 016 039 01F 001 013 02D 03D 028 001 083 05E 078 084 04D 084 015 010 038 1C5 1D0 07D 084 05E 084 05C 078 084 05B 06C 06F 084 015 011 02E 01B 01F 07E 1C5 1D0 023 001 098 011 022 010 038 1C0	"<CLEAR>
ちぎれた えほんの ページがある<WAIT>
<CLEAR>
「ベビーバロンがいました」<WAIT>
<CLEAR>
と 書いてある"
02	66	0x0266	0x025377	0x025378	29	226	54	1D0 020 084 016 039 01F 001 013 02D 03D 028 001 083 05E 078 084 04D 084 015 010 038 1C5 1D0 07D 084 05E 084 05C 016 020 029 001 010 03B 022 03D 084 02D 012 024 028 084 022 07E 1C5 1D0 023 001 098 011 022 010 038 1C0	"<CLEAR>
ちぎれた えほんの ページがある<WAIT>
<CLEAR>
「ベビきちは あわてんぼうなので」<WAIT>
<CLEAR>
と 書いてある"
02	67	0x0267	0x025395	0x025396	24	192	46	1D0 020 084 016 039 01F 001 013 02D 03D 028 001 083 05E 078 084 04D 084 015 010 038 1C5 1D0 07D 084 023 012 017 021 028 001 024 015 084 022 07E 1C5 1D0 023 001 098 011 022 010 038 1C0	"<CLEAR>
ちぎれた えほんの ページがある<WAIT>
<CLEAR>
「どうくつの なかで」<WAIT>
<CLEAR>
と 書いてある"
02	68	0x0268	0x0253AE	0x0253AF	28	221	52	1D0 020 084 016 039 01F 001 013 02D 03D 028 001 083 05E 078 084 04D 084 015 010 038 1C5 1D0 07D 011 03B 023 001 025 03D 084 018 03D 03C 001 02E 020 084 015 013 022 07E 1C5 1D0 023 001 098 011 022 010 038 1C0	"<CLEAR>
ちぎれた えほんの ページがある<WAIT>
<CLEAR>
「いわと にんげんを まちがえて」<WAIT>
<CLEAR>
と 書いてある"
02	69	0x0269	0x0253CB	0x0253CC	25	197	49	1D0 020 084 016 039 01F 001 013 02D 03D 028 001 083 05E 078 084 04D 084 015 010 038 1C5 1D0 07D 035 017 001 018 084 015 03C 001 01B 022 011 02E 01B 01F 07E 1C5 1D0 023 001 098 011 022 010 038 1C0	"<CLEAR>
ちぎれた えほんの ページがある<WAIT>
<CLEAR>
「よく けがを していました」<WAIT>
<CLEAR>
と 書いてある"
02	6A	0x026A	0x0253E5	0x0253E6	26	208	50	1D0 020 084 016 039 01F 001 013 02D 03D 028 001 083 05E 078 084 04D 084 015 010 038 1C5 1D0 07D 02F 03D 024 032 001 016 03C 001 021 018 02E 01B 041 012 027 07E 1C5 1D0 023 001 098 011 022 010 038 1C0	"<CLEAR>
ちぎれた えほんの ページがある<WAIT>
<CLEAR>
「みんなも きを つけましょうね」<WAIT>
<CLEAR>
と 書いてある"
02	6B	0x026B	0x025400	0x025401	31	245	63	1D0 011 02F 02B 031 011 028 001 030 021 015 01B 011 13A 084 015 1C8 024 036 03D 084 022 011 038 081 081 081 081 081 081 081 081 081 03D 079 1C5 1D0 13A 028 001 014 017 025 001 04E 043 070 052 084 015 010 038 1C8 014 01B 022 02F 02E 01C 015 079 1C3 1C0	"<CLEAR>
いみふめいの むつかしい本が
ならんでいる・・・・・・・・・ん?<WAIT>
<CLEAR>
本の おくに スイッチがある
おしてみますか?"
02	6C	0x026C	0x025420	0x025421	14	110	30	1D0 13A 028 001 014 017 025 001 04E 043 070 052 084 015 010 038 1C8 04E 043 070 052 029 001 014 01A 039 022 011 038 1C0	"<CLEAR>
本の おくに スイッチがある
スイッチは おされている"
02	6D	0x026D	0x02542F	0x025430	19	152	37	1CC 014 039 029 001 110 028 127 084 015 1C8 025 084 015 022 024 03D 084 01F 001 010 01B 084 015 001 01C 017 03D 084 022 1C8 0B1 018 024 011 035 1C0	"<SPEAKER>「おれは 火の玉が
にがてなんだ あしが すくんで
行けないよ"
02	6E	0x026E	0x025443	0x025444	18	140	35	1CC 084 01C 03E 023 001 02B 03D 084 029 03E 022 011 01F 03D 084 022 1C8 010 01B 084 015 001 01B 084 02A 039 022 001 0B1 018 024 011 035 1C0	"<SPEAKER>「ずっと ふんばっていたんで
あしが しびれて 行けないよ"
02	6F	0x026F	0x025456	0x025457	12	89	24	1D0 015 084 02C 025 001 084 05F 051 06F 084 015 010 038 1C8 014 01B 022 02F 02E 01C 015 079 1C0	"<CLEAR>
かべに ボタンがある
おしてみますか?"
02	70	0x0270	0x025463	0x025464	8	59	13	1D0 02D 028 014 084 015 001 023 02E 03E 01F 07A 1C0	"<CLEAR>
ほのおが とまった!"
02	71	0x0271	0x02546C	0x02546D	13	104	28	1D0 015 084 02C 025 001 084 05F 051 06F 084 015 010 038 1C8 084 05F 051 06F 029 001 014 01A 039 022 011 038 1C0	"<CLEAR>
かべに ボタンがある
ボタンは おされている"
02	72	0x0272	0x02547A	0x02547B	9	72	17	1D0 07D 123 112 001 02B 028 012 1C8 023 001 098 011 022 010 038 1C0	"<CLEAR>
「使用 ふのう
と 書いてある"
02	73	0x0273	0x025484	0x025485	10	73	18	1D0 03A 012 015 084 022 001 024 025 015 001 014 023 084 015 01B 01F 1C0	"<CLEAR>
ろうかで なにか おとがした"
02	74	0x0274	0x02548F	0x025490	29	227	50	1D0 07D 084 01B 040 03D 084 029 03D 025 001 06B 084 05B 078 03C 0B1 015 01D 1C8 035 017 090 03A 001 035 017 0A6 018 001 01E 01B 022 001 1B9 03C 123 013 1C8 081 081 081 023 001 015 011 022 010 038 1C0	"<CLEAR>
「じゅんばんに レバーを行かせ
よく見ろ よく聞け そして 頭を使え
・・・と かいてある"
02	75	0x0275	0x0254AD	0x0254AE	13	101	26	1D0 04B 070 049 04E 028 001 01F 02E 01B 011 084 015 1C8 014 01F 018 084 02A 03C 010 084 018 01F 07A 1C0	"<CLEAR>
コックスの たましいが
おたけびをあげた!"
02	76	0x0276	0x0254BB	0x0254BC	20	155	38	1CC 081 081 081 010 028 078 001 014 0D8 01A 02E 1C8 03B 01F 01B 028 001 015 03D 084 015 013 03C 1C8 011 03E 022 001 015 02E 011 02E 01D 03D 015 079 1C0	"<SPEAKER>「・・・あのー お嬢さま
わたしの かんがえを
いって かまいませんか?"
02	77	0x0277	0x0254D0	0x0254D1	7	56	17	1D0 04B 070 049 04E 028 131 090 03C 001 0A6 016 02E 01C 015 079 1C0	"<CLEAR>
コックスの意見を 聞きますか?"
02	78	0x0278	0x0254D8	0x0254D9	42	333	79	1CC 008 13A 028 06B 084 05B 078 03C 001 084 01B 040 03D 084 029 03D 025 1C8 0B1 015 01C 001 033 037 0B9 029 001 013 078 023 081 081 081 1C8 009 004 002 12E 037 032 001 010 037 02E 01C 035 07A 1C5 1CC 01B 036 02F 021 084 02B 01B 025 001 033 038 035 037 1C8 011 011 0B9 157 084 015 001 010 038 015 032 081 081 081 1C0	"<SPEAKER>「6本のレバーを じゅんばんに
行かす やり方は えーと・・・
720通りも ありますよ!<WAIT><SPEAKER>「しらみつぶしに やるより
いい方法が あるかも・・・"
02	79	0x0279	0x025503	0x025504	10	74	21	1D0 032 03E 023 001 04B 070 049 04E 028 131 090 03C 001 0A6 016 02E 01C 015 079 1C0	"<CLEAR>
もっと コックスの意見を 聞きますか?"
02	7A	0x027A	0x02550E	0x02550F	23	180	46	1CC 06B 084 05B 078 03C 001 01B 036 084 02C 02E 01B 041 012 1C8 016 03E 023 001 093 015 001 177 084 015 015 037 084 015 1C8 010 038 023 10F 012 03D 084 022 01C 084 015 081 081 081 1C0	"<SPEAKER>「レバーを しらべましょう
きっと 何か 手がかりが
あると思うんですが・・・"
02	7B	0x027B	0x025526	0x025527	21	161	36	1CC 01A 03E 016 001 03A 012 015 028 0B9 084 022 1C8 093 015 001 084 04B 055 070 081 081 081 022 1C8 011 011 02E 01D 03D 084 022 01B 01F 079 1C0	"<SPEAKER>「さっき ろうかの方で
何か ゴトッ・・・て
いいませんでした?"
02	7C	0x027C	0x02553C	0x02553D	30	240	51	1CC 084 022 02C 02C 02C 02C 001 027 013 020 03F 03D 035 078 1C8 099 0D3 020 013 013 084 01D 013 001 084 019 012 032 03D 029 035 078 1C8 084 02A 037 084 02A 037 03E 023 024 001 012 02A 03F 02A 03F 078 1C0	"<SPEAKER>「でへへへへ ねえちゃんよー
気持ちええぜえ ごうもんはよー
びりびりっとな うひゃひゃー"
02	7D	0x027D	0x02555B	0x02555C	24	191	41	1CC 011 011 019 023 03C 001 014 01B 013 022 033 03A 012 07A 1C8 023 025 015 017 001 0F0 107 084 01F 07A 1C8 0F0 107 03C 001 02E 03D 01F 03D 025 01B 023 018 07A 1C0	"<SPEAKER>「いいことを おしえてやろう!
とにかく 体力だ!
体力を まんたんにしとけ!"
02	7E	0x027E	0x025574	0x025575	8	58	15	1CC 014 017 01C 037 084 015 001 02D 01B 011 028 015 079 1C0	<SPEAKER>「おくすりが ほしいのか?
02	7F	0x027F	0x02557D	0x02557E	7	51	12	1CC 02D 036 035 07A 001 0FC 193 01B 024 07A 1C0	<SPEAKER>「ほらよ! 感謝しな!
02	80	0x0280	0x025585	0x025586	20	158	40	1CC 024 03D 084 01F 001 011 03E 083 029 011 1C8 0D3 03E 022 038 084 01B 03F 027 013 015 07A 1C8 084 015 031 021 011 027 013 001 027 013 020 03F 03D 035 07A 1C0	"<SPEAKER>「なんだ いっぱい
持ってるじゃねえか!
がめついねえ ねえちゃんよ!"
02	81	0x0281	0x02559A	0x02559B	17	133	30	1CC 138 084 015 037 001 011 03E 022 03D 028 032 1C8 011 02E 028 012 020 084 01F 084 01D 001 027 013 020 03F 03D 07A 1C0	"<SPEAKER>「強がり いってんのも
いまのうちだぜ ねえちゃん!"
02	82	0x0282	0x0255AC	0x0255AD	2	16	9	1CC 081 081 081 081 081 081 081 1C0	<SPEAKER>「・・・・・・・
02	83	0x0283	0x0255AF	0x0255B0	27	213	47	1CC 018 018 03E 001 084 02D 017 029 001 090 08B 091 01A 1C8 091 0E3 084 015 001 017 038 01B 03D 084 022 038 028 03C 1C8 02F 038 028 029 001 01B 026 02D 084 023 001 01F 028 01B 011 035 1C0	"<SPEAKER>「けけっ ぼくは 見物人さ
人間が くるしんでるのを
みるのは しぬほど たのしいよ"
02	84	0x0284	0x0255CB	0x0255CC	9	67	14	1CC 018 03E 001 01B 024 024 011 028 015 001 018 03E 1C0	<SPEAKER>「けっ しなないのか けっ
02	85	0x0285	0x0255D5	0x0255D6	10	74	16	1CC 018 018 018 03E 001 02D 039 001 0D0 018 001 0D0 018 07A 1C0	<SPEAKER>「けけけっ ほれ 歩け 歩け!
02	86	0x0286	0x0255E0	0x0255E1	19	147	32	1CC 018 03E 001 02E 084 01F 001 09B 016 022 033 084 015 038 024 07A 1C8 02B 03D 07A 001 02E 010 001 011 011 015 001 035 01B 1C0	"<SPEAKER>「けっ まだ 生きてやがるな!
ふん! まあ いいか よし"
02	87	0x0287	0x0255F4	0x0255F5	28	220	44	1CC 039 03D 084 015 03C 078 001 014 023 01B 021 084 021 018 022 078 1C8 012 084 022 084 015 001 01F 017 02E 01B 017 078 1C8 024 037 02E 01B 01F 078 001 032 037 032 037 078 1C0	"<SPEAKER>「れんがをー おとしつづけてー
うでが たくましくー
なりましたー もりもりー"
02	88	0x0288	0x025611	0x025612	25	199	47	1D0 01F 038 028 0A1 025 029 001 024 02F 024 02F 023 1C8 084 02B 084 023 012 19E 028 001 0B2 084 015 001 029 011 03E 022 011 038 1C5 1D0 019 028 001 0B2 03C 001 028 02F 02E 01C 015 079 1C0	"<CLEAR>
たるの中には なみなみと
ぶどう色の 水が はいっている<WAIT>
<CLEAR>
この 水を のみますか?"
02	89	0x0289	0x02562B	0x02562C	17	131	35	1D0 06B 084 054 075 029 001 084 02B 084 023 012 19E 028 1C8 0B2 03C 001 028 03D 084 01F 1C5 1D0 032 03E 023 001 028 02F 02E 01C 015 079 1C0	"<CLEAR>
レディは ぶどう色の
水を のんだ<WAIT>
<CLEAR>
もっと のみますか?"
02	8A	0x028A	0x02563D	0x02563E	29	226	56	1D0 06B 084 054 075 029 001 084 02B 084 023 012 19E 028 1C8 0B2 03C 001 028 03D 084 01F 1C5 1D0 01F 038 029 001 015 036 03E 083 02D 025 024 03E 01F 1C8 019 039 024 036 001 0D3 020 128 084 018 036 039 01E 012 084 01F 07A 1C0	"<CLEAR>
レディは ぶどう色の
水を のんだ<WAIT>
<CLEAR>
たるは からっぽになった
これなら 持ち上げられそうだ!"
02	8B	0x028B	0x02565B	0x02565C	17	133	27	1D0 010 01B 032 023 084 015 001 02B 036 02B 036 01C 038 1C8 10F 012 035 012 025 001 010 038 018 024 011 1C0	"<CLEAR>
あしもとが ふらふらする
思うように あるけない"
02	8C	0x028C	0x02566D	0x02566E	16	127	29	1CC 014 017 01C 037 029 001 011 036 03D 015 027 078 1C8 014 011 01B 011 001 014 017 01C 037 084 01B 03F 035 078 1C0	"<SPEAKER>「おくすりは いらんかねー
おいしい おくすりじゃよー"
02	8D	0x028D	0x02567E	0x02567F	11	84	20	1CC 1C4 029 001 1C2 00F 084 01B 03F 035 1C8 015 03E 022 011 017 015 027 079 1C0	"<SPEAKER>「<INSERT_A>は <NUMBER>Yじゃよ
かっていくかね?"
02	8E	0x028E	0x02568A	0x02568B	9	68	17	1CC 084 023 024 01F 084 015 001 0D3 021 03D 084 01B 03F 024 079 1C0	<SPEAKER>「どなたが 持つんじゃな?
02	8F	0x028F	0x025694	0x025695	16	126	29	1CC 02D 011 001 1CE 1C8 03B 01F 01B 02E 01B 01F 084 01E 1C5 1CC 032 03E 023 001 014 011 037 035 012 015 024 079 1C0	"<SPEAKER>「ほい <INSERT_C>
わたしましたぞ<WAIT><SPEAKER>「もっと おいりようかな?"
02	90	0x0290	0x0256A5	0x0256A6	21	167	38	1CC 084 022 029 001 1CE 028 1C8 015 03D 014 018 025 001 011 039 022 014 016 02E 01C 084 01E 1C5 1CC 032 03E 023 001 014 011 037 035 012 015 024 079 1C0	"<SPEAKER>「では <INSERT_C>の
かんおけに いれておきますぞ<WAIT><SPEAKER>「もっと おいりようかな?"
02	91	0x0291	0x0256BB	0x0256BC	13	99	25	1CC 014 033 001 1CE 029 1C8 032 012 001 025 032 021 084 015 011 03E 083 029 011 084 01B 03F 024 1C0	"<SPEAKER>「おや <INSERT_C>は
もう にもつがいっぱいじゃな"
02	92	0x0292	0x0256C9	0x0256CA	11	85	19	1CC 02D 015 028 091 025 001 014 03B 01F 01B 1C8 01B 035 012 015 024 079 1C0	"<SPEAKER>「ほかの人に おわたし
しようかな?"
02	93	0x0293	0x0256D5	0x0256D6	6	48	13	1CC 014 033 031 025 001 024 037 02E 01C 015 024 1C0	<SPEAKER>「おやめに なりますかな
02	94	0x0294	0x0256DC	0x0256DD	10	75	21	1CC 014 03E 023 001 014 094 084 015 1C8 01F 037 024 011 035 012 084 01B 03F 024 1C0	"<SPEAKER>「おっと お金が
たりないようじゃな"
02	95	0x0295	0x0256E7	0x0256E8	41	324	75	1CC 099 03C 001 021 018 022 001 017 084 01F 01A 039 001 02B 084 015 1C8 02B 084 015 02B 084 015 001 084 022 001 092 08F 028 001 02B 084 015 1C8 0AC 016 024 001 02E 001 09A 08B 084 015 001 02B 084 015 02B 084 015 1C5 1CC 010 03B 03B 001 014 01E 03A 01B 033 001 02B 084 015 02B 084 015 02B 084 015 1C0	"<SPEAKER>「気を つけて くだされ ふが
ふがふが で 伝説の ふが
大きな ま 魔物が ふがふが<WAIT><SPEAKER>「あわわ おそろしや ふがふがふが"
02	96	0x0296	0x025711	0x025712	27	209	48	1CC 029 033 017 001 13D 03E 01F 02D 012 084 015 001 013 013 1C8 019 028 001 08C 025 029 001 095 024 03D 022 001 027 013 1C8 01E 039 084 023 019 03A 015 001 09A 08B 025 001 015 03D 084 021 1C0	"<SPEAKER>「はやく 帰ったほうが ええ
この 城には 宝なんて ねえ
それどころか 魔物に かんづ"
02	97	0x0297	0x02572D	0x02572E	22	171	37	1CC 014 0D8 01A 03D 1C8 02E 01F 001 084 029 018 032 028 084 015 097 038 023 001 011 015 03D 015 036 1C8 029 033 017 001 015 013 03D 024 01A 011 1C0	"<SPEAKER>「お嬢さん
また ばけものが来ると いかんから
はやく かえんなさい"
02	98	0x0298	0x025744	0x025745	13	98	26	1D0 093 032 001 011 03B 024 011 1C8 1BB 061 050 084 015 001 017 01A 03E 022 011 038 035 012 084 01F 1C0	"<CLEAR>
何も いわない
脳ミソが くさっているようだ"
02	99	0x0299	0x025752	0x025753	14	112	26	1D0 07D 020 015 02F 020 001 064 06F 04E 051 078 025 020 040 012 011 1C8 023 001 015 011 022 010 038 1C0	"<CLEAR>
「ちかみち モンスターにちゅうい
と かいてある"
02	9A	0x029A	0x025761	0x025762	12	91	20	1D0 07D 023 014 02E 03B 037 001 016 018 03D 1C8 023 001 015 011 022 010 038 1C0	"<CLEAR>
「とおまわり きけん
と かいてある"
02	9B	0x029B	0x02576E	0x02576F	39	310	68	1CC 018 018 018 03E 001 019 019 03D 023 019 1C8 019 03E 020 028 02F 020 025 001 0FA 032 1C8 019 024 017 022 001 01F 011 017 021 084 01F 03E 01F 035 1C5 1CC 019 019 03C 001 019 013 01F 015 03E 01F 036 1C8 084 02D 017 03C 001 01F 014 01B 022 011 03E 022 084 019 036 03D 1C0	"<SPEAKER>「けけけっ ここんとこ
こっちのみちに 誰も
こなくて たいくつだったよ<WAIT><SPEAKER>「ここを こえたかったら
ぼくを たおしていってごらん"
02	9C	0x029C	0x025796	0x025797	35	274	58	1CC 02C 013 001 016 02F 001 084 05E 084 05C 01C 018 03C 1C8 033 03E 021 018 01F 028 079 001 138 011 027 1C5 1CC 084 022 032 001 084 02D 017 029 001 02E 018 024 011 035 1C8 018 018 03E 001 015 015 03E 022 019 011 001 018 018 03E 1C0	"<SPEAKER>「へえ きみ ベビすけを
やっつけたの? 強いね<WAIT><SPEAKER>「でも ぼくは まけないよ
けけっ かかってこい けけっ"
02	9D	0x029D	0x0257BA	0x0257BB	29	231	53	1CC 018 018 03E 001 023 001 023 014 03E 022 011 011 035 1C8 084 02C 001 084 02C 021 025 001 10D 03E 022 032 011 011 03D 084 01F 018 084 023 1C8 02E 001 02E 010 001 034 038 01B 022 033 038 035 001 018 018 03E 1C0	"<SPEAKER>「けけっ と とおっていいよ
べ べつに 戦ってもいいんだけど
ま まあ ゆるしてやるよ けけっ"
02	9E	0x029E	0x0257D8	0x0257D9	50	394	79	1D0 028 037 032 028 01E 012 019 1C8 015 03D 018 011 01B 03F 001 011 084 015 011 1C8 01F 020 011 037 001 016 03D 01B 1C5 1D0 028 037 032 028 01D 03D 03A 029 001 01F 084 01F 011 02E 1C8 015 017 020 041 012 019 012 084 01B 028 01F 031 1C8 02F 015 03D 01D 011 084 022 01C 001 001 001 001 084 04D 076 043 084 05C 078 1C0	"<CLEAR>
のりものそうこ
かんけいしゃ いがい
たちいり きんし<WAIT>
<CLEAR>
のりものせんろは ただいま
かくちょうこうじのため
みかんせいです    ジェイビー"
02	9F	0x029F	0x02580B	0x02580C	21	166	36	1CC 012 012 012 001 012 001 014 001 014 027 084 015 011 084 01F 1C8 014 001 014 017 01C 037 03C 001 031 001 031 084 017 03D 084 022 017 039 1C0	"<SPEAKER>「ううう う お おねがいだ
お おくすりを め めぐんでくれ"
02	A0	0x02A0	0x025821	0x025822	22	170	36	1CC 010 001 010 037 084 015 022 013 001 010 037 084 015 022 013 084 01D 1C5 1CC 084 049 084 05C 084 049 084 05C 001 084 04B 049 084 04B 049 1C0	<SPEAKER>「あ ありがてえ ありがてえぜ<WAIT><SPEAKER>「グビグビ ゴクゴク
02	A1	0x02A1	0x025838	0x025839	17	130	28	1D0 084 05B 078 084 05F 028 001 00C 00E 084 015 1C8 004 006 083 05F 043 06F 055 001 015 011 02B 017 01B 01F 1C0	"<CLEAR>
バーボの LPが
24ポイント かいふくした"
02	A2	0x02A2	0x02584A	0x02584B	43	341	75	1CC 012 012 001 024 001 024 03D 023 015 001 01C 019 01B 029 1C8 036 001 036 017 025 024 03E 01F 084 01D 001 02B 012 078 1C5 1CC 035 078 01B 001 027 013 020 03F 03D 07A 1C8 014 017 039 03C 023 037 032 084 023 01C 084 01D 011 07A 1C8 023 037 03F 078 001 084 047 070 053 001 084 047 070 053 078 07A 1C0	"<SPEAKER>「うう な なんとか すこしは
ら らくになったぜ ふうー<WAIT><SPEAKER>「よーし ねえちゃん!
おくれをとりもどすぜい!
とりゃー ガッツ ガッツー!"
02	A3	0x02A3	0x025876	0x025877	40	316	67	1CC 012 012 001 01E 03D 024 001 01D 03E 01B 041 012 024 1C8 027 001 027 013 020 03F 03D 001 021 001 021 031 01F 011 084 01D 1C8 012 084 018 03E 001 084 019 02D 001 084 019 02D 001 012 012 001 012 078 1C5 1CC 017 01E 078 001 0D6 03D 084 022 001 01F 02E 038 015 011 1C0	"<SPEAKER>「うう そんな せっしょうな
ね ねえちゃん つ つめたいぜ
うげっ ごほ ごほ うう うー<WAIT><SPEAKER>「くそー 死んで たまるかい"
02	A4	0x02A4	0x02589F	0x0258A0	45	356	78	1CC 084 018 084 018 07A 001 024 011 028 079 001 02A 023 021 032 079 1C8 024 03D 022 001 030 018 011 015 017 024 081 081 081 1C8 03E 022 001 014 039 032 015 081 081 081 1C5 1CC 012 084 018 03E 001 084 019 02D 001 084 019 02D 001 012 012 001 012 078 1C8 017 01E 078 001 0D6 03D 084 022 001 01F 02E 038 015 011 1C0	"<SPEAKER>「げげ! ないの? ひとつも?
なんて むけいかくな・・・
って おれもか・・・<WAIT><SPEAKER>「うげっ ごほ ごほ うう うー
くそー 死んで たまるかい"
02	A5	0x02A5	0x0258CD	0x0258CE	105	840	196	1CC 014 014 07A 001 014 014 07A 001 014 014 014 07A 001 024 03D 023 07A 1C8 010 001 010 03D 01F 07A 001 025 001 091 0E3 015 07A 1C8 08C 03C 001 026 001 026 018 022 016 01F 028 015 079 1C5 1CC 03B 001 03B 01B 036 029 001 08A 028 032 028 084 01B 03F 084 015 1C8 09E 018 08B 025 001 021 015 02E 03E 022 001 019 028 08C 028 1C8 022 011 039 023 015 03C 001 033 036 01A 039 023 038 1C5 1CC 025 084 018 035 012 023 01B 01F 036 001 09E 018 08B 025 1C8 0E4 03B 039 022 01B 02E 012 03D 084 01B 03F 081 081 001 032 012 1C8 084 01C 011 084 02B 03D 001 024 015 02E 084 015 001 033 036 039 022 01B 032 012 01F 1C5 1CC 010 03D 01F 032 001 08C 028 0A1 084 022 001 01F 084 02B 03D 1C8 090 01F 023 10F 012 084 015 024 1C5 1CC 010 028 001 084 022 015 011 001 084 05E 084 05C 078 084 05B 06C 06F 07A 1C0	"<SPEAKER>「おお! おお! おおお! なんと!
あ あんた! に 人間か!
城を ぬ ぬけてきたのか?<WAIT><SPEAKER>「わ わしらは 島のものじゃが
化け物に つかまって この城の
ていれとかを やらされとる<WAIT><SPEAKER>「にげようとしたら 化け物に
食われてしまうんじゃ・・ もう
ずいぶん なかまが やられてしもうた<WAIT><SPEAKER>「あんたも 城の中で たぶん
見たと思うがな<WAIT><SPEAKER>「あの でかい ベビーバロン!"
02	A6	0x02A6	0x025937	0x025938	25	197	48	1CC 033 021 029 001 02E 020 084 015 011 024 017 001 084 01B 084 019 017 015 036 1C8 035 02F 084 015 013 03E 01F 001 092 08F 028 001 09E 018 08B 025 1C8 020 084 015 011 024 011 03B 011 07A 1C0	"<SPEAKER>「やつは まちがいなく じごくから
よみがえった 伝説の 化け物に
ちがいないわい!"
02	A7	0x02A7	0x025951	0x025952	48	380	90	1CC 084 02B 084 01B 084 022 001 024 025 035 037 084 01B 03F 001 0C0 01A 03D 07A 1C8 010 03D 01F 029 001 138 01E 012 084 01B 03F 084 015 1C8 030 037 029 001 011 015 03D 084 01E 001 030 037 029 081 081 081 1C5 1CC 016 084 01C 021 011 01F 036 001 011 021 084 022 032 1C8 03B 01B 036 028 001 161 025 1C8 121 02E 03E 022 03E 022 032 001 013 013 015 036 024 07A 1C0	"<SPEAKER>「ぶじで なによりじゃ 娘さん!
あんたは 強そうじゃが
むりは いかんぞ むりは・・・<WAIT><SPEAKER>「きずついたら いつでも
わしらの 家に
泊まってっても ええからな!"
02	A8	0x02A8	0x025982	0x025983	39	307	73	1CC 02B 084 015 02B 084 015 001 02B 084 015 02B 084 015 001 024 025 032 1C8 014 015 02E 011 084 022 016 03D 084 015 028 012 1C5 1CC 014 121 031 01C 038 017 036 011 024 036 001 02B 084 015 02B 084 015 1C8 084 022 016 02E 01C 03B 011 1C5 1CC 014 121 02E 037 025 024 037 02E 01C 015 028 079 1C0	"<SPEAKER>「ふがふが ふがふが なにも
おかまいできんがのう<WAIT><SPEAKER>「お泊めするくらいなら ふがふが
できますわい<WAIT><SPEAKER>「お泊まりになりますかの?"
02	A9	0x02A9	0x0259AA	0x0259AB	14	111	26	1CC 017 039 084 017 039 032 001 018 084 015 03C 1C8 01D 03D 035 012 025 001 08D 015 03E 01B 03F 011 1C0	"<SPEAKER>「くれぐれも けがを
せんように 行かっしゃい"
02	AA	0x02AA	0x0259B9	0x0259BA	73	584	142	1CC 084 05B 06C 06F 08C 029 001 091 0E3 03C 1C8 010 084 01A 030 017 01F 031 025 001 09A 08B 01F 020 084 015 1C8 015 011 084 01E 012 01B 01F 03D 084 01B 03F 1C5 1CC 095 028 012 03B 01A 03C 001 0A9 103 025 1C8 024 084 015 01B 01F 028 032 001 09A 08B 01F 020 084 022 01C 03B 011 1C5 1CC 03B 038 084 020 013 029 001 01C 084 02C 022 001 010 028 1C8 09E 018 08B 084 05E 084 05C 078 084 05B 06C 06F 084 015 1C8 021 018 023 038 03D 084 01B 03F 1C5 1CC 138 01E 012 024 001 091 0E3 03C 1C8 08A 025 010 021 031 022 001 015 03D 084 021 031 025 1C8 01B 022 001 0E4 03E 023 038 1C0	"<SPEAKER>「バロン城は 人間を
あざむくために 魔物たちが
かいぞうしたんじゃ<WAIT><SPEAKER>「宝のうわさを 世界に
ながしたのも 魔物たちですわい<WAIT><SPEAKER>「わるぢえは すべて あの
化け物ベビーバロンが
つけとるんじゃ<WAIT><SPEAKER>「強そうな 人間を
島にあつめて かんづめに
して 食っとる"
02	AB	0x02AB	0x025A03	0x025A04	23	178	43	1CC 03B 01B 036 028 001 030 01C 019 032 001 095 025 1C8 0B6 084 015 017 036 03D 084 022 001 015 03D 084 021 031 025 1C8 01A 039 022 001 01B 032 012 01F 081 081 081 081 1C0	"<SPEAKER>「わしらの むすこも 宝に
目がくらんで かんづめに
されて しもうた・・・・"
02	AC	0x02AC	0x025A1B	0x025A1C	48	381	82	1CC 010 021 015 02E 01B 011 015 032 001 01B 039 03D 084 015 1C8 030 01C 019 028 001 015 01F 016 03C 1C8 012 03E 022 001 017 084 01F 01A 039 1C5 1CC 010 028 001 084 022 015 011 09A 08B 03C 1C8 084 02B 020 028 031 01B 022 001 017 084 01F 01A 036 03D 015 1C8 012 081 012 1CD 001 012 1CD 001 012 078 1CD 001 030 01C 019 078 07A 1C0	"<SPEAKER>「あつかましいかも しれんが
むすこの かたきを
うって くだされ<WAIT><SPEAKER>「あの でかい魔物を
ぶちのめして くださらんか
う・う<PAUSE_30> う<PAUSE_30> うー<PAUSE_30> むすこー!"
02	AD	0x02AD	0x025A4C	0x025A4D	133	1058	259	1CC 03B 01B 036 029 001 084 05E 084 05C 078 084 05B 06C 06F 084 023 032 028 1C8 019 084 021 015 011 015 01D 084 016 028 01F 031 025 001 019 019 084 022 1C8 032 028 03C 001 105 199 084 022 001 0A2 03E 023 03E 01F 028 084 022 01C 1C5 1CC 033 021 036 028 001 029 024 01B 03C 001 019 02F 02F 025 1C8 029 01A 03D 084 01F 03D 084 01B 03F 084 015 001 09C 028 001 10B 10C 084 022 1C8 093 015 03C 001 11C 03E 023 038 036 01B 011 024 1C5 1CC 09E 018 08B 084 05E 084 05C 078 084 05B 06C 06F 084 015 001 02A 03E 01B 084 022 1C8 096 09F 028 001 093 015 03C 001 01A 084 015 01B 023 038 1C8 023 015 001 011 03E 023 03E 01F 028 012 1C5 1CC 013 079 001 09C 025 001 08D 017 0B9 157 084 01B 03F 023 079 1C5 1CC 012 078 030 001 01E 039 029 001 0D5 0B8 0B2 0C7 03C 1C8 12E 038 01B 015 001 024 011 024 081 081 081 084 022 032 1C8 023 022 032 001 030 037 084 01B 03F 07A 081 081 081 081 1C5 1CC 081 081 081 01B 015 01B 001 010 03D 01F 024 036 1C8 032 01B 015 01B 022 001 019 013 036 039 038 015 032 01B 039 03D 1C8 081 081 081 081 081 081 035 01B 03E 07A 1C0	"<SPEAKER>「わしらは ベビーバロンどもの
こづかいかせぎのために ここで
ものを 高値で 売っとったのです<WAIT><SPEAKER>「やつらの はなしを こみみに
はさんだんじゃが 北の 鉱山で
何かを 掘っとるらしいな<WAIT><SPEAKER>「化け物ベビーバロンが ひっしで
古代の 何かを さがしとる
とか いっとったのう<WAIT><SPEAKER>「え? 北に 行く方法じゃと?<WAIT><SPEAKER>「うーむ それは 地下水道を
通るしか ないな・・・でも
とても むりじゃ!・・・・<WAIT><SPEAKER>「・・・しかし あんたなら
もしかして こえられるかもしれん
・・・・・・よしっ!"
02	AE	0x02AE	0x025AD2	0x025AD3	8	60	14	1CC 019 039 03C 001 01A 01B 010 084 018 035 012 07A 1C0	<SPEAKER>「これを さしあげよう!
02	AF	0x02AF	0x025ADB	0x025ADC	18	141	38	1CC 0D5 0B8 0B2 0C7 029 001 016 018 03D 084 015 001 011 03E 083 029 011 084 01B 03F 07A 1C8 019 012 012 03D 03C 001 011 028 037 02E 01C 084 01E 07A 1C0	"<SPEAKER>「地下水道は きけんが いっぱいじゃ!
こううんを いのりますぞ!"
02	B0	0x02B0	0x025AEE	0x025AEF	18	139	34	1CC 084 022 029 001 025 032 021 03C 02C 036 01B 022 1C8 02E 01F 001 097 022 017 084 01F 01A 039 001 02E 03E 022 02E 01C 084 01E 07A 1C0	"<SPEAKER>「では にもつをへらして
また 来てくだされ まってますぞ!"
02	B1	0x02B1	0x025B01	0x025B02	36	282	65	1CC 010 03D 01F 028 001 014 015 084 018 084 022 1C8 03B 01B 036 032 001 084 01B 040 012 03A 012 084 023 012 015 036 1C8 015 011 02D 012 01A 039 02E 01B 01F 03B 011 1C5 1CC 011 02E 029 001 028 03D 084 02A 037 023 1C8 017 036 01B 022 001 014 037 02E 01C 035 1C0	"<SPEAKER>「あんたの おかげで
わしらも じゅうろうどうから
かいほうされましたわい<WAIT><SPEAKER>「いまは のんびりと
くらして おりますよ"
02	B2	0x02B2	0x025B26	0x025B27	32	250	59	1CC 012 03B 03E 07A 001 014 084 023 03A 011 01F 07A 1C8 091 0E3 084 01B 03F 024 011 015 03E 079 001 013 03E 079 1C8 0D5 0B8 0B2 0C7 03C 001 026 018 038 03E 022 079 1C5 1CC 084 023 02A 03F 078 001 01E 03D 024 001 030 020 03F 024 07A 1C0	"<SPEAKER>「うわっ! おどろいた!
人間じゃないかっ? えっ?
地下水道を ぬけるって?<WAIT><SPEAKER>「どひゃー そんな むちゃな!"
02	B3	0x02B3	0x025B47	0x025B48	40	315	76	1CC 019 028 001 0D5 0B8 0B2 0C7 029 001 035 084 019 039 01F 0B2 03C 1C8 016 039 011 025 01C 038 01F 031 025 001 011 03A 03D 024 1C8 18F 195 018 084 015 001 01B 022 010 038 03D 084 01F 1C5 1CC 084 01F 015 036 001 024 02E 02F 028 001 091 0E3 029 1C8 023 022 032 001 12E 039 024 011 023 001 10F 012 035 1C0	"<SPEAKER>「この 地下水道は よごれた水を
きれいにするために いろんな
仕掛けが してあるんだ<WAIT><SPEAKER>「だから なまみの 人間は
とても 通れないと 思うよ"
02	B4	0x02B4	0x025B70	0x025B71	10	80	18	1D0 01C 016 023 014 03E 01F 0B2 084 015 001 01F 02E 03E 022 011 038 1C0	"<CLEAR>
すきとおった水が たまっている"
02	B5	0x02B5	0x025B7B	0x025B7C	15	118	31	1D0 01E 012 01A 083 05B 059 06A 084 015 001 010 037 02E 01C 1C8 04E 043 070 052 03C 001 014 01B 022 02F 02E 01C 015 079 1C0	"<CLEAR>
そうさパネルが あります
スイッチを おしてみますか?"
02	B6	0x02B6	0x025B8B	0x025B8C	17	134	29	1D0 07D 0B2 0C7 143 001 01D 021 084 01E 017 001 015 017 025 03D 1C8 0B2 03C 001 017 02F 010 084 018 02E 01C 1C3 1C0	"<CLEAR>
「水道営 せつぞく かくにん
水を くみあげます"
02	B7	0x02B7	0x025B9D	0x025B9E	23	179	42	1D0 07D 0B2 0C7 143 084 015 001 01F 084 01F 01B 017 1C8 021 024 084 015 03E 022 001 011 024 011 028 084 022 1C8 0B2 03C 001 017 02F 010 084 018 036 039 02E 01D 03D 1C0	"<CLEAR>
「水道営が ただしく
つながって いないので
水を くみあげられません"
02	B8	0x02B8	0x025BB5	0x025BB6	15	119	29	1D0 01E 012 01A 083 05B 059 06A 028 001 04E 043 070 052 029 1C8 0B1 015 024 017 001 024 03E 022 01B 02E 03E 01F 1C0	"<CLEAR>
そうさパネルの スイッチは
行かなく なってしまった"
02	B9	0x02B9	0x025BC5	0x025BC6	65	513	124	1CC 02C 02C 02C 001 02D 036 001 107 0D3 020 084 01F 03A 012 079 1C8 0B2 028 0A1 084 022 029 001 019 03D 024 001 014 032 011 08B 084 022 032 1C8 0D3 022 020 03F 012 035 1C5 1CC 084 022 032 001 019 019 084 022 029 001 156 099 084 015 024 011 015 036 1C8 0F0 107 084 015 001 02C 03E 022 011 017 03D 084 01F 1C5 1CC 084 01F 015 036 001 023 019 03A 084 023 019 03A 084 022 001 015 084 02C 015 036 1C8 156 099 084 015 001 032 039 022 011 038 015 036 001 01E 039 03C 1C8 01C 012 019 023 084 01F 024 1C0	"<SPEAKER>「へへへ ほら 力持ちだろう?
水の中では こんな おもい物でも
持てちゃうよ<WAIT><SPEAKER>「でも ここでは 空気がないから
体力が へっていくんだ<WAIT><SPEAKER>「だから ところどころで かべから
空気が もれているから それを
すうことだな"
02	BA	0x02BA	0x025C07	0x025C08	22	176	42	1CC 084 019 017 036 017 001 084 019 017 036 017 084 01F 084 01D 1C8 084 019 017 036 017 023 029 001 019 028 0C9 028 1C8 019 023 03C 001 011 012 03D 084 01F 024 03E 1C0	"<SPEAKER>「ごくらく ごくらくだぜ
ごくらくとは この町の
ことを いうんだなっ"
02	BB	0x02BB	0x025C1E	0x025C1F	39	310	74	1CC 014 039 01F 020 03F 001 02B 084 01F 021 016 028 1C8 029 03D 084 01A 011 01B 03F 01A 07A 1C5 1CC 084 01F 018 084 023 001 019 019 029 001 062 04D 073 023 1C8 020 084 015 03E 022 001 01F 011 084 017 012 032 001 011 011 01B 1C8 0AF 09B 001 019 019 025 001 011 022 032 001 011 011 084 01D 07A 1C0	"<SPEAKER>「おれたちゃ ふだつきの
はんざいしゃさ!<WAIT><SPEAKER>「だけど ここは ムショと
ちがって たいぐうも いいし
一生 ここに いても いいぜ!"
02	BC	0x02BC	0x025C46	0x025C47	80	637	144	1CC 014 039 01F 020 03F 001 019 028 08A 015 036 001 084 01C 03E 023 1C8 084 01C 03E 023 001 029 024 039 01F 001 023 019 03A 028 1C8 03A 012 033 015 036 001 021 039 022 019 036 039 01F 03D 084 01F 1C5 1CC 011 016 024 037 001 084 05E 084 05C 078 084 05B 06C 06F 084 023 032 025 1C8 01A 036 03B 039 01F 120 025 03F 010 001 01E 036 001 010 03D 01F 1C5 1CC 011 017 036 001 084 019 017 0B5 091 028 001 014 039 084 022 032 035 1C8 011 03E 01B 040 03D 001 015 010 020 03F 03D 028 001 015 014 084 015 1C8 012 015 084 02B 02D 084 023 001 084 02A 084 02A 037 02E 017 03E 01F 084 01D 1C0	"<SPEAKER>「おれたちゃ この島から ずっと
ずっと はなれた ところの
ろうやから つれてこられたんだ<WAIT><SPEAKER>「いきなり ベビーバロンどもに
さらわれた日にゃあ そら あんた<WAIT><SPEAKER>「いくら ごく悪人の おれでもよ
いっしゅん かあちゃんの かおが
うかぶほど びびりまくったぜ"
02	BD	0x02BD	0x025C97	0x025C98	37	289	64	1CC 010 03D 01F 001 01B 03D 011 037 015 011 079 1C5 1CC 01B 03D 011 037 029 001 02E 084 01C 001 019 028 0C9 03C 1C8 01B 016 03E 022 038 001 05E 084 05D 069 084 01B 011 01A 03D 025 1C8 010 011 01A 021 01B 024 011 023 001 084 01F 031 084 01F 084 01E 07A 1C0	"<SPEAKER>「あんた しんいりかい?<WAIT><SPEAKER>「しんいりは まず この町を
しきってる ヘブリじいさんに
あいさつしないと だめだぞ!"
02	BE	0x02BE	0x025CBD	0x025CBE	105	837	186	1CC 014 012 07A 001 01B 03D 011 037 015 011 079 001 012 011 078 1C8 019 019 029 001 029 03D 084 01A 011 01B 03F 025 001 023 03E 020 03F 1C8 022 03D 084 019 017 001 02F 01F 011 024 001 023 019 03A 035 078 1C5 1CC 01A 018 029 001 01F 03D 02E 037 001 010 038 01B 035 078 1C8 084 029 017 020 032 001 084 029 03E 020 037 084 01F 01B 024 1C8 02E 010 001 01B 011 022 011 013 084 029 084 01F 024 001 012 011 078 1C5 1CC 084 05B 057 078 020 03F 03D 084 015 001 011 027 013 019 023 1C8 084 017 036 011 084 01F 024 078 001 012 078 03E 083 02B 011 078 07A 1C5 1CC 084 023 078 084 01F 011 079 001 027 078 020 03F 03D 035 078 1C8 084 05B 057 078 020 03F 03D 025 001 024 038 015 011 079 1C8 091 099 084 022 038 084 01D 013 07A 001 010 03D 01F 024 036 07A 1C0	"<SPEAKER>「おう! しんいりかい? ういー
ここは はんざいしゃに とっちゃ
てんごく みたいな ところよー<WAIT><SPEAKER>「さけは たんまり あるしよー
ばくちも ばっちりだしな
まあ しいていえばだな ういー<WAIT><SPEAKER>「バニーちゃんが いねえこと
ぐらいだなー うーっぷいー!<WAIT><SPEAKER>「どーだい? ねーちゃんよー
バニーちゃんに なるかい?
人気でるぜえ! あんたなら!"
02	BF	0x02BF	0x025D27	0x025D28	86	685	168	1CC 011 011 015 001 01B 03D 011 037 001 035 017 0A6 018 035 07A 1C5 1CC 014 02E 013 084 015 001 093 03C 01B 01F 015 029 1C8 01B 036 027 013 084 015 001 019 019 02C 097 01F 03E 022 019 023 029 1C8 084 023 03E 015 028 001 03A 012 033 025 001 011 01F 03B 018 084 01F 1C5 1CC 01E 039 03C 001 01F 01C 018 022 017 039 01F 028 029 1C8 084 04D 076 043 084 05C 078 01A 02E 084 01F 07A 001 084 01F 015 036 1C8 017 039 084 017 039 032 001 03B 01C 039 03D 035 012 025 024 1C5 1CC 084 04D 076 043 084 05C 078 01A 02E 001 010 03E 022 028 1C8 014 039 01F 020 084 01F 03E 022 001 019 023 03C 024 03E 07A 1C5 1CC 084 04D 076 043 084 05C 078 01A 02E 001 084 029 03D 084 01A 078 011 07A 1C0	"<SPEAKER>「いいか しんいり よく聞けよ!<WAIT><SPEAKER>「おまえが 何をしたかは
しらねえが ここへ来たってことは
どっかの ろうやに いたわけだ<WAIT><SPEAKER>「それを たすけてくれたのは
ジェイビーさまだ! だから
くれぐれも わすれんようにな<WAIT><SPEAKER>「ジェイビーさま あっての
おれたちだって ことをなっ!<WAIT><SPEAKER>「ジェイビーさま ばんざーい!"
02	C0	0x02C0	0x025D7E	0x025D7F	57	449	109	1CC 011 033 078 001 032 012 001 019 01B 084 015 1C8 011 01F 017 022 001 01F 02E 036 024 011 035 1C5 1CC 024 03D 01F 03E 022 001 010 01A 015 036 1C8 084 029 03D 02E 084 022 001 084 02B 03E 023 014 01B 084 022 1C8 0C8 11C 01A 084 016 041 012 001 084 01F 015 036 024 1C5 1CC 084 022 032 001 084 04D 076 043 084 05C 078 01A 02E 029 1C8 011 03E 01F 011 001 093 03C 001 02A 03E 01B 084 022 1C8 01A 084 015 01B 022 038 028 015 024 010 079 1C0	"<SPEAKER>「いやー もう こしが
いたくて たまらないよ<WAIT><SPEAKER>「なんたって あさから
ばんまで ぶっとおしで
発掘さぎょう だからな<WAIT><SPEAKER>「でも ジェイビーさまは
いったい 何を ひっしで
さがしてるのかなあ?"
02	C1	0x02C1	0x025DB8	0x025DB9	18	137	31	1CC 084 017 014 03B 078 07A 001 084 016 03F 078 01C 07A 1C8 014 02E 013 03C 001 0E4 084 02C 020 03F 012 084 01E 078 07A 1C0	"<SPEAKER>「ぐおわー! ぎゃーす!
おまえを 食べちゃうぞー!"
02	C2	0x02C2	0x025DCB	0x025DCC	33	261	61	1CC 084 022 02C 02C 07A 001 014 084 023 03A 011 01F 03A 012 07A 1C5 1CC 05E 084 05D 069 028 161 028 0A1 015 036 1C8 0F0 028 001 01E 01B 016 03C 001 178 09E 01A 01D 038 1C8 02E 032 028 045 048 04E 084 015 001 084 022 022 016 01F 03D 084 01F 1C0	"<SPEAKER>「でへへ! おどろいたろう!<WAIT><SPEAKER>「ヘブリの家の中から
体の そしきを 変化させる
まものエキスが でてきたんだ"
02	C3	0x02C3	0x025DED	0x025DEE	16	123	29	1CC 05E 084 05D 069 028 161 028 001 016 03D 019 028 0A1 025 1C8 02E 084 01F 001 010 038 029 084 01C 084 01F 035 1C0	"<SPEAKER>「ヘブリの家の きんこの中に
まだ あるはずだよ"
02	C4	0x02C4	0x025DFE	0x025DFF	7	56	14	1CC 01E 012 015 001 032 012 177 025 08E 039 01F 015 1C0	<SPEAKER>「そうか もう手に入れたか
02	C5	0x02C5	0x025E06	0x025E07	19	150	37	1CC 01E 011 021 03C 001 123 013 084 029 1C8 064 06F 04E 051 078 028 001 015 017 039 084 015 025 032 1C8 14D 08E 084 022 016 038 015 032 024 07A 1C0	"<SPEAKER>「そいつを 使えば
モンスターの かくれがにも
寝入できるかもな!"
02	C6	0x02C6	0x025E1A	0x025E1B	56	445	106	1CC 012 03B 078 001 084 019 031 03D 024 01A 078 011 1C8 014 039 001 069 06A 020 03F 03D 03C 001 02A 023 037 084 01B 031 1C8 01B 01F 015 03E 01F 03D 084 01F 035 078 1C5 1CC 032 012 001 019 03D 024 019 023 029 001 01B 024 011 015 036 1C8 034 038 01B 022 017 039 035 078 07A 1C5 1CC 01E 039 029 001 01E 039 023 01B 022 1C8 010 03D 01F 01F 020 001 02A 015 038 084 05C 078 084 051 060 03C 1C8 0D3 03E 022 024 011 015 011 079 1C0	"<SPEAKER>「うわー ごめんなさーい
おれ リルちゃんを ひとりじめ
したかったんだよー<WAIT><SPEAKER>「もう こんなことは しないから
ゆるしてくれよー!<WAIT><SPEAKER>「それは それとして
あんたたち ひかるビーダマを
持ってないかい?"
02	C7	0x02C7	0x025E53	0x025E54	85	678	160	1CC 024 03D 084 01B 03F 079 001 01B 03D 011 037 015 079 1C8 03B 01B 03F 001 093 032 001 084 04D 076 043 084 05C 078 01A 02E 015 036 1C8 0A6 011 023 036 03D 084 01E 1C5 1CC 081 081 081 02E 010 001 015 017 025 03D 029 001 010 023 084 022 1C8 01C 038 015 081 081 081 035 01B 001 035 017 0A6 017 03D 084 01F 07A 1C5 1CC 019 019 084 022 028 001 014 02E 013 028 1C8 01B 084 019 023 029 001 0C8 11C 01A 084 016 041 012 084 01F 07A 1C5 1CC 01B 03D 011 037 029 001 02E 084 01C 001 10B 10C 02C 08D 018 07A 1C8 01E 019 084 022 001 02E 084 01C 001 014 025 028 035 012 025 1C8 029 01F 036 016 02E 017 038 03D 084 01F 07A 001 03B 015 03E 01F 024 07A 1C0	"<SPEAKER>「なんじゃ? しんいりか?
わしゃ 何も ジェイビーさまから
聞いとらんぞ<WAIT><SPEAKER>「・・・まあ かくにんは あとで
するか・・・よし よく聞くんだ!<WAIT><SPEAKER>「ここでの おまえの
しごとは 発掘さぎょうだ!<WAIT><SPEAKER>「しんいりは まず 鉱山へ行け!
そこで まず おにのように
はたらきまくるんだ! わかったな!"
02	C8	0x02C8	0x025EA9	0x025EAA	22	169	37	1CC 035 01B 001 10B 10C 025 001 028 084 02D 038 001 04A 078 084 05D 06A 028 1C8 016 03E 083 02B 03C 001 033 038 084 01E 011 07A 001 02D 039 07A 1C0	"<SPEAKER>「よし 鉱山に のぼる ケーブルの
きっぷを やるぞい! ほれ!"
02	C9	0x02C9	0x025EC0	0x025EC1	10	74	17	1CC 03B 015 03E 01F 036 001 01A 03E 01A 023 001 08D 018 011 07A 1C0	<SPEAKER>「わかったら さっさと 行けい!
02	CA	0x02CA	0x025ECB	0x025ECC	21	161	37	1CC 016 03E 083 02B 084 015 001 02D 01B 018 037 03F 1C8 025 032 021 03C 001 084 023 012 025 015 01B 022 1C8 02E 01F 017 038 03D 084 01F 024 07A 1C0	"<SPEAKER>「きっぷが ほしけりゃ
にもつを どうにかして
またくるんだな!"
02	CB	0x02CB	0x025EE1	0x025EE2	44	346	82	1CC 019 019 029 001 062 04D 073 023 001 020 084 015 03E 022 1C8 029 01F 036 011 01F 036 001 029 01F 036 011 01F 084 02B 03D 084 01F 018 1C8 01F 028 01B 017 001 01C 084 019 01D 038 023 019 03A 084 01F 1C5 1CC 084 04D 076 043 084 05C 078 01A 02E 025 001 0FC 193 028 1C8 099 0D3 020 03C 001 03B 01C 039 084 01C 025 024 03E 07A 1C0	"<SPEAKER>「ここは ムショと ちがって
はたらいたら はたらいたぶんだけ
たのしく すごせるところだ<WAIT><SPEAKER>「ジェイビーさまに 感謝の
気持ちを わすれずになっ!"
02	CC	0x02CC	0x025F0E	0x025F0F	9	71	18	1D0 06B 084 054 075 029 001 016 03D 019 03C 001 01B 036 084 02C 01F 1C0	"<CLEAR>
レディは きんこを しらべた"
02	CD	0x02CD	0x025F18	0x025F19	11	82	22	1D0 016 03D 019 084 015 001 010 038 1C8 010 015 024 011 035 012 084 01F 081 081 081 1C0	"<CLEAR>
きんこが ある
あかないようだ・・・"
02	CE	0x02CE	0x025F24	0x025F25	53	417	94	1CC 014 014 001 0A0 029 001 01C 084 02C 022 0A6 011 01F 084 01D 1C8 084 04D 076 043 084 05C 078 03C 001 01F 014 01B 022 017 039 038 024 036 1C8 0CB 12A 03C 001 020 041 012 01F 021 01C 038 084 01D 1C5 1CC 10B 10C 025 029 001 123 013 038 0CB 12A 084 015 1C8 01F 03D 02E 037 010 038 015 036 1C8 11C 037 106 01C 01F 084 02A 025 001 129 025 024 036 084 02C 022 014 017 084 01D 1C0	"<SPEAKER>「おお 話は すべて聞いたぜ
ジェイビーを たおしてくれるなら
武器を ちょうたつするぜ<WAIT><SPEAKER>「鉱山には 使える武器が
たんまりあるから
掘り出すたびに 店にならべておくぜ"
02	CF	0x02CF	0x025F5A	0x025F5B	44	352	79	1CC 014 07A 001 01E 039 029 001 018 036 039 01F 0A7 025 1C8 0CE 0AC 024 068 070 048 078 03C 001 032 01F 036 01C 023 011 012 1C8 092 08F 028 001 010 015 011 05B 043 05C 078 06A 07A 1C5 1CC 027 013 020 03F 03D 07A 001 01F 028 030 07A 1C8 01E 011 021 084 022 001 014 039 03C 001 018 03E 022 017 039 024 011 015 079 1C0	"<SPEAKER>「お! それは けられた昔に
多大なラッキーを もたらすという
伝説の あかいハイヒール!<WAIT><SPEAKER>「ねえちゃん! たのむ!
そいつで おれを けってくれないか?"
02	D0	0x02D0	0x025F87	0x025F88	7	49	12	1CC 043 045 078 001 033 03E 01F 084 01D 07A 1C0	<SPEAKER>「イエー やったぜ!
02	D1	0x02D1	0x025F8F	0x025F90	26	208	44	1CC 027 013 020 03F 03D 001 01F 028 030 035 07A 1C8 014 039 023 010 03D 01F 028 001 024 015 084 01B 03F 027 013 015 07A 1C8 013 03D 037 041 029 011 036 027 013 084 01D 07A 1C0	"<SPEAKER>「ねえちゃん たのむよ!
おれとあんたの なかじゃねえか!
えんりょはいらねえぜ!"
02	D2	0x02D2	0x025FAA	0x025FAB	30	239	54	1CC 011 022 078 07A 1C8 084 022 032 016 032 020 011 011 078 07A 1C5 1CC 01A 022 001 011 011 10F 011 03C 1C8 01A 01D 022 032 036 03E 01F 001 023 019 03A 084 022 1C8 014 039 011 025 001 019 039 03C 033 038 035 07A 1C0	"<SPEAKER>「いてー!
でもきもちいいー!<WAIT><SPEAKER>「さて いい思いを
させてもらった ところで
おれいに これをやるよ!"
02	D3	0x02D3	0x025FC9	0x025FCA	23	184	42	1CC 014 07A 001 01E 039 029 081 081 081 1C8 027 013 020 03F 03D 001 019 03E 020 025 097 022 1C8 01E 028 049 053 03C 001 035 017 090 01D 022 017 039 027 013 015 079 1C0	"<SPEAKER>「お! それは・・・
ねえちゃん こっちに来て
そのクツを よく見せてくれねえか?"
02	D4	0x02D4	0x025FE1	0x025FE2	112	894	210	1CC 011 033 001 06B 084 054 075 01A 03D 07A 1C8 02D 03D 023 025 001 0FC 193 01B 022 02E 01C 035 1C5 1CC 02D 015 028 001 113 091 032 001 024 03D 023 015 1C8 010 028 084 04D 076 043 084 05C 078 028 001 011 016 028 027 03C 1C8 023 031 01F 011 023 001 10F 03E 023 038 03D 084 022 01C 084 015 1C5 1CC 03B 01B 036 084 022 029 001 01A 015 084 01F 020 01B 022 032 1C8 01F 020 012 020 001 084 022 016 03D 001 010 011 022 084 022 01C 03B 07A 1C5 1CC 084 01F 015 036 081 081 081 06B 084 054 075 01A 03D 07A 1C8 015 03D 084 021 031 025 001 01A 039 01F 001 024 015 02E 028 1C8 015 01F 016 03C 001 012 03E 022 017 084 01F 01D 013 07A 1C5 1CC 015 01F 016 03C 001 012 03E 022 017 039 038 03D 024 036 1C8 01B 025 032 028 084 017 038 011 084 022 001 012 032 039 01F 0CB 12A 03C 1C8 11C 037 106 01B 02E 01C 07A 001 084 023 012 015 01F 028 03D 02E 01C 07A 1C0	"<SPEAKER>「いや レディさん!
ほんとに 感謝してますよ<WAIT><SPEAKER>「ほかの 囚人も なんとか
あのジェイビーの いきのねを
とめたいと 思っとるんですが<WAIT><SPEAKER>「わしらでは さかだちしても
たちうち できん あいてですわ!<WAIT><SPEAKER>「だから・・・レディさん!
かんづめに された なかまの
かたきを うってくだせえ!<WAIT><SPEAKER>「かたきを うってくれるんなら
しにものぐるいで うもれた武器を
掘り出します! どうかたのんます!"
02	D5	0x02D5	0x026052	0x026053	53	420	98	1CC 013 079 001 158 0A5 03C 001 028 084 02D 038 001 017 021 079 1C5 1CC 012 03D 001 10B 10C 084 022 001 123 03E 022 01F 018 084 023 1C8 010 039 029 001 084 047 04E 084 015 024 011 023 1C8 033 017 025 001 01F 01F 024 011 035 07A 1C5 1CC 01E 039 084 022 032 001 011 011 024 036 1C8 123 03E 022 017 084 01F 01A 011 035 001 05E 05E 001 014 039 1C8 150 001 029 011 022 038 03D 084 022 01C 035 1C0	"<SPEAKER>「え? 岩場を のぼる くつ?<WAIT><SPEAKER>「うん 鉱山で 使ってたけど
あれは ガスがないと
やくに たたないよ!<WAIT><SPEAKER>「それでも いいなら
使ってくださいよ ヘヘ おれ
今 はいてるんですよ"
02	D6	0x02D6	0x026088	0x026089	16	125	30	1CC 020 041 03E 023 001 017 01A 011 015 032 1C8 01B 039 024 011 018 084 023 001 029 011 001 084 023 078 084 01E 07A 1C0	"<SPEAKER>「ちょっと くさいかも
しれないけど はい どーぞ!"
02	D7	0x02D7	0x026099	0x02609A	9	72	16	1CC 01A 03E 01E 017 001 029 011 022 02F 02E 01C 015 011 079 1C0	<SPEAKER>「さっそく はいてみますかい?
02	D8	0x02D8	0x0260A3	0x0260A4	65	516	121	1CC 06C 04A 070 055 084 017 021 03C 001 0C2 0C4 01B 022 1C8 084 047 04E 028 001 117 016 106 022 011 038 001 023 019 03A 025 1C8 028 039 084 029 001 084 047 04E 03C 001 02D 016 040 012 084 022 016 038 035 1C5 1CC 01E 01B 022 001 16E 03E 023 001 01A 018 084 02C 084 029 1C8 01C 019 01B 017 036 011 028 001 105 01A 024 036 1C8 084 04D 071 06F 083 05D 084 022 016 038 035 1C5 1CC 084 022 032 001 01C 084 017 001 084 047 04E 084 015 1C8 024 017 024 03E 020 03F 012 018 084 023 027 07A 1C0	"<SPEAKER>「ロケットぐつを 装備して
ガスの 噴き出ている ところに
のれば ガスを ほきゅうできるよ<WAIT><SPEAKER>「そして Aっと さけべば
すこしくらいの 高さなら
ジャンプできるよ<WAIT><SPEAKER>「でも すぐ ガスが
なくなっちゃうけどね!"
02	D9	0x02D9	0x0260E5	0x0260E6	43	344	85	1CC 019 012 02F 013 022 032 001 014 039 029 001 010 01B 084 015 1C8 020 011 01A 011 03D 084 022 01C 035 001 084 01F 015 036 1C8 06B 084 054 075 01A 03D 025 01B 015 001 010 03B 024 011 035 1C5 1CC 084 01F 015 036 001 06B 084 054 075 01A 03D 028 1C8 025 032 021 03C 001 01D 011 037 01B 022 1C8 02E 01F 001 097 022 017 084 01F 01A 011 035 1C0	"<SPEAKER>「こうみえても おれは あしが
ちいさいんですよ だから
レディさんにしか あわないよ<WAIT><SPEAKER>「だから レディさんの
にもつを せいりして
また 来てくださいよ"
02	DA	0x02DA	0x026111	0x026112	13	100	22	1D0 084 055 084 055 05E 043 029 1C8 06C 04A 070 055 084 017 021 03C 0C2 0C4 01B 01F 1C0	"<CLEAR>
ドドヘイは
ロケットぐつを装備した"
02	DB	0x02DB	0x02611F	0x026120	93	743	172	1CC 05E 084 05D 069 028 033 03A 012 07A 001 09A 08B 084 015 1C8 178 1BA 01B 022 011 01F 03D 084 022 01C 035 07A 1C5 1CC 06B 084 054 075 01A 03D 03C 001 10B 10C 025 08D 015 01D 022 1C8 01E 028 010 023 001 01C 084 017 025 001 084 04D 076 043 084 05C 078 025 1C8 02D 012 019 017 01B 022 011 01F 03D 084 022 01A 010 1C5 1CC 011 033 029 033 001 01C 03E 015 037 084 01F 02E 01A 039 02E 01B 01F 03B 1C8 010 001 01E 012 01E 012 001 012 01B 03A 028 016 03D 019 025 1C8 02E 032 028 045 048 04E 084 015 001 010 037 033 01C 035 1C5 1CC 01E 011 021 03C 028 03D 084 022 001 019 03D 084 023 029 1C8 09A 08B 084 023 032 028 001 01C 02F 015 025 1C8 14D 08E 01B 022 001 033 037 033 01B 041 012 035 07A 1C0	"<SPEAKER>「ヘブリのやろう! 魔物が
変身していたんですよ!<WAIT><SPEAKER>「レディさんを 鉱山に行かせて
そのあと すぐに ジェイビーに
ほうこくしていたんでさあ<WAIT><SPEAKER>「いやはや すっかりだまされましたわ
あ そうそう うしろのきんこに
まものエキスが ありやすよ<WAIT><SPEAKER>「そいつをのんで こんどは
魔物どもの すみかに
寝入して やりやしょうよ!"
02	DC	0x02DC	0x02617D	0x02617E	27	212	45	1CC 010 03D 01F 001 090 015 018 03D 001 015 014 084 01F 024 1C8 05E 084 05D 069 084 01B 011 01A 03D 025 001 010 011 01A 021 1C8 01B 023 011 01F 02D 012 084 015 001 011 011 035 1C0	"<SPEAKER>「あんた 見かけん かおだな
ヘブリじいさんに あいさつ
しといたほうが いいよ"
02	DD	0x02DD	0x026199	0x02619A	18	138	31	1CC 06B 001 06B 084 054 075 01A 03D 07A 1C8 024 015 02E 028 001 015 01F 016 03C 1C8 012 03E 022 017 084 01F 01D 013 07A 1C0	"<SPEAKER>「レ レディさん!
なかまの かたきを
うってくだせえ!"
02	DE	0x02DE	0x0261AC	0x0261AD	23	177	39	1CC 027 078 020 03F 03D 001 01B 03D 011 037 015 079 1C8 015 03B 011 011 001 015 014 01B 022 001 024 025 1C8 03B 038 01A 001 01B 01F 03D 084 01F 011 079 1C0	"<SPEAKER>「ねーちゃん しんいりか?
かわいい かおして なに
わるさ したんだい?"
02	DF	0x02DF	0x0261C4	0x0261C5	23	179	43	1CC 010 028 001 084 04D 071 06F 084 05F 033 03A 012 03C 1C8 084 02B 020 028 031 01C 01F 031 024 036 1C8 024 03D 084 022 032 001 022 021 084 01F 011 02E 01C 084 01D 07A 1C0	"<SPEAKER>「あの ジャンボやろうを
ぶちのめすためなら
なんでも てつだいますぜ!"
02	E0	0x02E0	0x0261DC	0x0261DD	65	515	123	1CC 014 07A 001 084 055 084 055 05E 043 015 011 079 081 081 081 1C8 024 03D 084 01F 081 081 081 001 01B 03D 011 037 015 081 081 1C5 1CC 011 033 001 024 025 001 023 032 084 01F 020 028 1C8 084 055 084 055 05E 043 084 015 001 10B 10C 015 036 001 093 120 032 1C8 032 084 023 03E 022 019 024 011 03D 084 01F 035 1C5 1CC 02E 010 001 010 011 021 029 001 051 05D 084 01F 015 036 1C8 023 02E 037 019 02F 084 022 001 084 047 06F 084 047 06F 1C8 033 03E 022 038 023 029 001 10F 012 018 084 023 027 1C0	"<SPEAKER>「お! ドドヘイかい?・・・
なんだ・・・ しんいりか・・<WAIT><SPEAKER>「いや なに ともだちの
ドドヘイが 鉱山から 何日も
もどってこないんだよ<WAIT><SPEAKER>「まあ あいつは タフだから
とまりこみで ガンガン
やってるとは 思うけどね"
02	E1	0x02E1	0x02621E	0x02621F	50	398	95	1CC 024 015 02E 028 001 015 03D 084 021 031 029 1C8 023 037 010 013 084 01C 001 019 028 0C9 025 001 029 019 03D 084 022 1C8 02E 011 01E 012 001 01B 022 033 037 02E 01B 01F 1C5 1CC 01E 039 025 01B 022 032 001 015 03D 084 021 031 084 01F 024 03D 022 1C8 010 028 001 084 04D 071 06F 084 05F 084 05E 084 05C 078 028 033 03A 012 1C8 091 0E3 03C 001 024 031 033 084 015 03E 022 07A 1C0	"<SPEAKER>「なかまの かんづめは
とりあえず この町に はこんで
まいそう してやりました<WAIT><SPEAKER>「それにしても かんづめだなんて
あの ジャンボベビーのやろう
人間を なめやがって!"
02	E2	0x02E2	0x026251	0x026252	18	141	34	1CC 014 012 001 01B 03D 011 037 015 079 081 081 081 1C8 020 041 03E 023 001 0DA 0B3 028 001 01C 02F 02E 084 022 1C8 097 011 033 07A 1C0	"<SPEAKER>「おう しんいりか?・・・
ちょっと 部屋の すみまで
来いや!"
02	E3	0x02E3	0x026264	0x026265	41	325	75	1CC 011 02E 084 022 032 001 015 03D 084 021 031 028 001 034 031 03C 1C8 090 038 019 023 084 015 010 038 03D 084 01F 035 1C5 1CC 011 021 015 001 020 084 02A 03E 020 02E 011 01E 012 084 01F 015 036 1C8 027 038 02E 013 025 029 001 011 021 032 001 055 043 06B 025 1C8 08D 03E 022 014 017 03D 084 01F 1C0	"<SPEAKER>「いまでも かんづめの ゆめを
見ることがあるんだよ<WAIT><SPEAKER>「いつか ちびっちまいそうだから
ねるまえには いつも トイレに
行っておくんだ"
02	E4	0x02E4	0x02628E	0x02628F	31	248	60	1CC 014 001 014 039 029 035 078 081 081 081 001 019 001 10B 10C 028 1C8 0A1 084 022 001 023 001 023 03D 084 022 032 024 011 032 028 03C 1C8 090 020 02E 03E 01F 03D 084 01F 1C5 1CC 024 001 024 015 02E 084 015 001 012 014 014 081 081 081 1C0	"<SPEAKER>「お おれはよー・・・ こ 鉱山の
中で と とんでもないものを
見ちまったんだ<WAIT><SPEAKER>「な なかまが うおお・・・"
02	E5	0x02E5	0x0262AE	0x0262AF	17	129	30	1CC 033 001 033 03E 083 029 037 001 011 013 027 013 081 081 1C8 0FA 032 001 01B 03D 035 012 084 022 016 027 013 07A 1C0	"<SPEAKER>「や やっぱり いえねえ・・
誰も しんようできねえ!"
02	E6	0x02E6	0x0262C0	0x0262C1	51	402	89	1CC 014 039 029 001 04D 071 084 05B 084 022 032 001 01A 015 084 029 028 1C8 060 04E 051 078 03C 001 033 03E 022 01F 03D 084 01F 1C5 1CC 014 0D8 01A 03D 025 029 001 012 078 03D 081 081 081 1C8 06C 069 05D 06A 001 083 05B 06F 052 023 011 012 1C8 047 049 054 06A 084 015 001 025 010 011 015 024 1C5 1CC 056 051 081 084 054 081 064 064 08E 037 084 01F 035 1C0	"<SPEAKER>「おれは シャバでも さかばの
マスターを やってたんだ<WAIT><SPEAKER>「お嬢さんには うーん・・・
ロリフル パンチという
カクテルが にあいかな<WAIT><SPEAKER>「ナタ・デ・モモ入りだよ"
02	E7	0x02E7	0x0262F4	0x0262F5	55	433	111	1CC 024 011 01B 041 084 01F 018 084 023 035 001 014 039 029 1C8 010 028 001 084 04D 071 06F 084 05F 001 084 05E 084 05C 078 084 05B 06C 06F 084 015 1C8 084 01F 011 03E 016 039 013 001 024 03D 084 01F 035 1C5 1CC 024 03D 084 01F 015 03D 084 01F 001 01F 011 084 017 012 029 1C8 035 017 01B 022 017 039 038 03D 084 01F 018 084 023 035 1C5 1CC 011 02E 011 020 001 01B 03D 035 012 084 015 1C8 084 022 016 027 013 03D 084 01F 035 001 012 011 078 1C0	"<SPEAKER>「ないしょだけどよ おれは
あの ジャンボ ベビーバロンが
だいっきれえ なんだよ<WAIT><SPEAKER>「なんだかんだ たいぐうは
よくしてくれるんだけどよ<WAIT><SPEAKER>「いまいち しんようが
できねえんだよ ういー"
02	E8	0x02E8	0x02632C	0x02632D	11	85	22	1D0 02C 03D 084 01B 084 015 024 011 1C8 025 03D 084 016 041 012 028 035 012 084 01F 1C0	"<CLEAR>
へんじがない
にんぎょうのようだ"
02	E9	0x02E9	0x026338	0x026339	22	175	40	1CC 01E 028 0D2 029 001 01A 015 084 029 028 1C8 042 043 084 055 06A 001 025 03D 084 016 041 012 028 1C8 069 06A 020 03F 03D 03E 022 001 011 012 03D 084 01F 1C0	"<SPEAKER>「その子は さかばの
アイドル にんぎょうの
リルちゃんって いうんだ"
02	EA	0x02EA	0x02634F	0x026350	42	336	81	1CC 014 039 01F 020 001 10B 10C 02C 001 01A 084 016 041 012 025 1C8 08D 017 02E 013 025 029 001 015 024 036 084 01C 1C8 069 06A 020 03F 03D 025 001 052 072 078 01B 022 011 017 03D 084 01F 1C5 1CC 02E 010 001 01A 084 016 041 012 001 010 03D 084 01D 03D 028 1C8 014 02E 084 01B 024 011 001 02F 01F 011 024 001 032 03D 035 1C0	"<SPEAKER>「おれたち 鉱山へ さぎょうに
行くまえには かならず
リルちゃんに チューしていくんだ<WAIT><SPEAKER>「まあ さぎょう あんぜんの
おまじない みたいな もんよ"
02	EB	0x02EB	0x02637A	0x02637B	58	459	108	1CC 017 03B 078 07A 001 01A 084 016 041 012 028 001 010 023 028 1C8 01A 018 029 001 012 02E 011 024 078 001 084 049 083 05C 084 049 083 05C 1C5 1CC 01E 012 01E 012 001 024 03D 015 001 10B 10C 028 1C8 0B8 028 001 02D 012 084 022 001 093 015 084 015 1C8 02F 021 015 03E 01F 001 023 015 001 011 03E 022 01F 024 1C5 1CC 017 03B 01B 011 019 023 029 001 035 017 1C8 03B 015 036 03D 018 084 023 024 001 084 049 083 05C 084 049 083 05C 1C0	"<SPEAKER>「くわー! さぎょうの あとの
さけは うまいなー グピグピ<WAIT><SPEAKER>「そうそう なんか 鉱山の
下の ほうで 何かが
みつかった とか いってたな<WAIT><SPEAKER>「くわしいことは よく
わからんけどな グピグピ"
02	EC	0x02EC	0x0263B5	0x0263B6	26	204	43	1CC 01A 015 084 029 028 001 060 04E 051 078 03E 022 028 029 1C8 093 084 015 001 014 019 03E 022 032 001 021 027 025 1C8 039 011 01D 011 084 022 011 024 011 023 027 07A 1C0	"<SPEAKER>「さかばの マスターってのは
何が おこっても つねに
れいせいでいないとね!"
02	ED	0x02ED	0x0263D0	0x0263D1	44	345	85	1CC 024 07A 001 024 07A 001 033 03E 083 029 037 1C8 014 039 028 001 011 03E 01F 023 014 037 084 01F 03A 07A 1C5 1CC 010 028 001 084 04D 071 06F 084 05F 084 05E 084 05C 078 028 033 021 07A 1C5 1CC 016 03E 023 001 0A9 103 0A1 028 1C8 091 0E3 03C 001 015 03D 084 021 031 025 01B 022 1C8 0E4 084 02C 038 001 021 032 037 084 01F 084 01E 07A 1C0	"<SPEAKER>「な! な! やっぱり
おれの いったとおりだろ!<WAIT><SPEAKER>「あの ジャンボベビーのやつ!<WAIT><SPEAKER>「きっと 世界中の
人間を かんづめにして
食べる つもりだぞ!"
02	EE	0x02EE	0x0263FD	0x0263FE	62	495	114	1CC 017 01E 078 07A 001 084 023 01A 017 01A 025 1C8 02E 084 016 039 022 001 069 06A 020 03F 03D 084 015 1C8 026 01C 02E 039 022 01B 02E 03E 01F 07A 1C5 1CC 084 04D 076 043 084 05C 078 032 001 025 017 01F 036 01B 011 018 084 023 1C8 069 06A 020 03F 03D 03C 001 026 01C 03D 084 01F 033 021 029 1C8 003 002 002 17F 001 025 017 01F 036 01B 011 084 01E 07A 1C5 1CC 014 039 028 001 069 06A 020 03F 03D 03C 1C8 015 013 01D 035 078 001 015 013 01D 035 078 07A 1C0	"<SPEAKER>「くそー! どさくさに
まぎれて リルちゃんが
ぬすまれてしまった!<WAIT><SPEAKER>「ジェイビーも にくたらしいけど
リルちゃんを ぬすんだやつは
100倍 にくたらしいぞ!<WAIT><SPEAKER>「おれの リルちゃんを
かえせよー かえせよー!"
02	EF	0x02EF	0x02643C	0x02643D	14	107	27	1CC 012 03B 03E 07A 001 01E 039 029 001 014 039 028 1C8 069 06A 020 03F 03D 07A 001 012 03B 078 011 07A 1C0	"<SPEAKER>「うわっ! それは おれの
リルちゃん! うわーい!"
02	F0	0x02F0	0x02644B	0x02644C	17	129	30	1D0 014 03E 01A 03D 029 001 069 06A 020 03F 03D 03C 1C8 084 01F 016 01B 031 022 001 035 03A 019 03D 084 022 011 038 1C0	"<CLEAR>
おっさんは リルちゃんを
だきしめて よろこんでいる"
02	F1	0x02F1	0x02645D	0x02645E	26	203	50	1CC 011 033 078 07A 001 084 023 012 032 001 010 037 084 015 023 012 1C8 047 084 04D 05A 084 022 001 032 036 03E 01F 08B 084 01F 018 084 023 1C8 019 039 03C 001 012 018 023 03E 022 017 039 035 07A 1C0	"<SPEAKER>「いやー! どうも ありがとう
カジノで もらった物だけど
これを うけとってくれよ!"
02	F2	0x02F2	0x026478	0x026479	9	72	15	1CC 01F 031 01B 025 001 029 031 022 02F 038 015 011 079 1C0	<SPEAKER>「ためしに はめてみるかい?
02	F3	0x02F3	0x026482	0x026483	25	197	47	1CC 014 039 029 001 032 012 001 069 06A 020 03F 03D 03C 1C8 029 024 01A 024 011 084 01E 07A 001 027 084 017 036 025 1C8 0D3 03E 022 015 013 03E 022 001 015 017 01B 022 014 019 012 07A 1C0	"<SPEAKER>「おれは もう リルちゃんを
はなさないぞ! ねぐらに
持ってかえって かくしておこう!"
02	F4	0x02F4	0x02649C	0x02649D	55	433	101	1CC 084 049 083 05C 084 049 083 05C 001 084 049 083 05C 084 049 083 05C 1C8 010 03D 024 001 084 022 015 011 001 09A 08B 025 1C8 015 022 038 03B 018 001 024 011 035 001 084 049 083 05C 1C5 1CC 084 023 012 01D 001 0E4 03B 039 020 02E 012 024 036 1C8 01E 028 02E 013 025 001 10F 012 084 01E 03D 084 02B 03D 1C8 028 030 084 01E 07A 001 084 049 083 05C 084 049 083 05C 084 049 083 05C 084 049 083 05C 07A 1C0	"<SPEAKER>「グピグピ グピグピ
あんな でかい 魔物に
かてるわけ ないよ グピ<WAIT><SPEAKER>「どうせ 食われちまうなら
そのまえに 思うぞんぶん
のむぞ! グピグピグピグピ!"
02	F5	0x02F5	0x0264D4	0x0264D5	47	374	88	1CC 02C 03E 02C 03E 02C 03E 001 019 019 028 001 109 12B 029 1C8 084 01D 03D 084 02B 001 084 054 04E 084 05B 06B 078 10B 10C 084 022 1C8 0C8 11C 001 01B 01F 032 028 024 03D 084 01F 1C5 1CC 064 06F 04E 051 078 084 023 032 029 001 011 036 024 011 1C8 02F 01F 011 084 01F 015 036 001 024 015 02E 012 020 084 022 1C8 0A2 037 0A8 011 01B 022 038 028 01A 1C0	"<SPEAKER>「へっへっへっ ここの 商品は
ぜんぶ デスバレー鉱山で
発掘 したものなんだ<WAIT><SPEAKER>「モンスターどもは いらない
みたいだから なかまうちで
売り買いしてるのさ"
02	F6	0x02F6	0x026504	0x026505	31	244	62	1CC 06B 084 054 075 01A 03D 07A 001 014 039 01F 020 1C8 02A 03E 01B 084 022 001 0CB 12A 03C 1C8 0C8 11C 01B 02E 01C 015 036 1C5 1CC 024 03D 023 015 001 084 04D 076 043 084 05C 078 03C 1C8 084 02B 020 028 031 01B 022 001 017 084 01F 01D 013 07A 1C0	"<SPEAKER>「レディさん! おれたち
ひっしで 武器を
発掘しますから<WAIT><SPEAKER>「なんとか ジェイビーを
ぶちのめして くだせえ!"
02	F7	0x02F7	0x026524	0x026525	39	309	69	1CC 0CB 12A 03C 001 184 01B 022 011 01F 036 1C8 017 03A 011 001 02E 038 011 01F 02E 03C 1C8 02F 021 018 01F 03D 084 01F 035 1C5 1CC 084 022 032 001 01A 03B 038 023 001 177 025 1C8 017 03A 011 08B 084 015 001 021 011 020 03F 03E 01F 015 036 1C8 033 01C 017 01B 023 017 035 1C0	"<SPEAKER>「武器を 探していたら
くろい まるいたまを
みつけたんだよ<WAIT><SPEAKER>「でも さわると 手に
くろい物が ついちゃったから
やすくしとくよ"
02	F8	0x02F8	0x02654C	0x02654D	18	140	30	1CC 02C 011 001 011 036 03E 01B 03F 011 07A 001 019 019 029 1C8 084 048 071 068 069 078 001 049 06A 078 056 084 01F 1C0	"<SPEAKER>「へい いらっしゃい! ここは
ギャラリー クルーナだ"
02	F9	0x02F9	0x02655F	0x026560	19	145	31	1CC 02C 011 001 011 036 03E 01B 03F 011 07A 001 019 019 029 1C8 084 048 071 068 069 078 001 049 06A 078 056 004 084 01F 1C0	"<SPEAKER>「へい いらっしゃい! ここは
ギャラリー クルーナ2だ"
02	FA	0x02FA	0x026573	0x026574	21	164	41	1CC 084 022 032 001 02E 084 01F 001 12B 08B 084 015 024 017 022 027 081 081 081 1C8 02C 02C 02C 001 0C8 11C 001 084 015 03D 084 029 036 024 016 03F 081 081 081 1C0	"<SPEAKER>「でも まだ 品物がなくてね・・・
へへへ 発掘 がんばらなきゃ・・・"
02	FB	0x02FB	0x026589	0x02658A	32	250	63	1CC 035 012 019 01E 07A 001 019 019 029 1C8 047 084 04D 05A 084 01F 07A 1C5 1CC 019 019 084 022 029 001 04B 043 06F 01B 015 1C8 123 013 024 011 015 036 001 048 071 070 04D 071 078 084 022 1C8 094 03C 001 04B 043 06F 025 001 015 013 022 017 039 07A 1C0	"<SPEAKER>「ようこそ! ここは
カジノだ!<WAIT><SPEAKER>「ここでは コインしか
使えないから キャッシャーで
金を コインに かえてくれ!"
02	FC	0x02FC	0x0265AA	0x0265AB	21	162	39	1CC 04B 043 06F 084 015 001 01F 02E 039 084 029 1C8 084 04B 078 084 04D 071 04E 024 001 01B 024 032 028 023 1C8 114 116 084 022 016 02E 01C 084 01D 07A 1C0	"<SPEAKER>「コインが たまれば
ゴージャスな しなものと
交換できますぜ!"
02	FD	0x02FD	0x0265C0	0x0265C1	24	187	41	1CC 019 019 025 011 038 023 001 024 03D 084 01F 015 1C8 015 03D 084 021 031 025 01A 039 038 001 019 03B 01A 032 1C8 03B 01C 039 020 02E 012 03D 084 01F 024 010 1C0	"<SPEAKER>「ここにいると なんだか
かんづめにされる こわさも
わすれちまうんだなあ"
02	FE	0x02FE	0x0265D9	0x0265DA	38	303	71	1CC 04E 06C 070 055 028 0A1 025 029 1C8 0B6 014 01B 084 022 016 038 08B 023 1C8 084 022 016 024 011 08B 084 015 010 038 035 1C5 1CC 084 022 032 001 015 017 037 021 029 1C8 178 03B 036 024 011 015 036 001 01C 016 024 02D 012 03C 1C8 013 036 03D 084 022 001 033 038 023 011 011 035 1C0	"<SPEAKER>「スロットの中には
目おしできる物と
できない物があるよ<WAIT><SPEAKER>「でも かくりつは
変わらないから すきなほうを
えらんで やるといいよ"
02	FF	0x02FF	0x026600	0x026601	44	347	79	1CC 015 011 022 03D 01B 022 038 001 069 078 06A 03C 1C8 035 078 017 001 090 038 03D 084 01F 07A 001 023 025 015 017 1C8 090 022 001 090 022 001 090 02E 017 038 03D 084 01F 07A 1C5 1CC 01E 012 01C 039 084 029 001 011 084 01C 039 001 069 078 06A 028 1C8 191 084 015 001 090 013 038 035 012 025 024 038 084 01E 07A 1C0	"<SPEAKER>「かいてんしてる リールを
よーく 見るんだ! とにかく
見て 見て 見まくるんだ!<WAIT><SPEAKER>「そうすれば いずれ リールの
絵が 見えるようになるぞ!"
03	00	0x0300	0x02662D	0x02662E	36	285	70	1CC 014 039 029 001 024 015 02E 015 036 001 0CC 19A 023 1C8 035 084 029 039 038 02D 084 023 001 04E 06C 070 055 029 1C8 023 017 011 024 03D 084 01F 07A 1C5 1CC 018 084 023 035 078 001 016 041 012 029 001 020 041 03E 023 1C8 020 041 012 01B 084 015 001 03B 038 011 084 01D 07A 1C0	"<SPEAKER>「おれは なかまから 巨匠と
よばれるほど スロットは
とくいなんだ!<WAIT><SPEAKER>「けどよー きょうは ちょっと
ちょうしが わるいぜ!"
03	01	0x0301	0x026652	0x026653	15	116	27	1CC 012 014 078 07A 001 097 01F 097 01F 07A 1C8 039 03D 020 03F 03D 001 029 011 03E 01F 084 022 078 07A 1C0	"<SPEAKER>「うおー! 来た来た!
れんちゃん はいったでー!"
03	02	0x0302	0x026662	0x026663	41	323	68	1CC 04A 001 04F 068 001 04F 068 078 07A 1C8 024 038 035 012 025 001 024 038 084 01D 078 07A 1C5 1CC 01F 023 013 078 001 09A 08B 084 015 078 1C8 01D 031 022 097 022 032 078 001 014 039 029 078 1C5 1CC 084 029 017 020 03C 078 001 033 037 021 084 021 018 02E 01C 078 07A 1C0	"<SPEAKER>「ケ セラ セラー!
なるように なるぜー!<WAIT><SPEAKER>「たとえー 魔物がー
せめて来てもー おれはー<WAIT><SPEAKER>「ばくちをー やりつづけますー!"
03	03	0x0303	0x02668C	0x02668D	16	124	31	1CC 069 084 05B 078 051 044 06F 025 011 038 1C8 0AD 0AE 0B3 028 001 084 05F 084 05D 03C 1C8 15C 03E 022 011 038 015 079 1C0	"<SPEAKER>「リバータウンにいる
情報屋の ボブを
知っているか?"
03	04	0x0304	0x02669D	0x02669E	28	217	48	1CC 01E 012 015 001 014 01F 084 015 011 1C8 019 02E 03E 01F 164 029 001 084 05F 084 05D 084 01F 028 02F 03E 022 03B 018 015 1C8 15E 025 01F 021 190 084 01F 035 07A 001 010 011 021 029 07A 1C0	"<SPEAKER>「そうか おたがい
こまった時は ボブだのみってわけか
役にたつ男だよ! あいつは!"
03	05	0x0305	0x0266BA	0x0266BB	43	337	78	1CC 019 02E 03E 01F 164 028 001 084 05F 084 05D 084 01F 028 02F 1C8 023 001 011 03E 022 024 1C5 1CC 011 03A 011 03A 023 001 046 06B 01F 020 025 1C8 084 01B 041 084 018 03D 023 015 001 01B 022 017 039 038 1C8 033 021 024 03D 084 01F 035 1C5 1CC 011 020 084 023 001 11E 03E 023 011 01F 0B9 084 015 011 011 035 1C0	"<SPEAKER>「こまった時の ボブだのみ
と いってな<WAIT><SPEAKER>「いろいろと オレたちに
じょげんとか してくれる
やつなんだよ<WAIT><SPEAKER>「いちど 会っといた方がいいよ"
03	06	0x0306	0x0266E6	0x0266E7	44	345	78	1CC 047 083 05D 069 001 048 071 070 052 071 078 028 1C8 01B 041 012 02A 03D 029 001 023 016 084 023 016 1C8 011 039 015 013 022 038 015 036 027 1C5 1CC 01F 02E 025 001 032 028 01C 084 019 011 1C8 084 04B 078 084 04D 071 04E 024 001 01B 041 012 02A 03D 03C 1C8 011 039 038 019 023 032 001 010 038 03D 084 01F 1C0	"<SPEAKER>「カプリ キャッチャーの
しょうひんは ときどき
いれかえてるからね<WAIT><SPEAKER>「たまに ものすごい
ゴージャスな しょうひんを
いれることも あるんだ"
03	07	0x0307	0x026713	0x026714	40	317	79	1CC 019 039 029 001 047 083 05D 069 048 071 070 052 071 078 1C5 1CC 04A 078 04E 028 0A1 028 001 01B 041 012 02A 03D 03C 1C8 016 015 011 028 001 012 084 022 03C 001 123 03E 022 1C8 012 02E 017 001 048 071 070 052 084 022 016 039 084 029 081 081 081 1C5 1CC 01B 041 012 02A 03D 029 001 010 03D 01F 028 032 028 07A 1C0	"<SPEAKER>「これは カプリキャッチャー<WAIT><SPEAKER>「ケースの中の しょうひんを
きかいの うでを 使って
うまく キャッチできれば・・・<WAIT><SPEAKER>「しょうひんは あんたのもの!"
03	08	0x0308	0x02673C	0x02673D	13	100	25	1CC 047 083 05D 069 048 071 070 052 071 078 028 1C8 01D 021 031 011 03C 001 016 017 015 011 079 1C0	"<SPEAKER>「カプリキャッチャーの
せつめいを きくかい?"
03	09	0x0309	0x02674A	0x02674B	51	402	91	1CC 016 015 011 028 001 012 084 022 028 001 012 084 019 016 029 1C8 02E 084 01C 001 02F 084 023 037 084 05F 051 06F 084 022 001 1A3 1C8 021 084 016 025 001 010 015 084 05F 051 06F 084 022 001 1A1 1C5 1CC 084 05F 051 06F 03C 001 029 024 01D 084 029 001 012 084 022 029 1C8 01E 028 001 011 020 028 001 02E 0B8 028 08B 03C 1C8 021 015 030 03E 022 001 03B 018 01A 1C0	"<SPEAKER>「きかいの うでの うごきは
まず みどりボタンで ↗
つぎに あかボタンで ↖<WAIT><SPEAKER>「ボタンを はなせば うでは
その いちの ま下の物を
つかむって わけさ"
03	0A	0x030A	0x02677E	0x02677F	14	110	28	1CC 014 001 097 01F 024 079 1C8 01E 039 084 01B 03F 001 01B 041 012 02A 03D 03C 001 03B 01F 01C 084 01D 07A 1C0	"<SPEAKER>「お 来たな?
それじゃ しょうひんを わたすぜ!"
03	0B	0x030B	0x02678D	0x02678E	14	112	29	1CC 024 03D 084 01F 001 02E 084 01F 1C8 025 032 021 084 015 001 011 03E 083 029 011 084 01B 03F 027 078 015 07A 1C0	"<SPEAKER>「なんだ まだ
にもつが いっぱいじゃねーか!"
03	0C	0x030C	0x02679C	0x02679D	16	124	34	1D0 047 083 05D 069 048 071 070 052 071 078 029 1C8 003 169 001 04B 043 06F 004 115 084 022 01C 1C8 010 01E 084 02A 02E 01C 015 079 1C0	"<CLEAR>
カプリキャッチャーは
1回 コイン2枚です
あそびますか?"
03	0D	0x030D	0x0267AD	0x0267AE	19	149	45	1D0 047 083 05D 069 048 071 070 052 071 078 029 1C8 003 169 001 04B 043 06F 004 115 084 022 01C 1C8 084 022 032 001 04B 043 06F 084 015 001 010 037 02E 01D 03D 027 081 081 081 1C0	"<CLEAR>
カプリキャッチャーは
1回 コイン2枚です
でも コインが ありませんね・・・"
03	0E	0x030E	0x0267C1	0x0267C2	19	152	45	1D0 047 083 05D 069 048 071 070 052 071 078 029 1C8 003 169 001 04B 043 06F 004 115 084 022 01C 1C8 084 022 032 001 04B 043 06F 084 015 001 01F 037 02E 01D 03D 027 081 081 081 1C0	"<CLEAR>
カプリキャッチャーは
1回 コイン2枚です
でも コインが たりませんね・・・"
03	0F	0x030F	0x0267D5	0x0267D6	11	86	24	1D0 047 083 05D 069 048 071 070 052 071 078 015 036 1C8 1C4 084 015 001 084 022 022 016 01F 1C0	"<CLEAR>
カプリキャッチャーから
<INSERT_A>が でてきた"
03	10	0x0310	0x0267E1	0x0267E2	25	194	49	1CC 014 033 03E 001 014 0D8 020 03F 03D 1C8 014 019 02E 037 028 035 012 084 01F 027 079 001 01E 039 084 01B 03F 010 1C8 01B 041 012 02A 03D 029 001 014 039 084 015 001 010 084 01C 015 038 035 1C0	"<SPEAKER>「おやっ お嬢ちゃん
おこまりのようだね? それじゃあ
しょうひんは おれが あずかるよ"
03	11	0x0311	0x0267FB	0x0267FC	26	202	47	1CC 025 032 021 03C 001 024 03D 023 015 01B 022 1C8 023 037 025 097 022 017 039 035 07A 001 029 033 017 097 024 011 023 1C8 014 039 084 015 011 01F 084 01F 011 020 02E 012 084 01E 07A 1C0	"<SPEAKER>「にもつを なんとかして
とりに来てくれよ! はやく来ないと
おれがいただいちまうぞ!"
03	12	0x0312	0x026816	0x026817	6	41	11	1D0 084 01A 03D 027 03D 084 022 01B 01F 1C0	"<CLEAR>
ざんねんでした"
03	13	0x0313	0x02681D	0x02681E	9	71	17	1D0 032 012 011 020 084 023 001 010 01E 084 02A 02E 01C 015 079 1C0	"<CLEAR>
もういちど あそびますか?"
03	14	0x0314	0x026827	0x026828	13	97	24	1D0 04E 06C 070 055 060 04D 06F 084 015 010 037 02E 01C 1C8 010 01E 084 02A 02E 01C 015 079 1C0	"<CLEAR>
スロットマシンがあります
あそびますか?"
03	15	0x0315	0x026835	0x026836	16	122	35	1D0 04E 06C 070 055 060 04D 06F 084 015 010 037 02E 01C 1C8 084 022 032 001 04B 043 06F 084 015 001 010 037 02E 01D 03D 027 081 081 081 1C0	"<CLEAR>
スロットマシンがあります
でも コインが ありませんね・・・"
03	16	0x0316	0x026846	0x026847	27	210	53	1CC 024 03D 084 022 001 02F 03D 024 001 019 03D 024 08B 025 1C8 030 020 040 012 025 001 024 038 03D 084 022 01B 041 012 027 013 081 081 081 1C8 01A 03E 083 029 037 001 03B 015 037 02E 01D 03D 035 081 081 081 1C0	"<SPEAKER>「なんで みんな こんな物に
むちゅうに なるんでしょうねえ・・・
さっぱり わかりませんよ・・・"
03	17	0x0317	0x026862	0x026863	21	163	42	1CC 014 001 014 0D8 01A 02E 07A 1C8 0A0 01B 015 018 024 011 084 022 017 084 01F 01A 039 07A 1C8 011 02E 001 084 01F 011 084 01B 024 12F 084 022 01C 084 01B 03F 07A 1C0	"<SPEAKER>「お お嬢さま!
話しかけないでくだされ!
いま だいじな所ですじゃ!"
03	18	0x0318	0x026878	0x026879	46	365	88	1CC 149 14A 0CD 12F 001 084 054 04E 068 06F 084 055 10B 10C 028 1C8 083 05E 056 06F 055 029 001 04F 06F 04E 084 015 035 017 022 1C8 091 099 084 029 021 084 017 03D 084 01F 035 07A 1C5 1CC 0A8 03E 022 017 028 029 001 014 03E 01A 03D 033 1C8 113 091 084 029 03E 015 084 01F 018 084 023 024 07A 1C8 014 0D8 020 03F 03D 029 001 093 015 112 015 011 079 1C0	"<SPEAKER>「観光名所 デスランド鉱山の
ペナントは センスがよくて
人気ばつぐんだよ!<WAIT><SPEAKER>「買ってくのは おっさんや
囚人ばっかだけどな!
お嬢ちゃんは 何か用かい?"
03	19	0x0319	0x0268A7	0x0268A8	8	60	15	1D0 083 05E 056 06F 055 084 015 001 029 03E 022 010 038 1C0	"<CLEAR>
ペナントが はってある"
03	1A	0x031A	0x0268B0	0x0268B1	23	179	46	1CC 024 03D 084 01F 001 02E 084 01F 001 01A 084 016 041 012 029 1C8 014 03B 03E 022 024 011 001 029 084 01C 084 01F 084 01E 07A 1C8 144 017 001 10B 10C 025 001 032 084 023 039 07A 1C0	"<SPEAKER>「なんだ まだ さぎょうは
おわってない はずだぞ!
早く 鉱山に もどれ!"
03	1B	0x031B	0x0268C8	0x0268C9	15	118	25	1CC 014 07A 001 01B 03D 011 037 084 01F 024 07A 1C8 01B 03E 015 037 001 029 01F 036 018 035 07A 1C0	"<SPEAKER>「お! しんいりだな!
しっかり はたらけよ!"
03	1C	0x031C	0x0268D8	0x0268D9	22	175	42	1CC 024 03D 084 01F 001 014 02E 013 001 016 03E 083 02B 03C 1C8 0D3 03E 022 024 011 024 07A 001 03B 038 011 084 015 1C8 12E 01C 03B 018 025 029 001 011 015 03D 024 1C0	"<SPEAKER>「なんだ おまえ きっぷを
持ってないな! わるいが
通すわけには いかんな"
03	1D	0x031D	0x0268EF	0x0268F0	18	141	34	1CC 084 015 03D 084 029 03E 022 001 029 01F 036 018 084 029 1C8 047 084 04D 05A 028 0E1 084 015 001 032 036 013 038 015 036 024 07A 1C0	"<SPEAKER>「がんばって はたらけば
カジノの券が もらえるからな!"
03	1E	0x031E	0x026902	0x026903	21	167	39	1CC 01A 084 016 041 012 03C 001 01A 084 02D 03E 01F 036 1C8 011 01F 011 031 025 010 012 084 01E 07A 1C8 144 017 001 10B 10C 025 001 032 084 023 039 07A 1C0	"<SPEAKER>「さぎょうを さぼったら
いたいめにあうぞ!
早く 鉱山に もどれ!"
03	1F	0x031F	0x026918	0x026919	21	163	38	1CC 01B 03D 011 037 084 01F 024 07A 001 020 03F 03D 023 1C8 05E 084 05D 069 084 01B 011 01A 03D 025 1C8 010 011 01A 021 025 001 011 03E 01F 015 079 1C0	"<SPEAKER>「しんいりだな! ちゃんと
ヘブリじいさんに
あいさつに いったか?"
03	20	0x0320	0x02692E	0x02692F	20	155	37	1CC 02C 02C 02C 001 084 019 017 03A 012 01A 03D 1C8 016 041 012 032 001 0AF 120 1C8 010 03D 084 01D 03D 025 024 03E 07A 001 084 018 02C 02C 02C 1C0	"<SPEAKER>「へへへ ごくろうさん
きょうも 一日
あんぜんになっ! げへへへ"
03	21	0x0321	0x026943	0x026944	36	285	67	1CC 02E 03E 022 01F 084 01D 001 019 030 01C 031 035 07A 1C5 1CC 035 017 032 001 0D5 0B8 0B2 0C7 084 022 001 014 039 028 1C8 014 023 012 023 03C 001 033 03E 021 018 022 017 039 01F 024 07A 1C5 1CC 014 023 012 023 028 001 015 01F 016 07A 001 012 084 015 078 03E 07A 1C0	"<SPEAKER>「まってたぜ こむすめよ!<WAIT><SPEAKER>「よくも 地下水道で おれの
おとうとを やっつけてくれたな!<WAIT><SPEAKER>「おとうとの かたき! うがーっ!"
03	22	0x0322	0x026968	0x026969	8	58	16	1CC 014 02E 013 036 001 01B 03D 084 01B 03D 084 01F 024 03E 1C0	<SPEAKER>「おまえら しんじんだなっ
03	23	0x0323	0x026971	0x026972	26	204	44	1CC 01E 019 028 001 015 084 02C 025 001 055 06C 070 04B 028 1C8 012 03D 022 03D 028 001 033 037 015 01F 084 015 1C8 015 011 022 010 038 015 036 001 035 078 017 118 031 03E 1C0	"<SPEAKER>「そこの かべに トロッコの
うんてんの やりかたが
かいてあるから よーく読めっ"
03	24	0x0324	0x02698C	0x02698D	116	921	199	1D0 01A 084 016 041 012 1B3 028 001 02F 024 01A 03D 02C 1C5 1D0 055 06C 070 04B 025 001 028 038 023 1C8 084 01B 084 023 012 022 016 025 001 015 01E 017 01A 039 02E 01C 1C5 1D0 084 05D 06B 078 048 029 001 022 032 023 028 1C8 016 011 03A 011 001 16F 084 05F 051 06F 03C 1C8 014 01C 023 001 015 015 037 02E 01C 1C5 1D0 01F 084 01F 01B 001 084 05D 06B 078 048 03C 014 01B 0F9 018 038 023 1C8 084 05D 06B 078 048 084 015 001 015 027 021 01B 022 1C8 01B 084 029 036 017 001 016 015 024 017 024 037 02E 01C 1C5 1D0 0B9 1AB 022 03D 015 03D 001 01C 038 023 016 029 1C8 02E 084 015 037 01F 011 001 0B9 1AB 02C 1C8 130 153 084 05F 051 06F 03C 001 014 01B 022 017 084 01F 01A 011 1C5 1D0 01F 084 01F 01B 001 0B9 1AB 022 03D 015 03D 084 015 1C8 084 022 016 024 011 001 01D 03D 03A 032 001 010 037 02E 01C 1C0	"<CLEAR>
さぎょう員の みなさんへ<WAIT>
<CLEAR>
トロッコに のると
じどうてきに かそくされます<WAIT>
<CLEAR>
ブレーキは てもとの
きいろい Bボタンを
おすと かかります<WAIT>
<CLEAR>
ただし ブレーキをおし続けると
ブレーキが かねつして
しばらく きかなくなります<WAIT>
<CLEAR>
方向てんかん するときは
まがりたい 方向へ
十字ボタンを おしてください<WAIT>
<CLEAR>
ただし 方向てんかんが
できない せんろも あります"
03	25	0x0325	0x026A01	0x026A02	39	309	74	1CC 014 012 001 0D5 0B8 0DC 175 084 022 1C8 064 06F 04E 051 078 084 023 032 084 015 001 1AC 02E 03E 022 01F 084 01D 07A 1C5 1CC 024 03D 084 01F 015 001 084 023 03D 020 03F 03D 01A 03B 084 016 03C 1C8 029 084 01B 031 038 02F 01F 011 084 01F 035 1C5 1CC 046 06B 032 001 08D 019 012 015 024 010 1C0	"<SPEAKER>「おう 地下神殿で
モンスターどもが 集まってたぜ!<WAIT><SPEAKER>「なんだか どんちゃんさわぎを
はじめるみたいだよ<WAIT><SPEAKER>「オレも 行こうかなあ"
03	26	0x0326	0x026A29	0x026A2A	61	486	120	1CC 019 028 10B 10C 028 001 01A 036 025 09C 025 029 1C8 064 06F 04E 051 078 084 023 032 028 001 1B0 084 015 010 038 03D 084 01F 1C5 1CC 02B 01B 084 016 024 019 023 025 001 033 021 036 028 161 025 029 1C8 091 0E3 029 001 08E 039 024 011 03D 084 01F 1C5 1CC 016 03E 023 001 023 084 02A 036 025 001 09A 08B 028 1C8 01F 02E 01B 011 084 022 032 001 033 084 023 03E 022 011 038 03D 084 01F 024 1C5 1CC 023 084 02A 036 0E2 0F0 084 015 001 032 03D 084 029 03D 03E 022 03B 018 084 01F 1C0	"<SPEAKER>「この鉱山の さらに北には
モンスターどもの 村があるんだ<WAIT><SPEAKER>「ふしぎなことに やつらの家には
人間は 入れないんだ<WAIT><SPEAKER>「きっと とびらに 魔物の
たましいでも やどっているんだな<WAIT><SPEAKER>「とびら自体が もんばんってわけだ"
03	27	0x0327	0x026A67	0x026A68	29	226	50	1CC 019 019 029 001 015 02F 03D 084 01B 041 1C8 021 015 039 01F 023 016 029 001 027 038 028 084 015 1C8 011 020 084 029 03D 01A 027 03E 07A 1C5 1CC 020 041 03E 017 036 001 027 022 017 015 027 079 1C0	"<SPEAKER>「ここは かみんじょ
つかれたときは ねるのが
いちばんさねっ!<WAIT><SPEAKER>「ちょっくら ねてくかね?"
03	28	0x0328	0x026A85	0x026A86	7	54	13	1CC 021 015 039 029 001 023 039 01F 015 011 079 1C0	<SPEAKER>「つかれは とれたかい?
03	29	0x0329	0x026A8D	0x026A8E	11	81	17	1CC 02B 02F 03D 02B 016 040 012 029 001 035 017 024 011 084 01E 1C0	<SPEAKER>「ふみんふきゅうは よくないぞ
03	2A	0x032A	0x026A99	0x026A9A	32	249	58	1CC 02A 01A 01B 084 02B 037 084 01F 024 001 027 078 020 03F 03D 07A 1C5 1CC 014 039 084 01F 035 07A 001 02C 03E 001 03B 015 03D 027 013 023 029 1C8 02E 084 01F 02E 084 01F 001 018 011 018 03D 084 02B 01E 017 084 01F 084 01D 07A 1C0	"<SPEAKER>「ひさしぶりだな ねーちゃん!<WAIT><SPEAKER>「おれだよ! へっ わかんねえとは
まだまだ けいけんぶそくだぜ!"
03	2B	0x032B	0x026ABA	0x026ABB	215	1719	409	1CC 010 03D 023 016 001 014 02E 013 01A 03D 084 015 1C8 014 017 01C 037 03C 001 017 039 01F 03D 084 022 1C8 0EE 084 02A 03A 011 03C 001 01B 01F 035 081 081 081 1C5 1CC 010 028 010 023 001 014 039 029 001 0C9 025 1C8 032 084 023 03E 01F 03D 084 01F 035 001 023 037 010 013 084 01C 024 1C8 01E 01B 01F 036 001 02F 021 018 020 02E 03E 01F 03D 084 01F 07A 1C5 1CC 0D5 0B8 0B2 0C7 02C 001 026 018 038 0C7 03C 024 1C5 1CC 014 011 03E 07A 001 010 03D 01F 028 001 024 015 02E 03C 1C8 01A 036 03E 01F 001 010 028 001 084 029 015 084 022 015 011 1C8 084 05E 084 05C 078 084 05B 06C 06F 024 001 010 037 03F 001 06D 06A 084 01F 084 01D 07A 1C5 1CC 014 039 029 001 113 091 025 001 084 029 018 022 1C8 019 028 001 10B 10C 084 022 001 014 095 03C 1C8 010 01A 03E 022 01F 03D 084 01F 084 015 001 02E 011 03E 01F 035 1C5 1CC 113 091 084 023 032 025 001 093 015 03C 1C8 02D 036 01D 022 03D 028 029 001 011 011 018 084 023 035 1C5 1CC 123 011 032 028 025 001 024 036 024 017 024 03E 01F 1C8 113 091 03C 001 024 03D 023 001 015 03D 084 021 031 025 1C8 01B 022 033 084 015 038 03D 084 01F 001 015 03D 084 021 031 025 035 07A 1C5 1CC 033 021 029 001 024 025 03C 001 01A 084 015 01B 022 03D 084 01F 079 1C5 1CC 096 09F 028 0C2 19F 028 001 18B 0B4 079 1C5 1CC 024 03D 022 001 019 03E 01F 011 07A 001 010 03D 024 1C8 084 022 015 017 022 001 03B 038 084 020 013 028 001 02E 03B 038 033 021 084 015 1C8 019 039 011 084 01B 041 012 001 02B 013 01F 036 001 02E 084 01C 011 084 01D 07A 1C5 1CC 017 078 03E 07A 001 01A 016 028 001 019 023 029 1C8 023 032 015 017 001 010 03D 01F 029 001 024 015 02E 03C 1C8 01F 01C 018 038 028 084 015 001 01A 016 084 01F 024 07A 1C0	"<SPEAKER>「あんとき おまえさんが
おくすりを くれたんで
命びろいを したよ・・・<WAIT><SPEAKER>「あのあと おれは 町に
もどったんだよ とりあえずな
そしたら みつけちまったんだ!<WAIT><SPEAKER>「地下水道へ ぬける道をな<WAIT><SPEAKER>「おいっ! あんたの なかまを
さらった あの ばかでかい
ベビーバロンな ありゃ ワルだぜ!<WAIT><SPEAKER>「おれは 囚人に ばけて
この 鉱山で お宝を
あさってたんだが まいったよ<WAIT><SPEAKER>「囚人どもに 何かを
ほらせてんのは いいけどよ<WAIT><SPEAKER>「使いものに ならなくなった
囚人を なんと かんづめに
してやがるんだ かんづめによ!<WAIT><SPEAKER>「やつは なにを さがしてんだ?<WAIT><SPEAKER>「古代の装置の 復活?<WAIT><SPEAKER>「なんて こったい! あんな
でかくて わるぢえの まわるやつが
これいじょう ふえたら まずいぜ!<WAIT><SPEAKER>「くーっ! さきの ことは
ともかく あんたは なかまを
たすけるのが さきだな!"
03	2C	0x032C	0x026B92	0x026B93	18	137	37	1CC 014 017 01C 037 028 001 014 039 011 1C8 023 001 011 03E 020 03F 010 001 024 03D 084 01F 084 015 1C8 019 039 03C 001 033 038 084 01D 011 07A 1C0	"<SPEAKER>「おくすりの おれい
と いっちゃあ なんだが
これを やるぜい!"
03	2D	0x032D	0x026BA5	0x026BA6	6	43	12	1CC 0C2 0C4 01A 01D 022 033 03A 012 015 079 1C0	<SPEAKER>「装備させてやろうか?
03	2E	0x032E	0x026BAC	0x026BAD	22	174	39	1CC 027 078 020 03F 03D 001 010 03D 01F 024 036 1C8 010 028 001 09E 018 08B 028 001 01F 017 036 02F 03C 1C8 01F 01F 016 021 084 02B 01D 038 084 01D 07A 1C0	"<SPEAKER>「ねーちゃん あんたなら
あの 化け物の たくらみを
たたきつぶせるぜ!"
03	2F	0x032F	0x026BC3	0x026BC4	19	152	36	1CC 014 03E 023 001 01E 037 03F 001 02B 021 084 019 012 084 01F 024 1C8 025 032 021 03C 001 024 03D 023 015 01B 022 001 02E 01F 019 011 035 1C0	"<SPEAKER>「おっと そりゃ ふつごうだな
にもつを なんとかして またこいよ"
03	30	0x0330	0x026BD7	0x026BD8	46	362	85	1CC 019 019 028 001 084 05F 04E 028 001 064 084 049 016 020 029 1C8 0C8 11C 035 037 001 055 06C 070 04B 028 1C8 015 011 084 01E 012 025 001 027 03E 01B 03D 024 03D 084 01F 1C5 1CC 011 02E 001 0E5 0E7 01B 022 038 028 029 1C8 02A 028 01F 02E 084 015 001 023 084 02A 084 01F 01C 1C8 014 01E 03A 01B 011 001 055 06C 070 04B 024 03D 084 01F 1C0	"<SPEAKER>「ここの ボスの モグきちは
発掘より トロッコの
かいぞうに ねっしんなんだ<WAIT><SPEAKER>「いま 研究してるのは
ひのたまが とびだす
おそろしい トロッコなんだ"
03	31	0x0331	0x026C06	0x026C07	22	172	52	1D0 06B 084 054 075 029 001 09D 147 03C 001 090 01F 1C8 096 09F 152 153 084 015 001 015 011 022 010 038 1C5 1D0 01B 015 01B 001 06B 084 054 075 029 001 096 09F 152 153 084 015 1C8 118 031 024 011 07A 1C3 1C0	"<CLEAR>
レディは 石板を 見た
古代文字が かいてある<WAIT>
<CLEAR>
しかし レディは 古代文字が
読めない!"
03	32	0x0332	0x026C1D	0x026C1E	8	58	18	1D0 067 04D 046 084 015 001 118 03D 084 022 017 039 01F 07A 1C3 1C3 1C0	"<CLEAR>
ヨシオが 読んでくれた!"
03	33	0x0333	0x026C26	0x026C27	12	96	26	1D0 067 04D 046 028 001 01F 02E 01B 011 084 015 1C8 014 01F 018 084 02A 03C 001 010 084 018 01F 07A 1C0	"<CLEAR>
ヨシオの たましいが
おたけびを あげた!"
03	34	0x0334	0x026C33	0x026C34	16	127	34	1CC 012 014 014 078 081 081 081 1C8 014 0D8 01A 02E 081 081 081 1C8 03B 01B 025 001 118 02E 01D 022 017 084 01F 01A 039 081 081 081 1C0	"<SPEAKER>「うおおー・・・
お嬢さま・・・
わしに 読ませてくだされ・・・"
03	35	0x0335	0x026C44	0x026C45	141	1127	273	1CC 013 078 023 081 081 081 03D 079 081 081 081 1C8 09D 147 028 001 128 028 0B9 029 1C8 015 018 022 02E 01C 024 081 081 084 022 029 001 118 02F 02E 01C 1C5 1CC 081 081 081 035 03E 022 001 0C2 19F 03C 1C8 134 133 01C 038 019 023 025 001 016 031 01F 081 081 081 1C8 02B 01F 01F 084 02A 001 0B1 015 01A 03D 023 001 01C 038 023 016 1C5 1CC 020 040 012 084 01B 021 024 038 001 03B 084 015 001 01B 032 084 02C 1C8 084 047 058 084 05C 04E 025 001 141 016 001 084 05F 078 06A 03C 001 01A 01A 084 018 1C8 03B 084 015 0CD 03C 001 01B 031 01C 084 02C 01B 081 081 081 01A 01C 039 084 029 1C5 1CC 0C2 19F 029 001 02B 01F 01F 084 02A 001 0EE 03C 1C8 013 038 084 022 010 03A 012 081 081 081 081 081 081 081 01F 084 01F 01B 1C8 180 016 001 084 05F 078 06A 03C 001 01A 01A 084 018 01F 023 016 029 1C5 1CC 0C2 19F 029 001 189 13E 023 001 0B6 03C 1C8 01A 02E 01C 019 023 029 001 024 011 084 01F 03A 012 081 081 081 1C5 1CC 081 081 081 0F4 128 084 022 01C 024 081 081 081 081 081 1C8 019 028 001 09D 147 029 001 0D3 03E 022 011 01F 0B9 084 015 1C8 035 01A 01E 012 084 022 01C 024 07A 001 014 0D8 01A 02E 07A 1C0	"<SPEAKER>「えーと・・・ん?・・・
石板の 上の方は
かけてますな・・では 読みます<WAIT><SPEAKER>「・・・よって 装置を
封印することに きめた・・・
ふたたび 行かさんと するとき<WAIT><SPEAKER>「ちゅうじつなる わが しもべ
ガヌビスに 白き ボールを ささげ
わが名を しめすべし・・・さすれば<WAIT><SPEAKER>「装置は ふたたび 命を
えるであろう・・・・・・・ただし
黒き ボールを ささげたときは<WAIT><SPEAKER>「装置は 二度と 目を
さますことは ないだろう・・・<WAIT><SPEAKER>「・・・以上ですな・・・・・
この 石板は 持っていた方が
よさそうですな! お嬢さま!"
03	36	0x0336	0x026CD2	0x026CD3	8	59	17	1D0 06B 084 054 075 029 001 09D 147 03C 090 035 012 023 01B 01F 1C0	"<CLEAR>
レディは 石板を見ようとした"
03	37	0x0337	0x026CDB	0x026CDC	13	100	27	1D0 067 04D 046 028 001 01F 02E 01B 011 084 015 1C8 014 01F 018 084 02A 03C 001 010 084 018 01F 07A 1C3 1C0	"<CLEAR>
ヨシオの たましいが
おたけびを あげた!"
03	38	0x0338	0x026CE9	0x026CEA	18	143	35	1CC 014 0D8 01A 02E 07A 001 02E 084 01C 001 04B 070 049 04E 028 1C8 084 017 010 011 03C 001 01F 01B 015 031 02E 01B 041 012 084 01E 07A 1C0	"<SPEAKER>「お嬢さま! まず コックスの
ぐあいを たしかめましょうぞ!"
03	39	0x0339	0x026CFC	0x026CFD	26	208	59	1D0 06B 084 054 075 029 001 04B 070 049 04E 03C 001 01B 036 084 02C 01F 1C5 1D0 015 01C 015 084 01F 084 015 001 02E 084 01F 001 011 016 03C 001 01B 022 011 038 1C5 1D0 06B 084 054 075 029 001 04B 070 049 04E 03C 001 01F 01C 018 01F 1C0	"<CLEAR>
レディは コックスを しらべた<WAIT>
<CLEAR>
かすかだが まだ いきを している<WAIT>
<CLEAR>
レディは コックスを たすけた"
03	3A	0x033A	0x026D17	0x026D18	12	93	24	1D0 04B 070 049 04E 084 015 001 083 05B 078 054 075 078 025 001 017 03B 03B 03E 01F 1C3 1C3 1C0	"<CLEAR>
コックスが パーティーに くわわった"
03	3B	0x033B	0x026D24	0x026D25	116	928	209	1CC 012 014 014 014 011 03E 07A 001 029 010 001 029 010 1C8 014 001 014 02E 013 036 001 025 001 091 0E3 015 03E 07A 1C5 1CC 017 03B 078 03E 07A 001 01F 01C 015 03E 01F 010 1C8 014 001 014 039 01F 020 001 084 01F 02E 01A 039 022 01F 03D 084 01F 1C5 1CC 01F 001 01F 01B 015 025 001 0C9 084 022 029 1C8 01A 018 023 015 001 084 029 017 020 023 015 1C8 010 01E 084 02A 02D 012 084 01F 011 001 084 01F 03E 01F 018 084 023 035 1C5 1CC 010 084 018 017 028 001 029 022 025 1C8 015 03D 084 021 031 025 001 01A 039 038 024 03D 022 1C8 023 001 023 03D 084 022 032 027 013 084 01D 1C5 1CC 010 001 010 011 021 036 028 1C8 029 024 01B 03C 001 016 011 01F 03D 084 01F 018 084 023 035 1C5 1CC 019 028 001 10B 10C 028 001 030 019 012 025 1C8 02A 02F 021 028 001 016 020 023 015 001 011 03A 011 03A 1C8 0F6 03E 022 038 001 036 01B 011 03D 084 01F 035 1C0	"<SPEAKER>「うおおおいっ! はあ はあ
お おまえら に 人間かっ!<WAIT><SPEAKER>「くわーっ! たすかったあ
お おれたち だまされてたんだ<WAIT><SPEAKER>「た たしかに 町では
さけとか ばくちとか
あそびほうだい だったけどよ<WAIT><SPEAKER>「あげくの はてに
かんづめに されるなんて
と とんでもねえぜ<WAIT><SPEAKER>「あ あいつらの
はなしを きいたんだけどよ<WAIT><SPEAKER>「この 鉱山の むこうに
ひみつの きちとか いろいろ
作ってる らしいんだよ"
03	3C	0x033C	0x026D99	0x026D9A	41	321	72	1CC 019 028 02E 02E 001 02D 03E 023 011 01F 036 1C8 013 039 013 019 023 025 001 024 03E 020 02E 012 084 01D 07A 1C8 02F 03D 024 001 015 03D 084 021 031 025 001 024 03E 020 02E 012 035 07A 1C5 1CC 023 02D 02D 081 081 081 001 027 013 020 03F 03D 07A 1C8 024 03D 023 015 01B 022 035 07A 1C0	"<SPEAKER>「このまま ほっといたら
えれえことに なっちまうぜ!
みんな かんづめに なっちまうよ!<WAIT><SPEAKER>「とほほ・・・ ねえちゃん!
なんとかしてよ!"
03	3D	0x033D	0x026DC3	0x026DC4	30	237	64	1D0 0AC 016 024 001 015 03D 084 021 031 084 015 001 010 038 1C5 1D0 084 04D 076 043 084 05C 078 084 01B 038 01B 028 001 015 03D 084 021 031 029 1C8 091 0E3 011 084 015 011 028 001 084 01A 011 037 041 012 029 1C8 123 03E 022 011 024 011 035 012 084 01F 1C0	"<CLEAR>
大きな かんづめが ある<WAIT>
<CLEAR>
ジェイビーじるしの かんづめは
人間いがいの ざいりょうは
使っていないようだ"
03	3E	0x033E	0x026DE2	0x026DE3	51	403	88	1D0 016 018 03D 07A 001 110 028 127 055 06C 070 04B 1C8 023 017 084 02C 021 001 01A 084 016 041 012 1B3 001 011 084 015 011 1C8 030 084 01F 03D 084 01B 041 012 01B 03F 001 016 03D 01B 1C5 1D0 01E 012 01A 084 029 03D 028 001 010 015 011 084 05F 051 06F 084 022 1C8 110 028 127 001 029 03E 01B 03F 1C8 127 015 084 01C 029 001 030 01D 011 084 018 03D 1C0	"<CLEAR>
きけん! 火の玉トロッコ
とくべつ さぎょう員 いがい
むだんじょうしゃ きんし<WAIT>
<CLEAR>
そうさばんの あかいボタンで
火の玉 はっしゃ
玉かずは むせいげん"
03	3F	0x033F	0x026E16	0x026E17	24	192	40	1D0 019 028 001 010 015 011 001 068 06F 083 05D 084 015 1C8 022 03D 031 021 001 01B 022 011 038 023 016 029 1C8 055 06C 070 04B 025 001 028 039 02E 01D 03D 1C0	"<CLEAR>
この あかい ランプが
てんめつ しているときは
トロッコに のれません"
03	40	0x0340	0x026E2F	0x026E30	16	125	29	1CC 026 014 078 1C8 117 110 028 04D 073 070 049 084 022 1C8 019 01B 084 015 001 026 018 022 01B 02E 012 023 029 1C0	"<SPEAKER>「ぬおー
噴火のショックで
こしが ぬけてしまうとは"
03	41	0x0341	0x026E40	0x026E41	31	245	53	1CC 01B 015 01B 001 091 0E3 031 001 084 023 012 01D 001 014 0C3 036 028 1C8 1B0 033 001 0C9 032 001 119 158 084 022 1A8 02E 03E 020 02E 03E 01F 025 1C8 016 02E 03E 022 038 07A 001 084 01A 02E 078 02F 03A 07A 1C0	"<SPEAKER>「しかし 人間め どうせ お前らの
村や 町も 落岩で埋まっちまったに
きまってる! ざまーみろ!"
03	42	0x0342	0x026E60	0x026E61	17	130	32	1D0 06B 084 054 075 029 001 043 070 048 072 044 015 036 1C8 04E 083 05D 069 06F 084 049 03C 001 030 01B 037 023 03E 01F 07A 1C0	"<CLEAR>
レディは イッキュウから
スプリングを むしりとった!"
03	43	0x0343	0x026E72	0x026E73	27	210	49	1CC 026 014 078 001 024 025 01B 033 084 015 038 07A 1C8 01E 039 084 022 001 0C9 025 032 084 023 038 099 084 01F 024 07A 1C8 020 041 03E 023 011 01F 011 001 033 031 022 001 014 027 084 015 011 1C0	"<SPEAKER>「ぬおー なにしやがる!
それで 町にもどる気だな!
ちょっといたい やめて おねがい"
03	44	0x0344	0x026E8E	0x026E8F	27	212	52	1CC 026 014 078 001 024 025 01B 033 084 015 038 07A 1C8 01E 039 084 022 001 0C9 025 032 084 023 038 099 084 01F 03E 01F 024 07A 1C8 084 022 032 001 020 041 03E 023 001 011 011 016 02F 084 01F 084 01D 07A 1C0	"<SPEAKER>「ぬおー なにしやがる!
それで 町にもどる気だったな!
でも ちょっと いいきみだぜ!"
03	45	0x0345	0x026EAA	0x026EAB	19	151	37	1CC 024 001 024 03D 084 01F 035 07A 1C8 090 038 03D 084 01B 03F 027 013 035 07A 1C8 011 011 08B 033 038 015 036 001 010 03E 020 08D 018 035 07A 1C0	"<SPEAKER>「な なんだよ!
見るんじゃねえよ!
いい物やるから あっち行けよ!"
03	46	0x0346	0x026EBE	0x026EBF	24	189	44	1CC 014 039 01A 02E 084 015 001 084 02A 03E 017 037 01B 022 1C8 019 01B 03C 026 015 01B 01F 019 023 029 1C8 05C 1CD 061 1CD 053 1CD 084 01F 084 01E 07A 001 011 011 024 07A 1C0	"<SPEAKER>「おれさまが びっくりして
こしをぬかしたことは
ヒ<PAUSE_30>ミ<PAUSE_30>ツ<PAUSE_30>だぞ! いいな!"
03	47	0x0347	0x026ED7	0x026ED8	11	82	20	1CC 024 03D 084 01F 035 07A 1C8 025 032 021 03C 02C 036 01B 022 097 011 07A 1C0	"<SPEAKER>「なんだよ!
にもつをへらして来い!"
03	48	0x0348	0x026EE3	0x026EE4	56	448	109	1CC 019 019 029 001 064 06F 04E 051 078 1B0 084 01F 07A 1C5 1CC 026 026 001 014 02E 013 036 001 091 0E3 084 01F 024 07A 1C8 019 028 01A 016 029 001 08D 015 01D 03D 084 01E 07A 1C5 1CC 012 1CD 001 012 1CD 001 012 084 015 03E 1CD 001 012 03E 1CD 001 012 03E 07A 1C5 1CC 084 01F 084 015 001 019 03D 024 164 025 001 084 01B 084 02A 041 012 028 1C8 0B5 09A 084 02A 041 012 028 001 02D 03E 01A 084 015 03E 07A 1C8 084 017 03B 078 03E 07A 1C0	"<SPEAKER>「ここは モンスター村だ!<WAIT><SPEAKER>「ぬぬ おまえら 人間だな!
このさきは 行かせんぞ!<WAIT><SPEAKER>「う<PAUSE_30> う<PAUSE_30> うがっ<PAUSE_30> うっ<PAUSE_30> うっ!<WAIT><SPEAKER>「だが こんな時に じびょうの
悪魔びょうの ほっさがっ!
ぐわーっ!"
03	49	0x0349	0x026F1C	0x026F1D	11	83	21	1D0 084 018 03D 01B 084 055 084 04D 078 029 001 0D6 03D 084 022 01B 02E 03E 01F 1C0	"<CLEAR>
げんしドジーは 死んでしまった"
03	4A	0x034A	0x026F28	0x026F29	22	174	41	1CC 01A 03E 016 028 001 084 01B 01B 03D 029 001 0AC 016 015 03E 01F 024 07A 1C8 084 04A 062 04B 01A 02E 028 001 084 02A 03D 084 02D 012 034 01C 037 015 024 079 1C0	"<SPEAKER>「さっきの じしんは 大きかったな!
ゲムコさまの びんぼうゆすりかな?"
03	4B	0x034B	0x026F3F	0x026F40	45	353	73	1CC 012 012 012 001 084 04A 062 04B 01A 02E 081 081 081 1C8 02E 03E 015 03E 015 024 001 014 0F0 1C8 021 084 02B 036 024 02A 023 02F 001 015 039 03D 024 02D 02D 013 02F 1C5 1CC 0D4 028 01E 019 015 036 001 010 010 010 1C8 014 01B 01F 011 126 01B 010 084 018 022 011 01F 028 025 081 081 081 1C0	"<SPEAKER>「ううう ゲムコさま・・・
まっかっかな お体
つぶらなひとみ かれんなほほえみ<WAIT><SPEAKER>「心のそこから あああ
おしたい申しあげていたのに・・・"
03	4C	0x034C	0x026F6D	0x026F6E	26	206	61	1D0 0AC 016 024 001 084 05E 084 05C 078 084 05B 06C 06F 028 001 159 084 015 010 038 1C5 1D0 07D 048 06F 084 049 084 05B 06C 06F 028 1A6 1A5 0A7 025 01B 022 1C8 09A 08B 0AC 155 001 084 04D 076 043 084 05C 078 1C8 023 001 015 011 022 010 038 1C0	"<CLEAR>
大きな ベビーバロンの 像がある<WAIT>
<CLEAR>
「キングバロンの後続昔にして
魔物大王 ジェイビー
と かいてある"
03	4D	0x034D	0x026F88	0x026F89	34	271	65	1D0 09A 08B 028 0D6 0F0 084 015 010 038 1C8 117 110 028 164 001 119 158 025 033 036 039 01F 035 012 084 01F 1C5 1D0 0D6 0F0 028 02E 03B 037 025 1C8 02E 032 028 045 048 04E 084 015 001 023 084 02A 020 03E 022 011 038 1C8 0D3 03E 022 011 016 02E 01C 015 079 1C0	"<CLEAR>
魔物の死体がある
噴火の時 落岩にやられたようだ<WAIT>
<CLEAR>
死体のまわりに
まものエキスが とびちっている
持っていきますか?"
03	4E	0x034E	0x026FAB	0x026FAC	21	168	40	1CC 012 03B 078 001 02E 011 03E 01F 035 078 07A 1C8 01C 084 019 011 001 117 110 084 01F 03E 01F 027 1C8 0D6 026 015 023 001 014 032 03E 020 03F 03E 01F 035 1C0	"<SPEAKER>「うわー まいったよー!
すごい 噴火だったね
死ぬかと おもっちゃったよ"
03	4F	0x034F	0x026FC1	0x026FC2	16	125	27	1CC 012 013 078 03D 001 012 013 078 03D 1C8 015 03B 011 01E 012 024 001 084 04A 062 04B 01A 02E 078 07A 1C0	"<SPEAKER>「うえーん うえーん
かわいそうな ゲムコさまー!"
03	50	0x0350	0x026FD2	0x026FD3	78	621	145	1CC 084 01F 015 036 001 011 03B 03D 019 03E 020 03F 024 011 07A 1C5 1CC 03B 01B 029 001 010 028 110 10C 029 001 020 015 084 020 015 1C8 117 110 01C 038 023 001 035 084 018 03D 001 01B 01F 03D 084 01B 03F 1C5 1CC 01E 039 024 028 025 001 084 04A 062 04B 028 033 021 084 015 1C8 03B 01B 028 001 035 084 018 03D 03C 001 030 01B 001 01B 014 03E 022 1C5 1CC 035 037 025 001 035 03E 022 001 110 10C 028 0A1 025 1C8 125 0D5 03C 001 021 017 037 014 03E 01F 081 081 081 1C5 1CC 019 012 024 03E 01F 001 015 036 025 029 1C8 084 01A 02E 010 02F 03A 001 023 001 011 011 01F 011 03B 011 07A 1C0	"<SPEAKER>「だから いわんこっちゃない!<WAIT><SPEAKER>「わしは あの火山は ちかぢか
噴火すると よげん したんじゃ<WAIT><SPEAKER>「それなのに ゲムコのやつが
わしの よげんを むし しおって<WAIT><SPEAKER>「よりに よって 火山の中に
基地を つくりおった・・・<WAIT><SPEAKER>「こうなった からには
ざまあみろ と いいたいわい!"
03	51	0x0351	0x027021	0x027022	80	635	153	1CC 013 079 001 024 03D 023 081 081 081 081 1C8 084 04A 062 04B 084 015 081 081 081 081 01E 012 015 1C8 01E 037 03F 001 034 015 011 084 01B 03F 03B 011 07A 1C5 1CC 035 01B 07A 001 019 039 084 022 001 110 10C 028 1C8 197 01B 011 001 084 05F 04E 029 1C8 03B 01B 025 001 016 02E 037 084 01B 03F 024 07A 1C5 1CC 01E 012 023 001 016 02E 03E 01F 036 001 01A 03E 01E 017 1C8 031 011 039 011 084 01B 03F 07A 001 014 02E 013 01F 020 029 1C8 04E 05A 078 084 05B 06B 078 02C 001 08D 018 011 07A 1C5 1CC 01E 019 084 022 001 011 03E 019 017 032 029 033 017 1C8 084 05F 078 06A 03C 001 01A 084 015 01C 028 084 01B 03F 07A 1C0	"<SPEAKER>「え? なんと・・・・
ゲムコが・・・・そうか
そりゃ ゆかいじゃわい!<WAIT><SPEAKER>「よし! これで 火山の
新しい ボスは
わしに きまりじゃな!<WAIT><SPEAKER>「そうと きまったら さっそく
めいれいじゃ! おまえたちは
スノーバレーへ 行けい!<WAIT><SPEAKER>「そこで いっこくもはやく
ボールを さがすのじゃ!"
03	52	0x0352	0x027072	0x027073	23	177	42	1CC 055 06C 070 04B 032 001 014 02E 013 01F 020 084 015 1C8 119 158 11D 03C 001 18B 0B4 01A 01D 01F 015 036 1C8 032 012 001 028 039 038 029 084 01C 084 01B 03F 07A 1C0	"<SPEAKER>「トロッコも おまえたちが
落岩炉を 復活させたから
もう のれるはずじゃ!"
03	53	0x0353	0x02708A	0x02708B	44	351	89	1CC 0AC 178 084 01F 07A 001 011 02E 028 001 117 110 084 022 1C8 110 10C 028 001 125 0D5 084 015 001 019 03B 039 01F 036 01B 011 1C5 1CC 055 06C 070 04B 032 001 0B1 015 024 011 023 1C8 011 012 019 023 029 001 110 10C 028 001 014 017 028 1C8 119 158 11D 032 001 019 03B 039 01F 03D 084 01F 07A 1C5 1CC 02B 03D 084 01F 037 001 018 03E 01F 037 084 01F 07A 1C0	"<SPEAKER>「大変だ! いまの 噴火で
火山の 基地が こわれたらしい<WAIT><SPEAKER>「トロッコも 行かないと
いうことは 火山の おくの
落岩炉も こわれたんだ!<WAIT><SPEAKER>「ふんだり けったりだ!"
03	54	0x0354	0x0270B7	0x0270B8	38	298	71	1CC 04E 05A 078 084 05B 06B 078 029 001 01B 041 017 037 041 012 03C 1C8 02D 084 01E 03D 01C 038 01F 031 028 001 125 0D5 024 03D 084 01F 1C5 1CC 084 01F 015 036 001 015 03D 084 021 031 033 001 039 011 023 012 028 1C8 091 0E3 084 015 001 011 03E 083 029 011 010 038 03D 084 01F 035 1C0	"<SPEAKER>「スノーバレーは しょくりょうを
ほぞんするための 基地なんだ<WAIT><SPEAKER>「だから かんづめや れいとうの
人間が いっぱいあるんだよ"
03	55	0x0355	0x0270DE	0x0270DF	50	396	97	1CC 084 04A 062 04B 01A 02E 001 015 036 028 1C8 039 03D 036 017 032 001 023 084 01F 013 01F 03D 084 01F 07A 1C5 1CC 016 03E 023 001 125 0D5 028 0A1 084 022 1C8 036 017 084 029 03D 084 015 001 014 016 022 1C8 023 084 01B 019 031 036 039 01F 025 001 020 084 015 011 024 011 07A 1C5 1CC 019 039 029 001 015 024 037 001 02A 01A 03D 024 1C8 084 01B 041 012 016 041 012 084 01F 084 01E 07A 1C0	"<SPEAKER>「ゲムコさま からの
れんらくも とだえたんだ!<WAIT><SPEAKER>「きっと 基地の中で
らくばんが おきて
とじこめられたに ちがいない!<WAIT><SPEAKER>「これは かなり ひさんな
じょうきょうだぞ!"
03	56	0x0356	0x027111	0x027112	21	164	40	1CC 084 04A 062 04B 01A 02E 029 001 020 03F 03D 023 1C8 084 01B 041 012 084 02B 021 01B 022 001 084 01B 084 019 017 02C 1C8 011 018 01F 028 015 024 078 079 1C0	"<SPEAKER>「ゲムコさまは ちゃんと
じょうぶつして じごくへ
いけたのかなー?"
03	57	0x0357	0x027127	0x027128	36	284	68	1CC 019 028 001 117 110 084 022 001 084 04A 062 04B 01A 02E 028 1C8 01F 020 084 029 032 001 015 024 037 001 010 084 02B 024 017 1C8 024 03E 022 01B 02E 012 024 1C5 1CC 084 04D 076 043 084 05C 078 01A 02E 029 001 016 03E 023 1C8 034 038 01A 024 011 023 001 10F 012 035 1C0	"<SPEAKER>「この 噴火で ゲムコさまの
たちばも かなり あぶなく
なってしまうな<WAIT><SPEAKER>「ジェイビーさまは きっと
ゆるさないと 思うよ"
03	58	0x0358	0x02714C	0x02714D	37	291	74	1CC 02F 03D 024 001 04E 05A 078 084 05B 06B 078 028 1C8 084 05F 078 06A 03C 001 01A 084 015 01B 025 1C8 08D 03E 020 03F 03E 01F 035 1C5 1CC 02E 03E 01F 017 001 084 04D 076 043 084 05C 078 01A 02E 032 1C8 091 084 021 015 011 001 011 033 1C8 09A 08B 084 021 015 011 084 015 001 010 036 011 035 1C0	"<SPEAKER>「みんな スノーバレーの
ボールを さがしに
行っちゃったよ<WAIT><SPEAKER>「まったく ジェイビーさまも
人づかい いや
魔物づかいが あらいよ"
03	59	0x0359	0x027172	0x027173	59	471	115	1CC 084 023 012 032 001 03B 039 03B 039 028 1C8 037 041 012 011 016 025 001 091 0E3 084 015 1C8 14D 08E 001 01B 01F 036 01B 011 03D 084 01F 1C5 1CC 01A 03E 016 001 084 04D 076 043 084 05C 078 01A 02E 084 015 001 097 022 1C8 01E 012 001 011 03E 022 011 01F 035 07A 001 02F 021 018 01F 036 1C8 01C 084 017 025 001 021 015 02E 013 03A 03E 022 07A 1C5 1CC 021 015 02E 013 01F 036 001 015 03D 084 021 031 03C 1C8 011 03E 083 029 011 001 017 039 038 03E 022 07A 1C0	"<SPEAKER>「どうも われわれの
りょういきに 人間が
寝入 したらしいんだ<WAIT><SPEAKER>「さっき ジェイビーさまが 来て
そう いっていたよ! みつけたら
すぐに つかまえろって!<WAIT><SPEAKER>「つかまえたら かんづめを
いっぱい くれるって!"
03	5A	0x035A	0x0271AE	0x0271AF	58	461	118	1CC 084 04D 076 043 084 05C 078 01A 02E 084 015 001 01A 03E 016 1C8 02E 01F 001 097 01F 03D 084 01F 035 07A 1C5 1CC 01E 039 084 022 001 084 05E 084 05C 046 028 033 021 084 015 1C8 04E 05A 078 084 05B 06B 078 028 001 02E 038 011 001 01F 02E 028 1C8 029 024 01B 03C 001 02D 012 019 017 01B 01F 03D 084 01F 1C5 1CC 01E 01B 01F 036 001 084 04D 076 043 084 05C 078 01A 02E 029 1C8 018 03E 01E 012 03C 001 015 013 022 1C8 023 084 02A 084 01F 01B 022 001 011 03E 01F 035 07A 1C0	"<SPEAKER>「ジェイビーさまが さっき
また 来たんだよ!<WAIT><SPEAKER>「それで ベビオのやつが
スノーバレーの まるい たまの
はなしを ほうこくしたんだ<WAIT><SPEAKER>「そしたら ジェイビーさまは
けっそうを かえて
とびだして いったよ!"
03	5B	0x035B	0x0271E9	0x0271EA	88	699	173	1CC 01E 012 011 013 084 029 001 084 04D 076 043 084 05C 078 01A 02E 029 1C8 084 05F 078 06A 084 015 001 084 023 012 01B 01F 023 015 1C8 011 03E 022 01F 018 084 023 001 010 039 015 024 010 1C5 1CC 014 039 028 001 023 032 084 01F 020 084 015 001 02A 084 015 01B 028 1C8 04E 05A 078 084 05B 06B 078 028 001 125 0D5 025 1C8 011 038 03D 084 01F 018 084 023 027 1C5 1CC 01E 011 021 084 015 001 015 084 02C 028 0A1 025 1C8 02E 038 011 001 01F 02E 03C 1C8 02F 021 018 01F 023 015 001 011 03E 022 011 01F 03D 084 01F 1C5 1CC 01E 039 028 001 019 023 015 024 010 081 081 02E 010 1C8 020 084 015 03E 022 011 01F 036 001 014 019 036 039 038 015 036 1C8 084 02C 021 025 001 011 011 018 084 023 027 07A 1C0	"<SPEAKER>「そういえば ジェイビーさまは
ボールが どうしたとか
いってたけど あれかなあ<WAIT><SPEAKER>「おれの ともだちが ひがしの
スノーバレーの 基地に
いるんだけどね<WAIT><SPEAKER>「そいつが かべの中に
まるい たまを
みつけたとか いっていたんだ<WAIT><SPEAKER>「それの ことかなあ・・まあ
ちがっていたら おこられるから
べつに いいけどね!"
03	5C	0x035C	0x027242	0x027243	78	623	148	1CC 03D 079 001 024 03D 084 01F 001 014 02E 013 036 029 079 1C8 011 02E 001 01B 03E 020 03F 015 001 031 03E 020 03F 015 1C8 084 01F 015 036 001 010 023 025 001 01B 022 017 039 07A 1C5 1CC 081 081 081 03D 079 001 032 01B 015 01B 022 1C8 014 02E 013 01F 020 001 110 10C 02C 001 084 04A 062 04B 01A 02E 03C 1C8 01F 01C 018 025 001 08D 03E 022 017 039 038 028 015 079 1C5 1CC 01E 012 015 01E 012 015 01E 012 015 001 013 036 011 084 01E 07A 1C5 1CC 011 02E 001 020 041 012 084 023 001 0FA 03C 1C8 08D 015 01D 038 015 03C 001 029 024 01B 010 03E 022 1C8 011 01F 023 019 03A 024 03D 084 01F 035 1C0	"<SPEAKER>「ん? なんだ おまえらは?
いま しっちゃか めっちゃか
だから あとに してくれ!<WAIT><SPEAKER>「・・・ん? もしかして
おまえたち 火山へ ゲムコさまを
たすけに 行ってくれるのか?<WAIT><SPEAKER>「そうかそうかそうか えらいぞ!<WAIT><SPEAKER>「いま ちょうど 誰を
行かせるかを はなしあって
いたところなんだよ"
03	5D	0x035D	0x027291	0x027292	53	420	107	1CC 084 04D 076 043 084 05C 078 01A 02E 084 015 001 184 01B 022 011 038 1C8 01E 028 001 084 05F 078 06A 084 015 001 02F 021 015 039 084 029 1C8 011 035 011 035 001 014 039 01F 020 032 001 030 02B 02B 1C5 1CC 096 09F 028 0C2 19F 03C 001 123 03E 022 1C8 0AC 016 024 001 0F0 025 1C8 09B 02E 039 015 03B 039 038 084 01E 07A 1C5 1CC 01E 01B 01F 036 001 014 039 029 001 02E 011 025 020 1C8 091 0E3 03C 001 0E4 012 032 03D 027 07A 1C0	"<SPEAKER>「ジェイビーさまが 探している
その ボールが みつかれば
いよいよ おれたちも むふふ<WAIT><SPEAKER>「古代の装置を 使って
大きな 体に
生まれかわれるぞ!<WAIT><SPEAKER>「そしたら おれは まいにち
人間を 食うもんね!"
03	5E	0x035E	0x0272C7	0x0272C8	54	431	98	1CC 14D 08E 01B 01F 001 091 0E3 084 023 032 032 1C8 01A 084 015 01A 027 084 029 001 024 036 03D 01B 1C5 1CC 084 04A 062 04B 01A 02E 032 001 01F 01C 018 084 01F 01A 027 084 029 1C8 024 036 03D 01B 001 119 158 11D 032 1C8 019 03B 039 023 038 01B 001 02E 011 03E 022 038 03D 084 01B 03F 1C5 1CC 02D 023 02D 023 001 0E2 166 01A 011 084 015 011 029 1C8 01B 02E 021 025 001 014 013 03D 035 07A 1C0	"<SPEAKER>「寝入した 人間どもも
さがさねば ならんし<WAIT><SPEAKER>「ゲムコさまも たすけださねば
ならんし 落岩炉も
こわれとるし まいってるんじゃ<WAIT><SPEAKER>「ほとほと 自然さいがいは
しまつに おえんよ!"
03	5F	0x035F	0x0272FE	0x0272FF	80	636	148	1CC 014 014 001 014 02E 013 01F 020 07A 001 035 017 033 03E 01F 07A 1C8 01A 03E 01E 017 001 02D 012 084 02A 028 001 02A 023 021 032 1C8 112 131 01D 025 03F 001 024 036 03D 028 084 01F 084 015 1C5 1CC 014 02E 013 01F 020 032 001 01C 084 017 025 1C8 04E 05A 078 084 05B 06B 078 028 001 02D 012 025 1C8 08D 03E 022 017 039 03D 015 079 1C5 1CC 084 04D 076 043 084 05C 078 01A 02E 028 001 031 011 039 011 084 022 1C8 084 05F 078 06A 03C 001 184 01A 027 084 029 001 024 036 03D 028 084 01F 1C5 1CC 023 025 015 017 001 027 019 028 001 177 032 1C8 015 037 01F 011 001 017 036 011 084 01B 03F 07A 1C0	"<SPEAKER>「おお おまえたち! よくやった!
さっそく ほうびの ひとつも
用意せにゃ ならんのだが<WAIT><SPEAKER>「おまえたちも すぐに
スノーバレーの ほうに
行ってくれんか?<WAIT><SPEAKER>「ジェイビーさまの めいれいで
ボールを 探さねば ならんのだ<WAIT><SPEAKER>「とにかく ねこの 手も
かりたい くらいじゃ!"
03	60	0x0360	0x02734F	0x027350	65	515	128	1CC 011 011 015 001 119 158 11D 029 001 084 04A 062 04B 01A 02E 084 015 1C8 023 084 01B 019 031 036 039 022 038 001 0DA 0B3 028 1C8 01A 036 025 001 014 017 025 001 010 038 1C5 1CC 016 03E 023 001 117 110 028 001 01B 03D 084 023 012 084 022 1C8 084 05F 06A 055 084 015 001 026 018 022 01B 02E 03E 01F 025 1C8 020 084 015 011 024 011 07A 1C5 1CC 084 05F 06A 055 03C 001 029 031 039 084 029 1C8 119 158 11D 029 001 024 014 038 029 084 01C 084 01F 1C8 01F 028 03D 084 01F 084 01E 07A 001 014 02E 013 01F 020 07A 1C0	"<SPEAKER>「いいか 落岩炉は ゲムコさまが
とじこめられてる 部屋の
さらに おくに ある<WAIT><SPEAKER>「きっと 噴火の しんどうで
ボルトが ぬけてしまったに
ちがいない!<WAIT><SPEAKER>「ボルトを はめれば
落岩炉は なおるはずだ
たのんだぞ! おまえたち!"
03	61	0x0361	0x027391	0x027392	23	181	48	1CC 084 019 017 03A 012 084 01F 03E 01F 024 07A 001 013 079 1C8 084 04A 062 04B 01A 02E 084 015 081 081 081 01E 012 015 081 081 1C5 1CC 011 01F 01B 015 01F 001 010 038 02E 011 081 081 081 1C0	"<SPEAKER>「ごくろうだったな! え?
ゲムコさまが・・・そうか・・<WAIT><SPEAKER>「いたしかた あるまい・・・"
03	62	0x0362	0x0273A9	0x0273AA	16	125	29	1CC 03B 039 036 001 09A 08B 032 001 0E2 166 025 029 1C8 192 022 03D 028 015 032 001 01B 039 03D 024 081 081 081 1C0	"<SPEAKER>「われら 魔物も 自然には
勝てんのかも しれんな・・・"
03	63	0x0363	0x0273BA	0x0273BB	29	230	45	1CC 011 033 011 033 011 033 011 033 1C8 019 037 03F 02E 01F 084 023 012 032 1C5 1CC 010 037 03C 037 029 084 02C 037 001 011 02E 01E 015 037 1C8 02E 01F 02E 01F 084 023 012 032 1C0	"<SPEAKER>「いやいやいやいや
こりゃまたどうも<WAIT><SPEAKER>「ありをりはべり いまそかり
またまたどうも"
03	64	0x0364	0x0273D8	0x0273D9	25	195	52	1D0 01B 041 012 015 01D 03D 084 015 001 010 038 1C8 06B 084 05B 078 03C 001 0B1 015 01D 084 029 1C8 0B2 03C 001 024 084 015 01D 01E 012 084 01F 1C5 1D0 06B 084 05B 078 03C 001 0B1 015 01B 02E 01C 015 079 1C0	"<CLEAR>
しょうかせんが ある
レバーを 行かせば
水を ながせそうだ<WAIT>
<CLEAR>
レバーを 行かしますか?"
03	65	0x0365	0x0273F2	0x0273F3	6	41	12	1D0 06B 084 05B 078 03C 001 0B1 015 01B 01F 1C0	"<CLEAR>
レバーを 行かした"
03	66	0x0366	0x0273F9	0x0273FA	13	104	26	1D0 01B 041 012 015 01D 03D 084 015 001 010 038 1C8 01C 084 022 025 001 0F6 0B1 01B 01F 1A6 084 01F 1C0	"<CLEAR>
しょうかせんが ある
すでに 作行した後だ"
03	67	0x0367	0x027407	0x027408	218	1743	424	1CC 012 001 012 001 081 081 01F 01C 018 025 081 081 1C8 097 022 001 017 039 01F 028 084 022 01C 027 07A 001 084 022 001 084 022 032 1C8 03B 01F 01B 029 001 032 012 001 084 01F 001 084 01F 031 084 022 01C 1C5 1CC 117 110 028 001 027 021 025 001 033 036 039 022 1C8 032 012 001 01F 01C 015 036 024 011 084 022 01B 041 012 081 081 1C5 1CC 032 001 032 012 001 0B6 032 001 015 01C 03D 084 022 1C8 010 024 01F 084 015 001 02F 001 02F 013 02E 01D 03D 081 081 081 1C5 1CC 010 024 01F 029 001 0FA 079 001 051 04B 084 02D 012 079 1C5 1CC 084 019 02D 001 084 019 02D 001 084 022 001 084 022 032 1C8 032 012 001 011 011 03D 084 022 01C 081 081 081 03B 01F 01B 029 1C8 032 023 032 023 001 09B 016 022 029 001 011 024 015 03E 01F 1C5 1CC 09E 09D 084 01F 03E 01F 001 03B 01F 01B 025 001 010 028 1C8 084 04D 071 06F 084 05F 001 084 05E 084 05C 078 084 05B 06C 06F 084 015 081 081 081 1C5 1CC 084 01B 03F 010 017 024 001 01F 02E 01B 011 03C 1C8 02B 016 019 03D 084 01F 028 084 022 01C 081 081 081 1C8 012 001 012 001 084 022 032 081 081 1C5 1CC 02A 023 021 084 01F 018 001 011 03E 022 001 014 016 02E 01C 1C5 1CC 010 001 010 011 021 029 001 0C2 19F 03C 1C8 18B 0B4 01A 01D 022 001 010 024 01F 01F 020 03C 1C8 0AC 016 024 0F0 025 001 01C 038 021 032 037 084 022 01C 084 015 081 081 081 1C5 1CC 010 028 0C2 19F 084 022 001 0AC 016 017 024 038 023 1C8 107 029 001 138 017 024 037 02E 01C 084 015 081 081 081 1C8 0F0 029 001 030 01B 084 029 02E 039 022 011 017 028 084 022 01C 081 081 081 1C5 1CC 081 081 09A 08B 029 001 0E2 166 028 02E 02E 084 022 1C8 011 011 028 084 022 01C 081 081 081 012 001 012 001 012 081 081 1C5 1CC 010 011 021 025 1C8 084 01F 02E 1CD 001 01A 1CD 001 039 1CD 001 024 011 084 022 081 081 1C0	"<SPEAKER>「う う ・・たすけに・・
来て くれたのですね! で でも
わたしは もう だ だめです<WAIT><SPEAKER>「噴火の ねつに やられて
もう たすからないでしょう・・<WAIT><SPEAKER>「も もう 目も かすんで
あなたが み みえません・・・<WAIT><SPEAKER>「あなたは 誰? タコぼう?<WAIT><SPEAKER>「ごほ ごほ で でも
もう いいんです・・・わたしは
もともと 生きては いなかった<WAIT><SPEAKER>「化石だった わたしに あの
ジャンボ ベビーバロンが・・・<WAIT><SPEAKER>「じゃあくな たましいを
ふきこんだのです・・・
う う でも・・<WAIT><SPEAKER>「ひとつだけ いって おきます<WAIT><SPEAKER>「あ あいつは 装置を
復活させて あなたたちを
大きな体に するつもりですが・・・<WAIT><SPEAKER>「あの装置で 大きくなると
力は 強くなりますが・・・
体は むしばまれていくのです・・・<WAIT><SPEAKER>「・・魔物は 自然のままで
いいのです・・・う う う・・<WAIT><SPEAKER>「あいつに
だま<PAUSE_30> さ<PAUSE_30> れ<PAUSE_30> ないで・・"
03	68	0x0368	0x0274E2	0x0274E3	9	66	18	1D0 084 04A 062 04B 029 001 0B1 015 024 017 024 03E 01F 081 081 081 1C0	"<CLEAR>
ゲムコは 行かなくなった・・・"
03	69	0x0369	0x0274EC	0x0274ED	9	65	18	1D0 0AC 016 024 001 055 060 055 06F 028 001 09E 09D 084 015 010 038 1C0	"<CLEAR>
大きな トマトンの 化石がある"
03	6A	0x036A	0x0274F6	0x0274F7	17	133	26	1D0 1A0 001 06C 070 054 06F 084 05D 06C 078 122 11E 1C8 001 001 0DC 136 01B 040 084 016 041 012 0A5 1C0	"<CLEAR>
↘ ロッテンブロー教会
  神官しゅぎょう場"
03	6B	0x036B	0x027508	0x027509	15	117	28	1CC 012 03B 078 001 01F 01C 018 022 017 039 035 078 1C8 024 03D 084 022 032 001 01B 03F 084 02C 038 035 078 1C0	"<SPEAKER>「うわー たすけてくれよー
なんでも しゃべるよー"
03	6C	0x036C	0x027518	0x027519	26	202	52	1CC 084 04D 076 043 084 05C 078 01A 02E 029 1C8 019 019 015 036 001 141 011 001 084 05F 078 06A 03C 1C8 11C 037 106 01B 01F 03D 084 01F 1C5 1CC 01C 084 019 017 001 012 039 01B 01E 012 084 01F 03E 01F 035 1C0	"<SPEAKER>「ジェイビーさまは
ここから 白い ボールを
掘り出したんだ<WAIT><SPEAKER>「すごく うれしそうだったよ"
03	6D	0x036D	0x027533	0x027534	13	101	25	1D0 015 084 02C 025 001 093 015 1C8 11C 037 106 01B 01F 035 012 024 001 010 024 084 015 010 038 1C0	"<CLEAR>
かべに 何か
掘り出したような あながある"
03	6E	0x036E	0x027541	0x027542	28	224	56	1D0 06B 084 05B 078 084 015 010 038 1C8 014 01B 022 032 001 084 01D 03D 084 01D 03D 0B1 015 024 011 1C5 1D0 032 03E 023 001 138 011 107 084 022 001 014 01D 084 029 1C8 0B1 015 01D 038 015 032 01B 039 024 011 081 081 081 1C0	"<CLEAR>
レバーがある
おしても ぜんぜん行かない<WAIT>
<CLEAR>
もっと 強い力で おせば
行かせるかもしれない・・・"
03	6F	0x036F	0x02755E	0x02755F	12	94	26	1D0 06B 084 05B 078 084 015 010 038 1C8 02A 011 022 032 001 084 01D 03D 084 01D 03D 0B1 015 024 011 1C0	"<CLEAR>
レバーがある
ひいても ぜんぜん行かない"
03	70	0x0370	0x02756B	0x02756C	77	612	135	1D0 07D 084 04D 076 043 084 05C 078 084 01B 038 01B 001 019 012 01E 017 1C8 015 03D 084 021 031 001 01D 011 084 01E 012 016 001 060 078 049 081 06D 06F 1C8 081 081 081 023 001 015 011 022 010 038 1C5 1D0 016 015 011 029 001 02A 084 023 017 019 03B 039 022 001 023 02E 03E 022 011 038 1C8 010 020 019 020 025 001 01B 040 012 037 01B 01F 001 010 023 084 015 010 038 1C3 1C5 1D0 123 011 01C 084 016 022 001 032 012 001 024 014 01D 024 011 02D 084 023 1C8 084 05F 06C 084 05F 06C 025 001 019 03B 039 022 01B 02E 03E 01F 035 012 084 01F 1C3 1C0	"<CLEAR>
「ジェイビーじるし こうそく
かんづめ せいぞうき マーク・ワン
・・・と かいてある<WAIT>
<CLEAR>
きかいは ひどくこわれて とまっている
あちこちに しゅうりした あとがある
<WAIT>
<CLEAR>
使いすぎて もう なおせないほど
ボロボロに こわれてしまったようだ"
03	71	0x0371	0x0275B9	0x0275BA	5	35	9	1D0 1A0 001 068 062 04E 028 154 1C0	"<CLEAR>
↘ ラムスの塔"
03	72	0x0372	0x0275BF	0x0275C0	6	44	10	1D0 1A0 001 024 084 018 016 028 1A7 1C0	"<CLEAR>
↘ なげきの岬"
03	73	0x0373	0x0275C6	0x0275C7	28	221	49	1CC 010 01F 01B 029 001 035 012 01D 011 001 060 061 069 075 1C8 010 011 019 023 084 029 029 001 048 061 050 084 05B 1C8 01F 02E 084 019 028 001 014 01E 084 029 084 01B 03F 001 024 011 03B 035 1C0	"<SPEAKER>「あたしは ようせい マミリィ
あいことばは キミソバ
たまごの おそばじゃ ないわよ"
03	74	0x0374	0x0275E3	0x0275E4	78	624	153	1CC 019 019 029 001 084 054 04E 068 06F 084 055 08A 028 1C8 032 03E 023 032 001 02F 024 02F 025 010 038 1C8 024 084 018 016 028 1A7 023 001 035 084 029 039 038 023 019 03A 1C5 1CC 029 038 015 001 104 015 036 001 091 029 1C8 019 028 001 1A7 028 001 030 019 012 025 010 038 1C8 084 05B 06C 06F 06C 070 049 03C 001 031 084 01A 01B 01F 1C5 1CC 048 06F 084 049 084 05B 06C 06F 028 0C2 19F 03C 1C8 177 025 08E 039 001 176 1B4 03C 1C8 015 017 084 01F 011 01C 038 01F 031 084 01B 03F 1C5 1CC 084 01B 03F 084 015 001 162 015 036 028 001 138 011 168 029 1C8 091 0E3 03C 001 035 01D 021 018 03D 015 03E 01F 081 081 081 1C0	"<SPEAKER>「ここは デスランド島の
もっとも みなみにある
なげきの岬と よばれるところ<WAIT><SPEAKER>「はるか 苦から 人は
この 岬の むこうにある
バロンロックを めざした<WAIT><SPEAKER>「キングバロンの装置を
手に入れ 領士を
かくだいするためじゃ<WAIT><SPEAKER>「じゃが 海からの 強い風は
人間を よせつけんかった・・・"
03	75	0x0375	0x027632	0x027633	31	248	52	1CC 03B 01B 029 001 033 084 02D 012 025 023 037 021 015 039 01F 1C8 010 03B 039 024 0A7 01F 020 03C 001 023 030 036 012 1C8 02D 019 036 028 001 010 038 084 01B 084 01B 03F 035 001 093 015 112 015 024 079 1C0	"<SPEAKER>「わしは やぼうにとりつかれた
あわれな昔たちを とむらう
ほこらの あるじじゃよ 何か用かな?"
03	76	0x0376	0x027652	0x027653	31	244	65	1CC 019 019 029 001 068 062 04E 028 154 081 081 081 1C5 1CC 004 002 002 0CA 02E 013 001 023 016 028 001 068 062 04E 155 084 015 1C8 048 06F 084 049 084 05B 06C 06F 028 001 096 09F 0C2 19F 03C 1C8 177 025 08E 039 038 01F 031 001 15A 022 01F 154 081 081 081 1C0	"<SPEAKER>「ここは ラムスの塔・・・<WAIT><SPEAKER>「200年まえ ときの ラムス王が
キングバロンの 古代装置を
手に入れるため 建てた塔・・・"
03	77	0x0377	0x027672	0x027673	90	715	174	1CC 084 05B 06C 06F 06C 070 049 028 02E 03B 037 029 1C8 162 015 036 001 02B 016 010 084 018 038 001 138 011 168 084 022 1C8 19B 029 001 020 015 084 021 018 02E 01D 03D 1C5 1CC 068 062 04E 155 029 001 019 019 025 001 105 011 154 03C 1C8 15A 022 022 001 156 015 036 001 084 05B 06C 06F 06C 070 049 02C 1C8 08D 017 001 0B9 157 03C 001 01A 084 017 037 02E 01B 01F 081 081 081 1C5 1CC 03B 01F 01B 01F 020 001 015 084 015 017 01B 03F 03C 1C8 019 019 025 001 023 084 01B 019 031 022 001 017 038 120 032 1C8 017 038 120 032 001 0E5 0E7 084 029 015 037 081 081 081 1C5 1CC 023 012 023 012 001 03B 01F 01B 01F 020 029 001 019 019 084 022 1C8 0D6 03D 084 022 01B 02E 03E 01F 028 084 022 01C 081 081 081 1C0	"<SPEAKER>「バロンロックのまわりは
海から ふきあげる 強い風で
船は ちかづけません<WAIT><SPEAKER>「ラムス王は ここに 高い塔を
建てて 空から バロンロックへ
行く 方法を さぐりました・・・<WAIT><SPEAKER>「わたしたち かがくしゃを
ここに とじこめて くる日も
くる日も 研究ばかり・・・<WAIT><SPEAKER>「とうとう わたしたちは ここで
死んでしまったのです・・・"
03	78	0x0378	0x0276CD	0x0276CE	57	454	107	1CC 068 062 04E 155 029 001 010 036 034 038 019 023 03C 1C8 019 019 03A 02F 02E 01B 01F 081 081 081 1C5 1CC 09A 16A 033 001 12D 16A 025 02E 084 022 001 01F 035 03E 01F 037 1C8 016 015 011 028 001 021 084 029 01A 001 02E 084 022 1C8 0F6 038 019 023 03C 001 031 011 084 01B 02E 01B 01F 081 081 081 1C5 1CC 018 039 084 023 032 001 084 023 039 02A 023 021 1C8 012 02E 017 029 001 011 016 02E 01D 03D 084 022 01B 01F 081 081 081 1C0	"<SPEAKER>「ラムス王は あらゆることを
こころみました・・・<WAIT><SPEAKER>「魔術や 呪術にまで たよったり
きかいの つばさ まで
作ることを めいじました・・・<WAIT><SPEAKER>「けれども どれひとつ
うまくは いきませんでした・・・"
03	79	0x0379	0x027707	0x027708	52	413	87	1CC 014 014 001 0DC 035 001 03B 039 036 028 001 01A 02E 035 013 038 1C8 01F 02E 01B 011 03C 001 12C 028 032 023 02C 1C8 014 017 037 023 084 023 018 01F 02E 013 1C5 1CC 068 062 04E 155 028 001 027 084 015 011 084 015 1C8 015 024 013 036 039 026 015 084 016 037 001 03B 039 036 029 1C8 033 01C 036 015 025 001 027 030 039 024 011 028 084 022 01C 1C0	"<SPEAKER>「おお 神よ われらの さまよえる
たましいを 主のもとへ
おくりとどけたまえ<WAIT><SPEAKER>「ラムス王の ねがいが
かなえられぬかぎり われらは
やすらかに ねむれないのです"
03	7A	0x037A	0x02773C	0x02773D	22	174	45	1CC 03B 039 036 028 001 155 028 001 027 084 015 011 029 1C8 084 05B 06C 06F 06C 070 049 02E 084 022 001 156 03C 1C8 023 03D 084 022 08D 017 019 023 084 01F 03E 01F 081 081 081 1C0	"<SPEAKER>「われらの 王の ねがいは
バロンロックまで 空を
とんで行くことだった・・・"
03	7B	0x037B	0x027753	0x027754	44	352	86	1CC 011 020 084 023 001 084 023 019 015 028 109 091 084 015 1C8 0AC 156 03C 023 084 02B 001 084 01B 040 012 01F 03D 03C 1C8 0D3 03E 022 016 01F 028 084 022 01C 084 015 081 081 081 1C5 1CC 09A 157 028 001 107 029 001 01C 084 022 025 1C8 016 013 012 01D 022 001 023 084 02B 019 023 029 1C8 084 022 016 02E 01D 03D 084 022 01B 01F 081 081 081 1C0	"<SPEAKER>「いちど どこかの商人が
大空をとぶ じゅうたんを
持ってきたのですが・・・<WAIT><SPEAKER>「魔法の 力は すでに
きえうせて とぶことは
できませんでした・・・"
03	7C	0x037C	0x027780	0x027781	37	289	72	1CC 019 028 154 029 001 003 006 15F 02E 084 022 010 038 1C5 1CC 18A 128 15F 028 001 068 062 04E 155 084 015 1C8 0AC 156 02C 001 02E 011 010 084 015 037 1C8 084 05B 06C 06F 06C 070 049 025 001 03B 01F 03E 01F 023 016 1C5 1CC 03B 039 036 029 001 015 011 02D 012 01A 039 038 028 084 01F 1C0	"<SPEAKER>「この塔は 14階まである<WAIT><SPEAKER>「最上階の ラムス王が
大空へ まいあがり
バロンロックに わたったとき<WAIT><SPEAKER>「われらは かいほうされるのだ"
03	7D	0x037D	0x0277A6	0x0277A7	31	246	63	1CC 019 028 154 028 0A1 025 029 1C8 068 062 04E 155 028 001 1AC 031 01F 032 028 084 015 1C8 01F 017 01A 03D 001 02E 084 01F 001 010 037 02E 01C 1C5 1CC 01E 028 0A1 025 001 156 03C 023 084 02B 032 028 029 1C8 024 011 028 084 022 01B 041 012 015 079 1C0	"<SPEAKER>「この塔の中には
ラムス王の 集めたものが
たくさん まだ あります<WAIT><SPEAKER>「その中に 空をとぶものは
ないのでしょうか?"
03	7E	0x037E	0x0277C6	0x0277C7	12	91	24	1D0 015 084 02C 025 001 04E 043 070 052 084 015 010 037 02E 01C 1C8 014 01B 02E 01C 015 079 1C0	"<CLEAR>
かべに スイッチがあります
おしますか?"
03	7F	0x037F	0x0277D3	0x0277D4	14	108	28	1D0 015 084 02C 025 001 04E 043 070 052 084 015 010 038 1C8 04E 043 070 052 029 001 014 01A 039 022 011 038 1C0	"<CLEAR>
かべに スイッチがある
スイッチは おされている"
03	80	0x0380	0x0277E2	0x0277E3	114	911	208	1CC 03B 084 015 0CD 029 001 068 062 04E 081 081 081 1C8 03B 084 015 001 028 084 01E 02F 029 001 0AC 156 025 001 02E 011 1C8 084 05B 06C 06F 06C 070 049 02E 084 022 001 034 017 019 023 081 081 1C5 1CC 03B 01B 029 001 16B 03E 01F 081 081 081 081 1C8 004 002 002 0CA 032 081 081 081 084 01F 084 015 001 0FA 02A 023 037 1C8 156 023 084 02B 0C7 124 03C 001 0D3 03E 022 011 024 015 03E 01F 1C5 1CC 019 028 02E 02E 084 022 029 001 0D6 03D 084 022 032 1C8 0D6 025 016 039 03D 07A 001 024 03D 023 015 001 03B 01B 03C 1C8 084 05B 06C 06F 06C 070 049 02E 084 022 001 021 039 022 011 03E 022 017 039 07A 1C5 1CC 010 012 012 012 012 001 084 017 011 010 010 010 010 07A 1C8 084 05B 1CD 001 06C 1CD 001 06F 1CD 001 06C 1CD 001 070 1CD 001 049 012 012 012 001 1CD 013 013 1CD 1C8 011 011 011 001 084 017 012 012 012 001 084 017 010 010 010 07A 1C0	"<SPEAKER>「わが名は ラムス・・・
わが のぞみは 大空に まい
バロンロックまで ゆくこと・・<WAIT><SPEAKER>「わしは 待った・・・・
200年も・・・だが 誰ひとり
空とぶ道具を 持っていなかった<WAIT><SPEAKER>「このままでは 死んでも
死にきれん! なんとか わしを
バロンロックまで つれていってくれ!<WAIT><SPEAKER>「あうううう ぐいああああ!
バ<PAUSE_30> ロ<PAUSE_30> ン<PAUSE_30> ロ<PAUSE_30> ッ<PAUSE_30> クううう <PAUSE_30>ええ<PAUSE_30>
いいい ぐううう ぐあああ!"
03	81	0x0381	0x027855	0x027856	15	117	31	1D0 096 09F 028 001 011 084 02B 021 084 015 001 010 038 1C5 1D0 096 011 001 09D 159 033 001 161 124 028 035 012 084 01F 1C0	"<CLEAR>
古代の いぶつが ある<WAIT>
<CLEAR>
古い 石像や 家具のようだ"
03	82	0x0382	0x027865	0x027866	20	156	34	1D0 07D 14A 028 0C7 029 001 084 047 058 084 05C 04E 028 0C7 1C8 01B 038 01B 024 016 0A7 028 001 14D 08E 03C 001 034 038 01A 084 01C 1C0	"<CLEAR>
「光の道は ガヌビスの道
しるしなき昔の 寝入を ゆるさず"
03	83	0x0383	0x02787A	0x02787B	11	85	21	1D0 084 047 068 04E 025 001 02A 084 02A 084 015 001 029 011 03E 022 011 038 07A 1C0	"<CLEAR>
ガラスに ひびが はいっている!"
03	84	0x0384	0x027886	0x027887	10	78	20	1D0 09D 147 084 015 001 015 084 02C 025 001 1A8 031 019 03D 084 022 010 038 1C0	"<CLEAR>
石板が かべに 埋めこんである"
03	85	0x0385	0x027891	0x027892	16	123	35	1D0 09D 147 025 029 001 096 09F 152 153 084 015 001 015 015 039 022 011 038 1C8 067 04D 046 084 015 001 118 03D 084 022 017 039 01F 1C3 1C0	"<CLEAR>
石板には 古代文字が かかれている
ヨシオが 読んでくれた"
03	86	0x0386	0x0278A2	0x0278A3	21	168	45	1D0 09D 147 025 029 001 096 09F 152 153 084 015 001 015 015 039 022 011 038 1C8 067 04D 046 028 001 01F 02E 01B 011 084 015 001 014 01F 018 084 02A 03C 010 084 018 01F 07A 1C3 1C0	"<CLEAR>
石板には 古代文字が かかれている
ヨシオの たましいが おたけびをあげた!"
03	87	0x0387	0x0278B8	0x0278B9	64	512	125	1CC 011 021 028 120 015 001 014 023 084 01C 039 038 1C8 011 084 01F 011 024 038 001 1A6 1A5 0A7 02C 1C5 1CC 0CC 0AC 024 001 09A 08B 084 023 032 025 1C8 023 012 023 012 001 015 019 02E 039 022 01B 02E 03E 01F 1C5 1CC 019 019 084 022 001 02F 084 01C 015 036 001 021 017 03E 01F 1C8 09E 018 08B 084 023 032 025 001 0E4 03B 039 022 01B 02E 03E 022 029 1C8 170 171 172 173 1AF 174 028 001 0CD 084 015 01C 01F 038 081 081 081 1C5 1CC 081 081 081 019 019 015 036 001 0B8 029 1C8 015 018 022 02E 01C 024 1C0	"<SPEAKER>「いつの日か おとずれる
いだいなる 後続昔へ<WAIT><SPEAKER>「巨大な 魔物どもに
とうとう かこまれてしまった<WAIT><SPEAKER>「ここで みずから つくった
化け物どもに 食われてしまっては
<ICON_170><ICON_171><ICON_172><ICON_173><ICON_1AF><ICON_174>の 名がすたる・・・<WAIT><SPEAKER>「・・・ここから 下は
かけてますな"
03	88	0x0388	0x0278F9	0x0278FA	37	293	66	1D0 084 05F 078 06A 03C 01A 01A 084 018 038 001 1B7 084 015 010 038 1C8 09D 147 023 014 024 084 01B 001 096 09F 152 153 084 015 1C8 01B 038 01A 039 022 011 038 1C5 1D0 07D 084 05F 078 06A 03C 01A 01A 084 018 001 03B 084 015 0CD 03C 001 01B 031 01C 084 02C 01B 1C0	"<CLEAR>
ボールをささげる 台がある
石板とおなじ 古代文字が
しるされている<WAIT>
<CLEAR>
「ボールをささげ わが名を しめすべし"
03	89	0x0389	0x02791F	0x027920	12	94	25	1D0 067 04D 046 028 001 01F 02E 01B 011 084 015 001 014 01F 018 084 02A 03C 010 084 018 01F 07A 1C0	"<CLEAR>
ヨシオの たましいが おたけびをあげた!"
03	8A	0x038A	0x02792C	0x02792D	17	134	36	1CC 012 014 014 078 081 081 081 1C8 014 0D8 01A 02E 081 081 081 1C8 03B 01B 028 131 090 03C 001 0A6 011 022 017 084 01F 01A 039 081 081 081 1C0	"<SPEAKER>「うおおー・・・
お嬢さま・・・
わしの意見を 聞いてくだされ・・・"
03	8B	0x038B	0x02793E	0x02793F	7	51	16	1D0 067 04D 046 028 131 090 03C 001 0A6 016 02E 01C 015 079 1C0	"<CLEAR>
ヨシオの意見を 聞きますか?"
03	8C	0x038C	0x027946	0x027947	32	252	54	1CC 024 03D 036 015 028 0B9 157 084 022 001 0FA 015 028 0CD 0C3 03C 1C8 010 036 03B 01B 001 01B 015 038 028 020 025 001 019 019 025 1C8 084 05F 078 06A 03C 014 018 001 023 011 012 019 023 084 022 01B 041 012 024 1C0	"<SPEAKER>「なんらかの方法で 誰かの名前を
あらわし しかるのちに ここに
ボールをおけ ということでしょうな"
03	8D	0x038D	0x027967	0x027968	9	71	20	1D0 032 03E 023 001 067 04D 046 028 131 090 03C 001 0A6 016 02E 01C 015 079 1C0	"<CLEAR>
もっと ヨシオの意見を 聞きますか?"
03	8E	0x038E	0x027971	0x027972	32	252	65	1CC 019 028 084 029 010 011 001 0FA 015 001 023 011 012 028 029 1C8 023 012 084 01D 03D 001 048 06F 084 049 084 05B 06C 06F 084 022 01B 041 012 1C5 1CC 032 03D 084 01F 011 029 001 011 015 025 01B 022 1C8 023 011 012 019 023 084 022 01C 084 015 081 081 081 1C0	"<SPEAKER>「このばあい 誰か というのは
とうぜん キングバロンでしょう<WAIT><SPEAKER>「もんだいは いかにして
ということですが・・・"
03	8F	0x038F	0x027992	0x027993	39	312	80	1CC 034 015 028 001 032 035 012 029 1C8 096 09F 152 153 03C 001 064 052 078 05D 025 1C8 01B 022 014 038 035 012 084 022 01C 1C5 1CC 01A 022 023 081 081 081 001 084 023 019 015 025 1C8 096 09F 152 153 084 022 001 048 06F 084 049 084 05B 06C 06F 023 1C8 015 011 022 001 010 037 02E 01D 03D 084 022 01B 01F 015 024 079 1C0	"<SPEAKER>「ゆかの もようは
古代文字を モチーフに
しておるようです<WAIT><SPEAKER>「さてと・・・ どこかに
古代文字で キングバロンと
かいて ありませんでしたかな?"
03	90	0x0390	0x0279BA	0x0279BB	39	310	77	1CC 084 055 068 084 04B 06F 028 09D 159 084 015 001 008 021 1C8 014 020 022 014 037 02E 01C 024 1C5 1CC 048 06F 084 049 084 05B 06C 06F 023 011 012 001 0CD 0C3 032 1C8 096 09F 152 153 084 022 015 018 084 029 001 008 152 153 1C8 029 01F 01B 022 001 084 017 012 084 01D 03D 084 022 01B 041 012 015 024 079 1C0	"<SPEAKER>「ドラゴンの石像が 6つ
おちておりますな<WAIT><SPEAKER>「キングバロンという 名前も
古代文字でかけば 6文字
はたして ぐうぜんでしょうかな?"
03	91	0x0391	0x0279E2	0x0279E3	58	457	112	1CC 09D 147 025 029 001 084 047 058 084 05C 04E 025 1C8 0CD 0C3 03C 001 01B 031 01D 081 081 081 1C8 023 001 010 037 02E 01B 01F 024 1C5 1CC 01A 011 084 01F 03D 028 128 025 001 084 01C 036 03E 023 1C8 024 036 03D 084 022 011 038 028 084 015 001 01E 028 1C8 084 047 058 084 05C 04E 028 159 084 022 01C 1C5 1CC 159 015 036 090 022 001 118 031 038 035 012 025 081 081 081 1C8 023 011 012 02B 012 025 001 023 038 084 02C 016 084 022 01B 041 012 024 1C0	"<SPEAKER>「石板には ガヌビスに
名前を しめせ・・・
と ありましたな<WAIT><SPEAKER>「さいだんの上に ずらっと
ならんでいるのが その
ガヌビスの像です<WAIT><SPEAKER>「像から見て 読めるように・・・
というふうに とるべきでしょうな"
03	92	0x0392	0x027A1D	0x027A1E	31	244	57	1D0 067 04D 046 029 001 029 024 01B 021 015 039 022 1C8 015 01F 084 022 001 011 016 03C 01B 022 011 038 1C3 1C5 1D0 01C 019 01B 001 140 02E 01D 022 010 084 018 024 011 023 1C8 011 018 024 011 035 012 084 01F 081 081 081 1C3 1C0	"<CLEAR>
ヨシオは はなしつかれて
かたで いきをしている
<WAIT>
<CLEAR>
すこし 休ませてあげないと
いけないようだ・・・"
03	93	0x0393	0x027A3D	0x027A3E	21	166	39	1D0 084 05F 078 06A 03C 01A 01A 084 018 038 001 1B7 084 015 010 038 1C8 05F 06D 043 055 084 05F 078 06A 084 015 001 01A 01A 084 018 036 039 022 011 038 1C0	"<CLEAR>
ボールをささげる 台がある
ホワイトボールが ささげられている"
03	94	0x0394	0x027A53	0x027A54	175	1395	336	1CC 033 010 001 01B 084 029 036 017 084 022 01C 001 014 0D8 01A 03D 1C8 01E 028 01D 021 029 001 084 023 012 032 1C8 014 0A9 0A0 025 024 037 02E 01B 022 081 081 081 1C5 1CC 03B 01F 01B 001 068 062 04E 028 154 028 0DC 136 084 022 01C 1C5 1CC 068 062 04E 155 084 015 001 034 031 03C 001 029 01F 01A 039 01F 028 084 022 1C8 03B 01F 01B 032 001 154 028 12D 011 015 036 1C8 0FE 016 029 024 01F 039 01F 028 084 022 01C 084 015 081 081 081 1C5 1CC 024 03D 084 01F 015 001 014 0D8 01A 03D 028 1C8 019 039 015 036 084 015 001 099 025 024 03E 022 001 099 025 024 03E 022 1C8 014 020 021 015 024 011 03D 084 022 01C 035 1C5 1CC 084 022 001 068 062 04E 155 025 001 01F 028 03D 084 022 1C8 0C5 025 001 031 01A 039 038 0C3 025 001 019 019 02E 084 022 1C8 029 019 03D 084 022 032 036 03E 01F 03D 084 022 01C 1C5 1CC 010 03D 024 001 02F 084 015 03E 022 024 091 084 022 032 1C8 004 002 002 0CA 032 001 021 015 013 022 02F 038 023 1C8 018 03E 019 012 001 011 011 023 019 001 010 038 032 03D 084 022 01C 1C5 1CC 014 015 084 018 084 022 001 03B 01F 01B 032 001 014 0D8 01A 03D 025 1C8 014 03D 084 015 013 01B 084 015 001 084 022 016 038 023 011 012 032 028 084 022 01C 1C8 01A 01D 022 017 039 02E 01C 035 027 079 1C5 1CC 084 022 029 001 01E 012 011 012 019 023 084 022 1C8 150 1A6 023 032 001 035 03A 01B 017 1C8 013 078 001 046 05F 06F 001 01E 039 084 022 029 1C0	"<SPEAKER>「やあ しばらくです お嬢さん
そのせつは どうも
お世話になりまして・・・<WAIT><SPEAKER>「わたし ラムスの塔の神官です<WAIT><SPEAKER>「ラムス王が ゆめを はたされたので
わたしも 塔の呪いから
解きはなたれたのですが・・・<WAIT><SPEAKER>「なんだか お嬢さんの
これからが 気になって 気になって
おちつかないんですよ<WAIT><SPEAKER>「で ラムス王に たのんで
天に めされる前に ここまで
はこんでもらったんです<WAIT><SPEAKER>「あんな みがってな人でも
200年も つかえてみると
けっこう いいとこ あるもんです<WAIT><SPEAKER>「おかげで わたしも お嬢さんに
おんがえしが できるというものです
させてくれますよね?<WAIT><SPEAKER>「では そういうことで
今後とも よろしく
えー オホン それでは"
03	95	0x0395	0x027B03	0x027B04	20	159	37	1D0 084 055 068 084 04B 06F 028 159 084 015 010 038 1C5 1D0 159 029 001 032 012 1C8 093 032 001 015 01F 03A 012 023 01B 024 011 081 081 081 1C3 1C0	"<CLEAR>
ドラゴンの像がある<WAIT>
<CLEAR>
像は もう
何も かたろうとしない・・・"
03	96	0x0396	0x027B18	0x027B19	61	484	119	1CC 02A 02A 02A 02A 02A 081 081 081 1C8 191 03C 001 015 03D 01D 011 01A 01D 038 028 084 01B 03F 07A 1C8 011 02A 02A 02A 02A 1C5 1CC 191 084 015 001 015 03D 01D 011 01C 039 084 029 1C8 048 06F 084 049 084 05B 06C 06F 01A 02E 084 015 001 010 03D 01F 03C 1C8 019 019 015 036 001 106 01B 022 017 084 01F 01A 038 035 1C5 1CC 011 02A 02A 02A 02A 081 081 081 081 081 081 1C8 028 01F 039 0D6 025 015 001 191 03C 015 017 015 084 01B 03F 1C8 011 02A 02A 02A 02A 081 081 081 081 081 1C0	"<SPEAKER>「ひひひひひ・・・
絵を かんせいさせるのじゃ!
いひひひひ<WAIT><SPEAKER>「絵が かんせいすれば
キングバロンさまが あんたを
ここから 出してくださるよ<WAIT><SPEAKER>「いひひひひ・・・・・・
のたれ死にか 絵をかくかじゃ
いひひひひ・・・・・"
03	97	0x0397	0x027B56	0x027B57	10	75	17	1D0 02F 015 03D 01D 011 028 001 0AC 016 024 191 084 015 010 038 1C0	"<CLEAR>
みかんせいの 大きな絵がある"
03	98	0x0398	0x027B61	0x027B62	7	55	13	1D0 03A 012 01E 017 028 001 191 084 015 010 038 1C0	"<CLEAR>
ろうそくの 絵がある"
03	99	0x0399	0x027B69	0x027B6A	7	50	11	1D0 011 01C 028 001 191 084 015 010 038 1C0	"<CLEAR>
いすの 絵がある"
03	9A	0x039A	0x027B71	0x027B72	12	94	20	1D0 084 023 019 015 02C 023 021 084 021 017 001 0C7 028 191 084 015 010 038 1C0	"<CLEAR>
どこかへとつづく 道の絵がある"
03	9B	0x039B	0x027B7E	0x027B7F	7	55	13	1D0 095 084 029 019 029 001 010 011 022 011 038 1C0	"<CLEAR>
宝ばこは あいている"
03	9C	0x039C	0x027B86	0x027B87	9	69	27	1D0 06B 084 054 075 029 1C8 007 002 002 002 002 002 002 002 002 045 06F 084 055 06A 001 090 021 018 01F 1C0	"<CLEAR>
レディは
500000000エンドル 見つけた"
03	9D	0x039D	0x027B90	0x027B91	14	108	30	1D0 06B 084 054 075 029 1C8 02A 015 038 084 05C 078 084 051 060 03C 001 006 002 002 002 04B 1C8 177 025 08E 039 01F 1C0	"<CLEAR>
レディは
ひかるビーダマを 4000コ
手に入れた"
03	9E	0x039E	0x027B9F	0x027BA0	14	112	29	1D0 06B 084 054 075 029 1C8 02F 024 084 019 03A 01B 028 054 075 078 084 05B 070 049 03C 1C8 177 025 08E 039 01F 1C0	"<CLEAR>
レディは
みなごろしのティーバックを
手に入れた"
03	9F	0x039F	0x027BAE	0x027BAF	18	142	29	1D0 019 028 159 028 001 1AB 019 012 0BE 015 036 1C8 047 051 047 051 023 011 012 001 0E0 084 015 0A6 019 013 038 1C0	"<CLEAR>
この像の 向こう側から
カタカタという 音が聞こえる"
03	A0	0x03A0	0x027BC1	0x027BC2	19	146	34	1D0 159 028 001 1AB 019 012 0BE 015 036 1C8 14A 084 015 001 032 039 022 016 022 011 038 1C5 1D0 138 011 001 14A 028 035 012 084 01F 1C0	"<CLEAR>
像の 向こう側から
光が もれてきている<WAIT>
<CLEAR>
強い 光のようだ"
03	A1	0x03A1	0x027BD5	0x027BD6	14	106	25	1D0 159 028 001 1AB 019 012 0BE 025 1C8 016 02F 041 012 024 001 0C7 124 084 015 001 090 013 038 1C0	"<CLEAR>
像の 向こう側に
きみょうな 道具が 見える"
03	A2	0x03A2	0x027BE4	0x027BE5	21	167	38	1D0 02D 019 037 084 01F 036 018 028 001 191 084 015 010 038 1C5 1D0 01E 012 084 01B 03C 01C 039 084 029 001 191 084 015 090 036 039 01E 012 084 01F 1C0	"<CLEAR>
ほこりだらけの 絵がある<WAIT>
<CLEAR>
そうじをすれば 絵が見られそうだ"
03	A3	0x03A3	0x027BFA	0x027BFB	23	184	44	1D0 016 02F 041 012 024 001 0C7 124 084 015 001 0B1 011 022 011 038 07A 1C8 030 019 012 028 001 0DA 0B3 025 001 093 015 03C 1C8 012 021 01B 022 011 038 035 012 084 01F 07A 1C0	"<CLEAR>
きみょうな 道具が 行いている!
むこうの 部屋に 何かを
うつしているようだ!"
03	A4	0x03A4	0x027C12	0x027C13	11	83	21	1D0 016 02F 041 012 024 001 0C7 124 029 001 023 02E 03E 022 011 038 081 081 081 1C0	"<CLEAR>
きみょうな 道具は とまっている・・・"
03	A5	0x03A5	0x027C1E	0x027C1F	14	109	27	1D0 017 036 033 02F 028 0A1 025 001 04E 043 070 052 084 015 010 038 1C8 014 01B 022 02F 02E 01C 015 079 1C0	"<CLEAR>
くらやみの中に スイッチがある
おしてみますか?"
03	A6	0x03A6	0x027C2D	0x027C2E	7	56	18	1D0 06B 084 054 075 029 001 04E 043 070 052 03C 001 014 01B 01F 07A 1C0	"<CLEAR>
レディは スイッチを おした!"
03	A7	0x03A7	0x027C35	0x027C36	11	88	22	1D0 04E 043 070 052 084 015 010 038 1C8 04E 043 070 052 029 014 01A 039 022 011 038 1C0	"<CLEAR>
スイッチがある
スイッチはおされている"
03	A8	0x03A8	0x027C41	0x027C42	17	135	36	1D0 06B 084 054 075 029 001 017 036 033 02F 03C 1C8 184 03E 022 02F 01F 084 015 001 019 019 025 029 1C8 093 032 001 024 011 035 012 084 01F 1C0	"<CLEAR>
レディは くらやみを
探ってみたが ここには
何も ないようだ"
03	A9	0x03A9	0x027C53	0x027C54	115	920	220	1CC 010 010 001 014 0D8 01A 03D 001 084 019 084 02B 084 01B 084 022 01B 01F 015 1C8 01E 039 029 001 024 025 035 037 081 081 081 1C8 03B 01F 01B 001 068 062 04E 028 154 028 0DC 136 084 022 01C 035 1C5 1CC 019 028 010 01F 037 028 001 02A 084 023 011 1C8 084 01F 03D 084 015 011 084 01D 03E 083 02C 016 029 001 023 022 032 001 091 0E3 028 1C8 01B 028 084 02A 019 031 038 12F 084 022 029 001 010 037 02E 01D 03D 084 015 1C5 1CC 02D 036 001 03B 01F 01B 001 084 019 036 03D 028 12E 037 084 022 01C 015 036 1C5 1CC 02A 023 021 084 01F 018 001 010 011 022 011 038 1C8 02E 084 023 03C 001 090 021 018 01F 028 084 022 1C8 08E 03E 022 016 022 01B 02E 011 02E 01B 01F 1C5 1CC 020 041 03E 023 001 019 03B 015 03E 01F 084 022 01C 018 084 023 1C8 011 02E 01A 036 001 0EE 028 001 01B 03D 083 029 011 03C 01B 022 032 1C8 01B 015 01F 010 037 02E 01D 03D 01B 027 081 081 081 029 029 081 081 081 1C0	"<SPEAKER>「ああ お嬢さん ごぶじでしたか
それは なにより・・・
わたし ラムスの塔の神官ですよ<WAIT><SPEAKER>「このあたりの ひどい
だんがいぜっぺきは とても 人間の
しのびこめる所では ありませんが<WAIT><SPEAKER>「ほら わたし ごらんの通りですから<WAIT><SPEAKER>「ひとつだけ あいている
まどを 見つけたので
入ってきてしまいました<WAIT><SPEAKER>「ちょっと こわかったですけど
いまさら 命の しんぱいをしても
しかたありませんしね・・・はは・・・"
03	AA	0x03AA	0x027CC7	0x027CC8	45	355	83	1CC 019 019 029 001 096 016 092 08F 028 0A3 1C8 093 0BC 0CA 032 028 0E3 001 01F 020 011 038 091 0E3 028 1C8 024 015 03E 01F 0A5 12F 081 081 081 1C5 1CC 014 01F 084 015 011 001 0AC 178 024 12F 025 1C8 097 022 01B 02E 03E 01F 032 028 084 022 01C 084 015 1C8 0DC 028 01B 032 084 02C 084 015 001 014 107 025 024 039 02E 01C 015 079 1C0	"<SPEAKER>「ここは 古き伝説の館
何千年もの間 たちいる人間の
なかった場所・・・<WAIT><SPEAKER>「おたがい 大変な所に
来てしまったものですが
神のしもべが お力になれますか?"
03	AB	0x03AB	0x027CF5	0x027CF6	14	107	24	1D0 001 1A1 001 045 06F 084 04D 076 06A 06C 070 049 1C8 001 1A0 001 084 05B 06C 06F 028 154 1C0	"<CLEAR>
 ↖ エンジェルロック
 ↘ バロンの塔"
03	AC	0x03AC	0x027D04	0x027D05	20	158	36	1D0 0AC 016 024 001 084 047 068 04E 084 015 010 038 1C8 01F 011 010 01F 037 03C 01C 039 084 029 001 021 016 033 084 02B 039 01E 012 084 01F 1C0	"<CLEAR>
大きな ガラスがある
たいあたりをすれば つきやぶれそうだ"
03	AD	0x03AD	0x027D19	0x027D1A	40	316	74	1D0 0AC 016 024 001 084 047 068 04E 084 015 010 038 1C8 01F 011 010 01F 037 03C 01C 039 084 029 001 021 016 033 084 02B 039 01E 012 084 01F 1C5 1D0 081 081 081 084 01F 084 015 001 084 051 070 04D 072 01C 038 02D 084 023 1C8 02A 03A 01A 025 001 035 034 012 084 015 024 011 035 012 084 01F 1C3 1C0	"<CLEAR>
大きな ガラスがある
たいあたりをすれば つきやぶれそうだ<WAIT>
<CLEAR>
・・・だが ダッシュするほど
ひろさに よゆうがないようだ"
03	AE	0x03AE	0x027D42	0x027D43	10	73	18	1D0 07D 03B 038 05D 076 042 069 078 1C8 023 001 015 011 022 010 038 1C0	"<CLEAR>
「わるフェアリー
と かいてある"
03	AF	0x03AF	0x027D4D	0x027D4E	60	474	115	1CC 048 043 048 043 001 01F 01C 018 022 017 039 035 012 07A 1C8 084 04D 076 001 084 04D 076 043 084 05C 078 01A 02E 025 1C8 023 084 01B 019 031 036 039 01F 03D 084 01F 1C5 1CC 084 02D 017 001 084 04D 076 043 084 05C 078 01A 02E 028 1C8 031 011 039 011 084 023 014 037 025 001 091 0E3 03C 1C8 014 01E 03E 022 011 01F 028 025 07A 1C5 1CC 024 03D 084 022 001 019 03D 024 001 02A 084 023 011 031 025 1C8 010 03B 024 016 03F 011 018 024 011 03D 084 01F 035 078 1C0	"<SPEAKER>「キイキイ たすけてくれよう!
ジェ ジェイビーさまに
とじこめられたんだ<WAIT><SPEAKER>「ぼく ジェイビーさまの
めいれいどおりに 人間を
おそっていたのに!<WAIT><SPEAKER>「なんで こんな ひどいめに
あわなきゃいけないんだよー"
03	B0	0x03B0	0x027D8A	0x027D8B	73	580	133	1CC 048 043 048 043 001 014 011 055 060 055 06F 07A 1C8 014 02E 013 001 019 03D 024 023 019 025 001 011 020 03F 1C8 011 018 024 011 035 07A 1C5 1CC 020 041 03E 023 001 02F 084 016 028 02D 012 025 1C8 015 036 03E 083 02D 028 001 014 037 084 015 001 010 038 084 01F 03A 079 1C8 014 02E 013 028 001 024 015 02E 084 015 001 011 01F 03D 084 01F 035 1C5 1CC 021 011 01A 03E 016 001 013 01F 011 028 01B 039 024 011 1C8 016 015 011 025 001 01C 011 019 02E 039 022 1C8 084 023 019 015 02C 001 011 03E 020 02E 03E 01F 03D 084 01F 035 078 1C0	"<SPEAKER>「キイキイ おいトマトン!
おまえ こんなとこに いちゃ
いけないよ!<WAIT><SPEAKER>「ちょっと みぎのほうに
からっぽの おりが あるだろ?
おまえの なかまが いたんだよ<WAIT><SPEAKER>「ついさっき えたいのしれない
きかいに すいこまれて
どこかへ いっちまったんだよー"
03	B1	0x03B1	0x027DD4	0x027DD5	9	68	20	1D0 07D 084 05E 084 05C 078 084 05B 06C 06F 1C8 023 001 015 011 022 010 038 1C0	"<CLEAR>
「ベビーバロン
と かいてある"
03	B2	0x03B2	0x027DDE	0x027DDF	81	642	152	1CC 084 02D 017 01F 020 029 001 084 05B 047 084 01F 03E 01F 035 07A 1C5 1CC 084 04D 076 043 084 05C 078 01A 02E 03C 001 01B 03D 084 01B 022 1C8 021 017 01B 022 016 01F 028 025 001 019 028 084 01A 02E 01A 07A 1C5 1CC 096 09F 028 0C2 19F 084 015 001 18B 0B4 01B 01F 023 01F 03D 1C8 084 02D 017 01F 020 029 001 0DD 0F3 084 01A 011 037 041 012 01A 07A 1C8 02B 03D 001 03B 036 011 01F 018 039 084 029 001 03B 036 013 035 07A 1C5 1CC 013 079 001 096 09F 028 0C2 19F 028 0A5 12F 079 1C8 01A 010 027 001 019 028 154 028 001 084 023 019 015 015 036 1C8 08D 018 038 036 01B 011 018 084 023 001 01B 036 024 011 027 1C0	"<SPEAKER>「ぼくたちは バカだったよ!<WAIT><SPEAKER>「ジェイビーさまを しんじて
つくしてきたのに このざまさ!<WAIT><SPEAKER>「古代の装置が 復活したとたん
ぼくたちは 実験ざいりょうさ!
ふん わらいたければ わらえよ!<WAIT><SPEAKER>「え? 古代の装置の場所?
さあね この塔の どこかから
行けるらしいけど しらないね"
03	B3	0x03B3	0x027E30	0x027E31	9	66	17	1D0 07D 04E 056 043 083 05B 078 1C8 023 001 015 011 022 010 038 1C0	"<CLEAR>
「スナイパー
と かいてある"
03	B4	0x03B4	0x027E3A	0x027E3B	66	521	109	1CC 02A 084 022 013 019 023 001 01B 033 084 015 038 035 001 029 02B 029 02B 1C5 1CC 084 04D 076 043 084 05C 078 01A 02E 084 015 001 0B2 028 0A1 028 1C8 09A 08B 084 015 001 037 017 028 128 084 022 001 084 023 039 017 036 011 1C8 09B 016 036 039 038 015 03E 022 001 029 02B 029 02B 029 02B 1C5 1CC 011 016 024 037 001 019 03D 024 023 019 02C 1C8 08E 039 038 03D 084 01F 035 1C8 01F 01C 018 022 017 039 078 001 029 02B 029 02B 029 02B 1C0	"<SPEAKER>「ひでえこと しやがるよ はふはふ<WAIT><SPEAKER>「ジェイビーさまが 水の中の
魔物が りくの上で どれくらい
生きられるかって はふはふはふ<WAIT><SPEAKER>「いきなり こんなとこへ
入れるんだよ
たすけてくれー はふはふはふ"
03	B5	0x03B5	0x027E7D	0x027E7E	9	71	20	1D0 07D 084 04D 071 06F 084 05F 055 060 055 1C8 023 001 015 011 022 010 038 1C0	"<CLEAR>
「ジャンボトマト
と かいてある"
03	B6	0x03B6	0x027E87	0x027E88	27	216	46	1CC 084 017 084 016 03F 078 001 084 017 084 016 03F 010 1C8 084 017 084 016 084 016 084 016 001 084 016 03F 078 01C 03E 1C8 084 017 084 016 001 084 023 03A 084 023 03A 084 023 03A 1C0	"<SPEAKER>「ぐぎゃー ぐぎゃあ
ぐぎぎぎ ぎゃーすっ
ぐぎ どろどろどろ"
03	B7	0x03B7	0x027EA3	0x027EA4	23	178	44	1D0 015 03D 084 01D 03D 025 001 0B6 084 015 001 0D6 03D 084 022 011 038 1C8 093 015 001 017 01C 037 028 035 012 024 08B 03C 1C8 028 02E 01A 039 022 011 038 035 012 084 01F 1C0	"<CLEAR>
かんぜんに 目が 死んでいる
何か くすりのような物を
のまされているようだ"
03	B8	0x03B8	0x027EBB	0x027EBC	7	56	15	1D0 07D 055 060 055 06F 1C8 023 001 015 011 022 010 038 1C0	"<CLEAR>
「トマトン
と かいてある"
03	B9	0x03B9	0x027EC3	0x027EC4	10	80	20	1D0 07D 084 04B 078 06A 084 055 055 060 055 1C8 023 001 015 011 022 010 038 1C0	"<CLEAR>
「ゴールドトマト
と かいてある"
03	BA	0x03BA	0x027ECE	0x027ECF	20	155	32	1CC 03B 039 019 01E 029 001 055 060 055 06F 0AC 155 1C8 083 05F 06F 062 081 084 055 081 06C 06D 189 0A9 084 022 010 038 07A 1C0	"<SPEAKER>「われこそは トマトン大王
ポンム・ド・ロワ二世である!"
03	BB	0x03BB	0x027EE3	0x027EE4	21	168	36	1CC 024 084 015 036 017 001 023 084 01B 019 031 036 039 022 014 038 07A 1C8 011 020 084 01E 017 028 0A7 025 001 11E 011 01F 011 028 012 07A 1C0	"<SPEAKER>「ながらく とじこめられておる!
いちぞくの昔に 会いたいのう!"
03	BC	0x03BC	0x027EF9	0x027EFA	88	701	154	1CC 010 038 0A7 029 001 10D 011 025 01F 014 039 1C8 02E 01F 010 038 0A7 029 001 0DD 0F3 084 01A 011 037 041 012 1C8 025 01A 039 022 081 081 081 081 1C5 1CC 03B 01B 036 001 084 04B 078 06A 084 055 055 060 055 032 1C8 011 02E 033 001 084 01D 021 031 021 01C 03D 084 01D 03D 023 1C8 024 03E 022 01B 02E 03E 01F 07A 1C5 1CC 03B 01B 032 001 019 028 010 037 01A 02E 084 022 029 1C8 032 029 033 001 02F 036 011 029 001 017 036 011 023 1C8 011 03B 084 01A 038 03C 013 03D 07A 1C5 1CC 0D4 142 037 029 001 155 161 028 010 015 01B 1C8 019 028 001 052 071 043 056 084 05D 078 053 028 1C8 019 023 024 028 084 01F 081 081 081 1C0	"<SPEAKER>「ある昔は 戦いにたおれ
またある昔は 実験ざいりょう
にされて・・・・<WAIT><SPEAKER>「わしら ゴールドトマトも
いまや ぜつめつすんぜんと
なってしまった!<WAIT><SPEAKER>「わしも このありさまでは
もはや みらいは くらいと
いわざるをえん!<WAIT><SPEAKER>「心残りは 王家のあかし
この チャイナブーツの
ことなのだ・・・"
03	BD	0x03BD	0x027F52	0x027F53	26	207	47	1CC 01E 019 024 001 034 012 015 03D 024 038 001 03B 015 016 1C8 084 04B 078 06A 084 055 055 060 055 035 07A 001 019 028 084 05D 078 053 03C 1C8 01F 017 01A 039 022 017 039 026 015 079 1C0	"<SPEAKER>「そこな ゆうかんなる わかき
ゴールドトマトよ! このブーツを
たくされてくれぬか?"
03	BE	0x03BE	0x027F6D	0x027F6E	8	58	16	1CC 0C2 0C4 01A 01D 022 001 01B 03D 084 01D 035 012 015 079 1C0	<SPEAKER>「装備させて しんぜようか?
03	BF	0x03BF	0x027F76	0x027F77	111	887	201	1CC 015 021 022 001 055 060 055 06F 023 001 091 0E3 029 1C8 024 015 035 017 001 017 036 01B 022 011 01F 081 081 081 1C5 1CC 150 023 024 03E 022 029 001 01B 03D 084 01B 036 039 026 035 012 024 1C8 0A0 084 022 029 010 038 081 081 081 1C5 1CC 01B 015 01B 001 052 071 043 056 084 05D 078 053 019 01E 1C8 092 08F 028 164 09F 028 001 055 060 055 06F 023 001 091 0E3 028 1C8 034 012 084 01B 041 012 028 001 010 015 01B 07A 1C5 1CC 052 071 043 056 084 05D 078 053 010 038 015 084 016 037 1C8 011 021 015 001 02B 01F 01F 084 02A 001 01E 028 035 012 024 1C8 164 09F 084 015 001 097 038 015 032 01B 039 026 07A 1C5 1CC 03B 01B 028 019 023 029 001 099 025 01D 084 01C 1C8 08D 017 084 015 035 011 07A 001 052 071 043 056 084 05D 078 053 03C 1C8 02E 084 01F 097 026 0A9 09F 025 001 021 01F 013 038 028 084 01F 07A 1C0	"<SPEAKER>「かつて トマトンと 人間は
なかよく くらしていた・・・<WAIT><SPEAKER>「今となっては しんじられぬような
話ではある・・・<WAIT><SPEAKER>「しかし チャイナブーツこそ
伝説の時代の トマトンと 人間の
ゆうじょうの あかし!<WAIT><SPEAKER>「チャイナブーツあるかぎり
いつか ふたたび そのような
時代が 来るかもしれぬ!<WAIT><SPEAKER>「わしのことは 気にせず
行くがよい! チャイナブーツを
まだ来ぬ世代に つたえるのだ!"
03	C0	0x03C0	0x027FE6	0x027FE7	18	139	34	1CC 084 022 029 001 011 021 084 022 032 1C8 023 037 025 017 038 084 015 035 011 1C8 03B 01B 029 001 16B 03E 022 014 038 084 01E 07A 1C0	"<SPEAKER>「では いつでも
とりにくるがよい
わしは 待っておるぞ!"
03	C1	0x03C1	0x027FF9	0x027FFA	23	177	39	1D0 022 021 084 019 012 01B 084 015 001 01B 02E 03E 022 011 038 1C8 01F 011 010 01F 037 03C 01C 039 084 029 001 021 016 033 084 02B 039 01E 012 084 01F 1C0	"<CLEAR>
てつごうしが しまっている
たいあたりをすれば つきやぶれそうだ"
03	C2	0x03C2	0x028011	0x028012	20	154	41	1D0 09A 08B 028 001 02A 041 012 02D 03D 084 015 001 010 038 1C5 1D0 09B 016 022 011 038 028 015 001 0D6 03D 084 022 011 038 028 015 029 1C8 03B 015 036 024 011 1C0	"<CLEAR>
魔物の ひょうほんが ある<WAIT>
<CLEAR>
生きているのか 死んでいるのかは
わからない"
03	C3	0x03C3	0x028026	0x028027	25	199	53	1D0 09A 08B 028 001 02A 041 012 02D 03D 084 015 001 010 038 1C5 1D0 020 084 015 001 084 01D 03D 084 02B 001 026 015 039 022 011 038 035 012 084 01F 1C8 0F0 145 0F0 084 015 001 02A 015 036 084 02A 022 011 038 1C0	"<CLEAR>
魔物の ひょうほんが ある<WAIT>
<CLEAR>
ちが ぜんぶ ぬかれているようだ
体全体が ひからびている"
03	C4	0x03C4	0x028040	0x028041	9	69	17	1D0 09A 08B 084 015 001 083 02A 017 037 023 001 0B1 011 01F 07A 1C0	"<CLEAR>
魔物が ぴくりと 行いた!"
03	C5	0x03C5	0x02804A	0x02804B	44	349	87	1CC 084 04D 076 001 084 04D 076 043 084 05C 078 025 001 099 03C 021 018 03A 1C8 033 021 029 001 025 017 01B 02F 028 001 015 01F 02E 037 084 01B 03F 1C5 1CC 09A 08B 032 001 091 0E3 032 001 145 0DA 081 081 081 1C8 09B 010 038 032 028 001 01C 084 02C 022 03C 1C8 084 04D 076 043 084 05C 078 029 001 025 017 03D 084 022 014 038 084 01E 081 081 081 1C0	"<SPEAKER>「ジェ ジェイビーに 気をつけろ
やつは にくしみの かたまりじゃ<WAIT><SPEAKER>「魔物も 人間も 全部・・・
生あるもの すべてを
ジェイビーは にくんでおるぞ・・・"
03	C6	0x03C6	0x028077	0x028078	29	226	54	1CC 03B 01B 028 001 025 017 01F 011 029 001 033 036 039 01F 084 015 1C8 01F 02E 01B 011 029 001 02B 031 021 084 01B 03F 081 081 081 1C8 01C 019 01B 029 001 15E 025 001 01F 022 038 084 01B 03F 03A 012 081 081 081 1C0	"<SPEAKER>「わしの にくたいは やられたが
たましいは ふめつじゃ・・・
すこしは 役に たてるじゃろう・・・"
03	C7	0x03C7	0x028095	0x028096	10	74	17	1D0 020 011 01A 024 001 010 024 084 015 001 010 011 022 011 038 1C0	"<CLEAR>
ちいさな あなが あいている"
03	C8	0x03C8	0x0280A0	0x0280A1	23	177	36	1CC 084 017 084 019 078 03E 001 03D 084 015 084 015 084 015 03E 1C8 084 017 078 084 019 078 001 01C 078 029 078 001 084 017 084 019 084 019 1C0	"<SPEAKER>「ぐごーっ んがががっ
ぐーごー すーはー ぐごご"
03	C9	0x03C9	0x0280B8	0x0280B9	9	69	18	1D0 019 03D 024 12F 084 022 032 001 027 022 011 038 035 012 084 01F 1C0	"<CLEAR>
こんな所でも ねているようだ"
03	CA	0x03CA	0x0280C2	0x0280C3	22	170	36	1D0 020 017 020 017 01C 038 1C8 02E 038 084 022 001 029 037 028 035 012 084 01F 1C8 018 084 015 03C 001 01B 01E 012 024 001 12F 032 010 038 1C0	"<CLEAR>
ちくちくする
まるで はりのようだ
けがを しそうな 所もある"
03	CB	0x03CB	0x0280D9	0x0280DA	52	410	95	1CC 01F 011 02C 03D 001 14E 036 017 001 014 02E 01F 01D 01B 02E 01B 01F 1C8 01F 084 01F 011 02E 035 037 001 0B4 0B1 0C1 0BD 03C 1C8 084 01B 041 012 013 011 001 011 01F 01B 02E 01C 1CB 1CB 1CB 1CB 1CB 1C8 1CC 084 02C 03D 01B 029 001 02B 01B 041 012 001 03B 01F 017 01B 1C8 0A4 08B 0A3 14E 084 015 1C8 021 023 031 01A 01D 022 001 011 01F 084 01F 016 02E 01C 1CB 1CB 1CB 1CB 1CB 1C0	"<SPEAKER>「たいへん 長らく おまたせしました
ただいまより 活行写真を
じょうえい いたします<PAUSE_60><PAUSE_60><PAUSE_60><PAUSE_60><PAUSE_60>
<SPEAKER>「べんしは ふしょう わたくし
博物館長が
つとめさせて いただきます<PAUSE_60><PAUSE_60><PAUSE_60><PAUSE_60><PAUSE_60>"
03	CC	0x03CC	0x02810E	0x02810F	22	169	46	1CC 084 054 04E 068 06F 084 055 0A4 08B 0A3 084 015 1C8 022 011 016 041 012 001 011 01F 01B 02E 01C 038 029 1C8 19C 01B 022 001 096 09F 084 054 04E 068 06F 084 055 092 08F 024 037 1C0	"<SPEAKER>「デスランド博物館が
ていきょう いたしまするは
題して 古代デスランド伝説なり"
03	CD	0x03CD	0x028125	0x028126	24	191	49	1CC 150 03C 01A 038 019 023 001 093 0BC 0CA 032 02E 013 1C8 019 028 001 084 054 04E 068 06F 084 055 028 001 0D5 025 029 1C8 09A 08B 084 023 032 01B 015 001 014 037 02E 01D 03D 084 022 01B 01F 1C0	"<SPEAKER>「今をさること 何千年もまえ
この デスランドの 地には
魔物どもしか おりませんでした"
03	CE	0x03CE	0x02813E	0x02813F	58	460	101	1CC 023 021 084 01D 03D 02C 03D 011 015 001 029 01F 02E 01F 1C8 0DC 028 123 011 015 07A 001 01E 019 025 09B 02E 039 01F 038 029 1C8 0B5 09A 028 126 01B 0D2 001 048 06F 084 049 084 05B 06C 06F 1CB 1CB 1CB 1CB 1CB 1C8 1CC 098 08B 025 035 039 084 029 001 091 0E3 035 037 1C8 029 038 015 001 019 012 084 023 024 001 020 028 012 03C 0D3 021 1C8 0B5 09A 028 126 01B 0D2 001 048 06F 084 049 084 05B 06C 06F 1C0	"<SPEAKER>「とつぜんへんいか はたまた
神の使いか! そこに生まれたるは
悪魔の申し子 キングバロン<PAUSE_60><PAUSE_60><PAUSE_60><PAUSE_60><PAUSE_60>
<SPEAKER>「書物によれば 人間より
はるか こうどな ちのうを持つ
悪魔の申し子 キングバロン"
03	CF	0x03CF	0x028179	0x02817A	29	230	53	1CC 18F 195 018 001 015 036 017 037 001 084 019 012 032 03D 0C2 19F 1C8 084 01B 084 019 017 028 001 084 019 023 016 001 0C8 0BF 03C 1C8 021 084 016 015 036 001 021 084 016 02C 023 001 09B 02F 106 01B 01F 07A 1C0	"<SPEAKER>「仕掛け からくり ごうもん装置
じごくの ごとき 発明を
つぎから つぎへと 生み出した!"
03	D0	0x03D0	0x028197	0x028198	85	675	153	1CC 09A 08B 032 001 033 021 025 029 001 01A 015 036 013 084 01C 1C8 08A 029 001 023 012 023 012 001 048 06F 084 049 084 05B 06C 06F 028 1C8 0C5 128 0C5 0B8 034 011 084 015 084 023 017 01E 03D 07A 1CB 1CB 1CB 1CB 1C8 1CC 023 019 03A 084 015 084 023 03E 019 011 001 084 01F 084 015 01B 015 01B 1C8 0C5 10A 023 024 03D 023 015 029 001 015 02F 02A 023 013 07A 1C3 1CB 1CB 1CB 1C8 1CC 0B5 09A 028 001 0C8 0BF 029 1C8 023 084 023 02E 038 023 019 03A 03C 01B 036 084 01C 1C3 1CB 1CB 1CB 1C8 1CC 09A 08B 028 001 09B 0F0 0DD 0F3 03C 1C8 017 037 015 013 01B 001 017 037 015 013 01B 1C8 02E 01F 001 017 037 015 013 01B 1C0	"<SPEAKER>「魔物も やつには さからえず
島は とうとう キングバロンの
天上天下ゆいがどくそん!<PAUSE_60><PAUSE_60><PAUSE_60><PAUSE_60>
<SPEAKER>「ところがどっこい だがしかし
天才となんとかは かみひとえ!
<PAUSE_60><PAUSE_60><PAUSE_60>
<SPEAKER>「悪魔の 発明は
とどまるところをしらず
<PAUSE_60><PAUSE_60><PAUSE_60>
<SPEAKER>「魔物の 生体実験を
くりかえし くりかえし
また くりかえし"
03	D1	0x03D1	0x0281ED	0x0281EE	46	363	84	1CC 023 012 023 012 001 021 017 037 01F 038 029 1C8 02A 084 018 016 028 001 0C8 0BF 1C8 09A 08B 0CC 0AC 09E 0C2 19F 024 037 1CB 1CB 1CB 1C8 1CC 016 041 012 016 001 036 03D 084 02B 028 048 06F 084 049 084 05B 06C 06F 1C8 08A 028 001 09A 08B 03C 001 021 015 02E 013 022 1C8 021 017 037 02E 017 038 029 001 015 011 084 02B 021 03C 07A 1C0	"<SPEAKER>「とうとう つくりたるは
ひげきの 発明
魔物巨大化装置なり<PAUSE_60><PAUSE_60><PAUSE_60>
<SPEAKER>「きょうき らんぶのキングバロン
島の 魔物を つかまえて
つくりまくるは かいぶつを!"
03	D2	0x03D2	0x02821C	0x02821D	36	288	61	1CC 023 084 023 028 021 02E 037 029 001 08A 0A1 1C8 0AC 016 024 001 09A 08B 084 01F 036 018 07A 1CB 1CB 1CB 1CB 1C8 1CC 107 032 001 138 011 001 019 011 021 036 029 1C8 01F 020 02E 020 001 023 032 084 017 011 001 029 084 01B 031 02E 01C 1C3 1C0	"<SPEAKER>「とどのつまりは 島中
大きな 魔物だらけ!<PAUSE_60><PAUSE_60><PAUSE_60><PAUSE_60>
<SPEAKER>「力も 強い こいつらは
たちまち ともぐい はじめます"
03	D3	0x03D3	0x028241	0x028242	49	387	91	1CC 0AC 016 024 001 09A 08B 029 001 02F 01A 015 011 024 017 1C8 013 01A 03C 001 01A 084 015 01B 022 001 012 03A 021 016 02E 03B 037 1C8 048 06F 084 049 084 05B 06C 06F 032 001 027 036 011 02E 01C 1CB 1CB 1CB 1C8 1CC 0E2 036 001 09B 03D 084 01F 001 09A 08B 084 023 032 025 1C8 014 011 021 031 036 039 01F 038 001 048 06F 084 049 084 05B 06C 06F 1C3 1CB 1CB 1CB 1C0	"<SPEAKER>「大きな 魔物は みさかいなく
えさを さがして うろつきまわり
キングバロンも ねらいます<PAUSE_60><PAUSE_60><PAUSE_60>
<SPEAKER>「自ら 生んだ 魔物どもに
おいつめられたる キングバロン
<PAUSE_60><PAUSE_60><PAUSE_60>"
03	D4	0x03D4	0x028273	0x028274	59	470	102	1CC 019 039 032 001 029 01F 02E 01F 001 012 03D 031 011 015 1C8 0E2 036 001 0C2 19F 025 001 023 084 02A 019 03D 084 01F 07A 1C8 029 01F 01B 022 001 012 03D 031 011 029 001 011 015 025 079 1CB 1CB 1CB 1C8 1CC 01E 028 1A6 028 001 11B 11A 029 001 142 03E 022 014 036 084 01C 1C8 164 028 001 024 084 015 039 084 015 001 016 084 01A 02E 039 022 1C8 096 09F 028 001 0CF 029 001 02B 015 02E 038 084 029 015 037 1C0	"<SPEAKER>「これも はたまた うんめいか
自ら 装置に とびこんだ!
はたして うんめいは いかに?<PAUSE_60><PAUSE_60><PAUSE_60>
<SPEAKER>「その後の 記録は 残っておらず
時の ながれが きざまれて
古代の 謎は ふかまるばかり"
03	D5	0x03D5	0x0282AF	0x0282B0	59	465	101	1CC 011 021 028 0A9 032 001 092 08F 029 001 091 028 0D4 03C 1C8 015 016 01F 022 022 001 011 017 0BC 091 028 0B0 091 033 1C8 155 0D9 001 13B 13C 025 001 176 12C 0D9 1CB 1CB 1CB 1CB 1CB 1C8 1CC 011 01D 016 001 032 023 031 022 001 08A 03C 001 014 023 084 01C 039 1C8 021 084 016 015 036 001 021 084 016 02C 023 001 0EE 03C 001 014 023 01B 1C8 021 011 01F 0CD 0C3 084 015 001 084 054 04E 068 06F 084 055 1C0	"<SPEAKER>「いつの世も 伝説は 人の心を
かきたてて いく千人の旅人や
王様 兵土に 領主様<PAUSE_60><PAUSE_60><PAUSE_60><PAUSE_60><PAUSE_60>
<SPEAKER>「いせき もとめて 島を おとずれ
つぎから つぎへと 命を おとし
ついた名前が デスランド"
03	D6	0x03D6	0x0282EB	0x0282EC	100	795	195	1CC 023 019 03A 084 015 001 023 019 03A 084 015 001 021 011 025 023 011 012 015 1C8 0C8 090 01B 02E 01B 01F 001 09A 08B 028 09E 09D 1C8 0DB 096 0B7 0A7 028 001 01B 040 012 027 03D 015 07A 1CB 1CB 1CB 1CB 1CB 1C8 1CC 0A9 102 028 0C8 090 001 01B 01F 02A 023 029 1C8 0DB 096 0B7 0A7 028 04C 084 04D 049 01A 03D 07A 1C3 1CB 1CB 1CB 1CB 1C8 1CC 010 010 001 04C 084 04D 049 01A 03D 001 04C 084 04D 049 01A 03D 07A 1C8 09E 09D 028 0C8 090 029 001 011 011 018 039 084 023 1C3 1CB 1CB 1CB 1CB 1C8 1CC 02B 01F 01F 084 02A 001 0ED 0D5 025 001 08D 03E 01F 02E 02E 1C8 011 02E 028 011 02E 084 022 032 001 08D 0B9 0F7 0BF 1C3 1CB 1CB 1CB 1CB 1C8 1CC 010 010 001 091 09B 029 001 024 03D 023 033 036 1C8 084 023 019 025 011 038 028 015 001 04C 084 04D 049 01A 03D 07A 1C3 1CB 1CB 1CB 1CB 1CB 1C0	"<SPEAKER>「ところが ところが ついにというか
発見しました 魔物の化石
考古学昔の しゅうねんか!<PAUSE_60><PAUSE_60><PAUSE_60><PAUSE_60><PAUSE_60>
<SPEAKER>「世紀の発見 したひとは
考古学昔のサジクさん!
<PAUSE_60><PAUSE_60><PAUSE_60><PAUSE_60>
<SPEAKER>「ああ サジクさん サジクさん!
化石の発見は いいけれど
<PAUSE_60><PAUSE_60><PAUSE_60><PAUSE_60>
<SPEAKER>「ふたたび 奥地に 行ったまま
いまのいまでも 行方不明
<PAUSE_60><PAUSE_60><PAUSE_60><PAUSE_60>
<SPEAKER>「ああ 人生は なんとやら
どこにいるのか サジクさん!
<PAUSE_60><PAUSE_60><PAUSE_60><PAUSE_60><PAUSE_60>"
03	D7	0x03D7	0x028350	0x028351	18	139	28	1CC 02A 013 03E 001 02A 013 03E 001 02A 013 1C8 02D 039 001 02D 039 001 02E 010 001 02F 038 084 015 035 011 1C0	"<SPEAKER>「ひえっ ひえっ ひえ
ほれ ほれ まあ みるがよい"
03	D8	0x03D8	0x028363	0x028364	37	290	62	1CC 029 010 001 029 010 001 029 010 001 029 010 1C8 024 03D 023 011 012 023 019 03A 084 01F 07A 001 019 019 029 07A 1C8 012 014 03E 07A 001 01B 015 032 090 08B 091 084 015 03E 07A 1C5 1CC 035 078 01B 001 015 03E 019 021 018 038 084 01D 013 07A 1C0	"<SPEAKER>「はあ はあ はあ はあ
なんというところだ! ここは!
うおっ! しかも見物人がっ!<WAIT><SPEAKER>「よーし かっこつけるぜえ!"
03	D9	0x03D9	0x028389	0x02838A	9	66	16	1CC 012 03B 078 001 011 001 011 015 03D 001 012 03B 078 07A 1C0	<SPEAKER>「うわー い いかん うわー!
03	DA	0x03DA	0x028393	0x028394	30	234	52	1CC 019 019 029 0FD 0E3 084 01B 03F 001 018 018 018 1C8 014 02E 013 01A 03D 032 001 019 019 02E 084 022 097 01F 036 001 018 018 1C8 121 02E 03E 022 03E 022 001 013 013 084 01E 001 0AF 09B 024 001 018 018 1C0	"<SPEAKER>「ここは客間じゃ けけけ
おまえさんも ここまで来たら けけ
泊まってって ええぞ 一生な けけ"
03	DB	0x03DB	0x0283B2	0x0283B3	24	191	44	1CC 019 019 084 022 029 001 02E 011 025 020 1C8 01F 028 01B 011 019 023 084 015 001 011 03E 083 029 011 084 01B 03F 035 1C8 011 02A 013 03E 001 02A 013 03E 001 02A 013 03E 1C0	"<SPEAKER>「ここでは まいにち
たのしいことが いっぱいじゃよ
いひえっ ひえっ ひえっ"
03	DC	0x03DC	0x0283CB	0x0283CC	18	142	30	1CC 02A 013 03E 001 02A 013 03E 02C 03E 1C8 02D 036 001 02D 036 001 19D 03C 001 01C 02E 01B 022 084 019 036 03D 07A 1C0	"<SPEAKER>「ひえっ ひえっへっ
ほら ほら 耳を すましてごらん!"
03	DD	0x03DD	0x0283DE	0x0283DF	11	82	19	1D0 0B6 028 0C3 028 001 0DA 0B3 028 0A1 015 036 001 10E 084 015 01C 038 1C0	"<CLEAR>
目の前の 部屋の中から 声がする"
03	DE	0x03DE	0x0283EA	0x0283EB	21	167	38	1CC 084 017 084 016 03F 078 001 084 016 013 084 016 03F 078 07A 001 084 017 03B 03E 1C8 084 01F 001 084 01F 01C 018 022 084 017 039 013 013 03E 07A 1C0	"<SPEAKER>「ぐぎゃー ぎえぎゃー! ぐわっ
だ だすけてぐれええっ!"
03	DF	0x03DF	0x028400	0x028401	8	63	16	1D0 10E 029 001 0A6 019 013 024 017 024 03E 01F 081 081 081 1C0	"<CLEAR>
声は 聞こえなくなった・・・"
03	E0	0x03E0	0x028409	0x02840A	26	207	51	1D0 081 081 081 093 015 001 084 047 04C 084 047 04C 01B 01F 0E0 084 015 1C8 0B8 015 036 001 0A6 019 013 022 017 038 081 081 081 1C8 093 015 084 015 001 0B1 016 02E 03B 03E 022 011 038 035 012 084 01F 1C0	"<CLEAR>
・・・何か ガサガサした音が
下から 聞こえてくる・・・
何かが 行きまわっているようだ"
03	E1	0x03E1	0x028424	0x028425	30	239	52	1CC 012 011 078 001 02A 03E 017 001 014 037 03F 078 07A 1C8 014 039 01A 02E 029 024 010 078 001 012 011 078 001 02A 03E 017 1C8 014 039 01A 02E 084 01F 084 01E 012 078 001 012 011 078 001 084 018 03A 03E 1C0	"<SPEAKER>「ういー ひっく おりゃー!
おれさまはなあー ういー ひっく
おれさまだぞうー ういー げろっ"
03	E2	0x03E2	0x028443	0x028444	26	204	47	1CC 1A6 1A5 0A7 035 001 035 017 084 01E 097 01F 07A 1C8 048 06F 084 049 084 05B 06C 06F 028 001 0CD 025 014 011 022 1C8 01E 024 01F 03C 001 01F 031 01C 084 015 001 035 011 015 027 079 1C0	"<SPEAKER>「後続昔よ よくぞ来た!
キングバロンの 名において
そなたを ためすが よいかね?"
03	E3	0x03E3	0x02845E	0x02845F	34	271	68	1CC 02D 012 001 024 015 024 015 001 01C 024 014 084 022 1C8 035 03A 01B 011 001 084 022 029 001 016 017 084 015 1C5 1CC 019 028 0A9 084 022 001 032 03E 023 032 001 011 084 01F 011 024 028 029 1C8 048 06F 084 049 084 05B 06C 06F 084 01F 023 001 10F 03E 023 038 015 079 1C0	"<SPEAKER>「ほう なかなか すなおで
よろしい では きくが<WAIT><SPEAKER>「この世で もっとも いだいなのは
キングバロンだと 思っとるか?"
03	E4	0x03E4	0x028481	0x028482	10	75	17	1CC 02B 030 001 01B 041 012 084 01B 016 084 022 035 03A 01B 011 1C0	<SPEAKER>「ふむ しょうじきでよろしい
03	E5	0x03E5	0x02848C	0x02848D	41	325	78	1CC 03B 01B 03C 001 014 019 036 01D 03D 035 012 025 024 07A 1C8 084 023 03D 084 023 03D 001 01F 084 01C 027 038 084 01E 011 07A 1C8 023 019 03A 084 022 081 081 081 1C5 1CC 03B 01B 025 001 022 032 020 028 001 014 094 084 01D 03D 084 02B 03C 1C8 010 084 018 022 032 011 011 023 001 014 032 03E 023 038 015 079 1C0	"<SPEAKER>「わしを おこらせんようにな!
どんどん たずねるぞい!
ところで・・・<WAIT><SPEAKER>「わしに てもちの お金ぜんぶを
あげてもいいと おもっとるか?"
03	E6	0x03E6	0x0284B6	0x0284B7	18	142	32	1CC 012 02D 02D 001 01E 039 029 001 012 039 01B 011 024 1C8 084 022 029 001 01A 03E 01E 017 001 032 036 012 084 01E 011 07A 1C0	"<SPEAKER>「うほほ それは うれしいな
では さっそく もらうぞい!"
03	E7	0x03E7	0x0284C9	0x0284CA	7	52	16	1D0 06B 084 054 075 029 1C8 1C2 00F 03C 001 010 084 018 01F 1C0	"<CLEAR>
レディは
<NUMBER>Yを あげた"
03	E8	0x03E8	0x0284D1	0x0284D2	46	366	83	1CC 014 019 03E 022 029 001 011 015 03D 001 011 015 03D 084 01E 07A 1C8 1A6 1A5 0A7 025 001 024 038 01F 031 025 029 1C8 024 025 084 019 023 032 001 01F 013 01B 028 084 029 027 084 029 024 036 03D 1C5 1CC 011 02E 001 010 03D 01F 029 001 03B 01B 028 019 023 03C 1C8 030 015 021 011 023 038 028 079 001 084 023 012 084 01B 03F 079 1C0	"<SPEAKER>「おこっては いかん いかんぞ!
後続昔に なるためには
なにごとも たえしのばねばならん<WAIT><SPEAKER>「いま あんたは わしのことを
むかついとるの? どうじゃ?"
03	E9	0x03E9	0x028500	0x028501	27	214	55	1CC 014 014 001 019 039 029 001 034 015 011 07A 001 01E 039 084 022 019 01E 1C8 048 06F 084 049 084 05B 06C 06F 028 001 1A6 1A5 0A7 084 01B 03F 07A 1C8 094 03C 001 029 03D 084 02B 03D 001 015 013 01B 022 033 03A 012 1C0	"<SPEAKER>「おお これは ゆかい! それでこそ
キングバロンの 後続昔じゃ!
金を はんぶん かえしてやろう"
03	EA	0x03EA	0x02851C	0x02851D	42	335	77	1CC 084 023 012 084 01B 03F 011 001 03B 01B 028 181 029 079 001 03D 079 1C8 020 041 03E 023 001 02B 02E 03D 01E 012 084 01B 03F 028 012 1C5 1CC 084 022 029 001 01A 011 084 019 028 001 01B 021 032 03D 084 01B 03F 1C5 1CC 03B 01B 023 001 01F 01F 015 03E 022 1C8 015 022 038 023 001 10F 03E 023 038 015 079 1C0	"<SPEAKER>「どうじゃい わしの愛は? ん?
ちょっと ふまんそうじゃのう<WAIT><SPEAKER>「では さいごの しつもんじゃ<WAIT><SPEAKER>「わしと たたかって
かてると 思っとるか?"
03	EB	0x03EB	0x028547	0x028548	30	237	61	1CC 024 03D 023 07A 001 01E 03D 024 001 035 03B 099 084 022 029 1C8 023 022 032 001 048 06F 084 049 084 05B 06C 06F 028 1C8 1A6 1A5 0A7 025 001 024 039 03D 084 01E 011 07A 1C5 1CC 01E 03D 024 033 021 025 029 001 019 039 03C 033 03A 012 07A 1C0	"<SPEAKER>「なんと! そんな よわ気では
とても キングバロンの
後続昔に なれんぞい!<WAIT><SPEAKER>「そんなやつには これをやろう!"
03	EC	0x03EC	0x028566	0x028567	21	168	42	1CC 01E 012 015 001 01E 039 084 022 032 035 015 03A 012 081 081 081 1C8 084 01B 03F 084 015 001 1A6 1A5 0A7 023 01B 022 029 1C8 02F 023 031 036 039 026 084 01E 07A 1C0	"<SPEAKER>「そうか それでもよかろう・・・
じゃが 後続昔としては
みとめられぬぞ!"
03	ED	0x03ED	0x02857C	0x02857D	12	96	28	1CC 01E 03D 024 001 019 019 03A 084 015 018 084 022 029 1C8 1A6 1A5 0A7 025 029 001 024 039 03D 084 01E 07A 1C0	"<SPEAKER>「そんな こころがけでは
後続昔には なれんぞ!"
03	EE	0x03EE	0x028589	0x02858A	17	136	38	1CC 014 014 001 019 039 029 001 034 015 011 07A 001 01E 039 084 022 019 01E 1C8 048 06F 084 049 084 05B 06C 06F 028 001 1A6 1A5 0A7 084 01B 03F 07A 1C0	"<SPEAKER>「おお これは ゆかい! それでこそ
キングバロンの 後続昔じゃ!"
03	EF	0x03EF	0x02859B	0x02859C	25	198	43	1CC 02D 02D 012 001 024 015 024 015 001 138 099 084 01B 03F 028 1C8 084 022 029 001 01E 024 01F 028 107 1C8 01F 01B 015 031 01A 01D 022 001 032 036 012 084 01E 011 07A 1C0	"<SPEAKER>「ほほう なかなか 強気じゃの
では そなたの力
たしかめさせて もらうぞい!"
03	F0	0x03F0	0x0285B5	0x0285B6	17	129	30	1CC 02C 018 018 03E 001 014 027 013 020 03F 03D 1C8 084 02D 017 023 001 015 017 039 03D 084 02D 001 01B 035 012 035 1C0	"<SPEAKER>「へけけっ おねえちゃん
ぼくと かくれんぼ しようよ"
03	F1	0x03F1	0x0285C7	0x0285C8	25	196	43	1CC 02C 018 018 03E 001 01E 039 084 01B 03F 010 001 084 02D 017 1C8 015 017 039 038 015 036 027 03E 001 02C 018 018 03E 1C8 02F 021 018 022 027 03E 001 018 018 018 03E 1C0	"<SPEAKER>「へけけっ それじゃあ ぼく
かくれるからねっ へけけっ
みつけてねっ けけけっ"
03	F2	0x03F2	0x0285E1	0x0285E2	18	138	33	1CC 02C 018 018 03E 001 084 01B 03F 010 001 011 033 084 022 032 1C8 084 02D 017 03C 001 01A 084 015 01A 01D 022 033 038 03E 07A 1C0	"<SPEAKER>「へけけっ じゃあ いやでも
ぼくを さがさせてやるっ!"
03	F3	0x03F3	0x0285F4	0x0285F5	16	123	35	1D0 084 05E 084 05C 078 084 05B 06C 06F 029 001 06B 084 054 075 028 1C8 014 094 03C 001 084 01D 03D 084 02B 001 012 084 029 03E 01F 07A 1C0	"<CLEAR>
ベビーバロンは レディの
お金を ぜんぶ うばった!"
03	F4	0x03F4	0x028605	0x028606	30	238	56	1CC 01D 03E 015 017 001 011 011 032 028 001 010 084 018 035 012 023 1C8 014 032 03E 01F 028 025 081 081 081 001 084 01A 03D 027 03D 084 01F 024 010 081 081 081 1C5 1CC 084 023 012 079 001 099 084 015 015 03B 03E 01F 079 1C0	"<SPEAKER>「せっかく いいもの あげようと
おもったのに・・・ ざんねんだなあ・・・<WAIT><SPEAKER>「どう? 気がかわった?"
03	F5	0x03F5	0x028624	0x028625	26	208	46	1CC 012 03B 010 001 02F 021 015 03E 020 03F 03E 01F 078 07A 1C8 019 03D 024 023 019 03A 001 035 017 03B 015 03E 01F 027 1C8 02C 018 018 03E 001 019 039 001 010 084 018 038 035 07A 1C0	"<SPEAKER>「うわあ みつかっちゃったー!
こんなところ よくわかったね
へけけっ これ あげるよ!"
03	F6	0x03F6	0x02863F	0x028640	8	63	18	1D0 06B 084 054 075 029 001 014 094 03C 023 037 032 084 023 01B 01F 1C0	"<CLEAR>
レディは お金をとりもどした"
03	F7	0x03F7	0x028648	0x028649	19	149	36	1CC 02C 018 018 03E 001 025 032 021 084 015 001 011 03E 083 029 011 084 01F 035 1C8 123 012 015 001 01C 022 038 015 001 01B 022 016 022 035 1C0	"<SPEAKER>「へけけっ にもつが いっぱいだよ
使うか すてるか してきてよ"
03	F8	0x03F8	0x02865C	0x02865D	17	135	31	1CC 014 027 013 020 03F 03D 001 015 03B 011 011 027 1C8 084 02D 017 028 001 04E 054 084 054 075 025 024 036 024 011 079 1C0	"<SPEAKER>「おねえちゃん かわいいね
ぼくの ステディにならない?"
03	F9	0x03F9	0x02866E	0x02866F	71	568	133	1CC 018 018 018 03E 001 02E 01F 001 084 029 015 024 1C8 091 0E3 084 015 001 035 017 025 001 0B6 084 015 017 036 03D 084 022 1C8 02A 03E 015 015 037 033 084 015 03E 01F 024 001 018 018 018 03E 1C5 1CC 084 02D 017 01F 020 001 064 06F 04E 051 078 029 001 011 021 032 1C8 014 02E 013 036 001 091 0E3 01F 020 025 1C8 01B 011 01F 084 018 036 039 022 016 01F 03D 084 01F 07A 1C5 1CC 016 041 012 029 001 01E 028 001 014 039 011 03C 1C8 01F 03E 083 02B 037 023 001 01B 022 033 038 032 03D 027 1C8 015 017 084 019 01B 022 035 027 03E 07A 1C0	"<SPEAKER>「けけけっ また ばかな
人間が よくに 目がくらんで
ひっかかりやがったな けけけっ<WAIT><SPEAKER>「ぼくたち モンスターは いつも
おまえら 人間たちに
しいたげられてきたんだ!<WAIT><SPEAKER>「きょうは その おれいを
たっぷりと してやるもんね
かくごしてよねっ!"
03	FA	0x03FA	0x0286B6	0x0286B7	36	285	67	1CC 018 018 018 03E 001 084 01B 03B 084 01B 03B 023 001 01F 03E 083 02B 037 1C8 014 02E 013 036 03C 001 011 01F 084 02B 03E 022 033 038 07A 1C5 1CC 084 019 012 032 03D 025 001 01F 013 036 039 01F 036 1C8 019 019 015 036 001 084 01F 01B 022 001 010 084 018 038 035 1C0	"<SPEAKER>「けけけっ じわじわと たっぷり
おまえらを いたぶってやる!<WAIT><SPEAKER>「ごうもんに たえられたら
ここから だして あげるよ"
03	FB	0x03FB	0x0286DB	0x0286DC	14	105	24	1CC 018 018 018 03E 001 014 017 01C 037 029 1C8 010 084 01C 015 036 01D 022 032 036 012 035 1C0	"<SPEAKER>「けけけっ おくすりは
あずからせてもらうよ"
03	FC	0x03FC	0x0286EA	0x0286EB	13	100	28	1D0 06B 084 054 075 029 001 014 017 01C 037 03C 1C8 084 01D 03D 084 02B 001 023 036 039 022 01B 02E 03E 01F 1C0	"<CLEAR>
レディは おくすりを
ぜんぶ とられてしまった"
03	FD	0x03FD	0x0286F8	0x0286F9	27	214	49	1CC 019 028 001 005 021 028 001 011 01C 028 001 084 023 039 015 1C8 004 021 084 015 001 01B 084 02A 039 038 029 084 01C 084 01F 1C5 1CC 084 023 039 015 001 013 036 03D 084 022 001 028 039 07A 1C0	"<SPEAKER>「この 3つの いすの どれか
2つが しびれるはずだ<WAIT><SPEAKER>「どれか えらんで のれ!"
03	FE	0x03FE	0x028714	0x028715	9	70	17	1CC 021 084 016 028 001 084 019 012 032 03D 025 001 08D 018 07A 1C0	<SPEAKER>「つぎの ごうもんに 行け!
03	FF	0x03FF	0x02871E	0x02871F	8	61	16	1CC 014 02E 013 01A 03D 001 012 03D 084 015 001 011 011 024 1C0	<SPEAKER>「おまえさん うんが いいな
04	00	0x0400	0x028727	0x028728	23	180	41	1CC 015 084 02C 015 036 001 110 028 127 084 015 084 022 038 084 01E 1C8 02A 03E 01B 084 022 001 025 084 018 02E 03B 039 07A 1C8 084 022 029 011 017 084 01E 07A 1C0	"<SPEAKER>「かべから 火の玉がでるぞ
ひっしで にげまわれ!
ではいくぞ!"
04	01	0x0401	0x02873F	0x028740	13	103	20	1CC 03B 029 029 029 029 07A 1C8 025 084 018 03A 07A 001 025 084 018 03A 07A 1C0	"<SPEAKER>「わはははは!
にげろ! にげろ!"
04	02	0x0402	0x02874D	0x02874E	10	74	20	1CC 035 017 084 015 03D 084 029 03E 01F 024 07A 001 027 013 020 03F 03D 07A 1C0	<SPEAKER>「よくがんばったな! ねえちゃん!
04	03	0x0403	0x028758	0x028759	19	152	35	1CC 018 018 018 001 024 015 024 015 001 033 038 084 01B 03F 024 011 07A 1C8 023 037 010 013 084 01C 001 019 039 03C 001 015 013 01C 035 1C0	"<SPEAKER>「けけけ なかなか やるじゃない!
とりあえず これを かえすよ"
04	04	0x0404	0x02876C	0x02876D	10	80	22	1D0 06B 084 054 075 029 001 014 017 01C 037 03C 1C8 015 013 01B 022 032 036 03E 01F 1C0	"<CLEAR>
レディは おくすりを
かえしてもらった"
04	05	0x0405	0x028777	0x028778	16	127	33	1CC 018 018 018 001 024 015 024 015 001 033 038 084 01B 03F 024 011 07A 1C8 019 039 029 001 084 019 02D 012 084 02A 084 01F 035 1C0	"<SPEAKER>「けけけ なかなか やるじゃない!
これは ごほうびだよ"
04	06	0x0406	0x028788	0x028789	7	55	15	1CC 024 010 03D 084 01F 001 084 01B 03F 001 033 031 01F 1C0	<SPEAKER>「なあんだ じゃ やめた
04	07	0x0407	0x028790	0x028791	43	344	77	1CC 018 018 018 03E 001 084 022 032 001 084 019 012 032 03D 029 1C8 019 039 084 022 001 014 03B 037 084 01B 03F 024 011 035 1C5 1CC 011 02E 028 029 001 02D 03D 028 001 019 022 01B 036 084 02C 01A 03E 1C8 014 01F 028 01B 02F 029 001 019 039 015 036 024 028 01A 1C8 018 018 018 001 018 018 018 018 018 03E 1C0	"<SPEAKER>「けけけっ でも ごうもんは
これで おわりじゃないよ<WAIT><SPEAKER>「いまのは ほんの こてしらべさっ
おたのしみは これからなのさ
けけけ けけけけけっ"
04	08	0x0408	0x0287BC	0x0287BD	30	239	53	1CC 019 028 01A 016 028 001 022 021 084 019 012 01B 03C 001 010 018 01F 015 036 1C8 023 024 037 028 0DA 0B3 025 001 08D 016 024 03E 07A 1C8 01E 019 084 022 001 02D 03D 084 029 03D 024 028 01A 001 018 018 03E 1C0	"<SPEAKER>「このさきの てつごうしを あけたから
となりの部屋に 行きなっ!
そこで ほんばんなのさ けけっ"
04	09	0x0409	0x0287DB	0x0287DC	43	338	77	1CC 018 018 018 03E 001 035 017 001 09B 016 028 019 03E 01F 024 1C8 014 03D 024 028 001 017 01D 025 001 0F0 03C 1C8 016 01F 013 022 011 038 03D 084 01F 024 001 018 018 018 03E 1C5 1CC 016 01F 013 036 039 01F 001 091 0E3 029 001 01A 084 01E 1C8 014 011 01B 011 03D 084 01F 03A 012 024 001 018 018 018 03E 1C0	"<SPEAKER>「けけけっ よく 生きのこったな
おんなの くせに 体を
きたえているんだな けけけっ<WAIT><SPEAKER>「きたえられた 人間は さぞ
おいしいんだろうな けけけっ"
04	0A	0x040A	0x028807	0x028808	73	581	138	1CC 014 03E 023 07A 001 019 039 029 001 019 039 029 1C8 03B 015 011 001 027 078 01A 03D 084 01F 027 013 001 02C 02C 1C5 1CC 084 019 012 032 03D 028 001 01B 040 038 011 029 1C8 005 01B 040 038 011 084 01F 07A 001 02E 084 01C 029 001 019 019 1C8 022 03E 083 029 03D 084 01B 084 019 017 084 01F 07A 1C5 1CC 022 03E 083 029 03D 028 001 023 019 03A 084 023 019 03A 084 015 1C8 02E 03E 015 025 001 010 021 017 024 038 015 036 1C8 084 015 03D 084 029 03E 022 001 025 084 018 02E 03B 03E 022 017 039 1C5 1CC 02D 03D 084 01B 03F 010 001 011 017 084 01E 07A 1C0	"<SPEAKER>「おっと! これは これは
わかい ねーさんだねえ へへ<WAIT><SPEAKER>「ごうもんの しゅるいは
3しゅるいだ! まずは ここ
てっぱんじごくだ!<WAIT><SPEAKER>「てっぱんの ところどころが
まっかに あつくなるから
がんばって にげまわってくれ<WAIT><SPEAKER>「ほんじゃあ いくぞ!"
04	0B	0x040B	0x028851	0x028852	7	49	14	1CC 014 03E 023 07A 001 02E 084 01F 02E 084 01F 07A 1C0	<SPEAKER>「おっと! まだまだ!
04	0C	0x040C	0x028859	0x02885A	25	195	45	1CC 02C 02C 02C 001 03B 015 011 001 014 03D 024 028 1C8 022 03E 083 029 03D 084 051 06F 04E 029 001 011 015 01C 084 01D 1C8 021 084 016 028 001 0DA 0B3 025 001 011 016 024 07A 1C0	"<SPEAKER>「へへへ わかい おんなの
てっぱんダンスは いかすぜ
つぎの 部屋に いきな!"
04	0D	0x040D	0x028873	0x028874	72	573	130	1CC 018 018 018 03E 001 019 019 029 001 030 015 01B 015 036 1C8 021 01F 03B 038 001 034 011 01B 041 010 038 1C8 039 03D 084 015 084 01B 084 019 017 028 001 084 019 012 032 03D 084 01F 03E 07A 1C5 1CC 011 02E 015 036 001 128 015 036 001 039 03D 084 015 03C 1C8 014 023 01C 015 036 001 01E 039 03C 0D3 03E 022 001 0D0 018 07A 1C5 1CC 019 028 001 039 03D 084 015 0C7 03C 001 004 01B 040 012 084 01F 1C8 018 018 018 03E 001 01C 084 019 011 001 014 032 01A 084 01F 084 01E 07A 1C8 081 081 035 01B 001 014 023 01D 03E 07A 1C0	"<SPEAKER>「けけけっ ここは むかしから
つたわる ゆいしょある
れんがじごくの ごうもんだっ!<WAIT><SPEAKER>「いまから 上から れんがを
おとすから それを持って 歩け!<WAIT><SPEAKER>「この れんが道を 2しゅうだ
けけけっ すごい おもさだぞ!
・・よし おとせっ!"
04	0E	0x040E	0x0288BC	0x0288BD	67	534	122	1CC 019 019 029 001 084 029 017 084 01F 03D 084 01B 084 019 017 084 01F 1C8 128 015 036 001 084 051 043 056 060 070 084 055 084 015 1C8 01F 017 01A 03D 001 014 020 022 017 038 1C5 1CC 01F 084 01F 001 025 084 018 022 011 038 084 01F 018 084 022 029 001 084 01F 031 084 01F 1C8 01E 019 028 001 084 01F 03D 01A 028 001 0B8 025 001 007 02A 016 1C8 024 084 018 019 02E 024 018 039 084 029 001 084 022 036 039 03D 084 01E 07A 1C5 1CC 01E 039 084 022 029 011 017 084 01E 07A 001 012 037 03F 1C0	"<SPEAKER>「ここは ばくだんじごくだ
上から ダイナマッドが
たくさん おちてくる<WAIT><SPEAKER>「ただ にげているだけでは だめだ
そこの だんさの 下に 5ひき
なげこまなければ でられんぞ!<WAIT><SPEAKER>「それではいくぞ! うりゃ"
04	0F	0x040F	0x028900	0x028901	14	109	27	1CC 030 029 029 001 030 029 001 030 029 1C8 084 015 03D 084 029 039 07A 001 084 015 03D 084 029 039 07A 1C0	"<SPEAKER>「むはは むは むは
がんばれ! がんばれ!"
04	10	0x0410	0x02890F	0x028910	24	189	47	1CC 084 019 017 03A 012 01A 03D 001 019 039 084 022 001 084 019 012 032 03D 029 1C8 01C 084 02C 022 001 01B 040 012 037 041 012 084 01F 1C8 035 017 001 084 015 03D 084 029 03E 01F 024 1C0	"<SPEAKER>「ごくろうさん これで ごうもんは
すべて しゅうりょうだ
よく がんばったな"
04	11	0x0411	0x028928	0x028929	27	215	48	1CC 019 036 078 001 084 01B 084 01B 011 001 093 011 03E 022 03D 084 01F 1C8 035 018 011 024 019 023 001 011 03E 022 038 023 1C8 09B 015 01B 022 001 014 015 024 011 084 01E 001 018 018 03E 1C0	"<SPEAKER>「こらー じじい 何いってんだ
よけいなこと いってると
生かして おかないぞ けけっ"
04	12	0x0412	0x028944	0x028945	9	72	21	1CC 084 04D 071 06F 084 05F 001 084 05E 084 05C 078 084 05B 06C 06F 01A 02E 07A 1C0	<SPEAKER>「ジャンボ ベビーバロンさま!
04	13	0x0413	0x02894E	0x02894F	18	144	35	1CC 084 029 015 032 028 07A 001 014 039 028 019 023 029 1C8 084 04D 076 043 084 05C 078 001 023 035 084 02C 023 001 011 03E 01F 03A 012 1C0	"<SPEAKER>「ばかもの! おれのことは
ジェイビー とよべと いったろう"
04	14	0x0414	0x028961	0x028962	26	206	55	1CC 029 1CD 001 029 011 001 084 04D 076 043 084 05C 078 01A 02E 07A 1C8 084 054 04E 084 05B 06B 078 10B 10C 015 036 001 02D 012 019 017 084 022 01C 07A 1C8 024 025 015 001 02F 021 015 03E 01F 035 012 084 022 01C 07A 1C0	"<SPEAKER>「は<PAUSE_30> はい ジェイビーさま!
デスバレー鉱山から ほうこくです!
なにか みつかったようです!"
04	15	0x0415	0x02897C	0x02897D	10	78	19	1CC 024 025 07A 1C8 01E 012 015 001 035 078 01B 001 011 011 084 01E 07A 1C0	"<SPEAKER>「なに!
そうか よーし いいぞ!"
04	16	0x0416	0x028987	0x028988	19	149	37	1CC 084 04D 076 043 084 05C 078 01A 02E 084 015 001 010 036 03B 039 022 015 036 1C8 02E 011 025 020 084 015 001 01F 028 01B 017 024 03E 01F 024 1C0	"<SPEAKER>「ジェイビーさまが あらわれてから
まいにちが たのしくなったな"
04	17	0x0417	0x02899B	0x02899C	38	297	70	1CC 012 03D 012 03D 001 01E 012 084 01F 024 001 02E 03E 01F 017 1C8 01C 084 019 011 033 021 084 01F 035 001 084 04D 076 043 084 05C 078 01A 02E 029 1C5 1CC 019 039 015 036 001 091 0E3 084 015 001 02E 011 025 020 1C8 0E4 013 038 024 03D 022 001 034 031 028 035 012 084 01F 027 1C0	"<SPEAKER>「うんうん そうだな まったく
すごいやつだよ ジェイビーさまは<WAIT><SPEAKER>「これから 人間が まいにち
食えるなんて ゆめのようだね"
04	18	0x0418	0x0289C2	0x0289C3	25	196	47	1CC 011 033 001 01E 039 029 001 02E 084 01F 001 03B 015 036 024 011 035 1C8 096 09F 028 0C2 19F 03C 001 18B 0B4 01A 01D 024 011 023 1C8 012 02E 017 011 015 024 011 001 036 01B 011 035 1C0	"<SPEAKER>「いや それは まだ わからないよ
古代の装置を 復活させないと
うまくいかない らしいよ"
04	19	0x0419	0x0289DC	0x0289DD	17	136	31	1CC 09A 08B 028 001 022 011 019 017 03C 001 021 017 038 023 015 1C8 011 03E 022 01F 018 084 023 001 02D 03D 023 015 024 1C0	"<SPEAKER>「魔物の ていこくを つくるとか
いってたけど ほんとかな"
04	1A	0x041A	0x0289EE	0x0289EF	35	275	59	1CC 01E 012 024 039 084 029 001 011 011 018 084 023 024 010 1C5 1CC 02E 010 001 011 011 033 001 023 025 015 017 1C8 012 03E 023 012 01B 011 001 091 0E3 01F 020 025 1C8 01F 017 036 02F 084 015 001 084 029 039 024 016 03F 011 011 033 1C0	"<SPEAKER>「そうなれば いいけどなあ<WAIT><SPEAKER>「まあ いいや とにかく
うっとうしい 人間たちに
たくらみが ばれなきゃいいや"
04	1B	0x041B	0x028A12	0x028A13	19	152	40	1D0 02A 084 01B 041 012 084 05E 06A 028 001 04E 043 070 052 084 015 1C8 014 01A 039 022 011 038 1C5 1D0 032 012 011 020 084 023 001 014 01B 02E 01C 015 079 1C0	"<CLEAR>
ひじょうベルの スイッチが
おされている<WAIT>
<CLEAR>
もういちど おしますか?"
04	1C	0x041C	0x028A26	0x028A27	27	210	50	1D0 02A 084 01B 041 012 084 05E 06A 029 001 015 011 084 01B 041 01A 039 01F 1C8 01B 015 01B 001 107 03C 001 011 039 01C 084 016 022 1C8 04E 043 070 052 084 015 001 019 03B 039 022 01B 02E 03E 01F 1C0	"<CLEAR>
ひじょうベルは かいじょされた
しかし 力を いれすぎて
スイッチが こわれてしまった"
04	1D	0x041D	0x028A42	0x028A43	12	90	24	1D0 02A 084 01B 041 012 084 05E 06A 028 001 04E 043 070 052 029 1C8 019 03B 039 022 011 038 1C0	"<CLEAR>
ひじょうベルの スイッチは
こわれている"
04	1E	0x041E	0x028A4F	0x028A50	9	67	16	1CC 012 03B 03E 07A 001 093 032 028 079 001 091 0E3 015 03E 1C0	<SPEAKER>「うわっ! 何もの? 人間かっ
04	1F	0x041F	0x028A59	0x028A5A	9	65	19	1D0 09A 08B 029 001 02A 084 01B 041 012 084 05E 06A 03C 001 014 01B 01F 1C0	"<CLEAR>
魔物は ひじょうベルを おした"
04	20	0x0420	0x028A63	0x028A64	43	340	82	1CC 019 03D 024 023 019 03A 025 001 091 0E3 084 015 1C8 017 038 023 029 001 01A 022 029 001 084 05B 06C 06F 08C 03C 1C8 026 018 022 016 014 03E 01F 024 1C5 1CC 03B 01B 019 01E 029 001 019 028 001 0D5 0B8 0B2 0C7 028 1C8 015 03D 037 025 03D 001 084 04A 04E 051 05D 084 01F 07A 1C8 084 01B 084 019 017 02C 001 08D 018 011 07A 1C0	"<SPEAKER>「こんなところに 人間が
くるとは さては バロン城を
ぬけてきおったな<WAIT><SPEAKER>「わしこそは この 地下水道の
かんりにん ゲスタフだ!
じごくへ 行けい!"
04	21	0x0421	0x028A8F	0x028A90	142	1136	276	1D0 034 012 016 010 038 001 0BA 0BB 0A7 02C 1C5 1D0 03B 01F 01B 028 001 0CD 029 001 04C 084 04D 049 1C8 096 09F 084 054 04E 068 06F 084 055 028 001 0CF 03C 1C8 0E5 0E7 01C 038 001 0DB 096 0B7 0A7 084 01F 1C5 1D0 03B 01F 01B 029 001 084 054 04E 084 05B 06B 078 10B 10C 023 1C8 035 084 029 039 038 001 10C 028 001 0D5 0B8 14F 017 084 022 1C8 021 011 025 001 09E 09D 03C 001 0C8 090 01B 01F 1C5 1D0 092 08F 025 001 01C 084 016 024 015 03E 01F 1C8 0CC 0AC 024 001 055 060 055 06F 028 001 09E 09D 084 01F 1C5 1D0 03B 01F 01B 029 001 012 020 041 012 022 03D 025 024 037 1C8 09E 09D 03C 001 0C9 025 001 0D3 020 13D 03E 01F 010 023 1C8 02B 01F 01F 084 02A 001 10B 10C 025 001 032 084 017 03E 01F 1C5 1D0 024 084 01D 024 036 001 032 03E 023 001 09E 09D 084 015 1C8 010 038 028 084 022 029 001 024 011 015 023 1C8 014 032 03E 01F 015 036 084 01F 081 081 081 081 1C5 1D0 01E 01B 022 001 03B 01F 01B 029 001 023 012 023 012 1C8 048 06F 084 049 084 05B 06C 06F 028 001 02A 021 084 016 023 1C8 014 032 03B 039 038 081 081 081 081 081 1C5 1D0 022 084 015 02F 029 001 019 019 084 022 001 033 084 02B 039 022 011 038 1C0	"<CLEAR>
ゆうきある 言険昔へ<WAIT>
<CLEAR>
わたしの 名は サジク
古代デスランドの 謎を
研究する 考古学昔だ<WAIT>
<CLEAR>
わたしは デスバレー鉱山と
よばれる 山の 地下深くで
ついに 化石を 発見した<WAIT>
<CLEAR>
伝説に すぎなかった
巨大な トマトンの 化石だ<WAIT>
<CLEAR>
わたしは うちょうてんになり
化石を 町に 持ち帰ったあと
ふたたび 鉱山に もぐった<WAIT>
<CLEAR>
なぜなら もっと 化石が
あるのでは ないかと
おもったからだ・・・・<WAIT>
<CLEAR>
そして わたしは とうとう
キングバロンの ひつぎと
おもわれる・・・・・<WAIT>
<CLEAR>
てがみは ここで やぶれている"
04	22	0x0422	0x028B1E	0x028B1F	111	881	210	1CC 019 039 029 07A 001 019 039 029 07A 1C8 1A9 1AA 0D4 001 014 012 01D 011 084 022 001 084 018 03D 016 024 1C8 014 0D8 01A 03D 084 022 029 001 024 011 084 022 01C 015 079 1C5 1CC 019 03D 024 001 10C 028 128 02E 084 022 1C8 011 03E 01F 011 001 03B 084 01A 03B 084 01A 001 093 03C 01B 025 1C8 097 01F 03D 084 022 01C 015 024 079 001 084 04A 06A 06A 06A 06A 1C5 1CC 084 04A 06A 06A 06A 001 1A9 1AA 0D4 028 1C8 021 011 016 040 012 029 001 0D6 03C 001 02E 027 017 019 023 03C 1C8 02F 03C 032 03E 022 001 015 03D 084 01B 01A 01D 022 033 03A 012 07A 1C5 1CC 014 039 029 001 024 025 084 019 023 032 1C8 084 01B 03F 02E 01A 039 038 028 084 015 001 02C 084 023 084 015 084 022 038 02D 084 023 1C8 016 036 011 084 022 027 001 084 04A 06A 06A 06A 06A 1C5 1CC 035 078 01B 001 019 030 01C 031 03C 1C8 03A 012 033 025 001 084 02B 020 019 031 03E 07A 1C0	"<SPEAKER>「これは! これは!
好奇心 おうせいで げんきな
お嬢さんでは ないですか?<WAIT><SPEAKER>「こんな 山の上まで
いったい わざわざ 何をしに
来たんですかな? ゲルルルル<WAIT><SPEAKER>「ゲルルル 好奇心の
ついきゅうは 死を まねくことを
みをもって かんじさせてやろう!<WAIT><SPEAKER>「おれは なにごとも
じゃまされるのが へどがでるほど
きらいでね ゲルルルル<WAIT><SPEAKER>「よーし こむすめを
ろうやに ぶちこめっ!"
04	23	0x0423	0x028B8E	0x028B8F	17	131	35	1CC 016 041 012 028 001 084 04D 076 043 084 05C 078 01A 02E 029 1C8 084 01C 011 084 02B 03D 023 001 084 019 016 084 018 03D 084 01F 024 1C0	"<SPEAKER>「きょうの ジェイビーさまは
ずいぶんと ごきげんだな"
04	24	0x0424	0x028BA0	0x028BA1	27	215	53	1CC 01E 037 03F 001 01E 012 084 01F 035 001 084 01F 03E 022 1C5 1CC 096 09F 028 0C2 19F 001 18B 0B4 025 1C8 02A 021 035 012 024 08B 084 015 001 033 03E 023 1C8 0C8 11C 001 084 022 016 01F 03D 084 01F 032 03D 1C0	"<SPEAKER>「そりゃ そうだよ だって<WAIT><SPEAKER>「古代の装置 復活に
ひつような物が やっと
発掘 できたんだもん"
04	25	0x0425	0x028BBC	0x028BBD	18	139	34	1CC 02B 078 03D 001 023 019 03A 084 022 001 014 02E 013 1C8 096 09F 028 0C2 19F 03E 022 001 093 079 1C8 014 011 01B 011 028 015 079 1C0	"<SPEAKER>「ふーん ところで おまえ
古代の装置って 何?
おいしいのか?"
04	26	0x0426	0x028BCF	0x028BD0	27	209	48	1CC 011 033 001 0C2 19F 029 001 015 03D 084 021 031 084 01B 03F 1C8 024 017 022 001 024 03D 015 001 03B 015 036 03D 018 084 023 1C8 016 015 011 001 02F 01F 011 024 032 03D 084 01F 03E 022 1C0	"<SPEAKER>「いや 装置は かんづめじゃ
なくて なんか わからんけど
きかい みたいなもんだって"
04	27	0x0427	0x028BEB	0x028BEC	5	37	10	1CC 024 03D 084 01B 03F 001 01E 039 1C0	<SPEAKER>「なんじゃ それ
04	28	0x0428	0x028BF1	0x028BF2	25	194	47	1CC 012 03D 001 01E 039 03C 001 123 013 084 029 1C8 084 02D 017 01F 020 032 001 084 04D 076 043 084 05C 078 01A 02E 1C8 02F 01F 011 025 001 0AC 016 017 024 039 038 03D 084 01F 03E 022 1C0	"<SPEAKER>「うん それを 使えば
ぼくたちも ジェイビーさま
みたいに 大きくなれるんだって"
04	29	0x0429	0x028C0B	0x028C0C	8	63	15	1CC 02C 013 001 01E 039 029 001 01C 084 019 011 024 07A 1C0	<SPEAKER>「へえ それは すごいな!
04	2A	0x042A	0x028C14	0x028C15	9	65	14	1CC 01B 03E 015 037 001 021 015 02E 03E 022 024 07A 1C0	<SPEAKER>「しっかり つかまってな!
04	2B	0x042B	0x028C1E	0x028C1F	7	53	14	1CC 014 03E 01B 03F 078 07A 001 011 011 084 01E 078 1C0	<SPEAKER>「おっしゃー! いいぞー
04	2C	0x042C	0x028C26	0x028C27	10	79	17	1CC 012 03B 03E 001 014 02E 013 001 011 021 028 02E 025 03E 07A 1C0	<SPEAKER>「うわっ おまえ いつのまにっ!
04	2D	0x042D	0x028C31	0x028C32	62	495	114	1CC 02F 024 028 001 032 028 035 07A 001 011 035 011 035 1C8 03B 039 036 001 09A 08B 084 015 001 012 02E 039 015 03B 038 1C8 023 016 084 015 001 020 015 084 021 011 022 016 01F 07A 001 084 04A 06A 06A 06A 1C5 1CC 0AC 016 024 001 0F0 023 1C8 029 03E 01F 021 01B 01F 001 1BB 081 081 081 081 081 1C5 1CC 01E 028 001 02B 01F 021 03C 001 022 025 1C8 011 039 039 084 029 001 091 0E3 024 03D 084 01E 1C8 02E 011 025 020 084 022 032 001 017 013 038 028 084 01F 1C0	"<SPEAKER>「みなの ものよ! いよいよ
われら 魔物が うまれかわる
ときが ちかづいてきた! ゲルルル<WAIT><SPEAKER>「大きな 体と
はったつした 脳・・・・・<WAIT><SPEAKER>「その ふたつを てに
いれれば 人間なんぞ
まいにちでも くえるのだ"
04	2E	0x042E	0x028C70	0x028C71	3	18	6	1CC 014 014 078 07A 1C0	<SPEAKER>「おおー!
04	2F	0x042F	0x028C74	0x028C75	27	209	49	1CC 014 02E 013 01F 020 028 001 014 015 084 018 084 022 1C8 01A 084 015 01B 032 023 031 022 011 01F 001 02A 021 084 016 032 1C8 021 011 025 001 02F 021 018 038 019 023 084 015 084 022 016 01F 1C0	"<SPEAKER>「おまえたちの おかげで
さがしもとめていた ひつぎも
ついに みつけることができた"
04	30	0x0430	0x028C90	0x028C91	20	157	38	1CC 01E 019 084 022 001 016 041 012 029 1C8 014 02E 013 01F 020 025 001 023 03E 022 014 016 028 1C8 04D 073 078 03C 001 02F 01D 022 033 03A 012 07A 1C0	"<SPEAKER>「そこで きょうは
おまえたちに とっておきの
ショーを みせてやろう!"
04	31	0x0431	0x028CA5	0x028CA6	5	36	11	1CC 014 014 078 07A 001 014 014 078 07A 1C0	<SPEAKER>「おおー! おおー!
04	32	0x0432	0x028CAB	0x028CAC	49	385	87	1CC 01A 010 001 03B 015 016 001 091 0E3 035 1C5 1CC 014 0C3 025 001 031 011 035 010 038 1C8 01B 084 019 023 03C 001 010 01F 013 022 033 03A 012 1C5 1CC 024 010 025 001 015 03D 01F 03D 024 019 023 084 01F 1C8 019 028 001 02A 021 084 016 03C 001 010 018 038 084 01F 018 084 01F 035 1C8 01A 010 001 010 018 03A 07A 001 010 018 038 028 084 01F 07A 1C0	"<SPEAKER>「さあ わかき 人間よ<WAIT><SPEAKER>「お前に めいよある
しごとを あたえてやろう<WAIT><SPEAKER>「なあに かんたんなことだ
この ひつぎを あけるだけだよ
さあ あけろ! あけるのだ!"
04	33	0x0433	0x028CDD	0x028CDE	21	168	36	1CC 013 078 011 001 019 028 001 035 03B 030 01B 084 015 03E 07A 1C8 022 011 019 012 01C 038 023 001 011 01F 011 031 025 001 010 012 084 01E 1C0	"<SPEAKER>「えーい この よわむしがっ!
ていこうすると いたいめに あうぞ"
04	34	0x0434	0x028CF3	0x028CF4	56	442	102	1CC 012 03E 001 01B 02E 03E 01F 07A 001 020 041 03E 023 1C8 014 084 023 015 01C 001 021 032 037 084 01F 03E 01F 028 025 1C8 014 039 029 001 107 084 015 001 138 01C 084 016 038 028 084 01F 07A 1C5 1CC 012 078 030 081 081 02E 011 03E 01F 024 081 081 081 1C8 010 018 022 001 0A1 015 036 001 084 02B 03E 01E 012 024 032 028 084 015 1C8 106 01F 036 001 046 06B 029 001 01F 02E 036 03D 015 036 024 081 081 081 1C0	"<SPEAKER>「うっ しまった! ちょっと
おどかす つもりだったのに
おれは 力が 強すぎるのだ!<WAIT><SPEAKER>「うーむ・・まいったな・・・
あけて 中から ぶっそうなものが
出たら オレは たまらんからな・・・"
04	35	0x0435	0x028D2C	0x028D2D	7	49	14	1CC 014 039 084 015 001 010 018 022 033 03A 012 07A 1C0	<SPEAKER>「おれが あけてやろう!
04	36	0x0436	0x028D34	0x028D35	24	186	45	1CC 03D 079 001 064 084 049 016 020 084 015 079 1C8 084 04A 06A 06A 06A 06A 079 1C8 084 02A 03E 017 037 084 029 019 084 01F 03E 01F 036 001 084 023 012 01C 038 028 084 01F 079 1C0	"<SPEAKER>「ん? モグきちが?
ゲルルルル?
びっくりばこだったら どうするのだ?"
04	37	0x0437	0x028D4D	0x028D4E	18	137	31	1CC 019 019 015 036 084 022 032 001 02C 02C 02C 1C8 010 018 036 039 038 028 01A 07A 001 019 028 046 06B 029 024 03E 07A 1C0	"<SPEAKER>「ここからでも へへへ
あけられるのさ! このオレはなっ!"
04	38	0x0438	0x028D60	0x028D61	11	83	20	1CC 014 014 07A 001 064 084 049 016 020 07A 001 01C 084 019 011 084 01E 07A 1C0	<SPEAKER>「おお! モグきち! すごいぞ!
04	39	0x0439	0x028D6C	0x028D6D	14	107	23	1CC 084 01F 022 025 001 0E5 0E7 029 1C8 01B 022 027 013 084 01D 07A 001 05D 070 05D 070 1C0	"<SPEAKER>「だてに 研究は
してねえぜ! フッフッ"
04	3A	0x043A	0x028D7B	0x028D7C	20	154	38	1CC 084 023 012 033 036 001 02A 021 084 016 025 029 1C8 03B 024 029 001 01B 015 018 036 039 022 001 024 011 035 012 084 01F 024 1C8 084 04A 06A 06A 1C0	"<SPEAKER>「どうやら ひつぎには
わなは しかけられて ないようだな
ゲルル"
04	3B	0x043B	0x028D90	0x028D91	23	179	47	1CC 084 04A 06A 06A 06A 001 012 014 014 078 07A 1C8 024 03D 022 019 023 084 01F 07A 001 011 021 028 02E 025 081 081 081 081 1C8 084 04A 06A 06A 06A 001 012 015 021 084 01F 03E 01F 07A 1C0	"<SPEAKER>「ゲルルル うおおー!
なんてことだ! いつのまに・・・・
ゲルルル うかつだった!"
04	3C	0x043C	0x028DA8	0x028DA9	24	190	45	1CC 064 084 049 016 020 001 019 019 029 1C8 01F 028 03D 084 01F 084 01E 07A 001 014 039 029 001 02E 01F 1C8 184 01A 027 084 029 001 024 036 03D 08B 084 015 001 084 022 016 01F 1C0	"<SPEAKER>「モグきち ここは
たのんだぞ! おれは また
探さねば ならん物が できた"
04	3D	0x043D	0x028DC1	0x028DC2	7	51	11	1CC 046 078 04A 078 001 03B 015 03E 01F 1C0	<SPEAKER>「オーケー わかった
04	3E	0x043E	0x028DC9	0x028DCA	35	276	68	1D0 067 04D 046 028 153 084 022 001 02B 037 084 015 024 084 015 001 02B 03E 022 010 038 1C5 1D0 07D 081 081 081 035 03E 022 001 0C2 19F 03C 1C8 134 133 01C 038 019 023 025 001 016 031 01F 081 081 081 1C8 02B 01F 01F 084 02A 001 0B1 015 01A 03D 023 001 01C 038 023 016 1C0	"<CLEAR>
ヨシオの字で ふりがなが ふってある<WAIT>
<CLEAR>
「・・・よって 装置を
封印することに きめた・・・
ふたたび 行かさんと するとき"
04	3F	0x043F	0x028DED	0x028DEE	75	597	145	1D0 07D 020 040 012 084 01B 021 024 038 001 03B 084 015 001 01B 032 084 02C 1C8 084 047 058 084 05C 04E 025 001 141 016 001 084 05F 078 06A 03C 001 01A 01A 084 018 1C8 03B 084 015 0CD 03C 001 01B 031 01C 084 02C 01B 081 081 081 01A 01C 039 084 029 1C5 1D0 07D 0C2 19F 029 001 02B 01F 01F 084 02A 001 0EE 03C 1C8 013 038 084 022 010 03A 012 081 081 081 081 081 081 081 01F 084 01F 01B 1C8 180 016 001 084 05F 078 06A 03C 001 01A 01A 084 018 01F 023 016 029 1C5 1D0 07D 0C2 19F 029 001 189 13E 023 001 0B6 03C 1C8 01A 02E 01C 019 023 029 001 024 011 084 01F 03A 012 081 081 081 1C0	"<CLEAR>
「ちゅうじつなる わが しもべ
ガヌビスに 白き ボールを ささげ
わが名を しめすべし・・・さすれば<WAIT>
<CLEAR>
「装置は ふたたび 命を
えるであろう・・・・・・・ただし
黒き ボールを ささげたときは<WAIT>
<CLEAR>
「装置は 二度と 目を
さますことは ないだろう・・・"
04	40	0x0440	0x028E39	0x028E3A	17	135	36	1D0 0D5 024 037 023 001 01B 03D 084 023 012 084 015 001 01B 084 01C 02E 03E 01F 1C8 119 158 11D 084 015 001 024 014 03E 01F 035 012 084 01F 1C0	"<CLEAR>
地なりと しんどうが しずまった
落岩炉が なおったようだ"
04	41	0x0441	0x028E4B	0x028E4C	120	957	231	1CC 014 001 014 0D8 01A 02E 078 07A 1C8 084 019 001 084 019 084 02B 084 01B 084 022 01B 01F 015 03E 07A 1C5 1CC 019 028 001 067 04D 046 084 015 001 084 023 03D 024 025 1C8 01B 03D 083 029 011 01B 01F 015 07A 001 02E 03E 01F 017 001 032 012 07A 1C5 1CC 01B 015 032 001 110 03C 018 01E 012 023 1C8 01A 03B 011 084 022 011 01F 036 001 09A 16A 03C 001 010 036 015 01F 1C8 084 023 03B 01C 039 01B 022 001 01B 02E 011 02E 01B 01F 03B 011 07A 1C5 1CC 014 015 084 018 084 022 001 014 0D8 01A 02E 03C 1C8 014 011 015 018 022 001 019 028 08A 025 001 097 01F 023 01F 03D 1C8 019 028 001 010 037 01A 02E 084 022 01C 084 01B 03F 081 081 081 1C5 1CC 023 025 015 017 001 014 0D8 01A 02E 03E 07A 1C8 04B 070 049 04E 03C 001 01A 084 015 01B 02E 01B 041 012 07A 1C5 1CC 01F 03E 01F 150 001 019 028 10B 10C 028 1C8 084 023 019 015 02C 001 021 039 022 011 015 039 01F 028 084 022 01C 1C8 01A 010 001 1B5 084 016 02E 01B 041 012 084 01E 07A 1C0	"<SPEAKER>「お お嬢さまー!
ご ごぶじでしたかっ!<WAIT><SPEAKER>「この ヨシオが どんなに
しんぱいしたか! まったく もう!<WAIT><SPEAKER>「しかも 火をけそうと
さわいでいたら 魔術を あらかた
どわすれして しまいましたわい!<WAIT><SPEAKER>「おかげで お嬢さまを
おいかけて この島に 来たとたん
この ありさまですじゃ・・・<WAIT><SPEAKER>「とにかく お嬢さまっ!
コックスを さがしましょう!<WAIT><SPEAKER>「たった今 この鉱山の
どこかへ つれていかれたのです
さあ 急ぎましょうぞ!"
04	42	0x0442	0x028EC4	0x028EC5	12	90	23	1D0 067 04D 046 084 015 001 083 05B 078 054 075 078 025 001 017 03B 03B 03E 01F 1C3 1C3 1C0	"<CLEAR>
ヨシオが パーティーに くわわった"
04	43	0x0443	0x028ED1	0x028ED2	44	346	81	1D0 015 084 02C 025 001 02A 084 02A 084 015 001 029 011 03E 022 011 038 1C8 067 04D 046 032 001 084 015 03D 084 029 03E 022 011 01F 035 012 084 01F 1C5 1D0 029 084 018 01B 011 001 01B 041 012 084 018 016 03C 001 010 01F 013 039 084 029 1C8 015 084 02C 03C 001 033 084 02B 039 038 015 032 01B 039 024 011 081 081 081 1C3 1C0	"<CLEAR>
かべに ひびが はいっている
ヨシオも がんばっていたようだ<WAIT>
<CLEAR>
はげしい しょうげきを あたえれば
かべを やぶれるかもしれない・・・"
04	44	0x0444	0x028EFE	0x028EFF	15	114	31	1CC 012 012 001 012 001 012 012 081 081 081 081 081 1C5 1CC 019 001 019 019 029 079 001 011 03E 01F 011 081 081 081 081 1C0	<SPEAKER>「うう う うう・・・・・<WAIT><SPEAKER>「こ ここは? いったい・・・・
04	45	0x0445	0x028F0E	0x028F0F	119	948	229	1CC 010 001 010 024 01F 01F 020 084 015 001 03B 01F 01B 03C 1C8 01F 01C 018 022 017 039 01F 03D 084 022 01C 027 081 081 081 1C5 1CC 015 01F 084 01B 018 024 011 081 081 011 033 011 033 1C8 024 03D 023 001 014 039 011 03C 001 011 03E 01F 036 1C8 035 011 015 001 03B 015 037 02E 01D 03D 081 081 081 081 1C5 1CC 03B 01F 01B 028 0CD 029 001 04C 084 04D 049 1C8 019 028 08A 084 022 001 096 09F 028 092 08F 028 1C8 0E5 0E7 03C 01B 022 011 01F 001 0DB 096 0B7 0A7 084 022 01C 1C5 1CC 013 079 001 15C 03E 022 011 024 01A 038 079 1C8 01E 037 03F 02E 01F 001 084 023 012 01B 022 079 1C5 1CC 081 081 081 081 081 081 01E 012 084 022 01C 015 1C8 081 081 081 084 016 01D 011 0A7 084 015 001 01E 03D 024 025 079 1C5 1CC 01C 084 02C 022 001 03B 01F 01B 028 001 01D 011 084 022 01C 07A 1C8 03B 01F 01B 084 015 001 010 03D 024 08B 03C 001 012 001 012 1C8 02D 037 084 01F 01A 024 018 039 084 029 001 035 015 03E 01F 028 084 022 01C 1C0	"<SPEAKER>「あ あなたたちが わたしを
たすけてくれたんですね・・・<WAIT><SPEAKER>「かたじけない・・いやいや
なんと おれいを いったら
よいか わかりません・・・・<WAIT><SPEAKER>「わたしの名は サジク
この島で 古代の伝説の
研究をしていた 考古学昔です<WAIT><SPEAKER>「え? 知っていなさる?
そりゃまた どうして?<WAIT><SPEAKER>「・・・・・・そうですか
・・・ぎせい昔が そんなに?<WAIT><SPEAKER>「すべて わたしの せいです!
わたしが あんな物を う う
ほりださなければ よかったのです"
04	46	0x0446	0x028F86	0x028F87	220	1754	405	1CC 084 01B 021 029 001 084 054 04E 084 05B 06B 078 084 022 001 09E 09D 03C 1C8 11C 037 106 01B 01F 010 023 001 03B 01F 01B 029 001 01A 036 025 1C8 0ED 084 022 001 02A 021 084 016 03C 001 0C8 090 01B 01F 028 084 022 01C 07A 1C5 1CC 023 022 032 001 0AC 016 024 02A 021 084 016 084 022 1C8 019 014 037 028 035 012 025 001 021 031 01F 017 022 1C8 010 014 084 01B 03A 017 001 015 084 015 033 011 022 011 02E 01B 01F 1C5 1CC 02A 021 084 016 025 029 001 096 09F 152 153 084 022 1C8 048 06F 084 049 084 05B 06C 06F 001 023 001 015 015 039 022 011 02E 01B 01F 1C5 1CC 01E 01B 022 001 02A 021 084 016 03C 1C8 010 018 01F 023 01F 03D 001 0A1 028 001 030 036 01A 016 19E 028 1C8 0AC 016 024 001 093 015 084 015 001 0B6 03C 010 018 022 081 081 081 1C5 1CC 01E 028 010 023 028 001 016 014 017 029 1C8 010 037 02E 01D 03D 081 081 099 084 015 021 017 023 1C8 010 024 01F 01F 020 084 015 001 011 01F 028 084 022 01C 081 081 081 1C5 1CC 029 03E 07A 001 019 012 01B 022 029 001 011 036 039 024 011 1C8 01C 084 017 025 001 063 084 049 025 001 010 011 01F 011 07A 001 03B 01F 01B 028 1C8 011 023 01B 016 001 021 02E 001 063 084 049 07A 1C5 1CC 028 020 02D 084 023 001 03B 01F 01B 028 161 025 1C8 097 022 017 084 01F 01A 011 07A 001 069 084 05B 078 051 044 06F 028 1C8 004 015 011 084 01F 022 028 001 161 084 022 01C 07A 1C5 1CC 03B 01F 01B 024 037 025 001 0AD 0AE 03C 001 01D 011 037 01B 022 1C8 024 03D 023 015 001 08A 03C 001 01C 017 011 01F 011 028 084 022 01C 07A 1C5 1CC 014 03E 023 001 029 024 01B 03C 1C8 011 01E 084 016 01C 084 016 02E 01B 01F 027 081 081 081 1C8 032 012 011 020 084 023 001 014 0A0 01B 02E 01B 041 012 015 079 1C0	"<SPEAKER>「じつは デスバレーで 化石を
掘り出したあと わたしは さらに
奥で ひつぎを 発見したのです!<WAIT><SPEAKER>「とても 大きなひつぎで
こおりのように つめたくて
あおじろく かがやいていました<WAIT><SPEAKER>「ひつぎには 古代文字で
キングバロン と かかれていました<WAIT><SPEAKER>「そして ひつぎを
あけたとたん 中の むらさき色の
大きな 何かが 目をあけて・・・<WAIT><SPEAKER>「そのあとの きおくは
ありません・・気がつくと
あなたたちが いたのです・・・<WAIT><SPEAKER>「はっ! こうしては いられない
すぐに メグに あいたい! わたしの
いとしき つま メグ!<WAIT><SPEAKER>「のちほど わたしの家に
来てください! リバータウンの
2かいだての 家です!<WAIT><SPEAKER>「わたしなりに 情報を せいりして
なんとか 島を すくいたいのです!<WAIT><SPEAKER>「おっと はなしを
いそぎすぎましたね・・・
もういちど お話しましょうか?"
04	47	0x0447	0x029063	0x029064	17	135	34	1CC 01E 012 084 022 01C 015 1C8 01E 039 084 022 029 001 01B 021 039 011 01B 02E 01C 1C8 065 070 05F 078 07A 001 063 084 049 078 07A 1C0	"<SPEAKER>「そうですか
それでは しつれいします
ヤッホー! メグー!"
04	48	0x0448	0x029075	0x029076	30	238	55	1D0 07D 039 011 084 01E 012 0A1 1C8 023 001 015 011 022 010 038 1C5 1D0 0E4 12B 028 001 01B 03D 01D 03D 01A 03C 001 01F 032 021 01F 031 1C8 023 084 02A 036 029 001 023 084 01A 01A 039 022 011 038 035 012 084 01F 1C3 1C0	"<CLEAR>
「れいぞう中
と かいてある<WAIT>
<CLEAR>
食品の しんせんさを たもつため
とびらは とざされているようだ"
04	49	0x0449	0x029094	0x029095	18	142	31	1D0 019 014 037 028 0A1 025 001 091 015 084 018 084 015 090 013 038 1C8 023 022 032 001 01C 084 01C 01B 01E 012 084 01F 1C0	"<CLEAR>
こおりの中に 人かげが見える
とても すずしそうだ"
04	4A	0x044A	0x0290A7	0x0290A8	93	739	182	1CC 06B 084 054 075 084 023 028 07A 1C8 014 16B 020 01B 022 014 037 02E 01B 01F 084 01E 07A 1C5 1CC 084 05F 084 05D 028 0AD 0AE 023 001 03B 01F 01B 028 1C8 020 01B 016 03C 001 01D 011 037 01B 022 02F 01F 023 019 03A 1C8 014 084 02D 03A 084 018 024 084 015 036 001 03B 015 037 02E 01B 01F 084 01E 1C5 1CC 02E 084 01C 001 03B 01F 01B 084 015 001 0C8 090 01B 01F 1C8 02A 021 084 016 025 001 08E 03E 022 011 01F 064 06F 04E 051 078 029 1C8 048 06F 084 049 084 05B 06C 06F 084 022 029 001 010 037 02E 01D 03D 024 1C5 1CC 014 01E 036 017 001 084 04D 076 043 084 05C 078 023 011 012 1C8 064 06F 04E 051 078 084 015 001 024 03D 036 015 028 165 163 084 022 1C8 048 06F 084 049 084 05B 06C 06F 028 001 02A 021 084 016 025 08E 03E 01F 1C0	"<SPEAKER>「レディどの!
お待ちしておりましたぞ!<WAIT><SPEAKER>「ボブの情報と わたしの
ちしきを せいりしてみたところ
おぼろげながら わかりましたぞ<WAIT><SPEAKER>「まず わたしが 発見した
ひつぎに 入っていたモンスターは
キングバロンでは ありませんな<WAIT><SPEAKER>「おそらく ジェイビーという
モンスターが なんらかの理由で
キングバロンの ひつぎに入った"
04	4B	0x044B	0x029105	0x029106	7	51	14	1CC 081 081 081 023 001 015 03D 084 015 013 02E 01C 1C0	<SPEAKER>「・・・と かんがえます
04	4C	0x044C	0x02910D	0x02910E	46	368	96	1CC 025 084 018 022 016 01F 001 113 091 028 0A0 084 022 032 1C8 084 04D 076 043 084 05C 078 029 001 048 06F 084 049 084 05B 06C 06F 028 1C8 0C8 0BF 01B 01F 001 0CC 0AC 09E 0C2 19F 081 081 081 081 1C5 1CC 084 01E 017 025 011 012 001 096 09F 028 0C2 19F 03C 1C8 18B 0B4 01A 01D 038 028 025 001 020 02E 024 019 025 1C8 024 03E 022 011 038 001 023 001 011 012 084 01B 03F 027 013 015 1C0	"<SPEAKER>「にげてきた 囚人の話でも
ジェイビーは キングバロンの
発明した 巨大化装置・・・・<WAIT><SPEAKER>「ぞくにいう 古代の装置を
復活させるのに ちまなこに
なっている と いうじゃねえか"
04	4D	0x044D	0x02913C	0x02913D	51	404	110	1CC 01E 028 022 03D 015 036 032 001 084 04D 076 043 084 05C 078 029 1C8 048 06F 084 049 084 05B 06C 06F 084 022 029 001 024 011 084 022 01B 041 012 1C5 1CC 084 022 029 001 048 06F 084 049 084 05B 06C 06F 028 1C8 096 09F 028 0C2 19F 029 001 011 03E 01F 011 1C8 084 023 019 025 010 038 028 015 079 1C5 1CC 01E 028 001 024 084 01E 029 001 014 01E 036 017 1C8 019 028 001 0D5 160 025 010 038 023 001 03B 01F 01B 029 1C8 10F 011 02E 01C 07A 1C0	"<SPEAKER>「そのてんからも ジェイビーは
キングバロンでは ないでしょう<WAIT><SPEAKER>「では キングバロンの
古代の装置は いったい
どこにあるのか?<WAIT><SPEAKER>「その なぞは おそらく
この 地図にあると わたしは
思います!"
04	4E	0x044E	0x029170	0x029171	21	164	42	1CC 019 039 032 001 11C 037 106 01B 01F 08B 084 022 1C8 18C 18D 028 001 0DB 096 0B7 0A7 084 015 001 0F6 03E 01F 08B 023 1C8 10F 03B 039 02E 01C 084 015 081 081 081 1C0	"<SPEAKER>「これも 掘り出した物で
過去の 考古学昔が 作った物と
思われますが・・・"
04	4F	0x044F	0x029186	0x029187	69	547	130	1CC 019 028 0DA 16C 001 08A 015 036 032 001 029 024 039 01F 1C8 019 028 164 09F 084 022 029 001 084 05B 06C 06F 06C 070 049 023 1C8 035 084 029 039 022 011 01F 001 0CC 0AC 024 001 158 028 08A 1C5 1CC 019 019 03C 001 048 06F 084 049 084 05B 06C 06F 029 1C8 016 041 022 03D 025 001 01B 022 011 01F 032 028 023 1C8 01B 038 01A 039 022 011 02E 01C 1C5 1CC 01F 084 01F 001 019 019 025 029 001 0FA 032 1C8 01F 084 023 037 021 011 01F 001 019 023 084 015 024 011 081 081 1C8 023 032 001 015 015 039 022 011 02E 01C 081 081 1C0	"<SPEAKER>「この部分 島からも はなれた
この時代では バロンロックと
よばれていた 巨大な 岩の島<WAIT><SPEAKER>「ここを キングバロンは
きょてんに していたものと
しるされています<WAIT><SPEAKER>「ただ ここには 誰も
たどりついた ことがない・・
とも かかれています・・"
04	50	0x0450	0x0291CC	0x0291CD	47	369	89	1CC 019 028 164 09F 028 001 091 01F 020 029 1C8 155 028 001 031 011 039 011 084 022 001 019 028 154 03C 1C8 15A 022 01F 001 023 032 001 010 037 02E 01C 024 1C5 1CC 084 05B 06C 06F 06C 070 049 03C 001 090 014 03A 01C 1C8 084 029 01B 041 025 001 154 03C 15A 022 022 001 01E 019 084 022 1C8 0E5 0E7 01B 022 011 01F 03D 084 022 01B 041 012 024 081 081 081 1C0	"<SPEAKER>「この時代の 人たちは
王の めいれいで この塔を
建てた とも ありますな<WAIT><SPEAKER>「バロンロックを 見おろす
ばしょに 塔を建てて そこで
研究していたんでしょうな・・・"
04	51	0x0451	0x0291FC	0x0291FD	26	208	49	1CC 03D 079 001 019 028 154 028 001 019 028 060 078 049 029 1C8 024 03D 084 022 013 079 001 084 023 03E 015 084 022 090 01F 019 023 084 015 081 081 081 1C8 010 03E 07A 001 01E 012 084 01F 07A 1C0	"<SPEAKER>「ん? この塔の このマークは
なんでえ? どっかで見たことが・・・
あっ! そうだ!"
04	52	0x0452	0x029217	0x029218	14	107	26	1CC 019 037 03F 010 001 0A4 08B 0A3 025 010 038 1C8 09D 159 023 001 01E 03E 017 037 084 01F 035 07A 1C0	"<SPEAKER>「こりゃあ 博物館にある
石像と そっくりだよ!"
04	53	0x0453	0x029226	0x029227	23	184	40	1CC 012 078 030 001 01E 028 09D 159 023 1C8 019 028 154 029 001 011 03E 01F 011 001 084 023 012 011 012 1C8 015 03D 018 011 024 028 015 079 001 012 078 030 1C0	"<SPEAKER>「うーむ その石像と
この塔は いったい どういう
かんけいなのか? うーむ"
04	54	0x0454	0x02923E	0x02923F	105	835	216	1CC 012 084 017 014 014 07A 001 01E 039 029 001 01F 01B 015 1C8 029 038 015 001 030 015 01B 025 001 084 023 019 015 028 109 091 084 015 1C8 0D3 03E 022 016 01F 001 156 023 084 02B 084 01B 040 012 01F 03D 07A 1C5 1CC 081 081 081 084 01F 084 015 001 084 01F 031 084 01B 03F 03E 01F 081 081 02B 03D 07A 1C8 01E 03D 024 001 01F 02E 01B 011 028 001 026 018 01F 1C8 084 01B 040 012 01F 03D 03C 001 011 02E 01A 036 081 081 081 081 081 081 1C5 1CC 081 081 081 081 081 081 081 081 081 081 081 081 081 081 1C5 1CC 081 081 081 01E 012 015 03E 07A 081 081 081 081 081 1C8 03B 01F 01B 084 01B 01B 03D 084 015 001 01E 028 001 084 01B 040 012 01F 03D 028 1C8 01F 02E 01B 011 025 001 024 039 084 029 081 081 081 07A 1C5 1CC 014 014 1CD 001 145 14C 024 038 001 0DC 035 07A 1CD 1C8 004 002 002 0CA 028 001 03B 084 015 001 10F 011 03C 1C8 011 02E 001 015 024 013 01F 02E 013 07A 1C0	"<SPEAKER>「うぐおお! それは たしか
はるか むかしに どこかの商人が
持ってきた 空とぶじゅうたん!<WAIT><SPEAKER>「・・・だが だめじゃった・・ふん!
そんな たましいの ぬけた
じゅうたんを いまさら・・・・・・<WAIT><SPEAKER>「・・・・・・・・・・・・・・<WAIT><SPEAKER>「・・・そうかっ!・・・・・
わたしじしんが その じゅうたんの
たましいに なれば・・・!<WAIT><SPEAKER>「おお<PAUSE_30> 全能なる 神よ!<PAUSE_30>
200年の わが 思いを
いま かなえたまえ!"
04	55	0x0455	0x0292A8	0x0292A9	18	144	35	1CC 01A 010 001 03B 01F 01B 023 001 156 03C 023 084 02A 1C8 084 05B 06C 06F 06C 070 049 02C 001 08D 019 012 084 022 029 024 011 015 07A 1C0	"<SPEAKER>「さあ わたしと 空をとび
バロンロックへ 行こうではないか!"
04	56	0x0456	0x0292BB	0x0292BC	18	139	31	1CC 01E 019 015 036 001 03B 01F 01B 025 1C8 023 084 02A 028 038 084 015 035 011 07A 001 01A 010 001 014 011 084 022 07A 1C0	"<SPEAKER>「そこから わたしに
とびのるがよい! さあ おいで!"
04	57	0x0457	0x0292CE	0x0292CF	17	134	32	1CC 024 03D 023 001 035 017 090 039 084 029 1C8 024 015 02E 084 015 001 0D6 03D 084 022 014 038 084 022 029 024 011 015 07A 1C0	"<SPEAKER>「なんと よく見れば
なかまが 死んでおるではないか!"
04	58	0x0458	0x0292E0	0x0292E1	46	362	82	1CC 030 012 07A 001 01A 01C 084 015 025 001 005 091 032 1C8 13F 038 023 001 01C 019 01B 001 014 032 011 024 07A 1C5 1CC 035 01B 001 011 016 024 037 001 084 05B 06C 06F 06C 070 049 025 1C8 08D 015 024 011 084 022 001 01C 019 01B 001 08A 028 035 012 01C 03C 1C8 156 015 036 001 090 022 015 036 001 08D 017 023 01B 035 012 07A 1C0	"<SPEAKER>「むう! さすがに 3人も
乗ると すこし おもいな!<WAIT><SPEAKER>「よし いきなり バロンロックに
行かないで すこし 島のようすを
空から 見てから 行くとしよう!"
04	59	0x0459	0x02930F	0x029310	24	190	44	1CC 019 019 015 036 001 01A 016 029 001 162 015 036 1C8 02B 016 010 084 015 038 001 138 011 168 084 022 001 15D 031 024 011 1C8 019 019 084 022 001 014 037 038 084 01E 07A 1C0	"<SPEAKER>「ここから さきは 海から
ふきあがる 強い風で 進めない
ここで おりるぞ!"
04	5A	0x045A	0x029328	0x029329	80	637	158	1CC 084 05B 06C 06F 06C 070 049 029 001 0CF 084 01F 036 018 084 01F 07A 1C8 048 06F 084 049 084 05B 06C 06F 084 015 001 010 036 034 038 001 18F 195 018 03C 1C8 0DD 0F3 01B 01F 001 023 019 03A 036 01B 011 081 081 081 1C5 1CC 03B 01F 01B 029 001 033 03E 023 001 019 028 0A9 015 036 1C8 01C 084 015 01F 03C 001 018 01C 019 023 084 015 084 022 016 038 081 081 081 1C5 1CC 154 025 011 038 001 03B 084 015 001 01B 032 084 02C 01F 020 032 1C8 033 01C 036 015 025 001 027 030 039 038 084 01F 03A 012 081 081 081 1C5 1CC 010 037 084 015 023 012 001 014 0D8 01A 03D 07A 1C8 017 039 084 017 039 032 001 099 03C 021 018 022 024 081 081 081 1C0	"<SPEAKER>「バロンロックは 謎だらけだ!
キングバロンが あらゆる 仕掛けを
実験した ところらしい・・・<WAIT><SPEAKER>「わたしは やっと この世から
すがたを けすことができる・・・<WAIT><SPEAKER>「塔にいる わが しもべたちも
やすらかに ねむれるだろう・・・<WAIT><SPEAKER>「ありがとう お嬢さん!
くれぐれも 気をつけてな・・・"
04	5B	0x045B	0x029379	0x02937A	47	369	92	1CC 014 0D8 01A 02E 001 019 028 084 015 018 029 1C8 084 023 012 015 03D 084 015 013 022 032 001 024 02E 02F 084 022 029 1C8 028 084 02D 039 01E 012 025 001 024 011 084 022 01C 084 01E 07A 1C5 1CC 019 019 029 001 011 03E 01F 03D 001 0C9 025 1C8 032 084 023 03E 022 001 08A 028 091 01F 020 025 1C8 020 013 03C 001 015 01B 022 032 036 011 02E 01B 041 012 084 01E 07A 1C0	"<SPEAKER>「お嬢さま このがけは
どうかんがえても なまみでは
のぼれそうに ないですぞ!<WAIT><SPEAKER>「ここは いったん 町に
もどって 島の人たちに
ちえを かしてもらいましょうぞ!"
04	5C	0x045C	0x0293A9	0x0293AA	82	652	163	1D0 048 06F 084 049 084 05B 06C 06F 1C8 096 09F 0CD 001 170 171 172 173 1AF 174 1C5 1D0 096 09F 028 155 025 001 021 015 013 01F 001 0DC 136 1C5 1D0 0B5 09A 023 001 091 0E3 028 001 010 011 084 01F 025 1C8 09B 02E 039 01F 001 023 001 021 01F 013 036 039 022 011 038 1C5 1D0 0DC 136 084 022 010 037 024 084 015 036 001 09A 08B 028 1C8 09B 0F0 0DD 0F3 024 084 023 03C 001 017 037 015 013 01B 01F 01F 031 1C8 023 016 028 001 155 025 001 08A 198 01B 025 001 01A 039 01F 1C5 1D0 09A 08B 028 001 0F0 03C 001 0AC 016 017 01C 038 1C8 0C2 19F 03C 001 0F6 03E 01F 023 01A 039 022 011 038 084 015 1C8 015 017 025 03D 029 001 01A 039 022 011 024 011 081 081 081 1C0	"<CLEAR>
キングバロン
古代名 <ICON_170><ICON_171><ICON_172><ICON_173><ICON_1AF><ICON_174><WAIT>
<CLEAR>
古代の王に つかえた 神官<WAIT>
<CLEAR>
悪魔と 人間の あいだに
生まれた と つたえられている<WAIT>
<CLEAR>
神官でありながら 魔物の
生体実験などを くりかえしたため
ときの 王に 島流しに された<WAIT>
<CLEAR>
魔物の 体を 大きくする
装置を 作ったとされているが
かくにんは されていない・・・"
04	5D	0x045D	0x0293FC	0x0293FD	9	65	17	1CC 014 011 07A 001 128 025 001 0FA 015 001 011 038 084 01E 07A 1C0	<SPEAKER>「おい! 上に 誰か いるぞ!
04	5E	0x045E	0x029406	0x029407	20	157	45	1CC 091 0E3 084 01F 07A 001 091 0E3 084 01F 07A 1C8 016 03E 023 001 084 04D 076 043 084 05C 078 01A 02E 028 001 011 03E 022 01F 1C8 14D 08E 0A7 025 020 084 015 011 024 011 07A 1C0	"<SPEAKER>「人間だ! 人間だ!
きっと ジェイビーさまの いってた
寝入昔にちがいない!"
04	5F	0x045F	0x02941B	0x02941C	19	148	37	1CC 035 078 01B 001 014 039 01F 020 084 015 001 033 03E 021 018 022 1C8 084 04D 076 043 084 05C 078 01A 02E 025 001 02D 031 022 032 036 014 012 1C0	"<SPEAKER>「よーし おれたちが やっつけて
ジェイビーさまに ほめてもらおう"
04	60	0x0460	0x02942F	0x029430	20	154	38	1CC 084 01B 03F 010 001 02E 084 01C 029 001 014 039 015 036 1C8 08D 03E 022 017 038 084 01D 07A 001 02F 03D 024 07A 1C8 090 022 022 017 039 035 07A 1C0	"<SPEAKER>「じゃあ まずは おれから
行ってくるぜ! みんな!
見ててくれよ!"
04	61	0x0461	0x029444	0x029445	18	144	32	1CC 017 01E 078 001 014 039 028 001 023 032 084 01F 020 03C 1C8 035 017 032 001 033 03E 021 018 022 001 017 039 01F 024 078 1C0	"<SPEAKER>「くそー おれの ともだちを
よくも やっつけて くれたなー"
04	62	0x0462	0x029457	0x029458	28	217	45	1CC 012 03B 078 001 091 0E3 028 017 01D 025 1C8 033 01F 036 023 001 138 011 084 01E 001 019 011 021 036 07A 1C8 01B 035 012 084 015 024 011 081 081 081 001 025 084 018 03A 078 1C0	"<SPEAKER>「うわー 人間のくせに
やたらと 強いぞ こいつら!
しようがない・・・ にげろー"
04	63	0x0463	0x029474	0x029475	33	262	64	1CC 084 04D 076 043 084 05C 078 01A 02E 028 001 084 01B 03F 02E 03C 1C8 01C 038 033 021 029 001 034 038 01A 024 011 084 01E 07A 1C5 1CC 019 014 037 084 021 018 028 001 014 02E 013 01F 020 024 03D 015 1C8 019 024 084 019 024 025 001 01B 022 033 038 07A 1C0	"<SPEAKER>「ジェイビーさまの じゃまを
するやつは ゆるさないぞ!<WAIT><SPEAKER>「こおりづけの おまえたちなんか
こなごなに してやる!"
04	64	0x0464	0x029496	0x029497	7	51	15	1D0 06B 084 054 075 028 0F0 107 084 015 169 18B 01B 01F 1C0	"<CLEAR>
レディの体力が回復した"
04	65	0x0465	0x02949E	0x02949F	8	61	17	1D0 06B 084 054 075 01F 020 028 0F0 107 084 015 169 18B 01B 01F 1C0	"<CLEAR>
レディたちの体力が回復した"
04	66	0x0466	0x0294A7	0x0294A8	10	74	18	1D0 019 019 084 022 029 001 02D 028 014 084 015 001 084 022 024 011 1C0	"<CLEAR>
ここでは ほのおが でない"
04	67	0x0467	0x0294B2	0x0294B3	7	51	13	1D0 084 047 04E 084 015 001 024 017 024 03E 01F 1C0	"<CLEAR>
ガスが なくなった"
04	68	0x0468	0x0294BA	0x0294BB	14	111	23	1D0 06C 04A 070 055 084 017 021 025 001 084 047 04E 03C 084 01B 040 012 022 03D 01B 01F 1C0	"<CLEAR>
ロケットぐつに ガスをじゅうてんした"
04	69	0x0469	0x0294C9	0x0294CA	13	103	25	1D0 010 01B 032 023 028 001 010 024 015 036 001 084 047 04E 084 015 1C8 117 106 01B 022 011 038 1C0	"<CLEAR>
あしもとの あなから ガスが
噴出している"
04	6A	0x046A	0x0294D7	0x0294D8	30	234	52	1CC 014 03A 015 024 0A7 025 001 03B 084 015 12C 028 1C8 011 084 01F 011 024 038 001 1B8 1B1 03C 1C8 010 01F 013 038 001 03B 018 025 029 001 011 015 026 07A 1C5 1CC 01F 020 01A 038 084 015 001 035 011 07A 1C0	"<SPEAKER>「おろかな昔に わが主の
いだいなる 遺産を
あたえる わけには いかぬ!<WAIT><SPEAKER>「たちさるが よい!"
04	6B	0x046B	0x0294F6	0x0294F7	73	579	138	1CC 03B 084 015 12C 001 048 06F 084 049 084 05B 06C 06F 028 0CD 023 1C8 01E 028 001 141 017 001 015 084 015 033 017 1C8 05F 06D 043 055 084 05F 078 06A 1C5 1CC 02E 01A 025 001 048 06F 084 049 084 05B 06C 06F 028 1C8 1A6 1A5 0A7 028 001 010 015 01B 07A 1C5 1CC 011 02E 001 01B 015 023 001 019 028 0B6 084 022 1C8 015 017 025 03D 011 01F 01B 02E 01B 01F 084 01E 07A 1C5 1CC 048 06F 084 049 084 05B 06C 06F 01A 02E 028 1C8 084 019 031 011 039 011 084 023 014 037 001 02B 01F 01F 084 02A 1C8 09A 08B 0CC 0AC 09E 0C2 19F 03C 001 0F6 0B1 01B 02E 01C 07A 1C0	"<SPEAKER>「わが主 キングバロンの名と
その 白く かがやく
ホワイトボール<WAIT><SPEAKER>「まさに キングバロンの
後続昔の あかし!<WAIT><SPEAKER>「いま しかと この目で
かくにんいたしましたぞ!<WAIT><SPEAKER>「キングバロンさまの
ごめいれいどおり ふたたび
魔物巨大化装置を 作行します!"
04	6C	0x046C	0x029540	0x029541	20	157	39	1CC 083 05B 052 083 05B 052 083 05B 052 083 05B 052 07A 001 084 04A 06A 06A 1C8 02F 084 019 023 024 001 0CF 0FE 016 084 01F 035 001 014 0D8 01A 03D 07A 1C0	"<SPEAKER>「パチパチパチパチ! ゲルル
みごとな 謎解きだよ お嬢さん!"
04	6D	0x046D	0x029555	0x029556	227	1811	441	1CC 014 039 029 001 019 028 0DA 0B3 028 001 0CF 084 015 1C8 084 023 012 01B 022 032 001 03B 015 036 024 015 03E 01F 081 081 081 1C5 1CC 084 01F 084 015 001 019 03D 024 023 019 03A 084 022 1C8 010 016 036 031 022 029 001 093 0BC 0CA 032 027 030 03E 022 011 01F 1C8 011 02F 032 001 024 017 024 03E 022 01B 02E 012 081 081 081 1C5 1CC 01E 019 084 022 001 014 039 029 001 10F 011 021 011 01F 07A 1C5 1CC 029 013 028 035 012 025 001 014 039 028 02E 03B 037 03C 1C8 023 084 02A 02E 03B 038 001 019 084 01A 015 01B 011 001 019 030 01C 031 025 1C8 019 028 0DA 0B3 028 0CF 03C 001 0FE 015 01D 038 019 023 03C 024 07A 1C5 1CC 084 04A 06A 06A 06A 06A 06A 001 010 03D 01F 032 1C8 02D 03D 023 025 001 014 037 019 012 01A 03D 084 01F 084 015 1C5 1CC 020 041 03E 023 084 029 015 037 001 019 028 1C8 084 04D 076 043 084 05C 078 01A 02E 028 0B9 084 015 1C8 020 013 084 015 001 02E 03B 038 03E 022 001 019 023 035 07A 1C5 1CC 014 0D8 020 03F 03D 028 001 084 01F 011 084 01B 025 1C8 0D3 03E 022 011 01F 001 084 05D 068 070 049 084 05F 078 06A 029 024 07A 1C5 1CC 014 039 084 015 001 05F 06D 043 055 084 05F 078 06A 03C 1C8 180 017 001 026 03E 023 011 01F 08B 084 01F 03E 01F 028 01A 07A 1C8 13A 08B 029 001 023 03E 017 025 001 01C 022 022 01B 02E 03E 01F 028 01A 1C5 1CC 084 04A 06A 084 04A 06A 084 04A 06A 001 084 018 029 029 029 1C8 019 039 084 022 001 048 06F 084 049 084 05B 06C 06F 028 0C2 19F 032 1C8 021 011 025 001 18B 0B4 01B 01F 084 01E 07A 1C5 1CC 014 0C3 036 029 001 019 028 1C8 084 05B 06C 06F 06C 070 049 084 022 001 028 01F 039 0D6 026 084 015 035 011 07A 1C5 1CC 014 039 01A 02E 025 001 019 03A 01A 039 084 01C 025 1C8 01C 030 084 01F 018 084 022 032 001 010 037 084 015 01F 017 10F 013 07A 1C8 084 018 029 029 029 029 001 084 04A 06A 084 04A 06A 084 04A 06A 07A 1C0	"<SPEAKER>「おれは この部屋の 謎が
どうしても わからなかった・・・<WAIT><SPEAKER>「だが こんなところで
あきらめては 何千年もねむっていた
いみも なくなってしまう・・・<WAIT><SPEAKER>「そこで おれは 思いついた!<WAIT><SPEAKER>「はえのように おれのまわりを
とびまわる こざかしい こむすめに
この部屋の謎を 解かせることをな!<WAIT><SPEAKER>「ゲルルルルル あんたも
ほんとに おりこうさんだが<WAIT><SPEAKER>「ちょっとばかり この
ジェイビーさまの方が
ちえが まわるって ことよ!<WAIT><SPEAKER>「お嬢ちゃんの だいじに
持っていた ブラックボールはな!<WAIT><SPEAKER>「おれが ホワイトボールを
黒く ぬっといた物だったのさ!
本物は とっくに すててしまったのさ<WAIT><SPEAKER>「ゲルゲルゲル げははは
これで キングバロンの装置も
ついに 復活したぞ!<WAIT><SPEAKER>「お前らは この
バロンロックで のたれ死ぬがよい!<WAIT><SPEAKER>「おれさまに ころされずに
すむだけでも ありがたく思え!
げはははは ゲルゲルゲル!"
04	6E	0x046E	0x029639	0x02963A	102	816	212	1CC 013 079 1CD 001 019 039 029 079 001 081 081 081 081 081 12C 091 028 07A 1C8 081 081 081 081 081 081 081 081 081 081 081 081 081 081 081 081 081 1C8 012 081 081 081 012 081 081 081 04C 084 04D 049 07A 1C5 1CC 03B 084 01A 03B 084 01A 001 023 084 023 018 022 011 01F 084 01F 011 022 1C8 010 037 084 015 023 012 084 019 084 01A 011 02E 01C 1C5 1CC 12C 091 029 001 016 03E 023 001 09B 016 022 011 02E 01C 07A 1C8 06B 084 054 075 01A 03D 07A 001 024 03D 023 015 12C 091 03C 07A 1C8 12C 091 03C 001 02F 021 018 022 017 084 01F 01A 011 07A 1C5 1CC 030 037 024 001 014 027 084 015 011 084 01F 023 029 1C8 03B 015 03E 022 001 011 038 028 084 022 01C 084 015 081 081 081 1C8 010 03E 07A 001 01E 012 084 01F 03B 1C5 1CC 084 023 012 015 001 019 039 03C 001 014 0D3 020 017 084 01F 01A 011 1C8 02D 03D 028 001 014 039 011 028 001 099 0D3 020 084 022 01C 1C0	"<SPEAKER>「え?<PAUSE_30> これは? ・・・・・主人の!
・・・・・・・・・・・・・・・・・
う・・・う・・・サジク!<WAIT><SPEAKER>「わざわざ とどけていただいて
ありがとうございます<WAIT><SPEAKER>「主人は きっと 生きています!
レディさん! なんとか主人を!
主人を みつけてください!<WAIT><SPEAKER>「むりな おねがいだとは
わかって いるのですが・・・
あっ! そうだわ<WAIT><SPEAKER>「どうか これを お持ちください
ほんの おれいの 気持ちです"
04	6F	0x046F	0x0296A0	0x0296A1	13	102	23	1CC 01F 031 01B 025 001 015 084 02B 03E 022 1C8 084 019 036 03D 025 024 037 02E 01C 079 1C0	"<SPEAKER>「ためしに かぶって
ごらんになります?"
04	70	0x0470	0x0296AE	0x0296AF	8	62	13	1CC 010 036 02E 010 001 083 02A 03E 01F 037 07A 1C0	<SPEAKER>「あらまあ ぴったり!
04	71	0x0471	0x0296B7	0x0296B8	14	105	22	1CC 023 037 03F 078 07A 1CD 001 013 011 033 078 07A 1CD 1C8 029 010 1CD 001 029 010 1C0	"<SPEAKER>「とりゃー!<PAUSE_30> えいやー!<PAUSE_30>
はあ<PAUSE_30> はあ"
04	72	0x0472	0x0296C6	0x0296C7	47	370	89	1CC 03B 01F 01B 029 001 01B 040 084 016 041 012 0A1 028 1C8 0DC 136 084 022 01C 1C5 1CC 084 022 032 001 10C 014 017 025 001 019 032 03E 022 011 038 023 1C8 01C 019 01B 001 04E 055 06B 04E 084 015 001 01F 02E 037 02E 01C 1C5 1CC 084 01F 015 036 001 019 012 033 03E 022 001 0F0 03C 1C8 0B1 015 01B 022 001 029 03E 01A 03D 001 01B 022 038 03D 084 022 01C 1C0	"<SPEAKER>「わたしは しゅぎょう中の
神官です<WAIT><SPEAKER>「でも 山おくに こもっていると
すこし ストレスが たまります<WAIT><SPEAKER>「だから こうやって 体を
行かして はっさん してるんです"
04	73	0x0473	0x0296F6	0x0296F7	50	395	91	1CC 010 024 01F 032 001 084 023 012 084 022 01C 015 079 001 019 028 1C8 019 014 037 028 001 029 01B 036 025 001 1AB 015 03E 022 1C8 16E 033 078 001 023 001 083 05B 06F 052 01C 038 03D 084 022 01C 035 07A 1C5 1CC 019 028 001 019 014 037 084 015 001 03B 039 039 084 029 1C8 0AC 016 024 158 03C 032 1C8 017 084 01F 018 038 015 032 001 01B 039 02E 01D 03D 035 07A 1C0	"<SPEAKER>「あなたも どうですか? この
こおりの はしらに 向かって
Aやー と パンチするんですよ!<WAIT><SPEAKER>「この こおりが われれば
大きな岩をも
くだけるかも しれませんよ!"
04	74	0x0474	0x029729	0x02972A	42	335	77	1CC 010 039 03E 001 011 02E 093 015 001 056 043 05D 02F 01F 011 028 084 015 1C8 090 013 024 015 03E 01F 079 1C5 1CC 013 03E 001 01E 03D 024 019 023 024 011 079 1C8 084 018 03D 015 017 03C 090 038 035 012 084 022 029 1C8 02E 084 01F 02E 084 01F 001 01B 040 084 016 041 012 084 015 001 01F 037 024 011 024 1C0	"<SPEAKER>「あれっ いま何か ナイフみたいのが
見えなかった?<WAIT><SPEAKER>「えっ そんなことない?
げんかくを見るようでは
まだまだ しゅぎょうが たりないな"
04	75	0x0475	0x029754	0x029755	27	209	51	1CC 01B 040 084 016 041 012 084 022 001 010 01D 03C 015 011 01F 036 1C8 01E 019 028 001 014 03D 01D 03D 025 001 029 011 038 03D 084 022 01C 035 1C8 010 024 01F 032 001 084 023 012 084 022 01C 015 079 1C0	"<SPEAKER>「しゅぎょうで あせをかいたら
そこの おんせんに はいるんですよ
あなたも どうですか?"
04	76	0x0476	0x029770	0x029771	28	222	56	1CC 084 04A 06A 084 04A 06A 084 04A 06A 1C8 019 03D 025 020 029 001 035 017 001 11E 011 02E 01C 027 013 1C8 084 04A 06A 084 04A 06A 084 04A 06A 081 081 081 1C5 1CC 014 078 011 07A 001 0A6 019 013 022 02E 01C 015 078 079 1C0	"<SPEAKER>「ゲルゲルゲル
こんにちは よく 会いますねえ
ゲルゲルゲル・・・<WAIT><SPEAKER>「おーい! 聞こえてますかー?"
04	77	0x0477	0x02978D	0x02978E	43	343	83	1CC 014 03E 023 03E 023 03E 023 1C8 011 015 03D 001 011 015 03D 001 010 03D 02E 037 1C8 107 03C 001 08E 039 022 029 001 011 015 03D 024 07A 1C5 1CC 084 04A 06A 084 04A 06A 084 04A 06A 1C8 084 022 029 001 01A 035 012 024 036 1C5 1CC 011 084 01C 039 1C8 084 01B 084 019 017 084 022 001 11E 011 02E 01B 041 012 001 084 018 02C 02C 1C0	"<SPEAKER>「おっとっとっと
いかん いかん あんまり
力を 入れては いかんな!<WAIT><SPEAKER>「ゲルゲルゲル
では さようなら<WAIT><SPEAKER>「いずれ
じごくで 会いましょう げへへ"
04	78	0x0478	0x0297B9	0x0297BA	76	606	154	1CC 014 03E 001 01E 012 084 01F 001 014 0D8 01A 03D 07A 1C8 084 01B 084 019 017 028 001 02F 033 084 018 025 001 011 011 019 023 03C 1C8 014 01B 013 022 033 03A 012 07A 001 084 04A 06A 06A 06A 06A 1C5 1CC 019 028 001 011 01D 016 028 001 01A 011 084 019 028 1C8 0DA 0B3 025 029 001 096 09F 028 0C2 19F 03C 1C8 0F6 0B1 01A 01D 038 001 01B 015 018 084 015 001 010 038 03D 084 01F 035 1C5 1CC 084 04A 06A 06A 06A 001 084 022 032 001 01E 03D 024 019 023 029 1C8 0D6 03D 084 022 034 017 001 014 02E 013 036 025 029 1C8 024 03D 028 001 015 03D 018 011 032 001 024 011 024 07A 1C5 1CC 019 037 03F 001 01B 021 039 011 07A 1C0	"<SPEAKER>「おっ そうだ お嬢さん!
じごくの みやげに いいことを
おしえてやろう! ゲルルルル<WAIT><SPEAKER>「この いせきの さいごの
部屋には 古代の装置を
作行させる しかけが あるんだよ<WAIT><SPEAKER>「ゲルルル でも そんなことは
死んでゆく おまえらには
なんの かんけいも ないな!<WAIT><SPEAKER>「こりゃ しつれい!"
04	79	0x0479	0x029806	0x029807	30	237	56	1D0 0D3 03E 022 011 01F 001 09D 147 03C 1C8 015 084 02C 028 09D 147 028 0B8 025 001 029 031 019 03D 084 01F 1C5 1D0 189 115 028 001 09D 147 029 001 083 02A 03E 01F 037 023 1C8 0AF 115 025 001 021 024 084 015 03E 01F 07A 1C0	"<CLEAR>
持っていた 石板を
かべの石板の下に はめこんだ<WAIT>
<CLEAR>
二枚の 石板は ぴったりと
一枚に つながった!"
04	7A	0x047A	0x029825	0x029826	96	766	190	1D0 09D 147 025 029 001 096 09F 152 153 084 015 001 015 015 039 022 011 038 1C8 067 04D 046 028 153 084 022 001 02B 037 084 015 024 084 015 001 02B 03E 022 010 038 1C5 1D0 07D 011 021 028 120 015 001 014 023 084 01C 039 038 1C8 011 084 01F 011 024 038 001 1A6 1A5 0A7 02C 1C5 1D0 07D 0CC 0AC 024 001 09A 08B 084 023 032 025 1C8 023 012 023 012 001 015 019 02E 039 022 01B 02E 03E 01F 1C5 1D0 07D 019 019 084 022 001 02F 084 01C 015 036 001 021 017 03E 01F 1C8 09E 018 08B 084 023 032 025 001 0E4 03B 039 022 01B 02E 03E 022 029 1C8 170 171 172 173 1AF 174 028 001 0CD 084 015 01C 01F 038 1C5 1D0 07D 035 03E 022 001 0C2 19F 03C 1C8 134 133 01C 038 019 023 025 001 016 031 01F 081 081 081 1C8 02B 01F 01F 084 02A 001 0B1 015 01A 03D 023 001 01C 038 023 016 1C0	"<CLEAR>
石板には 古代文字が かかれている
ヨシオの字で ふりがなが ふってある<WAIT>
<CLEAR>
「いつの日か おとずれる
いだいなる 後続昔へ<WAIT>
<CLEAR>
「巨大な 魔物どもに
とうとう かこまれてしまった<WAIT>
<CLEAR>
「ここで みずから つくった
化け物どもに 食われてしまっては
<ICON_170><ICON_171><ICON_172><ICON_173><ICON_1AF><ICON_174>の 名がすたる<WAIT>
<CLEAR>
「よって 装置を
封印することに きめた・・・
ふたたび 行かさんと するとき"
04	7B	0x047B	0x029886	0x029887	107	854	202	1CC 03B 01F 01B 028 001 1A6 1A5 0A7 035 1C8 035 017 084 01E 001 019 019 02E 084 022 001 097 01F 07A 1C5 1CC 084 01F 084 015 001 019 019 015 036 0F8 028 1C8 01B 039 03D 029 001 011 02E 02E 084 022 028 035 012 024 1C8 024 02E 033 01A 01B 011 001 032 028 084 022 029 024 011 081 081 081 1C5 1CC 03B 01F 01B 0F4 128 028 001 1B9 1BB 03C 1C8 0D3 021 0A7 084 022 024 018 039 084 029 001 096 09F 028 0C2 19F 025 1C8 17E 025 001 01B 029 011 01A 039 022 01B 02E 012 015 036 084 01F 07A 1C5 1CC 03B 01F 01B 028 001 033 01B 016 028 1C8 0CF 03C 0FE 016 001 01E 01B 022 001 014 028 039 0E2 1BA 025 1C8 192 179 01B 01F 164 019 01E 081 081 081 081 081 1C5 1CC 096 09F 028 0C2 19F 02C 023 1C8 12E 084 01B 038 0C7 084 015 001 02A 036 015 039 038 084 01F 03A 012 07A 1C5 1CC 019 012 012 03D 03C 001 011 028 038 081 081 081 1C0	"<SPEAKER>「わたしの 後続昔よ
よくぞ ここまで 来た!<WAIT><SPEAKER>「だが ここから先の
しれんは いままでのような
なまやさしい ものではない・・・<WAIT><SPEAKER>「わたし以上の 頭脳を
持つ昔でなければ 古代の装置に
逆に しはいされてしまうからだ!<WAIT><SPEAKER>「わたしの やしきの
謎を解き そして おのれ自身に
勝利した時こそ・・・・・<WAIT><SPEAKER>「古代の装置へと
通じる道が ひらかれるだろう!<WAIT><SPEAKER>「こううんを いのる・・・"
04	7C	0x047C	0x0298F2	0x0298F3	62	493	103	1CC 081 081 081 01A 010 001 019 019 084 022 1C8 0E2 16C 03C 001 090 021 031 024 014 01C 028 084 01F 1C5 1CC 025 017 01B 02F 001 011 015 037 001 012 036 02F 1C8 010 036 034 038 001 012 020 024 038 001 0D4 019 01E 1C8 014 028 039 0E2 1BA 028 001 18A 0AC 028 132 081 081 1C5 1CC 0DC 025 001 020 015 084 021 016 01F 017 084 029 1C8 02E 084 01C 001 014 028 039 0E2 1BA 025 001 012 020 192 021 028 084 01F 081 081 1C0	"<SPEAKER>「・・・さあ ここで
自分を 見つめなおすのだ<WAIT><SPEAKER>「にくしみ いかり うらみ
あらゆる うちなる 心こそ
おのれ自身の 最大の敵・・<WAIT><SPEAKER>「神に ちかづきたくば
まず おのれ自身に うち勝つのだ・・"
04	7D	0x047D	0x029931	0x029932	21	168	41	1D0 0AC 016 024 0E9 084 015 010 038 1C5 1D0 084 023 012 01B 01F 019 023 015 001 0E2 16C 028 01C 084 015 01F 084 015 1C8 012 021 03E 022 011 024 011 081 081 081 1C0	"<CLEAR>
大きな鏡がある<WAIT>
<CLEAR>
どうしたことか 自分のすがたが
うつっていない・・・"
04	7E	0x047E	0x029947	0x029948	13	101	24	1D0 06B 084 054 075 01F 020 028 0F0 084 015 1C8 020 011 01A 017 024 03E 022 01B 02E 03E 01F 1C0	"<CLEAR>
レディたちの体が
ちいさくなってしまった"
04	7F	0x047F	0x029955	0x029956	34	266	61	1CC 084 02B 029 03E 001 084 02B 02B 082 001 084 029 015 031 03E 1C8 084 04D 076 043 084 05C 078 01A 02E 025 001 01A 015 036 012 024 03D 022 1C8 003 002 002 002 0CA 001 029 033 011 03B 011 03E 1C5 1CC 02B 02F 021 084 02B 01B 022 033 038 03E 1C0	"<SPEAKER>「ぶはっ ぶふぉ ばかめっ
ジェイビーさまに さからうなんて
1000年 はやいわいっ<WAIT><SPEAKER>「ふみつぶしてやるっ"
04	80	0x0480	0x029978	0x029979	40	314	69	1CC 084 04D 076 043 084 05C 078 01A 02E 015 036 029 001 022 084 019 03B 011 1C8 019 030 01C 031 023 001 0A6 011 022 011 01F 084 015 1C8 01F 011 01B 01F 019 023 001 024 015 03E 01F 024 1C5 1CC 01A 022 023 001 020 041 03E 017 036 1C8 02A 038 027 084 022 032 001 01C 038 015 1C0	"<SPEAKER>「ジェイビーさまからは てごわい
こむすめと 聞いていたが
たいしたこと なかったな<WAIT><SPEAKER>「さてと ちょっくら
ひるねでも するか"
04	81	0x0481	0x0299A1	0x0299A2	12	96	25	1D0 067 04D 046 028 001 01F 02E 01B 011 084 015 1C8 014 01F 018 084 02A 03C 010 084 018 01F 07A 1C0	"<CLEAR>
ヨシオの たましいが
おたけびをあげた!"
04	82	0x0482	0x0299AE	0x0299AF	70	553	130	1CC 011 033 078 001 014 0D8 01A 02E 1C8 016 016 011 03E 083 029 021 001 084 022 01B 01F 028 012 07A 1C5 1CC 019 028 001 034 015 028 001 01C 016 02E 084 015 1C8 024 015 03E 01F 036 001 083 02C 03E 01F 03D 019 084 022 01B 01F 024 07A 1C8 011 033 011 033 001 035 015 03E 01F 03B 011 07A 1C5 1CC 023 001 02A 023 010 03D 01B 03D 001 01B 022 038 1C8 084 029 010 011 084 022 032 001 010 037 02E 01D 03D 024 1C5 1CC 024 03D 023 015 001 032 023 028 001 0AC 016 01A 025 1C8 032 084 023 036 024 011 023 081 081 081 081 081 081 1C0	"<SPEAKER>「いやー お嬢さま
ききいっぱつ でしたのう!<WAIT><SPEAKER>「この ゆかの すきまが
なかったら ぺったんこでしたな!
いやいや よかったわい!<WAIT><SPEAKER>「と ひとあんしん してる
ばあいでも ありませんな<WAIT><SPEAKER>「なんとか もとの 大きさに
もどらないと・・・・・・"
04	83	0x0483	0x0299F5	0x0299F6	190	1520	368	1CC 084 04A 06A 014 02D 02D 02D 001 084 04A 06A 06A 06A 1C5 1CC 014 0C3 036 028 001 01B 021 019 01A 025 029 1C8 02D 023 02D 023 001 1B9 084 015 0B8 084 015 038 084 01D 001 084 04A 06A 06A 06A 1C5 1CC 014 039 084 015 001 011 03E 01F 011 001 093 03C 1C8 01B 01F 023 001 011 012 028 084 01F 079 001 084 04A 06A 06A 06A 079 1C5 1CC 02E 084 01F 001 024 03D 025 032 001 01B 023 036 03D 035 1C5 1CC 09A 08B 029 001 022 011 019 017 03C 1C8 016 084 01C 011 022 029 001 011 018 024 011 028 015 079 1C5 1CC 091 0E3 029 001 0EB 03C 1C8 021 017 03E 022 011 038 084 022 029 001 024 011 015 07A 1C5 1CC 02B 02B 084 04A 06A 084 04A 06A 07A 001 02B 02B 02B 1C8 014 0D8 01A 03D 025 001 030 021 015 01B 011 019 023 03C 1C8 011 03E 022 032 001 03B 015 038 02E 011 024 07A 1C5 1CC 084 01F 084 015 001 014 039 029 001 014 0D8 01A 03D 03C 1C8 099 025 08E 03E 01F 035 001 084 04A 06A 06A 06A 001 02D 03D 023 07A 1C5 1CC 084 01F 015 036 001 014 01B 013 022 033 03A 012 07A 1C8 019 028 001 084 05B 06C 06F 028 154 028 001 014 017 025 1C8 096 09F 028 0C2 19F 084 015 001 010 038 028 084 01F 07A 1C5 1CC 096 09F 028 0C2 19F 019 01E 1C8 09A 08B 028 001 022 011 019 017 028 001 084 04A 06A 03E 1C8 02F 024 032 023 023 001 024 038 028 084 01F 001 084 04A 06A 06A 1C5 1CC 084 04A 06A 084 04A 06A 001 084 017 03B 084 017 084 02B 084 04A 06A 1C8 084 018 084 019 084 017 084 018 013 013 013 013 001 084 04A 06A 084 017 029 029 02A 02A 1C8 084 018 02A 02A 02A 02A 011 02A 011 02A 011 02A 02A 011 011 078 1C0	"<SPEAKER>「ゲルおほほほ ゲルルル<WAIT><SPEAKER>「お前らの しつこさには
ほとほと 頭が下がるぜ ゲルルル<WAIT><SPEAKER>「おれが いったい 何を
したと いうのだ? ゲルルル?<WAIT><SPEAKER>「まだ なんにも しとらんよ<WAIT><SPEAKER>「魔物は ていこくを
きずいては いけないのか?<WAIT><SPEAKER>「人間は 国を
つくっているでは ないか!<WAIT><SPEAKER>「ふふゲルゲル! ふふふ
お嬢さんに むつかしいことを
いっても わかるまいな!<WAIT><SPEAKER>「だが おれは お嬢さんを
気に入ったよ ゲルルル ほんと!<WAIT><SPEAKER>「だから おしえてやろう!
この バロンの塔の おくに
古代の装置が あるのだ!<WAIT><SPEAKER>「古代の装置こそ
魔物の ていこくの ゲルっ
みなもとと なるのだ ゲルル<WAIT><SPEAKER>「ゲルゲル ぐわぐぶゲル
げごぐげええええ ゲルぐははひひ
げひひひひいひいひいひひいいー"
04	84	0x0484	0x029AB4	0x029AB5	66	527	126	1CC 023 012 023 012 001 019 019 02E 084 022 001 097 01F 015 1C8 024 036 084 029 001 023 017 023 001 014 084 015 030 084 015 011 011 1C8 019 028 001 096 09F 028 0C2 19F 03C 024 03E 07A 1C5 1CC 01E 01B 022 001 014 02E 013 01F 020 025 1C8 014 039 023 001 014 024 084 01B 001 017 038 01B 02F 03C 1C8 010 084 01B 010 03B 01D 022 001 033 03A 012 07A 1C5 1CC 084 04A 06A 06A 06A 06A 06A 06A 06A 1C8 014 02E 013 036 001 005 091 02E 023 031 022 1C8 0C2 19F 025 001 01F 01F 016 019 03D 084 022 033 038 03E 07A 1C0	"<SPEAKER>「とうとう ここまで 来たか
ならば とくと おがむがいい
この 古代の装置をなっ!<WAIT><SPEAKER>「そして おまえたちに
おれと おなじ くるしみを
あじあわせて やろう!<WAIT><SPEAKER>「ゲルルルルルルル
おまえら 3人まとめて
装置に たたきこんでやるっ!"
04	85	0x0485	0x029AF7	0x029AF8	27	209	49	1CC 010 084 017 084 017 1CD 001 010 084 017 084 017 084 017 084 017 084 017 1CB 1C8 010 028 120 1CD 001 014 039 029 1CD 001 032 037 03C 1C8 01A 03D 083 02D 01B 022 011 01F 081 081 081 081 081 1C0	"<SPEAKER>「あぐぐ<PAUSE_30> あぐぐぐぐぐ<PAUSE_60>
あの日<PAUSE_30> おれは<PAUSE_30> もりを
さんぽしていた・・・・・"
04	86	0x0486	0x029B13	0x029B14	8	62	17	1D0 093 0BC 0CA 032 02E 013 001 084 054 04E 068 06F 084 055 08A 1C0	"<CLEAR>
何千年もまえ デスランド島"
04	87	0x0487	0x029B1C	0x029B1D	17	131	28	1CC 036 03D 001 036 03D 001 036 03D 1C8 025 03D 084 018 03D 084 022 032 001 014 084 023 015 01E 012 015 024 1C0	"<SPEAKER>「らん らん らん
にんげんでも おどかそうかな"
04	88	0x0488	0x029B2E	0x029B2F	17	131	36	1CC 084 017 029 029 029 029 001 019 03D 084 023 029 1C8 084 05E 084 05C 078 084 05B 06C 06F 084 022 001 0DD 0F3 084 01F 001 02A 02A 02A 02A 1C0	"<SPEAKER>「ぐはははは こんどは
ベビーバロンで 実験だ ひひひひ"
04	89	0x0489	0x029B40	0x029B41	13	99	23	1CC 012 03B 078 001 024 03D 084 01F 019 039 1C8 024 03D 084 01F 019 039 001 012 03B 078 1C0	"<SPEAKER>「うわー なんだこれ
なんだこれ うわー"
04	8A	0x048A	0x029B4E	0x029B4F	9	68	13	1CC 012 03B 078 1CD 001 033 1CD 031 1CD 022 078 1C0	<SPEAKER>「うわー<PAUSE_30> や<PAUSE_30>め<PAUSE_30>てー
04	8B	0x048B	0x029B58	0x029B59	27	209	50	1CC 15C 14C 028 105 011 084 05E 084 05C 078 084 05B 06C 06F 084 015 1C8 084 023 012 001 09B 02E 039 178 03B 038 015 084 015 1C8 18A 0AC 028 001 090 084 023 019 03A 084 01B 03F 024 081 081 02A 02A 1C0	"<SPEAKER>「知能の高いベビーバロンが
どう 生まれ変わるかが
最大の 見どころじゃな・・ひひ"
04	8C	0x048C	0x029B74	0x029B75	25	193	44	1CC 012 1CD 084 017 1CD 014 014 001 010 01F 02E 084 015 081 081 1CD 1C8 010 01F 02E 084 015 001 011 01F 011 081 081 1CD 1C8 015 036 084 01F 084 015 001 014 032 011 081 081 1C0	"<SPEAKER>「う<PAUSE_30>ぐ<PAUSE_30>おお あたまが・・<PAUSE_30>
あたまが いたい・・<PAUSE_30>
からだが おもい・・"
04	8D	0x048D	0x029B8E	0x029B8F	34	267	61	1CC 02A 013 02A 013 02A 013 03E 1C8 033 03E 01F 084 01E 001 01B 03F 084 02C 037 014 03E 01F 1C5 1CC 1BB 025 029 001 093 032 1C8 013 011 016 041 012 029 001 024 011 084 01E 07A 1C8 033 03E 01F 084 01E 001 033 03E 01F 084 01E 001 02A 02A 02A 1C0	"<SPEAKER>「ひえひえひえっ
やったぞ しゃべりおった<WAIT><SPEAKER>「脳には 何も
えいきょうは ないぞ!
やったぞ やったぞ ひひひ"
04	8E	0x048E	0x029BB1	0x029BB2	38	301	84	1CC 084 04D 076 043 084 05C 078 07A 1C8 084 04D 076 043 084 05C 078 029 001 084 023 019 084 01B 03F 079 1C5 1CC 032 03E 023 001 032 03E 023 084 01B 03F 07A 1C8 084 023 03D 084 023 03D 001 09A 08B 03C 001 0AC 016 017 01C 038 028 084 01B 03F 07A 1C8 084 01D 03D 084 02B 021 015 02E 013 022 017 038 028 084 01B 03F 07A 001 02A 02A 02A 1C0	"<SPEAKER>「ジェイビー!
ジェイビーは どこじゃ?<WAIT><SPEAKER>「もっと もっとじゃ!
どんどん 魔物を 大きくするのじゃ!
ぜんぶつかまえてくるのじゃ! ひひひ"
04	8F	0x048F	0x029BD8	0x029BD9	114	906	226	1CC 0C2 19F 03C 001 123 03E 022 1C8 084 022 015 017 024 03E 01F 001 064 06F 04E 051 078 028 0A1 084 022 1C8 15C 14C 03C 001 187 0D3 084 022 016 01F 028 029 001 014 039 084 01F 018 084 01F 1C5 1CC 084 01F 015 036 001 048 06F 084 049 084 05B 06C 06F 029 1C8 014 039 03C 001 084 023 039 011 028 035 012 025 1C8 019 016 021 015 011 033 084 015 03E 01F 081 081 081 1C5 1CC 08A 0A1 028 001 09A 08B 03C 021 015 02E 013 022 1C8 0C2 19F 025 001 02D 014 037 019 02F 081 081 081 1C8 014 01F 018 084 02A 03C 001 010 084 018 038 001 048 06F 084 049 084 05B 06C 06F 1C5 1CC 0B5 09A 084 01E 017 028 001 014 039 084 015 1C8 011 012 028 032 001 178 024 0A0 084 01F 084 015 1C5 1CC 010 028 023 016 028 001 048 06F 084 049 084 05B 06C 06F 029 1C8 02E 01A 025 001 0B5 09A 001 01E 028 032 028 084 01F 03E 01F 081 081 081 1C5 1CC 090 03A 001 014 02E 013 01F 020 07A 1C8 014 039 028 001 019 028 001 01C 084 015 01F 03C 07A 1C0	"<SPEAKER>「装置を 使って
でかくなった モンスターの中で
知能を 維持できたのは おれだけだ<WAIT><SPEAKER>「だから キングバロンは
おれを どれいのように
こきつかいやがった・・・<WAIT><SPEAKER>「島中の 魔物をつかまえて
装置に ほおりこみ・・・
おたけびを あげる キングバロン<WAIT><SPEAKER>「悪魔ぞくの おれが
いうのも 変な話だが<WAIT><SPEAKER>「あのときの キングバロンは
まさに 悪魔 そのものだった・・・<WAIT><SPEAKER>「見ろ おまえたち!
おれの この すがたを!"
04	90	0x0490	0x029C4B	0x029C4C	66	524	121	1CC 019 028 001 0B5 09A 028 001 0C8 0BF 029 1C8 014 039 028 001 0F0 03C 1C8 031 020 03F 017 020 03F 025 001 01B 033 084 015 03E 01F 1C5 1CC 014 02E 013 036 032 001 0AC 016 017 1C8 024 037 01F 011 084 01F 03A 012 079 001 084 04A 084 049 084 049 084 049 1C5 1CC 017 038 01B 02F 03C 001 03B 015 020 010 011 1C8 023 032 025 001 084 01B 084 019 017 02C 001 08D 019 012 084 01B 03F 024 011 015 07A 1C5 1CC 01E 028 0C3 025 001 18A 1A6 028 1C8 014 017 037 032 028 03C 001 033 03A 012 07A 1C0	"<SPEAKER>「この 悪魔の 発明は
おれの 体を
めちゃくちゃに しやがった<WAIT><SPEAKER>「おまえらも 大きく
なりたいだろう? ゲグググ<WAIT><SPEAKER>「くるしみを わかちあい
ともに じごくへ 行こうじゃないか!<WAIT><SPEAKER>「その前に 最後の
おくりものを やろう!"
04	91	0x0491	0x029C8E	0x029C8F	16	126	31	1CC 090 128 084 018 01F 001 019 03D 084 01B 041 012 084 01F 024 1C8 11B 11A 029 001 011 036 03D 023 011 012 028 015 079 1C0	"<SPEAKER>「見上げた こんじょうだな
記録は いらんというのか?"
04	92	0x0492	0x029C9F	0x029CA0	5	38	10	1CC 112 131 029 001 011 011 024 079 1C0	<SPEAKER>「用意は いいな?
04	93	0x0493	0x029CA5	0x029CA6	14	105	26	1CC 024 036 084 029 001 01C 084 017 025 1C8 0C2 19F 025 001 01F 01F 016 019 03D 084 022 033 038 07A 1C0	"<SPEAKER>「ならば すぐに
装置に たたきこんでやる!"
04	94	0x0494	0x029CB4	0x029CB5	95	754	173	1CC 012 1CD 001 084 017 1CD 001 084 018 1CD 001 084 017 1CD 001 084 017 084 017 1C5 1CC 014 001 014 039 029 001 08A 0A1 084 015 1C8 084 022 015 011 001 09A 08B 084 01F 036 018 025 024 03E 01F 023 016 1C8 01C 084 017 025 001 025 084 018 01F 03D 084 01F 081 081 081 012 084 017 084 017 1C5 1CC 01E 01B 022 001 033 021 028 0F6 03E 01F 1C8 1BC 1BD 112 028 001 02A 021 084 016 025 001 029 011 03E 022 1C8 164 084 015 001 01F 021 028 03C 001 16B 03E 01F 081 081 081 1C5 1CC 012 084 017 084 017 001 084 01F 084 015 001 018 03E 016 041 017 1C8 084 02B 084 01A 02E 025 001 084 01B 084 019 017 02C 001 08D 017 028 015 03E 1C8 017 017 017 1CD 001 017 017 017 017 017 017 1CD 001 084 018 084 02D 03E 1C0	"<SPEAKER>「う<PAUSE_30> ぐ<PAUSE_30> げ<PAUSE_30> ぐ<PAUSE_30> ぐぐ<WAIT><SPEAKER>「お おれは 島中が
でかい 魔物だらけになったとき
すぐに にげたんだ・・・うぐぐ<WAIT><SPEAKER>「そして やつの作った
冬眠用の ひつぎに はいって
時が たつのを 待った・・・<WAIT><SPEAKER>「うぐぐ だが けっきょく
ぶざまに じごくへ 行くのかっ
くくく<PAUSE_30> くくくくくく<PAUSE_30> げぼっ"
04	95	0x0495	0x029D14	0x029D15	63	499	108	1CC 084 017 014 014 014 014 1CD 001 084 017 084 02D 084 016 010 010 1CD 1C8 0F0 084 015 001 010 021 011 1CD 001 012 014 014 014 014 014 1C8 1B9 084 015 001 03B 039 038 1CD 001 012 014 014 014 014 014 1C5 1CC 084 04D 076 043 084 05C 078 029 001 084 023 019 084 01B 03F 010 079 1C8 09A 08B 084 015 001 01D 031 022 016 01F 084 01E 014 014 014 1C8 014 011 029 036 013 013 013 013 001 084 017 084 029 084 018 084 02D 014 014 014 014 1C0	"<SPEAKER>「ぐおおおお<PAUSE_30> ぐぼぎああ<PAUSE_30>
体が あつい<PAUSE_30> うおおおおお
頭が われる<PAUSE_30> うおおおおお<WAIT><SPEAKER>「ジェイビーは どこじゃあ?
魔物が せめてきたぞおおお
おいはらええええ ぐばげぼおおおお"
04	96	0x0496	0x029D54	0x029D55	43	341	76	1CC 084 04A 06A 001 084 04A 06A 001 084 04A 05B 05B 05B 1C8 084 029 015 015 001 014 02E 013 036 029 081 081 081 1C8 01D 03E 015 017 001 0EE 084 02A 03A 011 03C 01B 01F 032 028 03C 081 081 081 1C5 1CC 03B 084 01A 03B 084 01A 001 019 03A 01A 039 025 1C8 032 084 023 03E 022 097 038 023 029 024 03E 07A 1C0	"<SPEAKER>「ゲル ゲル ゲハハハ
ばかか おまえらは・・・
せっかく 命びろいをしたものを・・・<WAIT><SPEAKER>「わざわざ ころされに
もどって来るとはなっ!"
04	97	0x0497	0x029D80	0x029D81	13	101	27	1D0 04B 070 049 04E 028 001 01F 02E 01B 011 084 015 1C8 014 01F 018 084 02A 03C 001 010 084 018 01F 07A 1C0	"<CLEAR>
コックスの たましいが
おたけびを あげた!"
04	98	0x0498	0x029D8E	0x029D8F	80	639	161	1CC 010 028 078 001 014 0D8 01A 02E 081 081 081 1C8 096 09F 028 0C2 19F 03C 001 02D 03E 023 011 022 1C8 011 011 03D 084 022 01B 041 012 015 079 1C5 1CC 093 0BC 0CA 025 032 001 03B 01F 03E 022 1C8 014 014 084 01D 011 028 001 091 033 001 09A 08B 028 1C8 012 03D 031 011 03C 017 038 03B 01D 001 0EE 03C 012 084 029 03E 01F 081 081 1C5 1CC 084 04D 076 043 084 05C 078 084 015 001 011 03E 022 02E 01B 01F 027 1C8 0B5 09A 028 0C8 0BF 023 081 081 081 1C5 1CC 019 03D 024 001 014 01E 03A 01B 011 019 023 084 015 1C8 189 13E 023 001 014 016 024 011 035 012 025 001 019 03B 01B 022 1C8 01B 02E 03E 01F 036 001 011 015 084 015 084 022 01B 041 012 079 1C0	"<SPEAKER>「あのー お嬢さま・・・
古代の装置を ほっといて
いいんでしょうか?<WAIT><SPEAKER>「何千年にも わたって
おおぜいの 人や 魔物の
うんめいをくるわせ 命をうばった・・<WAIT><SPEAKER>「ジェイビーが いってましたね
悪魔の発明と・・・<WAIT><SPEAKER>「こんな おそろしいことが
二度と おきないように こわして
しまったら いかがでしょう?"
04	99	0x0499	0x029DDF	0x029DE0	14	105	29	067 04D 046 028 001 01F 02E 01B 011 084 015 1C8 014 01F 018 084 02A 03C 001 010 084 018 01F 07A 1CB 1CB 1CB 1CB 1C0	"ヨシオの たましいが
おたけびを あげた!<PAUSE_60><PAUSE_60><PAUSE_60><PAUSE_60>"
04	9A	0x049A	0x029DEE	0x029DEF	37	295	83	1CC 0E2 16C 028 021 017 03E 01F 0C2 19F 025 1C8 019 03A 01A 039 01F 035 012 024 001 032 028 084 022 01C 024 1C8 081 081 081 081 081 081 081 081 1CB 1BE 1BF 084 01B 03F 081 081 081 1CB 1CB 1CB 1CB 1C8 1CC 081 081 081 081 01A 010 001 014 0D8 01A 02E 1C8 0C9 02C 001 032 084 023 037 02E 01B 041 012 084 01E 07A 1C3 1CB 1CB 1CB 1CB 1C0	"<SPEAKER>「自分のつくった装置に
ころされたような ものですな
・・・・・・・・<PAUSE_60>悲惨じゃ・・・<PAUSE_60><PAUSE_60><PAUSE_60><PAUSE_60>
<SPEAKER>「・・・・さあ お嬢さま
町へ もどりましょうぞ!
<PAUSE_60><PAUSE_60><PAUSE_60><PAUSE_60>"
04	9B	0x049B	0x029E14	0x029E15	42	331	85	1D0 090 128 084 018 038 035 012 024 001 0AC 016 024 1C8 016 015 011 084 015 010 038 1C3 1C5 1D0 019 039 084 015 001 048 06F 084 049 084 05B 06C 06F 028 1C8 09A 08B 0CC 0AC 09E 0C2 19F 084 01F 081 081 081 1C3 1C5 1D0 0A1 015 036 001 015 01C 015 025 001 019 084 023 012 028 035 012 024 1C8 0E0 084 015 001 0A6 019 013 038 081 081 081 1C3 1C0	"<CLEAR>
見上げるような 大きな
きかいがある
<WAIT>
<CLEAR>
これが キングバロンの
魔物巨大化装置だ・・・
<WAIT>
<CLEAR>
中から かすかに こどうのような
音が 聞こえる・・・"
04	9C	0x049C	0x029E3F	0x029E40	24	192	47	1CC 084 04A 06A 001 084 04A 06A 001 084 04A 05B 05B 05B 1C8 035 017 001 032 084 023 03E 022 097 01F 024 001 091 0E3 084 023 032 07A 1C8 01A 010 001 0F9 016 03C 033 03A 012 084 01D 07A 1C0	"<SPEAKER>「ゲル ゲル ゲハハハ
よく もどって来たな 人間ども!
さあ 続きをやろうぜ!"
04	9D	0x049D	0x029E58	0x029E59	69	545	134	1CC 06B 084 054 075 01A 03D 07A 001 02D 03D 023 012 025 1C8 084 023 012 032 001 010 037 084 015 023 012 07A 1CB 1CB 1CB 1CB 1C8 1CC 014 015 084 018 084 022 001 08A 032 001 032 023 028 1C8 0B4 099 03C 001 023 037 032 084 023 01D 01E 012 084 022 01C 07A 1C3 1CB 1CB 1CB 1C8 01E 039 025 01B 022 032 001 06B 084 054 075 01A 03D 07A 1CB 1CB 1C8 1CC 08A 028 001 011 01D 016 03C 001 037 035 012 01B 022 1C8 034 012 013 03D 020 025 001 01B 035 012 024 03D 022 1C8 035 017 001 015 03D 084 015 013 02E 01B 01F 027 013 07A 1CB 1CB 1CB 1CB 1CB 1C0	"<SPEAKER>「レディさん! ほんとうに
どうも ありがとう!<PAUSE_60><PAUSE_60><PAUSE_60><PAUSE_60>
<SPEAKER>「おかげで 島も もとの
活気を とりもどせそうです!
<PAUSE_60><PAUSE_60><PAUSE_60>
それにしても レディさん!<PAUSE_60><PAUSE_60>
<SPEAKER>「島の いせきを りようして
ゆうえんちに しようなんて
よく かんがえましたねえ!<PAUSE_60><PAUSE_60><PAUSE_60><PAUSE_60><PAUSE_60>"
04	9E	0x049E	0x029E9E	0x029E9F	41	323	82	1CC 01E 039 084 022 027 001 010 01F 01B 036 032 1C8 084 054 04E 068 06F 084 055 025 001 015 03B 038 001 197 01B 011 1C8 0CD 0C3 03C 001 015 03D 084 015 013 02E 01B 01F 035 07A 1CB 1CB 1CB 1CB 1CB 1C8 1CC 02D 036 001 090 022 017 084 01F 01A 011 035 07A 1C8 128 001 084 022 01C 035 07A 001 128 001 128 07A 1C3 1CB 1CB 1CB 1CB 1C0	"<SPEAKER>「それでね あたしらも
デスランドに かわる 新しい
名前を かんがえましたよ!<PAUSE_60><PAUSE_60><PAUSE_60><PAUSE_60><PAUSE_60>
<SPEAKER>「ほら 見てくださいよ!
上 ですよ! 上 上!
<PAUSE_60><PAUSE_60><PAUSE_60><PAUSE_60>"
04	9F	0x049F	0x029EC8	0x029EC9	50	396	101	1CC 06B 084 054 075 01A 02E 025 001 020 024 03D 084 022 1C8 084 01B 03F 084 01B 03F 012 02E 068 06F 084 055 1C8 010 03E 01B 084 015 001 0CD 084 021 018 01F 03D 084 022 01A 010 07A 1CB 1CB 1CB 1CB 1C8 1CC 010 037 03F 07A 001 010 03D 024 023 019 03A 025 1C8 084 04D 076 043 084 05C 078 028 001 159 084 015 07A 1C8 0FA 084 015 001 19F 011 01F 03D 084 01F 079 001 011 03E 01F 011 079 1CB 1CB 1CB 1CB 1CB 1C0	"<SPEAKER>「レディさまに ちなんで
じゃじゃうまランド
あっしが 名づけたんでさあ!<PAUSE_60><PAUSE_60><PAUSE_60><PAUSE_60>
<SPEAKER>「ありゃ! あんなところに
ジェイビーの 像が!
誰が 置いたんだ? いったい?<PAUSE_60><PAUSE_60><PAUSE_60><PAUSE_60><PAUSE_60>"
04	A0	0x04A0	0x029EFB	0x029EFC	18	142	38	1CC 014 0D8 01A 02E 084 022 01B 041 079 1C8 084 04D 076 043 084 05C 078 159 03C 001 010 01E 019 025 1C8 19F 011 01F 028 029 079 1CB 1CB 1CB 1CB 1CB 1C0	"<SPEAKER>「お嬢さまでしょ?
ジェイビー像を あそこに
置いたのは?<PAUSE_60><PAUSE_60><PAUSE_60><PAUSE_60><PAUSE_60>"
04	A1	0x04A1	0x029F0E	0x029F0F	17	131	35	1CC 084 01F 03E 022 001 17C 110 017 036 011 1C8 090 01D 022 001 010 084 018 022 032 001 011 011 084 01B 03F 024 011 079 1CB 1CB 1CB 1CB 1C0	"<SPEAKER>「だって 花火くらい
見せて あげても いいじゃない?<PAUSE_60><PAUSE_60><PAUSE_60><PAUSE_60>"
04	A2	0x04A2	0x029F20	0x029F21	3	22	7	1CC 084 022 033 03E 07A 1C0	<SPEAKER>「でやっ!
04	A3	0x04A3	0x029F24	0x029F25	25	196	49	1CC 081 081 081 081 013 013 081 023 081 1C8 007 01F 01C 009 015 036 003 02A 017 015 036 081 081 081 081 1C8 081 081 081 081 081 081 003 003 027 03E 07A 001 02C 02C 03D 07A 1CB 1CB 1CB 1CB 1CB 1C0	"<SPEAKER>「・・・・ええ・と・
5たす7から1ひくから・・・・
・・・・・・11ねっ! へへん!<PAUSE_60><PAUSE_60><PAUSE_60><PAUSE_60><PAUSE_60>"
04	A4	0x04A4	0x029F3E	0x029F3F	51	408	102	1CC 081 081 030 030 012 07A 001 15B 0FE 084 022 01C 024 07A 1C8 01E 039 025 01B 022 032 001 014 0D8 0D9 001 150 120 029 1C8 033 018 025 001 02E 084 01B 031 084 022 01C 024 081 081 081 081 1CB 1CB 1CB 1CB 1CB 1C8 1CC 02E 01F 093 015 001 03B 038 01A 03C 1C8 01F 017 036 03D 084 022 014 038 03D 084 022 01B 041 012 079 1C8 084 022 02C 02C 001 029 017 084 01B 041 012 01D 03D 015 011 07A 1CB 1CB 1CB 1CB 1CB 1C0	"<SPEAKER>「・・むむう! 正解ですな!
それにしても お嬢様 今日は
やけに まじめですな・・・・<PAUSE_60><PAUSE_60><PAUSE_60><PAUSE_60><PAUSE_60>
<SPEAKER>「また何か わるさを
たくらんでおるんでしょう?
でへへ はくじょうせんかい!<PAUSE_60><PAUSE_60><PAUSE_60><PAUSE_60><PAUSE_60>"
04	A5	0x04A5	0x029F72	0x029F73	53	421	98	1CC 010 011 015 03B 036 084 01C 1C8 012 01F 084 017 037 084 02B 015 011 001 084 01B 084 01B 011 027 07A 1C8 02B 03D 07A 001 093 025 032 01F 017 036 03D 084 022 024 011 03B 035 03E 1CB 1CB 1CB 1CB 1CB 1C8 1CC 02D 084 01A 011 022 024 011 084 022 001 021 084 016 028 1C8 084 02C 03D 016 041 012 028 001 084 01B 040 03D 084 02A 03C 1C8 01A 03E 01A 023 001 01B 024 035 07A 1CB 1CB 1CB 1CB 1CB 1C0	"<SPEAKER>「あいかわらず
うたぐりぶかい じじいね!
ふん! 何にもたくらんでないわよっ<PAUSE_60><PAUSE_60><PAUSE_60><PAUSE_60><PAUSE_60>
<SPEAKER>「ほざいてないで つぎの
べんきょうの じゅんびを
さっさと しなよ!<PAUSE_60><PAUSE_60><PAUSE_60><PAUSE_60><PAUSE_60>"
04	A6	0x04A6	0x029FA8	0x029FA9	29	227	56	1CC 011 033 011 033 011 033 011 033 001 03B 01B 029 1C8 01B 03D 084 01B 02E 01D 03D 084 01E 07A 001 030 030 030 001 01A 022 029 1C8 02E 01F 001 084 029 017 084 01F 03D 03C 001 019 028 02C 033 025 079 1CB 1CB 1CB 1CB 1CB 1C0	"<SPEAKER>「いやいやいやいや わしは
しんじませんぞ! むむむ さては
また ばくだんを このへやに?<PAUSE_60><PAUSE_60><PAUSE_60><PAUSE_60><PAUSE_60>"
04	A7	0x04A7	0x029FC6	0x029FC7	31	246	57	1CC 029 010 001 029 010 001 029 010 001 084 017 029 010 078 1C8 084 023 012 033 036 001 03B 01B 028 001 10F 011 020 084 015 011 028 1C8 035 012 084 01B 03F 028 012 001 02B 010 078 001 035 015 03E 01F 07A 1CB 1CB 1CB 1CB 1CB 1C0	"<SPEAKER>「はあ はあ はあ ぐはあー
どうやら わしの 思いちがいの
ようじゃのう ふあー よかった!<PAUSE_60><PAUSE_60><PAUSE_60><PAUSE_60><PAUSE_60>"
04	A8	0x04A8	0x029FE6	0x029FE7	51	403	98	1CC 093 084 015 001 035 015 03E 01F 035 1C8 019 028 001 010 01F 01B 084 015 001 014 03D 024 084 01B 019 023 03C 1C8 189 13E 032 001 033 038 03B 018 024 011 084 022 01B 041 07A 1CB 1CB 1CB 1CB 1CB 1C8 1CC 084 02C 03D 016 041 012 01C 038 028 015 1C8 01B 024 011 028 015 001 084 023 03E 020 024 028 035 079 1C8 019 028 001 015 014 084 022 015 084 01B 084 01B 011 03E 07A 1CB 1CB 1CB 1CB 1CB 1C0	"<SPEAKER>「何が よかったよ
この あたしが おんなじことを
二度も やるわけないでしょ!<PAUSE_60><PAUSE_60><PAUSE_60><PAUSE_60><PAUSE_60>
<SPEAKER>「べんきょうするのか
しないのか どっちなのよ?
この かおでかじじいっ!<PAUSE_60><PAUSE_60><PAUSE_60><PAUSE_60><PAUSE_60>"
04	A9	0x04A9	0x02A01A	0x02A01B	24	186	49	1CC 030 02B 082 014 014 014 07A 081 081 081 081 1C8 011 001 011 015 03D 001 019 019 084 022 014 019 03E 01F 036 1C8 014 0D8 0D9 028 001 10F 012 053 084 05F 081 081 081 081 1CB 1CB 1CB 1CB 1CB 1C0	"<SPEAKER>「むふぉおおお!・・・・
い いかん ここでおこったら
お嬢様の 思うツボ・・・・<PAUSE_60><PAUSE_60><PAUSE_60><PAUSE_60><PAUSE_60>"
04	AA	0x04AA	0x02A033	0x02A034	28	220	53	1CC 030 02B 082 02B 082 001 01E 012 084 022 01C 024 081 081 1C8 02D 011 084 022 03F 010 001 019 001 019 039 024 03D 015 1C8 084 023 012 084 022 084 018 01C 015 028 012 081 081 019 039 07A 1CB 1CB 1CB 1CB 1CB 1C0	"<SPEAKER>「むふぉふぉ そうですな・・
ほいでゃあ こ これなんか
どうでげすかのう・・これ!<PAUSE_60><PAUSE_60><PAUSE_60><PAUSE_60><PAUSE_60>"
04	AB	0x04AB	0x02A050	0x02A051	50	395	107	1CC 019 039 084 022 01C 084 01B 03F 035 07A 001 019 039 019 039 07A 1C8 0CF 028 084 054 04E 068 06F 084 055 08A 092 08F 07A 001 019 039 029 1C8 014 0D8 0D9 030 016 028 001 13A 084 022 01C 084 01E 07A 1CB 1CB 1CB 1CB 1CB 1C8 1CC 020 041 03E 023 001 17A 0FE 084 022 01C 084 01B 03F 084 015 1C8 118 031 038 035 012 025 024 038 023 001 014 148 0D9 029 1C8 014 014 035 03A 019 084 02A 084 022 01C 084 01E 07A 1CB 1CB 1CB 1CB 1CB 1C0	"<SPEAKER>「これですじゃよ! これこれ!
謎のデスランド島伝説! これは
お嬢様むきの 本ですぞ!<PAUSE_60><PAUSE_60><PAUSE_60><PAUSE_60><PAUSE_60>
<SPEAKER>「ちょっと 難解ですじゃが
読めるようになると お父様は
おおよろこびですぞ!<PAUSE_60><PAUSE_60><PAUSE_60><PAUSE_60><PAUSE_60>"
04	AC	0x04AC	0x02A083	0x02A084	25	198	47	1CC 02B 012 03D 001 014 032 01B 03A 01E 012 027 1C8 084 01B 03F 010 001 118 030 015 036 001 01B 084 029 036 017 1C8 02A 023 037 025 001 01B 022 017 039 024 011 079 1CB 1CB 1CB 1CB 1CB 1C0	"<SPEAKER>「ふうん おもしろそうね
じゃあ 読むから しばらく
ひとりに してくれない?<PAUSE_60><PAUSE_60><PAUSE_60><PAUSE_60><PAUSE_60>"
04	AD	0x04AD	0x02A09D	0x02A09E	45	358	84	1CC 014 014 07A 001 06D 06F 084 051 05D 06A 024 07A 1C8 014 0D8 0D9 07A 001 021 011 025 001 15C 01D 011 025 1C8 014 031 084 01A 031 084 022 01C 024 001 02A 011 02A 011 02A 011 1CB 1CB 1CB 1CB 1CB 1C8 1CC 035 03A 01B 011 084 022 01C 023 032 07A 1C8 093 164 0E3 084 022 032 001 014 118 02F 017 084 01F 01A 011 024 1C3 1CB 1CB 1CB 1CB 1C0	"<SPEAKER>「おお! ワンダフルな!
お嬢様! ついに 知せいに
おめざめですな ひいひいひい<PAUSE_60><PAUSE_60><PAUSE_60><PAUSE_60><PAUSE_60>
<SPEAKER>「よろしいですとも!
何時間でも お読みくださいな
<PAUSE_60><PAUSE_60><PAUSE_60><PAUSE_60>"
04	AE	0x04AE	0x02A0CB	0x02A0CC	33	260	70	1CC 02C 013 013 001 09A 08B 0CC 0AC 09E 0C2 19F 079 1C8 024 03D 084 01F 015 001 01C 084 019 01E 012 084 01F 03B 1CB 1CB 1CB 1CB 1CB 1C8 1CC 084 022 032 001 096 09F 152 153 084 029 03E 015 037 084 022 1C8 118 031 024 011 03B 07A 001 030 015 021 017 03B 07A 1C3 1CB 1CB 1CB 1CB 1C0	"<SPEAKER>「へええ 魔物巨大化装置?
なんだか すごそうだわ<PAUSE_60><PAUSE_60><PAUSE_60><PAUSE_60><PAUSE_60>
<SPEAKER>「でも 古代文字ばっかりで
読めないわ! むかつくわ!
<PAUSE_60><PAUSE_60><PAUSE_60><PAUSE_60>"
04	AF	0x04AF	0x02A0ED	0x02A0EE	26	207	52	1CC 067 04D 046 01A 02E 029 001 02D 03D 023 025 1C8 012 01F 084 017 037 084 02B 015 011 084 022 01C 027 001 084 01F 015 036 1C8 014 017 01A 03D 001 025 084 018 01F 03D 084 022 01C 035 1CB 1CB 1CB 1CB 1CB 1C0	"<SPEAKER>「ヨシオさまは ほんとに
うたぐりぶかいですね だから
おくさん にげたんですよ<PAUSE_60><PAUSE_60><PAUSE_60><PAUSE_60><PAUSE_60>"
04	B0	0x04B0	0x02A108	0x02A109	38	299	72	1CC 024 03D 084 01B 03F 023 07A 001 011 016 024 037 1C8 03B 018 028 03B 015 036 03D 019 023 001 011 012 024 07A 1CB 1CB 1CB 1CB 1C8 1CC 014 02E 013 019 01E 001 024 03D 084 01B 03F 07A 1C8 046 047 060 084 01B 03F 023 011 012 001 012 03B 01A 084 01B 03F 084 01E 07A 1C3 1CB 1CB 1CB 1CB 1C0	"<SPEAKER>「なんじゃと! いきなり
わけのわからんこと いうな!<PAUSE_60><PAUSE_60><PAUSE_60><PAUSE_60>
<SPEAKER>「おまえこそ なんじゃ!
オカマじゃという うわさじゃぞ!
<PAUSE_60><PAUSE_60><PAUSE_60><PAUSE_60>"
04	B1	0x04B1	0x02A12F	0x02A130	16	128	29	1CC 012 03B 010 001 01E 028 023 078 037 078 07A 1C8 052 072 078 001 052 072 078 001 052 072 078 1CB 1CB 1CB 1CB 1C0	"<SPEAKER>「うわあ そのとーりー!
チュー チュー チュー<PAUSE_60><PAUSE_60><PAUSE_60><PAUSE_60>"
04	B2	0x04B2	0x02A140	0x02A141	47	376	88	1CC 012 038 01A 011 03B 027 07A 001 01E 023 015 036 1C8 028 084 01E 011 022 001 084 048 071 078 084 048 071 078 1C8 03B 031 011 022 03D 084 01B 03F 024 011 03B 035 07A 1CB 1CB 1CB 1CB 1CB 1C8 1CC 010 03D 01F 01F 020 001 02D 03D 023 025 1C8 010 01F 01B 025 001 084 02C 03D 016 041 012 1C8 01A 01D 038 099 084 015 010 038 028 079 1CB 1CB 1CB 1CB 1CB 1C0	"<SPEAKER>「うるさいわね! そとから
のぞいて ギャーギャー
わめいてんじゃないわよ!<PAUSE_60><PAUSE_60><PAUSE_60><PAUSE_60><PAUSE_60>
<SPEAKER>「あんたたち ほんとに
あたしに べんきょう
させる気があるの?<PAUSE_60><PAUSE_60><PAUSE_60><PAUSE_60><PAUSE_60>"
04	B3	0x04B3	0x02A170	0x02A171	29	229	52	1CC 08D 017 03B 035 001 084 054 04E 068 06F 084 055 08A 02C 07A 1C8 010 010 001 0F0 084 015 012 084 01C 017 07A 001 010 010 1C8 029 033 017 001 010 084 029 039 02E 03B 037 01F 011 07A 1CB 1CB 1CB 1CB 1CB 1C0	"<SPEAKER>「行くわよ デスランド島へ!
ああ 体がうずく! ああ
はやく あばれまわりたい!<PAUSE_60><PAUSE_60><PAUSE_60><PAUSE_60><PAUSE_60>"
04	B4	0x04B4	0x02A18E	0x02A18F	15	115	34	1CC 150 120 029 001 01B 017 084 01B 039 024 011 03B 07A 1C8 081 081 081 081 081 081 081 081 081 035 014 01B 07A 1CB 1CB 1CB 1CB 1CB 1C0	"<SPEAKER>「今日は しくじれないわ!
・・・・・・・・・よおし!<PAUSE_60><PAUSE_60><PAUSE_60><PAUSE_60><PAUSE_60>"
04	B5	0x04B5	0x02A19E	0x02A19F	30	235	54	1CC 084 018 029 03E 029 03E 029 03E 001 010 02E 011 084 022 01C 024 1C8 019 028 067 04D 046 001 014 0D8 0D9 028 001 014 0DB 013 029 1C8 01C 084 02C 022 001 014 090 12E 01B 084 022 01C 03B 011 1CB 1CB 1CB 1CB 1CB 1C0	"<SPEAKER>「げはっはっはっ あまいですな
このヨシオ お嬢様の お考えは
すべて お見通しですわい<PAUSE_60><PAUSE_60><PAUSE_60><PAUSE_60><PAUSE_60>"
04	B6	0x04B6	0x02A1BD	0x02A1BE	47	375	83	1CC 017 03E 001 010 01F 01B 028 033 038 019 023 03C 1C8 03B 015 03E 022 022 001 16B 020 084 02B 01D 01C 038 024 03D 022 1C8 02D 03D 023 025 001 011 033 024 033 021 027 1CB 1CB 1CB 1CB 1CB 1C8 1CC 015 024 036 084 01C 001 025 084 018 022 033 038 03B 07A 1C8 019 028 001 05B 084 04A 084 01B 084 01B 011 07A 1C3 1CB 1CB 1CB 1CB 1CB 1C0	"<SPEAKER>「くっ あたしのやることを
わかってて 待ちぶせするなんて
ほんとに いやなやつね<PAUSE_60><PAUSE_60><PAUSE_60><PAUSE_60><PAUSE_60>
<SPEAKER>「かならず にげてやるわ!
この ハゲじじい!
<PAUSE_60><PAUSE_60><PAUSE_60><PAUSE_60><PAUSE_60>"
04	B7	0x04B7	0x02A1ED	0x02A1EE	18	137	37	1CC 014 0D8 0D9 001 014 027 084 015 011 084 022 01C 015 036 1C8 014 023 024 01B 017 01B 022 017 084 01F 01A 011 035 014 07A 1CB 1CB 1CB 1CB 1CB 1C0	"<SPEAKER>「お嬢様 おねがいですから
おとなしくしてくださいよお!<PAUSE_60><PAUSE_60><PAUSE_60><PAUSE_60><PAUSE_60>"
04	B8	0x04B8	0x02A200	0x02A201	12	94	24	1CC 011 01F 011 03B 027 07A 1C8 010 03D 01F 032 001 084 049 06A 027 07A 1CB 1CB 1CB 1CB 1CB 1C0	"<SPEAKER>「いたいわね!
あんたも グルね!<PAUSE_60><PAUSE_60><PAUSE_60><PAUSE_60><PAUSE_60>"
04	B9	0x04B9	0x02A20D	0x02A20E	33	257	61	1CC 084 018 02B 082 03E 02B 082 03E 02B 082 1C8 093 03C 033 03E 022 032 001 03B 039 03B 039 015 036 029 1C8 025 084 018 036 039 02E 01D 03D 035 07A 1CB 1CB 1CB 1CB 1CB 1C8 1CC 010 016 036 031 022 001 017 084 01F 01A 039 1C3 1C3 1CB 1CB 1CB 1C0	"<SPEAKER>「げふぉっふぉっふぉ
何をやっても われわれからは
にげられませんよ!<PAUSE_60><PAUSE_60><PAUSE_60><PAUSE_60><PAUSE_60>
<SPEAKER>「あきらめて くだされ

<PAUSE_60><PAUSE_60><PAUSE_60>"
04	BA	0x04BA	0x02A22F	0x02A230	18	138	33	1CC 067 04D 046 026 015 03E 01F 03B 027 1C8 1AB 019 012 028 084 055 042 084 015 001 010 011 022 038 03B 035 07A 1CB 1CB 1CB 1CB 1C0	"<SPEAKER>「ヨシオぬかったわね
向こうのドアが あいてるわよ!<PAUSE_60><PAUSE_60><PAUSE_60><PAUSE_60>"
04	BB	0x04BB	0x02A242	0x02A243	8	63	17	1CC 01B 015 01F 084 015 010 037 02E 01D 03D 024 1CB 1CB 1CB 1CB 1C0	<SPEAKER>「しかたがありませんな<PAUSE_60><PAUSE_60><PAUSE_60><PAUSE_60>
04	BC	0x04BC	0x02A24B	0x02A24C	12	90	25	1CC 01E 03D 024 032 028 025 029 1C8 010 01F 036 024 011 035 078 084 01F 03E 07A 1CB 1CB 1CB 1CB 1C0	"<SPEAKER>「そんなものには
あたらないよーだっ!<PAUSE_60><PAUSE_60><PAUSE_60><PAUSE_60>"
04	BD	0x04BD	0x02A258	0x02A259	10	74	21	1CC 024 001 024 03D 084 022 01C 023 1C8 023 001 023 037 03F 078 1CB 1CB 1CB 1CB 1C0	"<SPEAKER>「な なんですと
と とりゃー<PAUSE_60><PAUSE_60><PAUSE_60><PAUSE_60>"
04	BE	0x04BE	0x02A263	0x02A264	17	132	31	1CC 067 001 067 04D 046 01A 02E 078 1C8 033 031 022 017 084 01F 01A 039 078 001 110 084 01B 084 01F 078 1CB 1CB 1CB 1CB 1C0	"<SPEAKER>「ヨ ヨシオさまー
やめてくだされー 火じだー<PAUSE_60><PAUSE_60><PAUSE_60><PAUSE_60>"
04	BF	0x04BF	0x02A275	0x02A276	5	34	12	1CC 014 001 014 0D8 0D9 078 1CB 1CB 1CB 1CB 1C0	<SPEAKER>「お お嬢様ー<PAUSE_60><PAUSE_60><PAUSE_60><PAUSE_60>
04	C0	0x04C0	0x02A27B	0x02A27C	14	110	26	1CC 13D 038 02E 084 022 025 029 1C8 161 03C 001 024 014 01B 022 014 011 022 027 1CB 1CB 1CB 1CB 1CB 1C0	"<SPEAKER>「帰るまでには
家を なおしておいてね<PAUSE_60><PAUSE_60><PAUSE_60><PAUSE_60><PAUSE_60>"
04	C1	0x04C1	0x02A28A	0x02A28B	12	92	23	1D0 084 05C 078 047 078 028 0A1 025 1C8 02E 032 028 045 048 04E 03C 001 02F 021 018 01F 1C0	"<CLEAR>
ビーカーの中に
まものエキスを みつけた"
04	C2	0x04C2	0x02A297	0x02A298	17	133	35	1D0 084 05C 078 047 078 028 0A1 025 1C8 02E 032 028 045 048 04E 084 015 001 08E 03E 022 011 038 1C8 0D3 03E 022 011 016 02E 01C 015 079 1C0	"<CLEAR>
ビーカーの中に
まものエキスが 入っている
持っていきますか?"
04	C3	0x04C3	0x02A2A9	0x02A2AA	42	330	77	1CC 032 01B 032 01B 07A 001 019 020 036 084 054 04E 068 06F 084 055 1C8 054 06B 04D 073 070 083 05C 06F 084 049 04C 078 084 044 075 04E 084 01F 07A 1C8 02E 011 084 023 001 010 037 084 015 023 012 035 07A 1C5 1CC 084 023 019 084 022 032 001 0AF 0C8 0C7 124 03C 1C8 014 023 084 023 018 01C 038 084 01D 07A 1C0	"<SPEAKER>「もしもし! こちらデスランド
テレショッピングサーヴィスだ!
まいど ありがとうよ!<WAIT><SPEAKER>「どこでも 一発道具を
おとどけするぜ!"
