group	index	message_id	japanese	machine_english_reference	professional_translation	translator_notes	control_signature	english_cpu_pointer	english_bytes	japanese_symbols
00	00	0x0000	その 方向には 何もない<WAIT_INPUT>	There's nothing that way.<WAIT_INPUT>	It is so easy to edit now.<WAIT_INPUT>		WAIT_INPUT END	EA:0CF8	54 68 65 72 65 27 73 01 6E 6F 74 68 69 6E 67 01 74 68 61 74 01 77 61 79 2E C9 C0	01E 028 001 0B9 1AB 025 029 001 093 032 024 011 1C9 1C0
00	01	0x0001	レディは たからばこをあけてみた	Lady opened the treasure chest.	Look vr, it is so easy to change now!		END	EA:0D13	4C 61 64 79 01 6F 70 65 6E 65 64 01 74 68 65 01 74 72 65 61 73 75 72 65 01 63 68 65 73 74 2E C0	06B 084 054 075 029 001 01F 015 036 084 029 019 03C 010 018 022 02F 01F 1C0
00	02	0x0002	<INSERT_A>を 見つけた	Found <INSERT_A>!			INSERT_A END	EA:0D33	46 6F 75 6E 64 01 C4 21 C0	1C4 03C 001 090 021 018 01F 1C0
00	03	0x0003	はこの中は からだった<WAIT_INPUT>	The chest was empty.<WAIT_INPUT>			WAIT_INPUT END	EA:0D3C	54 68 65 01 63 68 65 73 74 01 77 61 73 01 65 6D 70 74 79 2E C9 C0	029 019 028 0A1 029 001 015 036 084 01F 03E 01F 1C9 1C0
00	04	0x0004	しかし にもつが いっぱいだった<WAIT_INPUT>	But the inventory was full.<WAIT_INPUT>			WAIT_INPUT END	EA:0D52	42 75 74 01 74 68 65 01 69 6E 76 65 6E 74 6F 72 79 01 77 61 73 01 66 75 6C 6C 2E C9 C0	01B 015 01B 001 025 032 021 084 015 001 011 03E 083 029 011 084 01F 03E 01F 1C9 1C0
00	05	0x0005	<INSERT_B>は <INSERT_A>を使った<PAUSE_30>	"<INSERT_B>
used <INSERT_A>.<PAUSE_30>"			INSERT_B NEWLINE INSERT_A PAUSE_30 END	EA:0D6F	CA C8 75 73 65 64 01 C4 2E CD C0	1CA 029 001 1C4 03C 123 03E 01F 1CD 1C0
00	06	0x0006	<INSERT_B>は <INSERT_B>をとなえた<PAUSE_30>	"<INSERT_B> cast
<INSERT_B>.<PAUSE_30>"			INSERT_B NEWLINE INSERT_B PAUSE_30 END	EA:0D7A	CA 01 63 61 73 74 C8 CA 2E CD C0	1CA 029 001 1CA 03C 023 024 013 01F 1CD 1C0
00	07	0x0007	しかし 何ごともおこらない<WAIT_INPUT>	But nothing happened.<WAIT_INPUT>			WAIT_INPUT END	EA:0D85	42 75 74 01 6E 6F 74 68 69 6E 67 01 68 61 70 70 65 6E 65 64 2E C9 C0	01B 015 01B 001 093 084 019 023 032 014 019 036 024 011 1C9 1C0
00	08	0x0008	<INSERT_B>の LPが<NUMBER>回復した<WAIT_INPUT>	"<INSERT_B>
recovered <NUMBER> LP.<WAIT_INPUT>"			INSERT_B NEWLINE NUMBER WAIT_INPUT END	EA:0D9C	CA C8 72 65 63 6F 76 65 72 65 64 01 C2 01 4C 50 2E C9 C0	1CA 028 001 00C 00E 084 015 1C2 169 18B 01B 01F 1C9 1C0
00	09	0x0009	<INSERT_B>の SPが<NUMBER>回復した<WAIT_INPUT>	"<INSERT_B>
recovered <NUMBER> SP.<WAIT_INPUT>"			INSERT_B NEWLINE NUMBER WAIT_INPUT END	EA:0DAF	CA C8 72 65 63 6F 76 65 72 65 64 01 C2 01 53 50 2E C9 C0	1CA 028 001 00D 00E 084 015 1C2 169 18B 01B 01F 1C9 1C0
00	0A	0x000A	ザコナイの効果が なくなった<WAIT_INPUT>	Zakonai's effect wore off.<WAIT_INPUT>			WAIT_INPUT END	EA:0DC2	5A 61 6B 6F 6E 61 69 27 73 01 65 66 66 65 63 74 01 77 6F 72 65 01 6F 66 66 2E C9 C0	084 04C 04B 056 043 028 186 1A4 084 015 001 024 017 024 03E 01F 1C9 1C0
00	0B	0x000B	おふだの効果が なくなった<WAIT_INPUT>	"The Ward Charm's
effect wore off.<WAIT_INPUT>"			NEWLINE WAIT_INPUT END	EA:0DDE	54 68 65 01 57 61 72 64 01 43 68 61 72 6D 27 73 C8 65 66 66 65 63 74 01 77 6F 72 65 01 6F 66 66 2E C9 C0	014 02B 084 01F 028 186 1A4 084 015 001 024 017 024 03E 01F 1C9 1C0
00	0C	0x000C	<INSERT_B>が よみがえった<WAIT_INPUT>	"<INSERT_B>
came back to life!<WAIT_INPUT>"			INSERT_B NEWLINE WAIT_INPUT END	EA:0E01	CA C8 63 61 6D 65 01 62 61 63 6B 01 74 6F 01 6C 69 66 65 21 C9 C0	1CA 084 015 001 035 02F 084 015 013 03E 01F 1C9 1C0
00	0D	0x000D	<INSERT_B>は よみがえらなかった<WAIT_INPUT>	"<INSERT_B>
could not be revived.<WAIT_INPUT>"			INSERT_B NEWLINE WAIT_INPUT END	EA:0E17	CA C8 63 6F 75 6C 64 01 6E 6F 74 01 62 65 01 72 65 76 69 76 65 64 2E C9 C0	1CA 029 001 035 02F 084 015 013 036 024 015 03E 01F 1C9 1C0
00	0E	0x000E	<INSERT_B>の ちからが <NUMBER>ふえた<WAIT_INPUT>	"<INSERT_B>'s
Power rose by <NUMBER>.<WAIT_INPUT>"			INSERT_B NEWLINE NUMBER WAIT_INPUT END	EA:0E30	CA 27 73 C8 50 6F 77 65 72 01 72 6F 73 65 01 62 79 01 C2 2E C9 C0	1CA 028 001 020 015 036 084 015 001 1C2 02B 013 01F 1C9 1C0
00	0F	0x000F	<INSERT_B>の きびんさが <NUMBER>ふえた<WAIT_INPUT>	"<INSERT_B>'s
Agility rose by <NUMBER>.<WAIT_INPUT>"			INSERT_B NEWLINE NUMBER WAIT_INPUT END	EA:0E46	CA 27 73 C8 41 67 69 6C 69 74 79 01 72 6F 73 65 01 62 79 01 C2 2E C9 C0	1CA 028 001 016 084 02A 03D 01A 084 015 001 1C2 02B 013 01F 1C9 1C0
00	10	0x0010	<INSERT_B>の LPの最大値が <NUMBER>ふえた<WAIT_INPUT>	"<INSERT_B>'s
max LP rose by <NUMBER>.<WAIT_INPUT>"			INSERT_B NEWLINE NUMBER WAIT_INPUT END	EA:0E5E	CA 27 73 C8 6D 61 78 01 4C 50 01 72 6F 73 65 01 62 79 01 C2 2E C9 C0	1CA 028 001 00C 00E 028 18A 0AC 199 084 015 001 1C2 02B 013 01F 1C9 1C0
00	11	0x0011	<INSERT_B>の SPの最大値が <NUMBER>ふえた<WAIT_INPUT>	"<INSERT_B>'s
max SP rose by <NUMBER>.<WAIT_INPUT>"			INSERT_B NEWLINE NUMBER WAIT_INPUT END	EA:0E75	CA 27 73 C8 6D 61 78 01 53 50 01 72 6F 73 65 01 62 79 01 C2 2E C9 C0	1CA 028 001 00D 00E 028 18A 0AC 199 084 015 001 1C2 02B 013 01F 1C9 1C0
00	12	0x0012	<INSERT_B>は <INSERT_A>を使った<WAIT_INPUT>	"<INSERT_B>
used <INSERT_A>.<WAIT_INPUT>"			INSERT_B NEWLINE INSERT_A WAIT_INPUT END	EA:0E8C	CA C8 75 73 65 64 01 C4 2E C9 C0	1CA 029 001 1C4 03C 123 03E 01F 1C9 1C0
00	13	0x0013	<INSERT_B>は <INSERT_B>をかけた<WAIT_INPUT>	"<INSERT_B> cast
<INSERT_B>.<WAIT_INPUT>"			INSERT_B NEWLINE INSERT_B WAIT_INPUT END	EA:0E97	CA 01 63 61 73 74 C8 CA 2E C9 C0	1CA 029 001 1CA 03C 015 018 01F 1C9 1C0
00	14	0x0014	<NOP><WAIT>	<NOP><WAIT>			NOP WAIT END	EA:0EA2	C1 C5 C0	1C1 1C5 1C0
00	15	0x0015	<NOP><WAIT_INPUT>	<NOP><WAIT_INPUT>			NOP WAIT_INPUT END	EA:0EA5	C1 C9 C0	1C1 1C9 1C0
00	16	0x0016	<INSERT_B>は <INSERT_B>をかけた	"<INSERT_B> cast
<INSERT_B>."			INSERT_B NEWLINE INSERT_B END	EA:0EA8	CA 01 63 61 73 74 C8 CA 2E C0	1CA 029 001 1CA 03C 015 018 01F 1C0
00	17	0x0017	<INSERT_B>の LPが<NUMBER>回復した	"<INSERT_B>
recovered <NUMBER> LP."			INSERT_B NEWLINE NUMBER END	EA:0EB2	CA C8 72 65 63 6F 76 65 72 65 64 01 C2 01 4C 50 2E C0	1CA 028 001 00C 00E 084 015 1C2 169 18B 01B 01F 1C0
00	18	0x0018	たからばこは <INSERT_B>だった!<WAIT_INPUT>	"The treasure chest was
<INSERT_B>!<WAIT_INPUT>"			NEWLINE INSERT_B WAIT_INPUT END	EA:0EC4	54 68 65 01 74 72 65 61 73 75 72 65 01 63 68 65 73 74 01 77 61 73 C8 CA 21 C9 C0	01F 015 036 084 029 019 029 001 1CA 084 01F 03E 01F 07A 1C9 1C0
00	19	0x0019	SPが たりない<WAIT_INPUT>	Not enough SP.<WAIT_INPUT>			WAIT_INPUT END	EA:0EDF	4E 6F 74 01 65 6E 6F 75 67 68 01 53 50 2E C9 C0	00D 00E 084 015 001 01F 037 024 011 1C9 1C0
00	1A	0x001A	その 方向には おけない<WAIT_INPUT>	Can't place it that way.<WAIT_INPUT>			WAIT_INPUT END	EA:0EEF	43 61 6E 27 74 01 70 6C 61 63 65 01 69 74 01 74 68 61 74 01 77 61 79 2E C9 C0	01E 028 001 0B9 1AB 025 029 001 014 018 024 011 1C9 1C0
00	1B	0x001B	"<INSERT_B>は <INSERT_A>を
<INSERT_B>にわたした<WAIT_INPUT>"	"<INSERT_B>
gave <INSERT_A> to
<INSERT_B>.<WAIT_INPUT>"			INSERT_B NEWLINE INSERT_A NEWLINE INSERT_B WAIT_INPUT END	EA:0F09	CA C8 67 61 76 65 01 C4 01 74 6F C8 CA 2E C9 C0	1CA 029 001 1C4 03C 1C8 1CA 025 03B 01F 01B 01F 1C9 1C0
00	1C	0x001C	"<INSERT_B>は
気がかわったので やめた<WAIT_INPUT>"	"<INSERT_B> thought
better of it and stopped.<WAIT_INPUT>"			INSERT_B NEWLINE WAIT_INPUT END	EA:0F19	CA 01 74 68 6F 75 67 68 74 C8 62 65 74 74 65 72 01 6F 66 01 69 74 01 61 6E 64 01 73 74 6F 70 70 65 64 2E C9 C0	1CA 029 1C8 099 084 015 015 03B 03E 01F 028 084 022 001 033 031 01F 1C9 1C0
00	1D	0x001D	"<INSERT_B>は
<INSERT_A>を すてた<WAIT_INPUT>"	"<INSERT_B> threw
away <INSERT_A>.<WAIT_INPUT>"			INSERT_B NEWLINE INSERT_A WAIT_INPUT END	EA:0F3E	CA 01 74 68 72 65 77 C8 61 77 61 79 01 C4 2E C9 C0	1CA 029 1C8 1C4 03C 001 01C 022 01F 1C9 1C0
00	1E	0x001E	<INSERT_B>は <INSERT_A>を 読んだ<WAIT>	"<INSERT_B>
read <INSERT_A>.<WAIT>"			INSERT_B NEWLINE INSERT_A WAIT END	EA:0F4F	CA C8 72 65 61 64 01 C4 2E C5 C0	1CA 029 001 1C4 03C 001 118 03D 084 01F 1C5 1C0
00	1F	0x001F	"レディは <NUMBER>エンドルを
手に入れた"	Lady got <NUMBER> Endol.			NUMBER END	EA:0F5A	4C 61 64 79 01 67 6F 74 01 C2 01 45 6E 64 6F 6C 2E C0	06B 084 054 075 029 001 1C2 045 06F 084 055 06A 03C 1C8 177 025 08E 039 01F 1C0
00	20	0x0020	"<INSERT_B>の 毒が
ちゅうわされた<WAIT_INPUT>"	"<INSERT_B>'s
poison was cured.<WAIT_INPUT>"			INSERT_B NEWLINE WAIT_INPUT END	EA:0F6C	CA 27 73 C8 70 6F 69 73 6F 6E 01 77 61 73 01 63 75 72 65 64 2E C9 C0	1CA 028 001 137 084 015 1C8 020 040 012 03B 01A 039 01F 1C9 1C0
00	21	0x0021	<INSERT_B>は <INSERT_A>を使った	"<INSERT_B>
used <INSERT_A>."			INSERT_B NEWLINE INSERT_A END	EA:0F83	CA C8 75 73 65 64 01 C4 2E C0	1CA 029 001 1C4 03C 123 03E 01F 1C0
00	22	0x0022	<NOP><PAUSE_30>	<NOP><PAUSE_30>			NOP PAUSE_30 END	EA:0F8D	C1 CD C0	1C1 1CD 1C0
00	23	0x0023	"探険日記の <NUMBER>巻を
けしても いいですか?"	"Delete Explorer's Journal
volume <NUMBER>?"			NEWLINE NUMBER END	EA:0F90	44 65 6C 65 74 65 01 45 78 70 6C 6F 72 65 72 27 73 01 4A 6F 75 72 6E 61 6C C8 76 6F 6C 75 6D 65 01 C2 3F C0	184 0BB 120 11B 028 001 1C2 188 03C 1C8 018 01B 022 032 001 011 011 084 022 01C 015 079 1C0
00	24	0x0024	"探険日記の <NUMBER>巻が
きえてしまいました"	"Explorer's Journal volume
<NUMBER> was deleted."			NEWLINE NUMBER END	EA:0FB4	45 78 70 6C 6F 72 65 72 27 73 01 4A 6F 75 72 6E 61 6C 01 76 6F 6C 75 6D 65 C8 C2 01 77 61 73 01 64 65 6C 65 74 65 64 2E C0	184 0BB 120 11B 028 001 1C2 188 084 015 1C8 016 013 022 01B 02E 011 02E 01B 01F 1C0
00	25	0x0025	"何ごとも なかったように
しずまりかえっている<WAIT_INPUT>"	"Everything has gone still,
as if nothing happened.<WAIT_INPUT>"			NEWLINE WAIT_INPUT END	EA:0FDD	45 76 65 72 79 74 68 69 6E 67 01 68 61 73 01 67 6F 6E 65 01 73 74 69 6C 6C 2C C8 61 73 01 69 66 01 6E 6F 74 68 69 6E 67 01 68 61 70 70 65 6E 65 64 2E C9 C0	093 084 019 023 032 001 024 015 03E 01F 035 012 025 1C8 01B 084 01C 02E 037 015 013 03E 022 011 038 1C9 1C0
00	26	0x0026	<INSERT_A>は くだけた<WAIT_INPUT>	<INSERT_A> shattered.<WAIT_INPUT>			INSERT_A WAIT_INPUT END	EA:1011	C4 01 73 68 61 74 74 65 72 65 64 2E C9 C0	1C4 029 001 017 084 01F 018 01F 1C9 1C0
00	27	0x0027	死人は 道具を 使えません<WAIT_INPUT>	The dead can't use items.<WAIT_INPUT>			WAIT_INPUT END	EA:101F	54 68 65 01 64 65 61 64 01 63 61 6E 27 74 01 75 73 65 01 69 74 65 6D 73 2E C9 C0	0D6 091 029 001 0C7 124 03C 001 123 013 02E 01D 03D 1C9 1C0
00	28	0x0028	"レディは <INSERT_A>を
<INSERT_B>の にもつから
<INSERT_B>のにもつにうつした<WAIT_INPUT>"	"Lady moved <INSERT_A>
from <INSERT_B>
to <INSERT_B>.<WAIT_INPUT>"			INSERT_A NEWLINE INSERT_B NEWLINE INSERT_B WAIT_INPUT END	EA:103A	4C 61 64 79 01 6D 6F 76 65 64 01 C4 C8 66 72 6F 6D 01 CA C8 74 6F 01 CA 2E C9 C0	06B 084 054 075 029 001 1C4 03C 1C8 1CA 028 001 025 032 021 015 036 1C8 1CA 028 025 032 021 025 012 021 01B 01F 1C9 1C0
00	29	0x0029	<INSERT_A>は すてられない<WAIT_INPUT>	"<INSERT_A>
can't be discarded.<WAIT_INPUT>"			INSERT_A NEWLINE WAIT_INPUT END	EA:1055	C4 C8 63 61 6E 27 74 01 62 65 01 64 69 73 63 61 72 64 65 64 2E C9 C0	1C4 029 001 01C 022 036 039 024 011 1C9 1C0
00	2A	0x002A	<INSERT_A>を すてますか?	Discard <INSERT_A>?			INSERT_A END	EA:106C	44 69 73 63 61 72 64 01 C4 3F C0	1C4 03C 001 01C 022 02E 01C 015 079 1C0
00	2B	0x002B	"レディは
<INSERT_B>のにもつから
<INSERT_A>を取り出して すてた<WAIT_INPUT>"	"<INSERT_B>'s inventory:
Lady took out <INSERT_A>
and threw it away.<WAIT_INPUT>"			INSERT_B NEWLINE INSERT_A NEWLINE WAIT_INPUT END	EA:1077	CA 27 73 01 69 6E 76 65 6E 74 6F 72 79 3A C8 4C 61 64 79 01 74 6F 6F 6B 01 6F 75 74 01 C4 C8 61 6E 64 01 74 68 72 65 77 01 69 74 01 61 77 61 79 2E C9 C0	06B 084 054 075 029 1C8 1CA 028 025 032 021 015 036 1C8 1C4 03C 0FB 037 106 01B 022 001 01C 022 01F 1C9 1C0
00	2C	0x002C	"<INSERT_B>は
<INSERT_B>のにもつから
<INSERT_A>を取り出した<WAIT_INPUT>"	"<INSERT_B> took
from <INSERT_B>:
<INSERT_A>.<WAIT_INPUT>"			INSERT_B NEWLINE INSERT_B NEWLINE INSERT_A WAIT_INPUT END	EA:10AA	CA 01 74 6F 6F 6B C8 66 72 6F 6D 01 CA 3A C8 C4 2E C9 C0	1CA 029 1C8 1CA 028 025 032 021 015 036 1C8 1C4 03C 0FB 037 106 01B 01F 1C9 1C0
00	2D	0x002D	"<INSERT_B>は
<INSERT_B>のにもつに
<INSERT_A>を入れた<WAIT_INPUT>"	"<INSERT_B> put
in <INSERT_B>'s
bag: <INSERT_A>.<WAIT_INPUT>"			INSERT_B NEWLINE INSERT_B NEWLINE INSERT_A WAIT_INPUT END	EA:10BD	CA 01 70 75 74 C8 69 6E 01 CA 27 73 C8 62 61 67 3A 01 C4 2E C9 C0	1CA 029 1C8 1CA 028 025 032 021 025 1C8 1C4 03C 08E 039 01F 1C9 1C0
00	2E	0x002E	レディは ひとりでさくせんをねった<WAIT_INPUT>	Lady planned her strategy alone.<WAIT_INPUT>			WAIT_INPUT END	EA:10D3	4C 61 64 79 01 70 6C 61 6E 6E 65 64 01 68 65 72 01 73 74 72 61 74 65 67 79 01 61 6C 6F 6E 65 2E C9 C0	06B 084 054 075 029 001 02A 023 037 084 022 01A 017 01D 03D 03C 027 03E 01F 1C9 1C0
00	2F	0x002F	ルーラできる できる できる	Zoom works! Works! Works!			END	EA:10F5	5A 6F 6F 6D 01 77 6F 72 6B 73 21 01 57 6F 72 6B 73 21 01 57 6F 72 6B 73 21 C0	06A 078 068 084 022 016 038 001 084 022 016 038 001 084 022 016 038 1C0
00	30	0x0030	ルーラできない できない できない	Zoom won't work! Won't! Won't!			END	EA:110F	5A 6F 6F 6D 01 77 6F 6E 27 74 01 77 6F 72 6B 21 01 57 6F 6E 27 74 21 01 57 6F 6E 27 74 21 C0	06A 078 068 084 022 016 024 011 001 084 022 016 024 011 001 084 022 016 024 011 1C0
00	31	0x0031	リレミトできる できる できる<WAIT_INPUT>	Evac works! Works! Works!<WAIT_INPUT>			WAIT_INPUT END	EA:112E	45 76 61 63 01 77 6F 72 6B 73 21 01 57 6F 72 6B 73 21 01 57 6F 72 6B 73 21 C9 C0	069 06B 061 055 084 022 016 038 001 084 022 016 038 001 084 022 016 038 1C9 1C0
00	32	0x0032	リレミトできない できない できない<WAIT_INPUT>	Evac won't work! Won't! Won't!<WAIT_INPUT>			WAIT_INPUT END	EA:1149	45 76 61 63 01 77 6F 6E 27 74 01 77 6F 72 6B 21 01 57 6F 6E 27 74 21 01 57 6F 6E 27 74 21 C9 C0	069 06B 061 055 084 022 016 024 011 001 084 022 016 024 011 001 084 022 016 024 011 1C9 1C0
00	33	0x0033	呪いで 魔術が 使えない<WAIT_INPUT>	A curse prevents magic.<WAIT_INPUT>			WAIT_INPUT END	EA:1169	41 01 63 75 72 73 65 01 70 72 65 76 65 6E 74 73 01 6D 61 67 69 63 2E C9 C0	12D 011 084 022 001 09A 16A 084 015 001 123 013 024 011 1C9 1C0
00	34	0x0034	"<INSERT_B>は
呪われてしまった!"	"<INSERT_B>
was cursed!"			INSERT_B NEWLINE END	EA:1182	CA C8 77 61 73 01 63 75 72 73 65 64 21 C0	1CA 029 1C8 12D 03B 039 022 01B 02E 03E 01F 07A 1C0
00	35	0x0035	"<INSERT_A>は
呪いで 体から はなれない<WAIT_INPUT>"	"<INSERT_A> is cursed
and won't come off.<WAIT_INPUT>"			INSERT_A NEWLINE WAIT_INPUT END	EA:1190	C4 01 69 73 01 63 75 72 73 65 64 C8 61 6E 64 01 77 6F 6E 27 74 01 63 6F 6D 65 01 6F 66 66 2E C9 C0	1C4 029 1C8 12D 011 084 022 001 0F0 015 036 001 029 024 039 024 011 1C9 1C0
00	36	0x0036	"レディは <INSERT_B>の にもつから
<INSERT_A>を とりだすのを
やめた<WAIT_INPUT>"	"Lady stopped rummaging
in <INSERT_B>'s
inventory for <INSERT_A>.<WAIT_INPUT>"			NEWLINE INSERT_B NEWLINE INSERT_A WAIT_INPUT END	EA:11B1	4C 61 64 79 01 73 74 6F 70 70 65 64 01 72 75 6D 6D 61 67 69 6E 67 C8 69 6E 01 CA 27 73 C8 69 6E 76 65 6E 74 6F 72 79 01 66 6F 72 01 C4 2E C9 C0	06B 084 054 075 029 001 1CA 028 001 025 032 021 015 036 1C8 1C4 03C 001 023 037 084 01F 01C 028 03C 1C8 033 031 01F 1C9 1C0
00	37	0x0037	<INSERT_B>は <INSERT_A>を見た<PAUSE_30>	"<INSERT_B>
examined <INSERT_A>.<PAUSE_30>"			INSERT_B NEWLINE INSERT_A PAUSE_30 END	EA:11E1	CA C8 65 78 61 6D 69 6E 65 64 01 C4 2E CD C0	1CA 029 001 1C4 03C 090 01F 1CD 1C0
00	38	0x0038	"まかいのにくを まくと
えたいのしれない ものが
どこからか よってきた<WAIT_INPUT>"	"When the Demon Meat was
scattered, something unidentifiable
came creeping in from somewhere.<WAIT_INPUT>"			NEWLINE NEWLINE WAIT_INPUT END	EA:11F0	57 68 65 6E 01 74 68 65 01 44 65 6D 6F 6E 01 4D 65 61 74 01 77 61 73 C8 73 63 61 74 74 65 72 65 64 2C 01 73 6F 6D 65 74 68 69 6E 67 01 75 6E 69 64 65 6E 74 69 66 69 61 62 6C 65 C8 63 61 6D 65 01 63 72 65 65 70 69 6E 67 01 69 6E 01 66 72 6F 6D 01 73 6F 6D 65 77 68 65 72 65 2E C9 C0	02E 015 011 028 025 017 03C 001 02E 017 023 1C8 013 01F 011 028 01B 039 024 011 001 032 028 084 015 1C8 084 023 019 015 036 015 001 035 03E 022 016 01F 1C9 1C0
00	39	0x0039	<NUMBER>時間	<NUMBER>hours			NUMBER END	EA:124E	C2 68 6F 75 72 73 C0	1C2 164 0E3 1C0
00	3A	0x003A	<NOP><NUMBER>分	<NOP><NUMBER>minutes			NOP NUMBER END	EA:1255	C1 C2 6D 69 6E 75 74 65 73 C0	1C1 1C2 16C 1C0
00	3B	0x003B	<NOP><NUMBER>びょうです<WAIT_INPUT>	<NOP><NUMBER>seconds.<WAIT_INPUT>			NOP NUMBER WAIT_INPUT END	EA:125F	C1 C2 73 65 63 6F 6E 64 73 2E C9 C0	1C1 1C2 084 02A 041 012 084 022 01C 1C9 1C0
00	3C	0x003C	あなたのプレイ時間は	Your play time is<LINE>			LINE END	EA:126B	59 6F 75 72 01 70 6C 61 79 01 74 69 6D 65 01 69 73 C3 C0	010 024 01F 028 083 05D 06B 043 164 0E3 029 1C3 1C0
00	3D	0x003D	いいかおり<WAIT_INPUT>	Smells nice.<WAIT_INPUT>			WAIT_INPUT END	EA:127E	53 6D 65 6C 6C 73 01 6E 69 63 65 2E C9 C0	011 011 015 014 037 1C9 1C0
00	3E	0x003E	"「なんじ この レバーを 行かせ
と 書いてある<WAIT>"	"It says, ""Move this lever.""<WAIT>"			WAIT END	EA:128C	49 74 01 73 61 79 73 2C 01 22 4D 6F 76 65 01 74 68 69 73 01 6C 65 76 65 72 2E 22 C5 C0	07D 024 03D 084 01B 001 019 028 001 06B 084 05B 078 03C 001 0B1 015 01D 1C8 023 001 098 011 022 010 038 1C5 1C0
00	3F	0x003F	"「このレバーですよ
と 書いてある<WAIT>"	"It says, ""This is the lever.""<WAIT>"			WAIT END	EA:12A9	49 74 01 73 61 79 73 2C 01 22 54 68 69 73 01 69 73 01 74 68 65 01 6C 65 76 65 72 2E 22 C5 C0	07D 019 028 06B 084 05B 078 084 022 01C 035 1C8 023 001 098 011 022 010 038 1C5 1C0
00	40	0x0040	レバーを 行かしますか?	Move the lever?<LINE>			LINE END	EA:12C8	4D 6F 76 65 01 74 68 65 01 6C 65 76 65 72 3F C3 C0	06B 084 05B 078 03C 001 0B1 015 01B 02E 01C 015 079 1C3 1C0
00	41	0x0041	"「使用 ふのう
と 書いてある<WAIT_INPUT>"	"It says, ""Out of order.""<WAIT_INPUT>"			WAIT_INPUT END	EA:12D9	49 74 01 73 61 79 73 2C 01 22 4F 75 74 01 6F 66 01 6F 72 64 65 72 2E 22 C9 C0	07D 123 112 001 02B 028 012 1C8 023 001 098 011 022 010 038 1C9 1C0
00	42	0x0042	"「きけん 行かすな
と 書いてある<WAIT>"	"It says, ""DANGER:
DO NOT MOVE.""<WAIT>"			NEWLINE WAIT END	EA:12F3	49 74 01 73 61 79 73 2C 01 22 44 41 4E 47 45 52 3A C8 44 4F 01 4E 4F 54 01 4D 4F 56 45 2E 22 C5 C0	07D 016 018 03D 001 0B1 015 01C 024 1C8 023 001 098 011 022 010 038 1C5 1C0
00	43	0x0043	<INSERT_B>は<NUMBER>のダメージ	"<INSERT_B>
takes <NUMBER> damage."			INSERT_B NEWLINE NUMBER END	EA:1314	CA C8 74 61 6B 65 73 01 C2 01 64 61 6D 61 67 65 2E C0	1CA 029 1C2 028 084 051 063 078 084 04D 1C0
00	44	0x0044	<INSERT_B>は まぐれで だいダメージをあたえた	"<INSERT_B>
lands a lucky critical hit!"			INSERT_B NEWLINE END	EA:1326	CA C8 6C 61 6E 64 73 01 61 01 6C 75 63 6B 79 01 63 72 69 74 69 63 61 6C 01 68 69 74 21 C0	1CA 029 001 02E 084 017 039 084 022 001 084 01F 011 084 051 063 078 084 04D 03C 010 01F 013 01F 1C0
00	45	0x0045	<INSERT_B>は ゆだんたいてき だいダメージをうけた	"<INSERT_B>
was caught off guard
and took heavy damage!"			INSERT_B NEWLINE NEWLINE END	EA:1344	CA C8 77 61 73 01 63 61 75 67 68 74 01 6F 66 66 01 67 75 61 72 64 C8 61 6E 64 01 74 6F 6F 6B 01 68 65 61 76 79 01 64 61 6D 61 67 65 21 C0	1CA 029 001 034 084 01F 03D 01F 011 022 016 001 084 01F 011 084 051 063 078 084 04D 03C 012 018 01F 1C0
00	46	0x0046	<INSERT_B>は たすけをよんだ	"<INSERT_B>
called for help."			INSERT_B NEWLINE END	EA:1372	CA C8 63 61 6C 6C 65 64 01 66 6F 72 01 68 65 6C 70 2E C0	1CA 029 001 01F 01C 018 03C 035 03D 084 01F 1C0
00	47	0x0047	<INSERT_B>は たいきゃくした	<INSERT_B> retreated.			INSERT_B END	EA:1385	CA 01 72 65 74 72 65 61 74 65 64 2E C0	1CA 029 001 01F 011 016 03F 017 01B 01F 1C0
00	48	0x0048	<INSERT_B>は <INSERT_A>を つかった	"<INSERT_B>
used <INSERT_A>."			INSERT_B NEWLINE INSERT_A END	EA:1392	CA C8 75 73 65 64 01 C4 2E C0	1CA 029 001 1C4 03C 001 021 015 03E 01F 1C0
00	49	0x0049	<INSERT_B>は <INSERT_B>を かけた	"<INSERT_B> cast
<INSERT_B>."			INSERT_B NEWLINE INSERT_B END	EA:139C	CA 01 63 61 73 74 C8 CA 2E C0	1CA 029 001 1CA 03C 001 015 018 01F 1C0
00	4A	0x004A	しかし SPぶそくで となえられない	"But there isn't
enough SP to cast it."			NEWLINE END	EA:13A6	42 75 74 01 74 68 65 72 65 01 69 73 6E 27 74 C8 65 6E 6F 75 67 68 01 53 50 01 74 6F 01 63 61 73 74 01 69 74 2E C0	01B 015 01B 001 00D 00E 084 02B 01E 017 084 022 001 023 024 013 036 039 024 011 1C0
00	4B	0x004B	<INSERT_B>は おちてしまった	<INSERT_B> fell.			INSERT_B END	EA:13CC	CA 01 66 65 6C 6C 2E C0	1CA 029 001 014 020 022 01B 02E 03E 01F 1C0
00	4C	0x004C	<INSERT_B>は たいきゃくした<WAIT>	<INSERT_B> retreated.<WAIT>			INSERT_B WAIT END	EA:13D4	CA 01 72 65 74 72 65 61 74 65 64 2E C5 C0	1CA 029 001 01F 011 016 03F 017 01B 01F 1C5 1C0
00	4D	0x004D	<INSERT_B>が おそってきた	<INSERT_B> attacked!			INSERT_B END	EA:13E2	CA 01 61 74 74 61 63 6B 65 64 21 C0	1CA 084 015 001 014 01E 03E 022 016 01F 1C0
00	4E	0x004E	にげられない ざんねんです<WAIT>	No escape. Too bad.<WAIT>			WAIT END	EA:13EE	4E 6F 01 65 73 63 61 70 65 2E 01 54 6F 6F 01 62 61 64 2E C5 C0	025 084 018 036 039 024 011 001 084 01A 03D 027 03D 084 022 01C 1C5 1C0
00	4F	0x004F	<INSERT_B>は きあいをいれている	"<INSERT_B>
is psyching up."			INSERT_B NEWLINE END	EA:1403	CA C8 69 73 01 70 73 79 63 68 69 6E 67 01 75 70 2E C0	1CA 029 001 016 010 011 03C 011 039 022 011 038 1C0
00	50	0x0050	しかし くちがひらかず まじゅつはつかえない	"But its mouth won't
open. It can't cast magic."			NEWLINE END	EA:1415	42 75 74 01 69 74 73 01 6D 6F 75 74 68 01 77 6F 6E 27 74 C8 6F 70 65 6E 2E 01 49 74 01 63 61 6E 27 74 01 63 61 73 74 01 6D 61 67 69 63 2E C0	01B 015 01B 001 017 020 084 015 02A 036 015 084 01C 001 02E 084 01B 040 021 029 021 015 013 024 011 1C0
00	51	0x0051	しかし のろいで まじゅつがつかえない	But a curse prevents magic.			END	EA:1444	42 75 74 01 61 01 63 75 72 73 65 01 70 72 65 76 65 6E 74 73 01 6D 61 67 69 63 2E C0	01B 015 01B 001 028 03A 011 084 022 001 02E 084 01B 040 021 084 015 021 015 013 024 011 1C0
00	52	0x0052	しかし なにもおこらない	But nothing happened.			END	EA:1460	42 75 74 01 6E 6F 74 68 69 6E 67 01 68 61 70 70 65 6E 65 64 2E C0	01B 015 01B 001 024 025 032 014 019 036 024 011 1C0
00	53	0x0053	しかし まじゅつは いまは つかえない	"But magic can't
be used right now."			NEWLINE END	EA:1476	42 75 74 01 6D 61 67 69 63 01 63 61 6E 27 74 C8 62 65 01 75 73 65 64 01 72 69 67 68 74 01 6E 6F 77 2E C0	01B 015 01B 001 02E 084 01B 040 021 029 001 011 02E 029 001 021 015 013 024 011 1C0
00	54	0x0054	<INSERT_A>は あとかたもなく ちった	"<INSERT_A>
vanished without a trace."			INSERT_A NEWLINE END	EA:1499	C4 C8 76 61 6E 69 73 68 65 64 01 77 69 74 68 6F 75 74 01 61 01 74 72 61 63 65 2E C0	1C4 029 001 010 023 015 01F 032 024 017 001 020 03E 01F 1C0
00	55	0x0055	<INSERT_B>は まわりが なにも みえない	"<INSERT_B> can't
see anything around them."			INSERT_B NEWLINE END	EA:14B5	CA 01 63 61 6E 27 74 C8 73 65 65 01 61 6E 79 74 68 69 6E 67 01 61 72 6F 75 6E 64 01 74 68 65 6D 2E C0	1CA 029 001 02E 03B 037 084 015 001 024 025 032 001 02F 013 024 011 1C0
00	56	0x0056	<INSERT_B>は しっぽをふっている	"<INSERT_B>
is wagging its tail."			INSERT_B NEWLINE END	EA:14D7	CA C8 69 73 01 77 61 67 67 69 6E 67 01 69 74 73 01 74 61 69 6C 2E C0	1CA 029 001 01B 03E 083 02D 03C 02B 03E 022 011 038 1C0
00	57	0x0057	<INSERT_B>は とっしんした	<INSERT_B> charged!			INSERT_B END	EA:14EE	CA 01 63 68 61 72 67 65 64 21 C0	1CA 029 001 023 03E 01B 03D 01B 01F 1C0
00	58	0x0058	<INSERT_B>は でんげきを はっした	"<INSERT_B>
unleashed an electric shock!"			INSERT_B NEWLINE END	EA:14F9	CA C8 75 6E 6C 65 61 73 68 65 64 01 61 6E 01 65 6C 65 63 74 72 69 63 01 73 68 6F 63 6B 21 C0	1CA 029 001 084 022 03D 084 018 016 03C 001 029 03E 01B 01F 1C0
00	59	0x0059	<INSERT_B>の でんげきは あたらなかった	"<INSERT_B>'s
shock missed."			INSERT_B NEWLINE END	EA:1518	CA 27 73 C8 73 68 6F 63 6B 01 6D 69 73 73 65 64 2E C0	1CA 028 001 084 022 03D 084 018 016 029 001 010 01F 036 024 015 03E 01F 1C0
00	5A	0x005A	<INSERT_B>は ぶんしんした	"<INSERT_B>
split into copies!"			INSERT_B NEWLINE END	EA:152A	CA C8 73 70 6C 69 74 01 69 6E 74 6F 01 63 6F 70 69 65 73 21 C0	1CA 029 001 084 02B 03D 01B 03D 01B 01F 1C0
00	5B	0x005B	<INSERT_B>は ぼーっとしている	<INSERT_B> is dazed.			INSERT_B END	EA:153F	CA 01 69 73 01 64 61 7A 65 64 2E C0	1CA 029 001 084 02D 078 03E 023 01B 022 011 038 1C0
00	5C	0x005C	<INSERT_B>は おどった	<INSERT_B> danced.			INSERT_B END	EA:154B	CA 01 64 61 6E 63 65 64 2E C0	1CA 029 001 014 084 023 03E 01F 1C0
00	5D	0x005D	<INSERT_B>は ウォークライをさけんだ	"<INSERT_B>
shouted a war cry!"			INSERT_B NEWLINE END	EA:1555	CA C8 73 68 6F 75 74 65 64 01 61 01 77 61 72 01 63 72 79 21 C0	1CA 029 001 044 077 078 049 068 043 03C 01A 018 03D 084 01F 1C0
00	5E	0x005E	<INSERT_B>は こうげきをよけた	"<INSERT_B>
dodged the attack."			INSERT_B NEWLINE END	EA:156A	CA C8 64 6F 64 67 65 64 01 74 68 65 01 61 74 74 61 63 6B 2E C0	1CA 029 001 019 012 084 018 016 03C 035 018 01F 1C0
00	5F	0x005F	<INSERT_B>が SPを すいとった	"<INSERT_B>
had SP drained away."			INSERT_B NEWLINE END	EA:157F	CA C8 68 61 64 01 53 50 01 64 72 61 69 6E 65 64 01 61 77 61 79 2E C0	1CA 084 015 001 00D 00E 03C 001 01C 011 023 03E 01F 1C0
00	60	0x0060	<INSERT_B>は オロオロとしている	"<INSERT_B>
is panicking."			INSERT_B NEWLINE END	EA:1596	CA C8 69 73 01 70 61 6E 69 63 6B 69 6E 67 2E C0	1CA 029 001 046 06C 046 06C 023 01B 022 011 038 1C0
00	61	0x0061	ひさん だれも たすけにこなかった	How tragic. Nobody came to help.			END	EA:15A6	48 6F 77 01 74 72 61 67 69 63 2E 01 4E 6F 62 6F 64 79 01 63 61 6D 65 01 74 6F 01 68 65 6C 70 2E C0	02A 01A 03D 001 084 01F 039 032 001 01F 01C 018 025 019 024 015 03E 01F 1C0
00	62	0x0062	<INSERT_B>に ぐさっとささって だいダメージ	"<INSERT_B> got
skewered! Huge damage!"			INSERT_B NEWLINE END	EA:15C7	CA 01 67 6F 74 C8 73 6B 65 77 65 72 65 64 21 01 48 75 67 65 01 64 61 6D 61 67 65 21 C0	1CA 025 001 084 017 01A 03E 023 01A 01A 03E 022 001 084 01F 011 084 051 063 078 084 04D 1C0
00	63	0x0063	ぜんぜんにてない ものまねしっぱい	Terrible imitation. Total failure.			END	EA:15E4	54 65 72 72 69 62 6C 65 01 69 6D 69 74 61 74 69 6F 6E 2E 01 54 6F 74 61 6C 01 66 61 69 6C 75 72 65 2E C0	084 01D 03D 084 01D 03D 025 022 024 011 001 032 028 02E 027 01B 03E 083 029 011 1C0
00	64	0x0064	<INSERT_B>は じばくした	"<INSERT_B>
self-destructed!"			INSERT_B NEWLINE END	EA:1607	CA C8 73 65 6C 66 2D 64 65 73 74 72 75 63 74 65 64 21 C0	1CA 029 001 084 01B 084 029 017 01B 01F 1C0
00	65	0x0065	<INSERT_A>を みた ファイト とかいてある	"On <INSERT_A>
it says ""FIGHT""."			INSERT_A NEWLINE END	EA:161A	4F 6E 01 C4 C8 69 74 01 73 61 79 73 01 22 46 49 47 48 54 22 2E C0	1C4 03C 001 02F 01F 001 05D 074 043 055 001 023 015 011 022 010 038 1C0
00	66	0x0066	"エラー
オーティー<NUMBER>のてきはたたかえません"	"ERROR OT<NUMBER>
enemies cannot be fought."			NUMBER NEWLINE END	EA:1630	45 52 52 4F 52 01 4F 54 C2 C8 65 6E 65 6D 69 65 73 01 63 61 6E 6E 6F 74 01 62 65 01 66 6F 75 67 68 74 2E C0	045 068 078 1C8 046 078 054 075 078 1C2 028 022 016 029 01F 01F 015 013 02E 01D 03D 1C0
00	67	0x0067	<INSERT_B>は どくをうけた	"<INSERT_B>
was poisoned."			INSERT_B NEWLINE END	EA:1654	CA C8 77 61 73 01 70 6F 69 73 6F 6E 65 64 2E C0	1CA 029 001 084 023 017 03C 012 018 01F 1C0
00	68	0x0068	<INSERT_B>は しびれてしまった	"<INSERT_B>
was paralyzed."			INSERT_B NEWLINE END	EA:1664	CA C8 77 61 73 01 70 61 72 61 6C 79 7A 65 64 2E C0	1CA 029 001 01B 084 02A 039 022 01B 02E 03E 01F 1C0
00	69	0x0069	<INSERT_B>は ねむらされた	"<INSERT_B>
was put to sleep."			INSERT_B NEWLINE END	EA:1675	CA C8 77 61 73 01 70 75 74 01 74 6F 01 73 6C 65 65 70 2E C0	1CA 029 001 027 030 036 01A 039 01F 1C0
00	6A	0x006A	<INSERT_B>は めざめた	<INSERT_B> woke up.			INSERT_B END	EA:1689	CA 01 77 6F 6B 65 01 75 70 2E C0	1CA 029 001 031 084 01A 031 01F 1C0
00	6B	0x006B	<INSERT_B>は しびれがとれた	"<INSERT_B>'s
paralysis wore off."			INSERT_B NEWLINE END	EA:1694	CA 27 73 C8 70 61 72 61 6C 79 73 69 73 01 77 6F 72 65 01 6F 66 66 2E C0	1CA 029 001 01B 084 02A 039 084 015 023 039 01F 1C0
00	6C	0x006C	<INSERT_B>は こうげきりょくがアップした	"<INSERT_B>'s
Attack rose."			INSERT_B NEWLINE END	EA:16AC	CA 27 73 C8 41 74 74 61 63 6B 01 72 6F 73 65 2E C0	1CA 029 001 019 012 084 018 016 037 041 017 084 015 042 070 083 05D 01B 01F 1C0
00	6D	0x006D	化け物たちを かたづけた	The monsters are defeated.			END	EA:16BD	54 68 65 01 6D 6F 6E 73 74 65 72 73 01 61 72 65 01 64 65 66 65 61 74 65 64 2E C0	09E 018 08B 01F 020 03C 001 015 01F 084 021 018 01F 1C0
00	6E	0x006E	"おのおの
経験値 <NUMBER>を もらった<WAIT_INPUT>"	"Each party member
gained <NUMBER> EXP.<WAIT_INPUT>"			NEWLINE NUMBER WAIT_INPUT END	EA:16D8	45 61 63 68 01 70 61 72 74 79 01 6D 65 6D 62 65 72 C8 67 61 69 6E 65 64 01 C2 01 45 58 50 2E C9 C0	014 028 014 028 1C8 183 0F3 199 001 1C2 03C 001 032 036 03E 01F 1C9 1C0
00	6F	0x006F	<NUMBER>エンドルを ひろった<WAIT_INPUT>	Picked up <NUMBER> Endol.<WAIT_INPUT>			NUMBER WAIT_INPUT END	EA:16F9	50 69 63 6B 65 64 01 75 70 01 C2 01 45 6E 64 6F 6C 2E C9 C0	1C2 045 06F 084 055 06A 03C 001 02A 03A 03E 01F 1C9 1C0
00	70	0x0070	<INSERT_B>は レベル<NUMBER>にアップ<WAIT>	"<INSERT_B>
reached level <NUMBER>!<WAIT>"			INSERT_B NEWLINE NUMBER WAIT END	EA:170D	CA C8 72 65 61 63 68 65 64 01 6C 65 76 65 6C 01 C2 21 C5 C0	1CA 029 001 06B 084 05E 06A 1C2 025 042 070 083 05D 1C5 1C0
00	71	0x0071	LPの最大値が <NUMBER>ふえた<WAIT>	Max LP increased by <NUMBER>.<WAIT>			NUMBER WAIT END	EA:1721	4D 61 78 01 4C 50 01 69 6E 63 72 65 61 73 65 64 01 62 79 01 C2 2E C5 C0	00C 00E 028 18A 0AC 199 084 015 001 1C2 02B 013 01F 1C5 1C0
00	72	0x0072	<INSERT_B>の魔術を覚えた<WAIT>	"Learned the spell
<INSERT_B>!<WAIT>"			NEWLINE INSERT_B WAIT END	EA:1739	4C 65 61 72 6E 65 64 01 74 68 65 01 73 70 65 6C 6C C8 CA 21 C5 C0	1CA 028 09A 16A 03C 17B 013 01F 1C5 1C0
00	73	0x0073	"ひっさつわざ
<INSERT_B>を思いついた<WAIT>"	"Learned special move:
<INSERT_B>!<WAIT>"			NEWLINE INSERT_B WAIT END	EA:174F	4C 65 61 72 6E 65 64 01 73 70 65 63 69 61 6C 01 6D 6F 76 65 3A C8 CA 21 C5 C0	02A 03E 01A 021 03B 084 01A 1C8 1CA 03C 10F 011 021 011 01F 1C5 1C0
00	74	0x0074	"しかし <INSERT_B>は
これ以上 にもつを持てない
にもつをすてますか?"	"But <INSERT_B>
can't carry any more
items. Discard something?"			INSERT_B NEWLINE NEWLINE END	EA:1769	42 75 74 01 CA C8 63 61 6E 27 74 01 63 61 72 72 79 01 61 6E 79 01 6D 6F 72 65 C8 69 74 65 6D 73 2E 01 44 69 73 63 61 72 64 01 73 6F 6D 65 74 68 69 6E 67 3F C0	01B 015 01B 001 1CA 029 1C8 019 039 0F4 128 001 025 032 021 03C 0D3 022 024 011 1C8 025 032 021 03C 01C 022 02E 01C 015 079 1C0
00	75	0x0075	どのにもつを すてますか?	"Which item do you
want to discard?"			NEWLINE END	EA:179E	57 68 69 63 68 01 69 74 65 6D 01 64 6F 01 79 6F 75 C8 77 61 6E 74 01 74 6F 01 64 69 73 63 61 72 64 3F C0	084 023 028 025 032 021 03C 001 01C 022 02E 01C 015 079 1C0
00	76	0x0076	"<INSERT_B>は
<INSERT_A>を とらなかった<WAIT_INPUT>"	"<INSERT_B> did
not take <INSERT_A>.<WAIT_INPUT>"			INSERT_B NEWLINE INSERT_A WAIT_INPUT END	EA:17C1	CA 01 64 69 64 C8 6E 6F 74 01 74 61 6B 65 01 C4 2E C9 C0	1CA 029 1C8 1C4 03C 001 023 036 024 015 03E 01F 1C9 1C0
00	77	0x0077	"<INSERT_B>は <INSERT_A>をすてて
<INSERT_A>を とった<WAIT_INPUT>"	"<INSERT_B>
discarded <INSERT_A>
and took <INSERT_A>.<WAIT_INPUT>"			INSERT_B NEWLINE INSERT_A NEWLINE INSERT_A WAIT_INPUT END	EA:17D4	CA C8 64 69 73 63 61 72 64 65 64 01 C4 C8 61 6E 64 01 74 6F 6F 6B 01 C4 2E C9 C0	1CA 029 001 1C4 03C 01C 022 022 1C8 1C4 03C 001 023 03E 01F 1C9 1C0
00	78	0x0078	"<INSERT_B>は
<INSERT_A>を かくとくした<WAIT>"	"<INSERT_B>
acquired <INSERT_A>.<WAIT>"			INSERT_B NEWLINE INSERT_A WAIT END	EA:17EF	CA C8 61 63 71 75 69 72 65 64 01 C4 2E C5 C0	1CA 029 1C8 1C4 03C 001 015 017 023 017 01B 01F 1C5 1C0
00	79	0x0079	SPの最大値が <NUMBER>ふえた	Max SP increased by <NUMBER>.			NUMBER END	EA:17FE	4D 61 78 01 53 50 01 69 6E 63 72 65 61 73 65 64 01 62 79 01 C2 2E C0	00D 00E 028 18A 0AC 199 084 015 001 1C2 02B 013 01F 1C0
00	7A	0x007A	力が <NUMBER>ふえた<WAIT>	Power increased by <NUMBER>.<WAIT>			NUMBER WAIT END	EA:1815	50 6F 77 65 72 01 69 6E 63 72 65 61 73 65 64 01 62 79 01 C2 2E C5 C0	107 084 015 001 1C2 02B 013 01F 1C5 1C0
00	7B	0x007B	スタミナが <NUMBER>ふえた<WAIT>	Stamina increased by <NUMBER>.<WAIT>			NUMBER WAIT END	EA:182C	53 74 61 6D 69 6E 61 01 69 6E 63 72 65 61 73 65 64 01 62 79 01 C2 2E C5 C0	04E 051 061 056 084 015 001 1C2 02B 013 01F 1C5 1C0
00	7C	0x007C	きびんさが <NUMBER>ふえた<WAIT>	Agility increased by <NUMBER>.<WAIT>			NUMBER WAIT END	EA:1845	41 67 69 6C 69 74 79 01 69 6E 63 72 65 61 73 65 64 01 62 79 01 C2 2E C5 C0	016 084 02A 03D 01A 084 015 001 1C2 02B 013 01F 1C5 1C0
00	7D	0x007D	知せいが <NUMBER>ふえた<WAIT>	Intelligence increased by <NUMBER>.<WAIT>			NUMBER WAIT END	EA:185E	49 6E 74 65 6C 6C 69 67 65 6E 63 65 01 69 6E 63 72 65 61 73 65 64 01 62 79 01 C2 2E C5 C0	15C 01D 011 084 015 001 1C2 02B 013 01F 1C5 1C0
00	7E	0x007E	ラックが <NUMBER>ふえた<WAIT>	Luck increased by <NUMBER>.<WAIT>			NUMBER WAIT END	EA:187C	4C 75 63 6B 01 69 6E 63 72 65 61 73 65 64 01 62 79 01 C2 2E C5 C0	068 070 049 084 015 001 1C2 02B 013 01F 1C5 1C0
00	7F	0x007F	<INSERT_B>を かたづけた	Defeated <INSERT_B>.			INSERT_B END	EA:1892	44 65 66 65 61 74 65 64 01 CA 2E C0	1CA 03C 001 015 01F 084 021 018 01F 1C0
00	80	0x0080	"レディは
経験値 <NUMBER>を もらった<WAIT_INPUT>"	Lady gained <NUMBER> EXP.<WAIT_INPUT>			NUMBER WAIT_INPUT END	EA:189E	4C 61 64 79 01 67 61 69 6E 65 64 01 C2 01 45 58 50 2E C9 C0	06B 084 054 075 029 1C8 183 0F3 199 001 1C2 03C 001 032 036 03E 01F 1C9 1C0
00	81	0x0081	<INSERT_A>が じめんに おちている<WAIT_INPUT>	"<INSERT_A> is
lying on the ground.<WAIT_INPUT>"			INSERT_A NEWLINE WAIT_INPUT END	EA:18B2	C4 01 69 73 C8 6C 79 69 6E 67 01 6F 6E 01 74 68 65 01 67 72 6F 75 6E 64 2E C9 C0	1C4 084 015 001 084 01B 031 03D 025 001 014 020 022 011 038 1C9 1C0
00	82	0x0082	"<INSERT_B>の <INSERT_A>を
ぜんぶ すてますか?"	"Discard all of
<INSERT_B>'s
<INSERT_A>?"			NEWLINE INSERT_B NEWLINE INSERT_A END	EA:18CD	44 69 73 63 61 72 64 01 61 6C 6C 01 6F 66 C8 CA 27 73 C8 C4 3F C0	1CA 028 001 1C4 03C 1C8 084 01D 03D 084 02B 001 01C 022 02E 01C 015 079 1C0
00	83	0x0083	"<INSERT_B>の <INSERT_A>を
すてますか?"	"Discard <INSERT_B>'s
<INSERT_A>?"			INSERT_B NEWLINE INSERT_A END	EA:18E3	44 69 73 63 61 72 64 01 CA 27 73 C8 C4 3F C0	1CA 028 001 1C4 03C 1C8 01C 022 02E 01C 015 079 1C0
00	84	0x0084	<INSERT_A>を とりませんね?	You don't want <INSERT_A>?			INSERT_A END	EA:18F2	59 6F 75 01 64 6F 6E 27 74 01 77 61 6E 74 01 C4 3F C0	1C4 03C 001 023 037 02E 01D 03D 027 079 1C0
00	85	0x0085	化け物は にげていった	The monster ran away.			END	EA:1904	54 68 65 01 6D 6F 6E 73 74 65 72 01 72 61 6E 01 61 77 61 79 2E C0	09E 018 08B 029 001 025 084 018 022 011 03E 01F 1C0
00	86	0x0086	<INSERT_B>の魔術を思い出した<WAIT>	"Remembered the spell
<INSERT_B>!<WAIT>"			NEWLINE INSERT_B WAIT END	EA:191A	52 65 6D 65 6D 62 65 72 65 64 01 74 68 65 01 73 70 65 6C 6C C8 CA 21 C5 C0	1CA 028 09A 16A 03C 10F 011 106 01B 01F 1C5 1C0
00	87	0x0087	"<INSERT_A>は
くだけて なくなってしまった<WAIT_INPUT>"	"<INSERT_A> shattered
and was destroyed.<WAIT_INPUT>"			INSERT_A NEWLINE WAIT_INPUT END	EA:1933	C4 01 73 68 61 74 74 65 72 65 64 C8 61 6E 64 01 77 61 73 01 64 65 73 74 72 6F 79 65 64 2E C9 C0	1C4 029 1C8 017 084 01F 018 022 001 024 017 024 03E 022 01B 02E 03E 01F 1C9 1C0
00	88	0x0088	<NOP><WAIT>	<NOP><WAIT>			NOP WAIT END	EA:1953	C1 C5 C0	1C1 1C5 1C0
00	89	0x0089	<NOP><WAIT_INPUT>	<NOP><WAIT_INPUT>			NOP WAIT_INPUT END	EA:1956	C1 C9 C0	1C1 1C9 1C0
00	8A	0x008A	"レディ「・・・・・・・・・・・・<PAUSE_30>
・・・・・・・・・・<PAUSE_30>"	Lady: .................<PAUSE_30> ..........<PAUSE_30>			PAUSE_30 PAUSE_30 END	EA:1959	4C 61 64 79 3A 01 2E 2E 2E 2E 2E 2E 2E 2E 2E 2E 2E 2E 2E 2E 2E 2E 2E CD 01 2E 2E 2E 2E 2E 2E 2E 2E 2E 2E CD C0	06B 084 054 075 07D 081 081 081 081 081 081 081 081 081 081 081 081 1CD 1C8 081 081 081 081 081 081 081 081 081 081 1CD 1C0
00	8B	0x008B	<NOP>行くわ!<PAUSE_60>	<NOP>I'm going!<PAUSE_60>			NOP PAUSE_60 END	EA:197E	C1 49 27 6D 01 67 6F 69 6E 67 21 CB C0	1C1 08D 017 03B 07A 1CB 1C0
00	8C	0x008C	"<CLEAR>
!"	<CLEAR>!			CLEAR END	EA:198B	D0 21 C0	1D0 07A 1C0
00	8D	0x008D	"<CLEAR>
<INSERT_B>は
<INSERT_A>を うけとった"	"<CLEAR><INSERT_B>
received <INSERT_A>.<LINE>"			CLEAR INSERT_B NEWLINE INSERT_A LINE END	EA:198E	D0 CA C8 72 65 63 65 69 76 65 64 01 C4 2E C3 C0	1D0 1CA 029 1C8 1C4 03C 001 012 018 023 03E 01F 1C3 1C0
00	8E	0x008E	"<CLEAR>
<INSERT_B>は
<INSERT_A>を 手に入れた"	"<CLEAR><INSERT_B>
obtained <INSERT_A>.<LINE>"			CLEAR INSERT_B NEWLINE INSERT_A LINE END	EA:199E	D0 CA C8 6F 62 74 61 69 6E 65 64 01 C4 2E C3 C0	1D0 1CA 029 1C8 1C4 03C 001 177 025 08E 039 01F 1C3 1C0
00	8F	0x008F	"<CLEAR>
<INSERT_B>は
<INSERT_A>を うけとろうとした"	"<CLEAR><INSERT_B> tried
to take <INSERT_A>.<LINE>"			CLEAR INSERT_B NEWLINE INSERT_A LINE END	EA:19AE	D0 CA 01 74 72 69 65 64 C8 74 6F 01 74 61 6B 65 01 C4 2E C3 C0	1D0 1CA 029 1C8 1C4 03C 001 012 018 023 03A 012 023 01B 01F 1C3 1C0
00	90	0x0090	"<CLEAR>
しかし にもつがいっぱいで
持てなかった"	"<CLEAR>But there was no
room to carry it.<LINE>"			CLEAR NEWLINE LINE END	EA:19C3	D0 42 75 74 01 74 68 65 72 65 01 77 61 73 01 6E 6F C8 72 6F 6F 6D 01 74 6F 01 63 61 72 72 79 01 69 74 2E C3 C0	1D0 01B 015 01B 001 025 032 021 084 015 011 03E 083 029 011 084 022 1C8 0D3 022 024 015 03E 01F 1C3 1C0
00	91	0x0091	"<CLEAR>
<INSERT_B>は
<INSERT_A>を ひろおうとした"	"<CLEAR><INSERT_B> tried
to pick up <INSERT_A>.<LINE>"			CLEAR INSERT_B NEWLINE INSERT_A LINE END	EA:19E8	D0 CA 01 74 72 69 65 64 C8 74 6F 01 70 69 63 6B 01 75 70 01 C4 2E C3 C0	1D0 1CA 029 1C8 1C4 03C 001 02A 03A 014 012 023 01B 01F 1C3 1C0
00	92	0x0092	"<CLEAR>
<INSERT_B>は
<INSERT_A>を みつけた"	"<CLEAR><INSERT_B>
found <INSERT_A>.<LINE>"			CLEAR INSERT_B NEWLINE INSERT_A LINE END	EA:1A00	D0 CA C8 66 6F 75 6E 64 01 C4 2E C3 C0	1D0 1CA 029 1C8 1C4 03C 001 02F 021 018 01F 1C3 1C0
00	93	0x0093	"<CLEAR>
<INSERT_B>は
<NUMBER>エンドルを うけとった"	"<CLEAR><INSERT_B>
received <NUMBER> Endol.<LINE>"			CLEAR INSERT_B NEWLINE NUMBER LINE END	EA:1A0D	D0 CA C8 72 65 63 65 69 76 65 64 01 C2 01 45 6E 64 6F 6C 2E C3 C0	1D0 1CA 029 1C8 1C2 045 06F 084 055 06A 03C 001 012 018 023 03E 01F 1C3 1C0
00	94	0x0094	"<CLEAR>
<INSERT_B>は
<NUMBER>エンドルを 手に入れた"	"<CLEAR><INSERT_B>
obtained <NUMBER> Endol.<LINE>"			CLEAR INSERT_B NEWLINE NUMBER LINE END	EA:1A23	D0 CA C8 6F 62 74 61 69 6E 65 64 01 C2 01 45 6E 64 6F 6C 2E C3 C0	1D0 1CA 029 1C8 1C2 045 06F 084 055 06A 03C 001 177 025 08E 039 01F 1C3 1C0
00	95	0x0095	"<CLEAR>
<INSERT_B>は <NUMBER>枚の
カジノのコインを うけとった"	"<CLEAR><INSERT_B>
received <NUMBER> Casino Coins.<LINE>"			CLEAR INSERT_B NEWLINE NUMBER LINE END	EA:1A39	D0 CA C8 72 65 63 65 69 76 65 64 01 C2 01 43 61 73 69 6E 6F 01 43 6F 69 6E 73 2E C3 C0	1D0 1CA 029 001 1C2 115 028 1C8 047 084 04D 05A 028 04B 043 06F 03C 001 012 018 023 03E 01F 1C3 1C0
00	96	0x0096	"<CLEAR>
<INSERT_B>は <INSERT_A>を
装備させてもらった"	"<CLEAR><INSERT_B> was
equipped with <INSERT_A>.<LINE>"			CLEAR INSERT_B NEWLINE INSERT_A LINE END	EA:1A56	D0 CA 01 77 61 73 C8 65 71 75 69 70 70 65 64 01 77 69 74 68 01 C4 2E C3 C0	1D0 1CA 029 001 1C4 03C 1C8 0C2 0C4 01A 01D 022 032 036 03E 01F 1C3 1C0
00	97	0x0097	"<CLEAR>
<INSERT_B>は
呪われてしまった!"	"<CLEAR><INSERT_B>
was cursed!<LINE>"			CLEAR INSERT_B NEWLINE LINE END	EA:1A6F	D0 CA C8 77 61 73 01 63 75 72 73 65 64 21 C3 C0	1D0 1CA 029 1C8 12D 03B 039 022 01B 02E 03E 01F 07A 1C3 1C0
00	98	0x0098	"<CLEAR>
<INSERT_B>は <INSERT_A>を
装備させてもらおうとした
<WAIT>
<CLEAR>
しかし <INSERT_A>が
呪いで 体から はなれない"	"<CLEAR><INSERT_B> tried
to equip <INSERT_A>.<LINE><WAIT><CLEAR>But <INSERT_A> is
cursed and won't come off.<LINE>"			CLEAR INSERT_B NEWLINE INSERT_A LINE WAIT CLEAR INSERT_A NEWLINE LINE END	EA:1A7F	D0 CA 01 74 72 69 65 64 C8 74 6F 01 65 71 75 69 70 01 C4 2E C3 C5 D0 42 75 74 01 C4 01 69 73 C8 63 75 72 73 65 64 01 61 6E 64 01 77 6F 6E 27 74 01 63 6F 6D 65 01 6F 66 66 2E C3 C0	1D0 1CA 029 001 1C4 03C 1C8 0C2 0C4 01A 01D 022 032 036 014 012 023 01B 01F 1C3 1C5 1D0 01B 015 01B 001 1C4 084 015 1C8 12D 011 084 022 001 0F0 015 036 001 029 024 039 024 011 1C3 1C0
00	99	0x0099	"<CLEAR>
ハーイ"	<CLEAR>Hi!			CLEAR END	EA:1ABB	D0 48 69 21 C0	1D0 05B 078 043 1C0
00	9A	0x009A	"<CLEAR>
レディは つぼを のぞきこんだ"	<CLEAR>Lady peered into the pot.			CLEAR END	EA:1AC0	D0 4C 61 64 79 01 70 65 65 72 65 64 01 69 6E 74 6F 01 74 68 65 01 70 6F 74 2E C0	1D0 06B 084 054 075 029 001 021 084 02D 03C 001 028 084 01E 016 019 03D 084 01F 1C0
00	9B	0x009B	"<CLEAR>
しかし 何も 見つからなかった"	<CLEAR>But she found nothing.			CLEAR END	EA:1ADB	D0 42 75 74 01 73 68 65 01 66 6F 75 6E 64 01 6E 6F 74 68 69 6E 67 2E C0	1D0 01B 015 01B 001 093 032 001 090 021 015 036 024 015 03E 01F 1C0
00	9C	0x009C	"<CLEAR>
レディは タンスを しらべた"	<CLEAR>Lady searched the dresser.			CLEAR END	EA:1AF3	D0 4C 61 64 79 01 73 65 61 72 63 68 65 64 01 74 68 65 01 64 72 65 73 73 65 72 2E C0	1D0 06B 084 054 075 029 001 051 06F 04E 03C 001 01B 036 084 02C 01F 1C0
00	9D	0x009D	"<CLEAR>
レディは たるを しらべた"	<CLEAR>Lady searched the barrel.			CLEAR END	EA:1B0F	D0 4C 61 64 79 01 73 65 61 72 63 68 65 64 01 74 68 65 01 62 61 72 72 65 6C 2E C0	1D0 06B 084 054 075 029 001 01F 038 03C 001 01B 036 084 02C 01F 1C0
00	9E	0x009E	"<CLEAR>
レディは 本だなを しらべた"	<CLEAR>Lady searched the bookshelf.			CLEAR END	EA:1B2A	D0 4C 61 64 79 01 73 65 61 72 63 68 65 64 01 74 68 65 01 62 6F 6F 6B 73 68 65 6C 66 2E C0	1D0 06B 084 054 075 029 001 13A 084 01F 024 03C 001 01B 036 084 02C 01F 1C0
00	9F	0x009F	"<CLEAR>
本の山だ・・・"	<CLEAR>A mountain of books...			CLEAR END	EA:1B48	D0 41 01 6D 6F 75 6E 74 61 69 6E 01 6F 66 01 62 6F 6F 6B 73 2E 2E 2E C0	1D0 13A 028 10C 084 01F 081 081 081 1C0
00	A0	0x00A0	"<CLEAR>
レディは たなを しらべた"	<CLEAR>Lady searched the shelf.			CLEAR END	EA:1B60	D0 4C 61 64 79 01 73 65 61 72 63 68 65 64 01 74 68 65 01 73 68 65 6C 66 2E C0	1D0 06B 084 054 075 029 001 01F 024 03C 001 01B 036 084 02C 01F 1C0
00	A1	0x00A1	"<CLEAR>
レディは はこを しらべた"	<CLEAR>Lady searched the box.			CLEAR END	EA:1B7A	D0 4C 61 64 79 01 73 65 61 72 63 68 65 64 01 74 68 65 01 62 6F 78 2E C0	1D0 06B 084 054 075 029 001 029 019 03C 001 01B 036 084 02C 01F 1C0
00	A2	0x00A2	"<CLEAR>
何も こたえない
かんぜんに 死んでいるようだ"	"<CLEAR>No response. It seems
completely dead."			CLEAR NEWLINE END	EA:1B92	D0 4E 6F 01 72 65 73 70 6F 6E 73 65 2E 01 49 74 01 73 65 65 6D 73 C8 63 6F 6D 70 6C 65 74 65 6C 79 01 64 65 61 64 2E C0	1D0 093 032 001 019 01F 013 024 011 1C8 015 03D 084 01D 03D 025 001 0D6 03D 084 022 011 038 035 012 084 01F 1C0
00	A3	0x00A3	"<CLEAR>
鉱山を掘る 道具がある"	"<CLEAR>There are tools for
digging in the mine."			CLEAR NEWLINE END	EA:1BBA	D0 54 68 65 72 65 01 61 72 65 01 74 6F 6F 6C 73 01 66 6F 72 C8 64 69 67 67 69 6E 67 01 69 6E 01 74 68 65 01 6D 69 6E 65 2E C0	1D0 10B 10C 03C 11C 038 001 0C7 124 084 015 010 038 1C0
00	A4	0x00A4	"<CLEAR>
よごれた ほこりの かたまりのようだ"	"<CLEAR>It looks like a
filthy lump of dust."			CLEAR NEWLINE END	EA:1BE4	D0 49 74 01 6C 6F 6F 6B 73 01 6C 69 6B 65 01 61 C8 66 69 6C 74 68 79 01 6C 75 6D 70 01 6F 66 01 64 75 73 74 2E C0	1D0 035 084 019 039 01F 001 02D 019 037 028 001 015 01F 02E 037 028 035 012 084 01F 1C0
00	A5	0x00A5	"<CLEAR>
くさいにおいのする
ものすごく 古い チーズがある"	"<CLEAR>There is some incredibly
old cheese that reeks."			CLEAR NEWLINE END	EA:1C0A	D0 54 68 65 72 65 01 69 73 01 73 6F 6D 65 01 69 6E 63 72 65 64 69 62 6C 79 C8 6F 6C 64 01 63 68 65 65 73 65 01 74 68 61 74 01 72 65 65 6B 73 2E C0	1D0 017 01A 011 025 014 011 028 01C 038 1C8 032 028 01C 084 019 017 001 096 011 001 052 078 084 04E 084 015 010 038 1C0
00	A6	0x00A6	"<CLEAR>
ひからびて カリカリに なっている<WAIT>
<CLEAR>
力を くわえると
こなごなに なりそうだ"	"<CLEAR>It is dried out and rock-hard.<WAIT><CLEAR>If you put any force on it,
it looks ready to crumble.<LINE>"			CLEAR WAIT CLEAR NEWLINE LINE END	EA:1C3B	D0 49 74 01 69 73 01 64 72 69 65 64 01 6F 75 74 01 61 6E 64 01 72 6F 63 6B 2D 68 61 72 64 2E C5 D0 49 66 01 79 6F 75 01 70 75 74 01 61 6E 79 01 66 6F 72 63 65 01 6F 6E 01 69 74 2C C8 69 74 01 6C 6F 6F 6B 73 01 72 65 61 64 79 01 74 6F 01 63 72 75 6D 62 6C 65 2E C3 C0	1D0 02A 015 036 084 02A 022 001 047 069 047 069 025 001 024 03E 022 011 038 1C5 1D0 107 03C 001 017 03B 013 038 023 1C8 019 024 084 019 024 025 001 024 037 01E 012 084 01F 1C3 1C0
00	A7	0x00A7	"<CLEAR>
ひかるビーダマを みつけた!"	<CLEAR>Found a Shining Marble!			CLEAR END	EA:1C94	D0 46 6F 75 6E 64 01 61 01 53 68 69 6E 69 6E 67 01 4D 61 72 62 6C 65 21 C0	1D0 02A 015 038 084 05C 078 084 051 060 03C 001 02F 021 018 01F 07A 1C0
00	A8	0x00A8	"<CLEAR>
ひかるビーダマを
コレクタに おくりますか?"	"<CLEAR>Send the Shining Marble
to the Collector?"			CLEAR NEWLINE END	EA:1CAD	D0 53 65 6E 64 01 74 68 65 01 53 68 69 6E 69 6E 67 01 4D 61 72 62 6C 65 C8 74 6F 01 74 68 65 01 43 6F 6C 6C 65 63 74 6F 72 3F C0	1D0 02A 015 038 084 05C 078 084 051 060 03C 1C8 04B 06B 049 051 025 001 014 017 037 02E 01C 015 079 1C0
00	A9	0x00A9	"<CLEAR>
ひかるビーダマを
コレクタに おくった"	"<CLEAR>Sent the Shining
Marble to the Collector."			CLEAR NEWLINE END	EA:1CD8	D0 53 65 6E 74 01 74 68 65 01 53 68 69 6E 69 6E 67 C8 4D 61 72 62 6C 65 01 74 6F 01 74 68 65 01 43 6F 6C 6C 65 63 74 6F 72 2E C0	1D0 02A 015 038 084 05C 078 084 051 060 03C 1C8 04B 06B 049 051 025 001 014 017 03E 01F 1C0
00	AA	0x00AA	"<CLEAR>
カジノのコインを
カジノに おくった"	"<CLEAR>Sent the Casino
Coins to the casino."			CLEAR NEWLINE END	EA:1D03	D0 53 65 6E 74 01 74 68 65 01 43 61 73 69 6E 6F C8 43 6F 69 6E 73 01 74 6F 01 74 68 65 01 63 61 73 69 6E 6F 2E C0	1D0 047 084 04D 05A 028 04B 043 06F 03C 1C8 047 084 04D 05A 025 001 014 017 03E 01F 1C0
00	AB	0x00AB	"<CLEAR>
これは <INSERT_A>"	<CLEAR>This is <INSERT_A>.			CLEAR INSERT_A END	EA:1D29	D0 54 68 69 73 01 69 73 01 C4 2E C0	1D0 019 039 029 001 1C4 1C0
00	AC	0x00AC	"<CLEAR>
レディ が
装備できる 武器です"	<CLEAR>A weapon that Lady can equip.			CLEAR END	EA:1D35	D0 41 01 77 65 61 70 6F 6E 01 74 68 61 74 01 4C 61 64 79 01 63 61 6E 01 65 71 75 69 70 2E C0	1D0 06B 084 054 075 001 084 015 1C8 0C2 0C4 084 022 016 038 001 0CB 12A 084 022 01C 1C0
00	AD	0x00AD	"<CLEAR>
コックス が
装備できる 武器です"	<CLEAR>A weapon that Cox can equip.			CLEAR END	EA:1D54	D0 41 01 77 65 61 70 6F 6E 01 74 68 61 74 01 43 6F 78 01 63 61 6E 01 65 71 75 69 70 2E C0	1D0 04B 070 049 04E 001 084 015 1C8 0C2 0C4 084 022 016 038 001 0CB 12A 084 022 01C 1C0
00	AE	0x00AE	"<CLEAR>
レディ コックス が
装備できる 武器です"	"<CLEAR>A weapon that Lady
or Cox can equip."			CLEAR NEWLINE END	EA:1D72	D0 41 01 77 65 61 70 6F 6E 01 74 68 61 74 01 4C 61 64 79 C8 6F 72 01 43 6F 78 01 63 61 6E 01 65 71 75 69 70 2E C0	1D0 06B 084 054 075 001 04B 070 049 04E 001 084 015 1C8 0C2 0C4 084 022 016 038 001 0CB 12A 084 022 01C 1C0
00	AF	0x00AF	"<CLEAR>
ヨシオ が
装備できる 武器です"	<CLEAR>A weapon that Yoshio can equip.			CLEAR END	EA:1D98	D0 41 01 77 65 61 70 6F 6E 01 74 68 61 74 01 59 6F 73 68 69 6F 01 63 61 6E 01 65 71 75 69 70 2E C0	1D0 067 04D 046 001 084 015 1C8 0C2 0C4 084 022 016 038 001 0CB 12A 084 022 01C 1C0
00	B0	0x00B0	"<CLEAR>
レディ ヨシオ が
装備できる 武器です"	"<CLEAR>A weapon that Lady
or Yoshio can equip."			CLEAR NEWLINE END	EA:1DB9	D0 41 01 77 65 61 70 6F 6E 01 74 68 61 74 01 4C 61 64 79 C8 6F 72 01 59 6F 73 68 69 6F 01 63 61 6E 01 65 71 75 69 70 2E C0	1D0 06B 084 054 075 001 067 04D 046 001 084 015 1C8 0C2 0C4 084 022 016 038 001 0CB 12A 084 022 01C 1C0
00	B1	0x00B1	"<CLEAR>
コックス ヨシオ が
装備できる 武器です"	"<CLEAR>A weapon that Cox
or Yoshio can equip."			CLEAR NEWLINE END	EA:1DE2	D0 41 01 77 65 61 70 6F 6E 01 74 68 61 74 01 43 6F 78 C8 6F 72 01 59 6F 73 68 69 6F 01 63 61 6E 01 65 71 75 69 70 2E C0	1D0 04B 070 049 04E 001 067 04D 046 001 084 015 1C8 0C2 0C4 084 022 016 038 001 0CB 12A 084 022 01C 1C0
00	B2	0x00B2	"<CLEAR>
レディ コックス ヨシオ が
装備できる 武器です"	"<CLEAR>A weapon anyone in
the party can equip."			CLEAR NEWLINE END	EA:1E0A	D0 41 01 77 65 61 70 6F 6E 01 61 6E 79 6F 6E 65 01 69 6E C8 74 68 65 01 70 61 72 74 79 01 63 61 6E 01 65 71 75 69 70 2E C0	1D0 06B 084 054 075 001 04B 070 049 04E 001 067 04D 046 001 084 015 1C8 0C2 0C4 084 022 016 038 001 0CB 12A 084 022 01C 1C0
00	B3	0x00B3	"<CLEAR>
レディ が
装備できる 防具です"	<CLEAR>Armor that Lady can equip.			CLEAR END	EA:1E33	D0 41 72 6D 6F 72 01 74 68 61 74 01 4C 61 64 79 01 63 61 6E 01 65 71 75 69 70 2E C0	1D0 06B 084 054 075 001 084 015 1C8 0C2 0C4 084 022 016 038 001 151 124 084 022 01C 1C0
00	B4	0x00B4	"<CLEAR>
コックス が
装備できる 防具です"	<CLEAR>Armor that Cox can equip.			CLEAR END	EA:1E4F	D0 41 72 6D 6F 72 01 74 68 61 74 01 43 6F 78 01 63 61 6E 01 65 71 75 69 70 2E C0	1D0 04B 070 049 04E 001 084 015 1C8 0C2 0C4 084 022 016 038 001 151 124 084 022 01C 1C0
00	B5	0x00B5	"<CLEAR>
レディ コックス が
装備できる 防具です"	"<CLEAR>Armor that Lady
or Cox can equip."			CLEAR NEWLINE END	EA:1E6A	D0 41 72 6D 6F 72 01 74 68 61 74 01 4C 61 64 79 C8 6F 72 01 43 6F 78 01 63 61 6E 01 65 71 75 69 70 2E C0	1D0 06B 084 054 075 001 04B 070 049 04E 001 084 015 1C8 0C2 0C4 084 022 016 038 001 151 124 084 022 01C 1C0
00	B6	0x00B6	"<CLEAR>
ヨシオ が
装備できる 防具です"	<CLEAR>Armor that Yoshio can equip.			CLEAR END	EA:1E8D	D0 41 72 6D 6F 72 01 74 68 61 74 01 59 6F 73 68 69 6F 01 63 61 6E 01 65 71 75 69 70 2E C0	1D0 067 04D 046 001 084 015 1C8 0C2 0C4 084 022 016 038 001 151 124 084 022 01C 1C0
00	B7	0x00B7	"<CLEAR>
レディ ヨシオ が
装備できる 防具です"	"<CLEAR>Armor that Lady or
Yoshio can equip."			CLEAR NEWLINE END	EA:1EAB	D0 41 72 6D 6F 72 01 74 68 61 74 01 4C 61 64 79 01 6F 72 C8 59 6F 73 68 69 6F 01 63 61 6E 01 65 71 75 69 70 2E C0	1D0 06B 084 054 075 001 067 04D 046 001 084 015 1C8 0C2 0C4 084 022 016 038 001 151 124 084 022 01C 1C0
00	B8	0x00B8	"<CLEAR>
コックス ヨシオ が
装備できる 防具です"	"<CLEAR>Armor that Cox
or Yoshio can equip."			CLEAR NEWLINE END	EA:1ED1	D0 41 72 6D 6F 72 01 74 68 61 74 01 43 6F 78 C8 6F 72 01 59 6F 73 68 69 6F 01 63 61 6E 01 65 71 75 69 70 2E C0	1D0 04B 070 049 04E 001 067 04D 046 001 084 015 1C8 0C2 0C4 084 022 016 038 001 151 124 084 022 01C 1C0
00	B9	0x00B9	"<CLEAR>
レディ コックス ヨシオ が
装備できる 防具です"	"<CLEAR>Armor anyone in
the party can equip."			CLEAR NEWLINE END	EA:1EF6	D0 41 72 6D 6F 72 01 61 6E 79 6F 6E 65 01 69 6E C8 74 68 65 01 70 61 72 74 79 01 63 61 6E 01 65 71 75 69 70 2E C0	1D0 06B 084 054 075 001 04B 070 049 04E 001 067 04D 046 001 084 015 1C8 0C2 0C4 084 022 016 038 001 151 124 084 022 01C 1C0
00	BA	0x00BA	"<CLEAR>
こいつがあれば
ちょっとのケガなら
すぐに ぜんかい べんりだよ"	"<CLEAR>Keep this around and even
a small injury can be healed
up in no time. Handy stuff!"			CLEAR NEWLINE NEWLINE END	EA:1F1C	D0 4B 65 65 70 01 74 68 69 73 01 61 72 6F 75 6E 64 01 61 6E 64 01 65 76 65 6E C8 61 01 73 6D 61 6C 6C 01 69 6E 6A 75 72 79 01 63 61 6E 01 62 65 01 68 65 61 6C 65 64 C8 75 70 01 69 6E 01 6E 6F 01 74 69 6D 65 2E 01 48 61 6E 64 79 01 73 74 75 66 66 21 C0	1D0 019 011 021 084 015 010 039 084 029 1C8 020 041 03E 023 028 04A 084 047 024 036 1C8 01C 084 017 025 001 084 01D 03D 015 011 001 084 02C 03D 037 084 01F 035 1C0
00	BB	0x00BB	"<CLEAR>
こわーい 毒も もうあんしん
もしものために おひとつどうぞ"	"<CLEAR>Scary poison? No problem!
Take one along, just in case."			CLEAR NEWLINE END	EA:1F70	D0 53 63 61 72 79 01 70 6F 69 73 6F 6E 3F 01 4E 6F 01 70 72 6F 62 6C 65 6D 21 C8 54 61 6B 65 01 6F 6E 65 01 61 6C 6F 6E 67 2C 01 6A 75 73 74 01 69 6E 01 63 61 73 65 2E C0	1D0 019 03B 078 011 001 137 032 001 032 012 010 03D 01B 03D 1C8 032 01B 032 028 01F 031 025 001 014 02A 023 021 084 023 012 084 01E 1C0
00	BC	0x00BC	"<CLEAR>
体がマヒしたそのときに
マヒノンあれば 気分リフレッシュ!"	"<CLEAR>When paralysis hits, Para-Cure
gets you feeling fresh again!"			CLEAR NEWLINE END	EA:1FA9	D0 57 68 65 6E 01 70 61 72 61 6C 79 73 69 73 01 68 69 74 73 2C 01 50 61 72 61 2D 43 75 72 65 C8 67 65 74 73 01 79 6F 75 01 66 65 65 6C 69 6E 67 01 66 72 65 73 68 01 61 67 61 69 6E 21 C0	1D0 0F0 084 015 060 05C 01B 01F 01E 028 023 016 025 1C8 060 05C 05A 06F 010 039 084 029 001 099 16C 069 05D 06B 070 04D 072 07A 1C0
00	BD	0x00BD	"<CLEAR>
ザコなんぞ 見たくないという
お強いあなたに 大ニュース
おふだ使って ザコちゃん ばいばーい"	"<CLEAR>Too tough to bother with
small fry? Great news! Use
a Ward Charm and bye-bye!"			CLEAR NEWLINE NEWLINE END	EA:1FE7	D0 54 6F 6F 01 74 6F 75 67 68 01 74 6F 01 62 6F 74 68 65 72 01 77 69 74 68 C8 73 6D 61 6C 6C 01 66 72 79 3F 01 47 72 65 61 74 01 6E 65 77 73 21 01 55 73 65 C8 61 01 57 61 72 64 01 43 68 61 72 6D 01 61 6E 64 01 62 79 65 2D 62 79 65 21 C0	1D0 084 04C 04B 024 03D 084 01E 001 090 01F 017 024 011 023 011 012 1C8 014 138 011 010 024 01F 025 001 0AC 057 072 078 04E 1C8 014 02B 084 01F 123 03E 022 001 084 04C 04B 020 03F 03D 001 084 029 011 084 029 078 011 1C0
00	BE	0x00BE	"<CLEAR>
あの町に もどりたい
でも めんどくさい というあなた<WAIT>
<CLEAR>
おまかせください
スプリング使って ジャンプ ジャンプ
なお 空の見える場所で お使いください"	"<CLEAR>Want to go back to town,
but can't be bothered?<WAIT><CLEAR>Leave it to us! Use a Spring
and jump, jump! Use it
where you can see the sky."			CLEAR NEWLINE WAIT CLEAR NEWLINE NEWLINE END	EA:2036	D0 57 61 6E 74 01 74 6F 01 67 6F 01 62 61 63 6B 01 74 6F 01 74 6F 77 6E 2C C8 62 75 74 01 63 61 6E 27 74 01 62 65 01 62 6F 74 68 65 72 65 64 3F C5 D0 4C 65 61 76 65 01 69 74 01 74 6F 01 75 73 21 01 55 73 65 01 61 01 53 70 72 69 6E 67 C8 61 6E 64 01 6A 75 6D 70 2C 01 6A 75 6D 70 21 01 55 73 65 01 69 74 C8 77 68 65 72 65 01 79 6F 75 01 63 61 6E 01 73 65 65 01 74 68 65 01 73 6B 79 2E C0	1D0 010 028 0C9 025 001 032 084 023 037 01F 011 1C8 084 022 032 001 031 03D 084 023 017 01A 011 001 023 011 012 010 024 01F 1C5 1D0 014 02E 015 01D 017 084 01F 01A 011 1C8 04E 083 05D 069 06F 084 049 123 03E 022 001 084 04D 071 06F 083 05D 001 084 04D 071 06F 083 05D 1C8 024 014 001 156 028 090 013 038 0A5 12F 084 022 001 014 123 011 017 084 01F 01A 011 1C0
00	BF	0x00BF	"<CLEAR>
この本は
デスランドのひみつ まんさいの
買って そんなしの 歴史書です"	"<CLEAR>This history book is packed
with Deathland secrets. You
won't regret buying it!"			CLEAR NEWLINE NEWLINE END	EA:20B7	D0 54 68 69 73 01 68 69 73 74 6F 72 79 01 62 6F 6F 6B 01 69 73 01 70 61 63 6B 65 64 C8 77 69 74 68 01 44 65 61 74 68 6C 61 6E 64 01 73 65 63 72 65 74 73 2E 01 59 6F 75 C8 77 6F 6E 27 74 01 72 65 67 72 65 74 01 62 75 79 69 6E 67 01 69 74 21 C0	1D0 019 028 13A 029 1C8 084 054 04E 068 06F 084 055 028 02A 02F 021 001 02E 03D 01A 011 028 1C8 0A8 03E 022 001 01E 03D 024 01B 028 001 0EA 0E6 098 084 022 01C 1C0
00	C0	0x00C0	"<CLEAR>
デスランド名物 キングにんぎょうは
化け物が きらいな
ピンクピリチオンはいごうの<WAIT>
<CLEAR>
化け物からにげられる
かっきてきな 商品です"	"<CLEAR>Deathland's famous King
Doll contains monster-hated
pink pyrithione!<WAIT><CLEAR>A revolutionary product that
helps you flee monsters!"			CLEAR NEWLINE NEWLINE WAIT CLEAR NEWLINE END	EA:2108	D0 44 65 61 74 68 6C 61 6E 64 27 73 01 66 61 6D 6F 75 73 01 4B 69 6E 67 C8 44 6F 6C 6C 01 63 6F 6E 74 61 69 6E 73 01 6D 6F 6E 73 74 65 72 2D 68 61 74 65 64 C8 70 69 6E 6B 01 70 79 72 69 74 68 69 6F 6E 65 21 C5 D0 41 01 72 65 76 6F 6C 75 74 69 6F 6E 61 72 79 01 70 72 6F 64 75 63 74 01 74 68 61 74 C8 68 65 6C 70 73 01 79 6F 75 01 66 6C 65 65 01 6D 6F 6E 73 74 65 72 73 21 C0	1D0 084 054 04E 068 06F 084 055 0CD 08B 001 048 06F 084 049 025 03D 084 016 041 012 029 1C8 09E 018 08B 084 015 001 016 036 011 024 1C8 083 05C 06F 049 083 05C 069 052 046 06F 029 011 084 019 012 028 1C5 1D0 09E 018 08B 015 036 025 084 018 036 039 038 1C8 015 03E 016 022 016 024 001 109 12B 084 022 01C 1C0
00	C1	0x00C1	"<CLEAR>
とくに 変わったところは
ないようです"	<CLEAR>Nothing seems unusual about it.			CLEAR END	EA:2185	D0 4E 6F 74 68 69 6E 67 01 73 65 65 6D 73 01 75 6E 75 73 75 61 6C 01 61 62 6F 75 74 01 69 74 2E C0	1D0 023 017 025 001 178 03B 03E 01F 023 019 03A 029 1C8 024 011 035 012 084 022 01C 1C0
00	C2	0x00C2	"<CLEAR>
1回使ったら
なくなってしまいます"	<CLEAR>It disappears after one use.			CLEAR END	EA:21A6	D0 49 74 01 64 69 73 61 70 70 65 61 72 73 01 61 66 74 65 72 01 6F 6E 65 01 75 73 65 2E C0	1D0 003 169 123 03E 01F 036 1C8 024 017 024 03E 022 01B 02E 011 02E 01C 1C0
00	C3	0x00C3	"<CLEAR>
何回使っても
なくなりません"	"<CLEAR>It never runs out, no matter
how often you use it."			CLEAR NEWLINE END	EA:21C4	D0 49 74 01 6E 65 76 65 72 01 72 75 6E 73 01 6F 75 74 2C 01 6E 6F 01 6D 61 74 74 65 72 C8 68 6F 77 01 6F 66 74 65 6E 01 79 6F 75 01 75 73 65 01 69 74 2E C0	1D0 093 169 123 03E 022 032 1C8 024 017 024 037 02E 01D 03D 1C0
00	C4	0x00C4	"<CLEAR>
あかい とびらがある"	<CLEAR>There is a red door.			CLEAR END	EA:21F8	D0 54 68 65 72 65 01 69 73 01 61 01 72 65 64 01 64 6F 6F 72 2E C0	1D0 010 015 011 001 023 084 02A 036 084 015 010 038 1C0
00	C5	0x00C5	"<CLEAR>
とびらには カギが かかっている"	<CLEAR>The door is locked.			CLEAR END	EA:220E	D0 54 68 65 01 64 6F 6F 72 01 69 73 01 6C 6F 63 6B 65 64 2E C0	1D0 023 084 02A 036 025 029 001 047 084 048 084 015 001 015 015 03E 022 011 038 1C0
00	C6	0x00C6	"<CLEAR>
あおい とびらがある"	<CLEAR>There is a blue door.			CLEAR END	EA:2223	D0 54 68 65 72 65 01 69 73 01 61 01 62 6C 75 65 01 64 6F 6F 72 2E C0	1D0 010 014 011 001 023 084 02A 036 084 015 010 038 1C0
00	C7	0x00C7	"<CLEAR>
地下水道の とびらがある"	<CLEAR>There is a door to the sewer.			CLEAR END	EA:223A	D0 54 68 65 72 65 01 69 73 01 61 01 64 6F 6F 72 01 74 6F 01 74 68 65 01 73 65 77 65 72 2E C0	1D0 0D5 0B8 0B2 0C7 028 001 023 084 02A 036 084 015 010 038 1C0
00	C8	0x00C8	"<CLEAR>
熱で まっかになった とびらがある<WAIT>
<CLEAR>
熱くて さわれない"	<CLEAR>The door is glowing red-hot.<WAIT><CLEAR>It's too hot to touch.			CLEAR WAIT CLEAR END	EA:2259	D0 54 68 65 01 64 6F 6F 72 01 69 73 01 67 6C 6F 77 69 6E 67 01 72 65 64 2D 68 6F 74 2E C5 D0 49 74 27 73 01 74 6F 6F 01 68 6F 74 01 74 6F 01 74 6F 75 63 68 2E C0	1D0 185 084 022 001 02E 03E 015 025 024 03E 01F 001 023 084 02A 036 084 015 010 038 1C5 1D0 185 017 022 001 01A 03B 039 024 011 1C0
00	C9	0x00C9	"<CLEAR>
こおりの とびらがある"	<CLEAR>There is a door of ice.			CLEAR END	EA:228F	D0 54 68 65 72 65 01 69 73 01 61 01 64 6F 6F 72 01 6F 66 01 69 63 65 2E C0	1D0 019 014 037 028 001 023 084 02A 036 084 015 010 038 1C0
00	CA	0x00CA	"<CLEAR>
ガヌビスの像が レリーフされた
石の とびらがある"	"<CLEAR>There is a stone door
carved with Ganubis."			CLEAR NEWLINE END	EA:22A8	D0 54 68 65 72 65 01 69 73 01 61 01 73 74 6F 6E 65 01 64 6F 6F 72 C8 63 61 72 76 65 64 01 77 69 74 68 01 47 61 6E 75 62 69 73 2E C0	1D0 084 047 058 084 05C 04E 028 159 084 015 001 06B 069 078 05D 01A 039 01F 1C8 09D 028 001 023 084 02A 036 084 015 010 038 1C0
00	CB	0x00CB	"<CLEAR>
黒い とびらがある"	<CLEAR>There is a black door.			CLEAR END	EA:22D4	D0 54 68 65 72 65 01 69 73 01 61 01 62 6C 61 63 6B 01 64 6F 6F 72 2E C0	1D0 180 011 001 023 084 02A 036 084 015 010 038 1C0
00	CC	0x00CC	"<CLEAR>
すきとおった とびらが あるようだ<WAIT>
<CLEAR>
とびらには カギが かかっているようだ"	"<CLEAR>There seems to be
a transparent door.<WAIT><CLEAR>It seems to be locked."			CLEAR NEWLINE WAIT CLEAR END	EA:22EC	D0 54 68 65 72 65 01 73 65 65 6D 73 01 74 6F 01 62 65 C8 61 01 74 72 61 6E 73 70 61 72 65 6E 74 01 64 6F 6F 72 2E C5 D0 49 74 01 73 65 65 6D 73 01 74 6F 01 62 65 01 6C 6F 63 6B 65 64 2E C0	1D0 01C 016 023 014 03E 01F 001 023 084 02A 036 084 015 001 010 038 035 012 084 01F 1C5 1D0 023 084 02A 036 025 029 001 047 084 048 084 015 001 015 015 03E 022 011 038 035 012 084 01F 1C0
00	CD	0x00CD	"<CLEAR>
大理石の とびらがある"	<CLEAR>There is a marble door.			CLEAR END	EA:232B	D0 54 68 65 72 65 01 69 73 01 61 01 6D 61 72 62 6C 65 01 64 6F 6F 72 2E C0	1D0 0AC 165 09D 028 001 023 084 02A 036 084 015 010 038 1C0
00	CE	0x00CE	"<CLEAR>
イノブの像が レリーフされた
石の とびらがある"	"<CLEAR>There is a stone door
carved with Inobu."			CLEAR NEWLINE END	EA:2344	D0 54 68 65 72 65 01 69 73 01 61 01 73 74 6F 6E 65 01 64 6F 6F 72 C8 63 61 72 76 65 64 01 77 69 74 68 01 49 6E 6F 62 75 2E C0	1D0 043 05A 084 05D 028 159 084 015 001 06B 069 078 05D 01A 039 01F 1C8 09D 028 001 023 084 02A 036 084 015 010 038 1C0
00	CF	0x00CF	"<CLEAR>
とびらがある"	<CLEAR>There is a door.			CLEAR END	EA:236E	D0 54 68 65 72 65 01 69 73 01 61 01 64 6F 6F 72 2E C0	1D0 023 084 02A 036 084 015 010 038 1C0
00	D0	0x00D0	"<CLEAR>
とびらがある<WAIT>
<CLEAR>
こちらからは あけられないようだ"	<CLEAR>There is a door.<WAIT><CLEAR>It won't open from this side.			CLEAR WAIT CLEAR END	EA:2380	D0 54 68 65 72 65 01 69 73 01 61 01 64 6F 6F 72 2E C5 D0 49 74 01 77 6F 6E 27 74 01 6F 70 65 6E 01 66 72 6F 6D 01 74 68 69 73 01 73 69 64 65 2E C0	1D0 023 084 02A 036 084 015 010 038 1C5 1D0 019 020 036 015 036 029 001 010 018 036 039 024 011 035 012 084 01F 1C0
00	D1	0x00D1	"<CLEAR>
魔物が えがかれた とびらがある
魔物は こちらを にらんでいる<WAIT>
<CLEAR>
まるで 人間は ここを通さないぞ
と いわんばかりだ<WAIT>
<CLEAR>
とびらは ひらかない"	"<CLEAR>A monster is carved on the
door. It glares straight at you.<WAIT><CLEAR>As if it's saying, 'No
humans beyond this point.'<WAIT><CLEAR>The door will not open.<LINE><LINE>"			CLEAR NEWLINE WAIT CLEAR NEWLINE WAIT CLEAR LINE LINE END	EA:23B1	D0 41 01 6D 6F 6E 73 74 65 72 01 69 73 01 63 61 72 76 65 64 01 6F 6E 01 74 68 65 C8 64 6F 6F 72 2E 01 49 74 01 67 6C 61 72 65 73 01 73 74 72 61 69 67 68 74 01 61 74 01 79 6F 75 2E C5 D0 41 73 01 69 66 01 69 74 27 73 01 73 61 79 69 6E 67 2C 01 27 4E 6F C8 68 75 6D 61 6E 73 01 62 65 79 6F 6E 64 01 74 68 69 73 01 70 6F 69 6E 74 2E 27 C5 D0 54 68 65 01 64 6F 6F 72 01 77 69 6C 6C 01 6E 6F 74 01 6F 70 65 6E 2E C3 C3 C0	1D0 09A 08B 084 015 001 013 084 015 015 039 01F 001 023 084 02A 036 084 015 010 038 1C8 09A 08B 029 001 019 020 036 03C 001 025 036 03D 084 022 011 038 1C5 1D0 02E 038 084 022 001 091 0E3 029 001 019 019 03C 12E 01A 024 011 084 01E 1C8 023 001 011 03B 03D 084 029 015 037 084 01F 1C5 1D0 023 084 02A 036 029 001 02A 036 015 024 011 1C3 1C3 1C0
00	D2	0x00D2	"<CLEAR>
魔物が えがかれた とびらがある"	"<CLEAR>A monster is
carved on the door."			CLEAR NEWLINE END	EA:243C	D0 41 01 6D 6F 6E 73 74 65 72 01 69 73 C8 63 61 72 76 65 64 01 6F 6E 01 74 68 65 01 64 6F 6F 72 2E C0	1D0 09A 08B 084 015 001 013 084 015 015 039 01F 001 023 084 02A 036 084 015 010 038 1C0
00	D3	0x00D3	"<CLEAR>
いけがきが かりこまれている
いけがきの中に トンネルが見える<WAIT>
<CLEAR>
もうすこし かりこめば
中に 入れそうだ・・・"	"<CLEAR>The hedge has been trimmed.
A tunnel is visible inside it.<WAIT><CLEAR>Trim a little more and you
should be able to get in...<LINE>"			CLEAR NEWLINE WAIT CLEAR NEWLINE LINE END	EA:245E	D0 54 68 65 01 68 65 64 67 65 01 68 61 73 01 62 65 65 6E 01 74 72 69 6D 6D 65 64 2E C8 41 01 74 75 6E 6E 65 6C 01 69 73 01 76 69 73 69 62 6C 65 01 69 6E 73 69 64 65 01 69 74 2E C5 D0 54 72 69 6D 01 61 01 6C 69 74 74 6C 65 01 6D 6F 72 65 01 61 6E 64 01 79 6F 75 C8 73 68 6F 75 6C 64 01 62 65 01 61 62 6C 65 01 74 6F 01 67 65 74 01 69 6E 2E 2E 2E C3 C0	1D0 011 018 084 015 016 084 015 001 015 037 019 02E 039 022 011 038 1C8 011 018 084 015 016 028 0A1 025 001 055 06F 059 06A 084 015 090 013 038 1C5 1D0 032 012 01C 019 01B 001 015 037 019 031 084 029 1C8 0A1 025 001 08E 039 01E 012 084 01F 081 081 081 1C3 1C0
00	D4	0x00D4	"<CLEAR>
巨大な 一枚岩が
塔の入り口を ふさいでいる<WAIT>
<CLEAR>
岩の とびらには
伝説の王の もんしょうが
うきぼりに されている"	"<CLEAR>A gigantic monolith blocks
the entrance to the tower.<WAIT><CLEAR>The stone door bears the
crest of the legendary
king, carved in relief."			CLEAR NEWLINE WAIT CLEAR NEWLINE NEWLINE END	EA:24D3	D0 41 01 67 69 67 61 6E 74 69 63 01 6D 6F 6E 6F 6C 69 74 68 01 62 6C 6F 63 6B 73 C8 74 68 65 01 65 6E 74 72 61 6E 63 65 01 74 6F 01 74 68 65 01 74 6F 77 65 72 2E C5 D0 54 68 65 01 73 74 6F 6E 65 01 64 6F 6F 72 01 62 65 61 72 73 01 74 68 65 C8 63 72 65 73 74 01 6F 66 01 74 68 65 01 6C 65 67 65 6E 64 61 72 79 C8 6B 69 6E 67 2C 01 63 61 72 76 65 64 01 69 6E 01 72 65 6C 69 65 66 2E C0	1D0 0CC 0AC 024 001 0AF 115 158 084 015 1C8 154 028 08E 037 167 03C 001 02B 01A 011 084 022 011 038 1C5 1D0 158 028 001 023 084 02A 036 025 029 1C8 092 08F 028 155 028 001 032 03D 01B 041 012 084 015 1C8 012 016 084 02D 037 025 001 01A 039 022 011 038 1C0
00	D5	0x00D5	"<CLEAR>
とびらは ひらかない<WAIT>
<CLEAR>
あしもとの ゆかが
おもさに はんのうして
自行で とびらが ひらくらしい<WAIT>
<CLEAR>
大きくならないと ここは
通れないようだ"	"<CLEAR>The door won't open.<WAIT><CLEAR>The floor at your feet reacts
to weight and seems to
open the door automatically.<WAIT><CLEAR>You won't get through here
unless you become bigger.<LINE>"			CLEAR WAIT CLEAR NEWLINE NEWLINE WAIT CLEAR NEWLINE LINE END	EA:2553	D0 54 68 65 01 64 6F 6F 72 01 77 6F 6E 27 74 01 6F 70 65 6E 2E C5 D0 54 68 65 01 66 6C 6F 6F 72 01 61 74 01 79 6F 75 72 01 66 65 65 74 01 72 65 61 63 74 73 C8 74 6F 01 77 65 69 67 68 74 01 61 6E 64 01 73 65 65 6D 73 01 74 6F C8 6F 70 65 6E 01 74 68 65 01 64 6F 6F 72 01 61 75 74 6F 6D 61 74 69 63 61 6C 6C 79 2E C5 D0 59 6F 75 01 77 6F 6E 27 74 01 67 65 74 01 74 68 72 6F 75 67 68 01 68 65 72 65 C8 75 6E 6C 65 73 73 01 79 6F 75 01 62 65 63 6F 6D 65 01 62 69 67 67 65 72 2E C3 C0	1D0 023 084 02A 036 029 001 02A 036 015 024 011 1C5 1D0 010 01B 032 023 028 001 034 015 084 015 1C8 014 032 01A 025 001 029 03D 028 012 01B 022 1C8 0E2 0B1 084 022 001 023 084 02A 036 084 015 001 02A 036 017 036 01B 011 1C5 1D0 0AC 016 017 024 036 024 011 023 001 019 019 029 1C8 12E 039 024 011 035 012 084 01F 1C3 1C0
00	D6	0x00D6	"<SPEAKER>「ここは 武器屋だぜ!
何の 用だい?"	"<SPEAKER>This is the weapon
shop! What can I do for you?"			SPEAKER NEWLINE END	EA:25F3	CC 54 68 69 73 01 69 73 01 74 68 65 01 77 65 61 70 6F 6E C8 73 68 6F 70 21 01 57 68 61 74 01 63 61 6E 01 49 01 64 6F 01 66 6F 72 01 79 6F 75 3F C0	1CC 019 019 029 001 0CB 12A 0B3 084 01F 084 01D 07A 1C8 093 028 001 112 084 01F 011 079 1C0
00	D7	0x00D7	"<SPEAKER>「ここは 防具屋だぜ!
何の 用だい?"	"<SPEAKER>This is the armor
shop! What can I do for you?"			SPEAKER NEWLINE END	EA:2624	CC 54 68 69 73 01 69 73 01 74 68 65 01 61 72 6D 6F 72 C8 73 68 6F 70 21 01 57 68 61 74 01 63 61 6E 01 49 01 64 6F 01 66 6F 72 01 79 6F 75 3F C0	1CC 019 019 029 001 151 124 0B3 084 01F 084 01D 07A 1C8 093 028 001 112 084 01F 011 079 1C0
00	D8	0x00D8	"<SPEAKER>「うちは一発道具屋だ
どれも 使いすてだけど
あると ちょうほうするぜ"	"<SPEAKER>One-use items, right
here! They disappear when used,
but they sure come in handy."			SPEAKER NEWLINE NEWLINE END	EA:2654	CC 4F 6E 65 2D 75 73 65 01 69 74 65 6D 73 2C 01 72 69 67 68 74 C8 68 65 72 65 21 01 54 68 65 79 01 64 69 73 61 70 70 65 61 72 01 77 68 65 6E 01 75 73 65 64 2C C8 62 75 74 01 74 68 65 79 01 73 75 72 65 01 63 6F 6D 65 01 69 6E 01 68 61 6E 64 79 2E C0	1CC 012 020 029 0AF 0C8 0C7 124 0B3 084 01F 1C8 084 023 039 032 001 123 011 01C 022 084 01F 018 084 023 1C8 010 038 023 001 020 041 012 02D 012 01C 038 084 01D 1C0
00	D9	0x00D9	"<SPEAKER>「ハイハイハイ
ここは おみやげ屋さん
ご用は なんですかい?"	"<SPEAKER>Yes, yes, yes!
This is the souvenir shop.
What can I get you?"			SPEAKER NEWLINE NEWLINE END	EA:26A7	CC 59 65 73 2C 01 79 65 73 2C 01 79 65 73 21 C8 54 68 69 73 01 69 73 01 74 68 65 01 73 6F 75 76 65 6E 69 72 01 73 68 6F 70 2E C8 57 68 61 74 01 63 61 6E 01 49 01 67 65 74 01 79 6F 75 3F C0	1CC 05B 043 05B 043 05B 043 1C8 019 019 029 001 014 02F 033 084 018 0B3 01A 03D 1C8 084 019 112 029 001 024 03D 084 022 01C 015 011 079 1C0
00	DA	0x00DA	"<SPEAKER>「ほかにも 何か
用が あるか?"	<SPEAKER>Need anything else?			SPEAKER END	EA:26E6	CC 4E 65 65 64 01 61 6E 79 74 68 69 6E 67 01 65 6C 73 65 3F C0	1CC 02D 015 025 032 001 093 015 1C8 112 084 015 001 010 038 015 079 1C0
00	DB	0x00DB	<SPEAKER>「またどうぞ!	<SPEAKER>Come again!			SPEAKER END	EA:26FB	CC 43 6F 6D 65 01 61 67 61 69 6E 21 C0	1CC 02E 01F 084 023 012 084 01E 07A 1C0
00	DC	0x00DC	<SPEAKER>「どれがいい?	<SPEAKER>Which one do you want?			SPEAKER END	EA:2708	CC 57 68 69 63 68 01 6F 6E 65 01 64 6F 01 79 6F 75 01 77 61 6E 74 3F C0	1CC 084 023 039 084 015 011 011 079 1C0
00	DD	0x00DD	<SPEAKER>「<INSERT_A>だね	<SPEAKER><INSERT_A>, right?			SPEAKER INSERT_A END	EA:2720	CC C4 2C 01 72 69 67 68 74 3F C0	1CC 1C4 084 01F 027 1C0
00	DE	0x00DE	"<SPEAKER>「これは 戦いのとき
道具として 使っても
効力が あるぜ!"	"<SPEAKER>You can also use
this as an item in battle.
It has a special effect!"			SPEAKER NEWLINE NEWLINE END	EA:272B	CC 59 6F 75 01 63 61 6E 01 61 6C 73 6F 01 75 73 65 C8 74 68 69 73 01 61 73 01 61 6E 01 69 74 65 6D 01 69 6E 01 62 61 74 74 6C 65 2E C8 49 74 01 68 61 73 01 61 01 73 70 65 63 69 61 6C 01 65 66 66 65 63 74 21 C0	1CC 019 039 029 001 10D 011 028 023 016 1C8 0C7 124 023 01B 022 001 123 03E 022 032 1C8 186 107 084 015 001 010 038 084 01D 07A 1C0
00	DF	0x00DF	"<SPEAKER>「<NUMBER>エンドルだが
買うか?"	"<SPEAKER>That will be
<NUMBER> Endol. Buying it?"			SPEAKER NEWLINE NUMBER END	EA:2771	CC 54 68 61 74 01 77 69 6C 6C 01 62 65 C8 C2 01 45 6E 64 6F 6C 2E 01 42 75 79 69 6E 67 01 69 74 3F C0	1CC 1C2 045 06F 084 055 06A 084 01F 084 015 1C8 0A8 012 015 079 1C0
00	E0	0x00E0	<SPEAKER>「誰が 持つんだね?	<SPEAKER>Who will carry it?			SPEAKER END	EA:2793	CC 57 68 6F 01 77 69 6C 6C 01 63 61 72 72 79 01 69 74 3F C0	1CC 0FA 084 015 001 0D3 021 03D 084 01F 027 079 1C0
00	E1	0x00E1	<SPEAKER>「いますぐ 装備してみるか?	<SPEAKER>Equip it right now?			SPEAKER END	EA:27A7	CC 45 71 75 69 70 01 69 74 01 72 69 67 68 74 01 6E 6F 77 3F C0	1CC 011 02E 01C 084 017 001 0C2 0C4 01B 022 02F 038 015 079 1C0
00	E2	0x00E2	"<SPEAKER>「買ったら すぐ装備しないと
わすれちまうからな!"	"<SPEAKER>If you don't equip it now,
you might forget you bought it!"			SPEAKER NEWLINE END	EA:27BC	CC 49 66 01 79 6F 75 01 64 6F 6E 27 74 01 65 71 75 69 70 01 69 74 01 6E 6F 77 2C C8 79 6F 75 01 6D 69 67 68 74 01 66 6F 72 67 65 74 01 79 6F 75 01 62 6F 75 67 68 74 01 69 74 21 C0	1CC 0A8 03E 01F 036 001 01C 084 017 0C2 0C4 01B 024 011 023 1C8 03B 01C 039 020 02E 012 015 036 024 07A 1C0
00	E3	0x00E3	<SPEAKER>「ほらよ! <INSERT_D>!	<SPEAKER>Here you go, <INSERT_D>!			SPEAKER INSERT_D END	EA:27F8	CC 48 65 72 65 01 79 6F 75 01 67 6F 2C 01 CF 21 C0	1CC 02D 036 035 07A 001 1CF 07A 1C0
00	E4	0x00E4	"<SPEAKER>「じゃあ <INSERT_D>の
ひつぎの中に いれておくからな"	"<SPEAKER>All right, I'll put
it in <INSERT_D>'s coffin."			SPEAKER NEWLINE INSERT_D END	EA:2809	CC 41 6C 6C 01 72 69 67 68 74 2C 01 49 27 6C 6C 01 70 75 74 C8 69 74 01 69 6E 01 CF 27 73 01 63 6F 66 66 69 6E 2E C0	1CC 084 01B 03F 010 001 1CF 028 1C8 02A 021 084 016 028 0A1 025 001 011 039 022 014 017 015 036 024 1C0
00	E5	0x00E5	"<SPEAKER>「ほかに なにか
買ってくれるか?"	"<SPEAKER>Anything else
you want to buy?"			SPEAKER NEWLINE END	EA:2830	CC 41 6E 79 74 68 69 6E 67 01 65 6C 73 65 C8 79 6F 75 01 77 61 6E 74 01 74 6F 01 62 75 79 3F C0	1CC 02D 015 025 001 024 025 015 1C8 0A8 03E 022 017 039 038 015 079 1C0
00	E6	0x00E6	<SPEAKER>「なんだ もういいのか・・・	"<SPEAKER>What, you're
done already...?"			SPEAKER NEWLINE END	EA:2850	CC 57 68 61 74 2C 01 79 6F 75 27 72 65 C8 64 6F 6E 65 01 61 6C 72 65 61 64 79 2E 2E 2E 3F C0	1CC 024 03D 084 01F 001 032 012 011 011 028 015 081 081 081 1C0
00	E7	0x00E7	"<SPEAKER>「<INSERT_D>は これを
装備できないが
それでも いいか?"	"<SPEAKER><INSERT_D> can't
equip this. Buy it anyway?"			SPEAKER INSERT_D NEWLINE END	EA:286F	CC CF 01 63 61 6E 27 74 C8 65 71 75 69 70 01 74 68 69 73 2E 01 42 75 79 01 69 74 01 61 6E 79 77 61 79 3F C0	1CC 1CF 029 001 019 039 03C 1C8 0C2 0C4 084 022 016 024 011 084 015 1C8 01E 039 084 022 032 001 011 011 015 079 1C0
00	E8	0x00E8	"<SPEAKER>「ん? <INSERT_D>は
もう これを 持てないようだぞ?"	"<SPEAKER>Hmm? <INSERT_D> can't
carry anything else right now."			SPEAKER INSERT_D NEWLINE END	EA:2893	CC 48 6D 6D 3F 01 CF 01 63 61 6E 27 74 C8 63 61 72 72 79 01 61 6E 79 74 68 69 6E 67 01 65 6C 73 65 01 72 69 67 68 74 01 6E 6F 77 2E C0	1CC 03D 079 001 1CF 029 1C8 032 012 001 019 039 03C 001 0D3 022 024 011 035 012 084 01F 084 01E 079 1C0
00	E9	0x00E9	<SPEAKER>「ほかの人が 持つか?	"<SPEAKER>Want someone
else to carry it?"			SPEAKER NEWLINE END	EA:28C0	CC 57 61 6E 74 01 73 6F 6D 65 6F 6E 65 C8 65 6C 73 65 01 74 6F 01 63 61 72 72 79 01 69 74 3F C0	1CC 02D 015 028 091 084 015 001 0D3 021 015 079 1C0
00	EA	0x00EA	"<SPEAKER>「だけど これを買うには
ゼニが たりねえようだな"	"<SPEAKER>Looks like you don't
have enough money for this."			SPEAKER NEWLINE END	EA:28E0	CC 4C 6F 6F 6B 73 01 6C 69 6B 65 01 79 6F 75 01 64 6F 6E 27 74 C8 68 61 76 65 01 65 6E 6F 75 67 68 01 6D 6F 6E 65 79 01 66 6F 72 01 74 68 69 73 2E C0	1CC 084 01F 018 084 023 001 019 039 03C 0A8 012 025 029 1C8 084 04F 057 084 015 001 01F 037 027 013 035 012 084 01F 024 1C0
00	EB	0x00EB	"<SPEAKER>「ん? みんな
もう これを 持てないようだぞ?"	"<SPEAKER>Hmm? Nobody can
carry anything else right now."			SPEAKER NEWLINE END	EA:2912	CC 48 6D 6D 3F 01 4E 6F 62 6F 64 79 01 63 61 6E C8 63 61 72 72 79 01 61 6E 79 74 68 69 6E 67 01 65 6C 73 65 01 72 69 67 68 74 01 6E 6F 77 2E C0	1CC 03D 079 001 02F 03D 024 1C8 032 012 001 019 039 03C 001 0D3 022 024 011 035 012 084 01F 084 01E 079 1C0
00	EC	0x00EC	"<SPEAKER>「誰の どのにもつを
売るんだね?"	"<SPEAKER>Whose item
are you selling?"			SPEAKER NEWLINE END	EA:2942	CC 57 68 6F 73 65 01 69 74 65 6D C8 61 72 65 01 79 6F 75 01 73 65 6C 6C 69 6E 67 3F C0	1CC 0FA 028 001 084 023 028 025 032 021 03C 1C8 0A2 038 03D 084 01F 027 079 1C0
00	ED	0x00ED	<SPEAKER>「どのにもつを 売るんだね?	"<SPEAKER>Which item
are you selling?"			SPEAKER NEWLINE END	EA:295F	CC 57 68 69 63 68 01 69 74 65 6D C8 61 72 65 01 79 6F 75 01 73 65 6C 6C 69 6E 67 3F C0	1CC 084 023 028 025 032 021 03C 001 0A2 038 03D 084 01F 027 079 1C0
00	EE	0x00EE	"<SPEAKER>「<INSERT_A>かあ・・・<WAIT><SPEAKER>「それ <NUMBER>エンドルで
引き取るが どうだ?"	"<SPEAKER><INSERT_A>, huh...?<WAIT><SPEAKER>I'll give you
<NUMBER> Endol for it. Deal?"			SPEAKER INSERT_A WAIT SPEAKER NEWLINE NUMBER END	EA:297C	CC C4 2C 01 68 75 68 2E 2E 2E 3F C5 CC 49 27 6C 6C 01 67 69 76 65 01 79 6F 75 C8 C2 01 45 6E 64 6F 6C 01 66 6F 72 01 69 74 2E 01 44 65 61 6C 3F C0	1CC 1C4 015 010 081 081 081 1C5 1CC 01E 039 001 1C2 045 06F 084 055 06A 084 022 1C8 100 016 0FB 038 084 015 001 084 023 012 084 01F 079 1C0
00	EF	0x00EF	<SPEAKER>「まいど サンキュー!	<SPEAKER>Thanks for your business!			SPEAKER END	EA:29AD	CC 54 68 61 6E 6B 73 01 66 6F 72 01 79 6F 75 72 01 62 75 73 69 6E 65 73 73 21 C0	1CC 02E 011 084 023 001 04C 06F 048 072 078 07A 1C0
00	F0	0x00F0	<SPEAKER>「ほかの物を 売ってくれるか?	"<SPEAKER>Anything else
you want to sell?"			SPEAKER NEWLINE END	EA:29C8	CC 41 6E 79 74 68 69 6E 67 01 65 6C 73 65 C8 79 6F 75 01 77 61 6E 74 01 74 6F 01 73 65 6C 6C 3F C0	1CC 02D 015 028 08B 03C 001 0A2 03E 022 017 039 038 015 079 1C0
00	F1	0x00F1	"<SPEAKER>「ん? 誰も
何も 持っていないようだぞ"	"<SPEAKER>Hmm? Nobody seems
to be carrying anything."			SPEAKER NEWLINE END	EA:29E9	CC 48 6D 6D 3F 01 4E 6F 62 6F 64 79 01 73 65 65 6D 73 C8 74 6F 01 62 65 01 63 61 72 72 79 69 6E 67 01 61 6E 79 74 68 69 6E 67 2E C0	1CC 03D 079 001 0FA 032 1C8 093 032 001 0D3 03E 022 011 024 011 035 012 084 01F 084 01E 1C0
00	F2	0x00F2	"<SPEAKER>「ん?
何も 持っていないようだぞ"	"<SPEAKER>Hmm? Looks
like you have nothing."			SPEAKER NEWLINE END	EA:2A15	CC 48 6D 6D 3F 01 4C 6F 6F 6B 73 C8 6C 69 6B 65 01 79 6F 75 01 68 61 76 65 01 6E 6F 74 68 69 6E 67 2E C0	1CC 03D 079 1C8 093 032 001 0D3 03E 022 011 024 011 035 012 084 01F 084 01E 1C0
00	F3	0x00F3	"<SPEAKER>「むむむ・・・ これは!
ちょっと 引き受けられんね!<WAIT><SPEAKER>「売るのはやめて 持ってたほうが
いいと思うぞ"	"<SPEAKER>Hmm... Now this
is something! I can't
take it off your hands.<WAIT><SPEAKER>Better keep it
instead of trying to sell it."			SPEAKER NEWLINE NEWLINE WAIT SPEAKER NEWLINE END	EA:2A38	CC 48 6D 6D 2E 2E 2E 01 4E 6F 77 01 74 68 69 73 C8 69 73 01 73 6F 6D 65 74 68 69 6E 67 21 01 49 01 63 61 6E 27 74 C8 74 61 6B 65 01 69 74 01 6F 66 66 01 79 6F 75 72 01 68 61 6E 64 73 2E C5 CC 42 65 74 74 65 72 01 6B 65 65 70 01 69 74 C8 69 6E 73 74 65 61 64 01 6F 66 01 74 72 79 69 6E 67 01 74 6F 01 73 65 6C 6C 01 69 74 2E C0	1CC 030 030 030 081 081 081 001 019 039 029 07A 1C8 020 041 03E 023 001 100 016 0F5 018 036 039 03D 027 07A 1C5 1CC 0A2 038 028 029 033 031 022 001 0D3 03E 022 01F 02D 012 084 015 1C8 011 011 023 10F 012 084 01E 1C0
00	F4	0x00F4	"<SPEAKER>「うおりゃあ とりゃー!
だめだあ とれない
どうやら とりつかれてるな<WAIT><SPEAKER>「教会で おはらいをしてから
また来いよ"	"<SPEAKER>Hrrngh! Hyaaah!
No good, it won't come
off! Looks like it's cursed.<WAIT><SPEAKER>Get it exorcised at
a church, then come back."			SPEAKER NEWLINE NEWLINE WAIT SPEAKER NEWLINE END	EA:2AA5	CC 48 72 72 6E 67 68 21 01 48 79 61 61 61 68 21 C8 4E 6F 01 67 6F 6F 64 2C 01 69 74 01 77 6F 6E 27 74 01 63 6F 6D 65 C8 6F 66 66 21 01 4C 6F 6F 6B 73 01 6C 69 6B 65 01 69 74 27 73 01 63 75 72 73 65 64 2E C5 CC 47 65 74 01 69 74 01 65 78 6F 72 63 69 73 65 64 01 61 74 C8 61 01 63 68 75 72 63 68 2C 01 74 68 65 6E 01 63 6F 6D 65 01 62 61 63 6B 2E C0	1CC 012 014 037 03F 010 001 023 037 03F 078 07A 1C8 084 01F 031 084 01F 010 001 023 039 024 011 1C8 084 023 012 033 036 001 023 037 021 015 039 022 038 024 1C5 1CC 122 11E 084 022 001 014 029 036 011 03C 01B 022 015 036 1C8 02E 01F 097 011 035 1C0
00	F5	0x00F5	"<SPEAKER>「言険の宿に ようこそ!<WAIT><SPEAKER>「いっぱく <NUMBER>エンドルですが
ご宿泊なさいますか?"	"<SPEAKER>Welcome to
the Adventurer's Inn!<WAIT><SPEAKER>A room is <NUMBER> Endol
a night. Will you be staying?"			SPEAKER NEWLINE WAIT SPEAKER NUMBER NEWLINE END	EA:2B19	CC 57 65 6C 63 6F 6D 65 01 74 6F C8 74 68 65 01 41 64 76 65 6E 74 75 72 65 72 27 73 01 49 6E 6E 21 C5 CC 41 01 72 6F 6F 6D 01 69 73 01 C2 01 45 6E 64 6F 6C C8 61 01 6E 69 67 68 74 2E 01 57 69 6C 6C 01 79 6F 75 01 62 65 01 73 74 61 79 69 6E 67 3F C0	1CC 0BA 0BB 028 182 025 001 035 012 019 01E 07A 1C5 1CC 011 03E 083 029 017 001 1C2 045 06F 084 055 06A 084 022 01C 084 015 1C8 084 019 182 121 024 01A 011 02E 01C 015 079 1C0
00	F6	0x00F6	"<SPEAKER>「それでは ごゆるりと
おくつろぎください"	"<SPEAKER>Then please relax and
make yourself comfortable."			SPEAKER NEWLINE END	EA:2B6C	CC 54 68 65 6E 01 70 6C 65 61 73 65 01 72 65 6C 61 78 01 61 6E 64 C8 6D 61 6B 65 01 79 6F 75 72 73 65 6C 66 01 63 6F 6D 66 6F 72 74 61 62 6C 65 2E C0	1CC 01E 039 084 022 029 001 084 019 034 038 037 023 1C8 014 017 021 03A 084 016 017 084 01F 01A 011 1C0
00	F7	0x00F7	"<SPEAKER>「おめざめでございますか
きょうも いい日でありますように!"	"<SPEAKER>Awake already?
May today be a good day!"			SPEAKER NEWLINE END	EA:2B9E	CC 41 77 61 6B 65 01 61 6C 72 65 61 64 79 3F C8 4D 61 79 01 74 6F 64 61 79 01 62 65 01 61 01 67 6F 6F 64 01 64 61 79 21 C0	1CC 014 031 084 01A 031 084 022 084 019 084 01A 011 02E 01C 015 1C8 016 041 012 032 001 011 011 120 084 022 010 037 02E 01C 035 012 025 07A 1C0
00	F8	0x00F8	"<SPEAKER>「でも
お金がたりないようですね・・・"	"<SPEAKER>But... it seems
you're short on money."			SPEAKER NEWLINE END	EA:2BC7	CC 42 75 74 2E 2E 2E 01 69 74 01 73 65 65 6D 73 C8 79 6F 75 27 72 65 01 73 68 6F 72 74 01 6F 6E 01 6D 6F 6E 65 79 2E C0	1CC 084 022 032 1C8 014 094 084 015 01F 037 024 011 035 012 084 022 01C 027 081 081 081 1C0
00	F9	0x00F9	"<SPEAKER>「ありがとうございました
またの ごりようを
おまちしております"	"<SPEAKER>Thank you very much.
We hope to see you again."			SPEAKER NEWLINE END	EA:2BEF	CC 54 68 61 6E 6B 01 79 6F 75 01 76 65 72 79 01 6D 75 63 68 2E C8 57 65 01 68 6F 70 65 01 74 6F 01 73 65 65 01 79 6F 75 01 61 67 61 69 6E 2E C0	1CC 010 037 084 015 023 012 084 019 084 01A 011 02E 01B 01F 1C8 02E 01F 028 001 084 019 037 035 012 03C 1C8 014 02E 020 01B 022 014 037 02E 01C 1C0
00	FA	0x00FA	"<SPEAKER>「シャトー・ド・ゲロゲロに
ようこそ・・・<WAIT><SPEAKER>「ひとばん <NUMBER>エンドルですが
お泊りに なりますかな?"	"<SPEAKER>Welcome to
Chateau de Gerogero...<WAIT><SPEAKER>One night is <NUMBER>
Endol. Will you be staying?"			SPEAKER NEWLINE WAIT SPEAKER NUMBER NEWLINE END	EA:2C1F	CC 57 65 6C 63 6F 6D 65 01 74 6F C8 43 68 61 74 65 61 75 01 64 65 01 47 65 72 6F 67 65 72 6F 2E 2E 2E C5 CC 4F 6E 65 01 6E 69 67 68 74 01 69 73 01 C2 C8 45 6E 64 6F 6C 2E 01 57 69 6C 6C 01 79 6F 75 01 62 65 01 73 74 61 79 69 6E 67 3F C0	1CC 04D 071 055 078 081 084 055 081 084 04A 06C 084 04A 06C 025 1C8 035 012 019 01E 081 081 081 1C5 1CC 02A 023 084 029 03D 001 1C2 045 06F 084 055 06A 084 022 01C 084 015 1C8 014 121 037 025 001 024 037 02E 01C 015 024 079 1C0
00	FB	0x00FB	"<SPEAKER>「では あさまで ごゆっくり
ながく サイコな よるを
おすごしください・・・"	"<SPEAKER>Then rest easy
until morning. Have yourself
a long, crazy night..."			SPEAKER NEWLINE NEWLINE END	EA:2C6E	CC 54 68 65 6E 01 72 65 73 74 01 65 61 73 79 C8 75 6E 74 69 6C 01 6D 6F 72 6E 69 6E 67 2E 01 48 61 76 65 01 79 6F 75 72 73 65 6C 66 C8 61 01 6C 6F 6E 67 2C 01 63 72 61 7A 79 01 6E 69 67 68 74 2E 2E 2E C0	1CC 084 022 029 001 010 01A 02E 084 022 001 084 019 034 03E 017 037 1C8 024 084 015 017 001 04C 043 04B 024 001 035 038 03C 1C8 014 01C 084 019 01B 017 084 01F 01A 011 081 081 081 1C0
00	FC	0x00FC	<SPEAKER>「おはようございます・・・	<SPEAKER>Good morning...			SPEAKER END	EA:2CB2	CC 47 6F 6F 64 01 6D 6F 72 6E 69 6E 67 2E 2E 2E C0	1CC 014 029 035 012 084 019 084 01A 011 02E 01C 081 081 081 1C0
00	FD	0x00FD	"<SPEAKER>「おや・・・
お金がないとは これいかに・・・"	"<SPEAKER>Oh dear... No money?
Whatever shall we do...?"			SPEAKER NEWLINE END	EA:2CC3	CC 4F 68 01 64 65 61 72 2E 2E 2E 01 4E 6F 01 6D 6F 6E 65 79 3F C8 57 68 61 74 65 76 65 72 01 73 68 61 6C 6C 01 77 65 01 64 6F 2E 2E 2E 3F C0	1CC 014 033 081 081 081 1C8 014 094 084 015 024 011 023 029 001 019 039 011 015 025 081 081 081 1C0
00	FE	0x00FE	<SPEAKER>「それでは さようなら・・・	<SPEAKER>Then farewell...			SPEAKER END	EA:2CF2	CC 54 68 65 6E 01 66 61 72 65 77 65 6C 6C 2E 2E 2E C0	1CC 01E 039 084 022 029 001 01A 035 012 024 036 081 081 081 1C0
00	FF	0x00FF	"<SPEAKER>「しんじる 気持ち あれば
みな すくわれます
教会が お役にたてますかな"	"<SPEAKER>With faith in your
heart, all can be saved. May
the church be of service?"			SPEAKER NEWLINE NEWLINE END	EA:2D04	CC 57 69 74 68 01 66 61 69 74 68 01 69 6E 01 79 6F 75 72 C8 68 65 61 72 74 2C 01 61 6C 6C 01 63 61 6E 01 62 65 01 73 61 76 65 64 2E 01 4D 61 79 C8 74 68 65 01 63 68 75 72 63 68 01 62 65 01 6F 66 01 73 65 72 76 69 63 65 3F C0	1CC 01B 03D 084 01B 038 001 099 0D3 020 001 010 039 084 029 1C8 02F 024 001 01C 017 03B 039 02E 01C 1C8 122 11E 084 015 001 014 15E 025 01F 022 02E 01C 015 024 1C0
01	00	0x0100	"<SPEAKER>「ほかには 何か
お役にたてることは ありますか"	"<SPEAKER>Is there anything
else we can do for you?"			SPEAKER NEWLINE END	EA:2D4F	CC 49 73 01 74 68 65 72 65 01 61 6E 79 74 68 69 6E 67 C8 65 6C 73 65 01 77 65 01 63 61 6E 01 64 6F 01 66 6F 72 01 79 6F 75 3F C0	1CC 02D 015 025 029 001 093 015 1C8 014 15E 025 01F 022 038 019 023 029 001 010 037 02E 01C 015 1C0
01	01	0x0101	"<SPEAKER>「神よ!
この まよえる 旅びとを
おおいなる 愛で つつみたまえ!"	"<SPEAKER>O God! Wrap
this wandering traveler
in your boundless love!"			SPEAKER NEWLINE NEWLINE END	EA:2D7A	CC 4F 01 47 6F 64 21 01 57 72 61 70 C8 74 68 69 73 01 77 61 6E 64 65 72 69 6E 67 01 74 72 61 76 65 6C 65 72 C8 69 6E 01 79 6F 75 72 01 62 6F 75 6E 64 6C 65 73 73 01 6C 6F 76 65 21 C0	1CC 0DC 035 07A 1C8 019 028 001 02E 035 013 038 001 0B0 084 02A 023 03C 1C8 014 014 011 024 038 001 181 084 022 001 021 021 02F 01F 02E 013 07A 1C0
01	02	0x0102	"<SPEAKER>「おかえりなさい
<INSERT_B>さん<WAIT><SPEAKER>「神よ!
この まよえる 旅びとを
おおいなる 愛で つつみたまえ!"	"<SPEAKER>Welcome back,
<INSERT_B>.<WAIT><SPEAKER>O God! Wrap
this wandering traveler
in your boundless love!"			SPEAKER NEWLINE INSERT_B WAIT SPEAKER NEWLINE NEWLINE END	EA:2DB7	CC 57 65 6C 63 6F 6D 65 01 62 61 63 6B 2C C8 CA 2E C5 CC 4F 01 47 6F 64 21 01 57 72 61 70 C8 74 68 69 73 01 77 61 6E 64 65 72 69 6E 67 01 74 72 61 76 65 6C 65 72 C8 69 6E 01 79 6F 75 72 01 62 6F 75 6E 64 6C 65 73 73 01 6C 6F 76 65 21 C0	1CC 014 015 013 037 024 01A 011 1C8 1CA 01A 03D 1C5 1CC 0DC 035 07A 1C8 019 028 001 02E 035 013 038 001 0B0 084 02A 023 03C 1C8 014 014 011 024 038 001 181 084 022 001 021 021 02F 01F 02E 013 07A 1C0
01	03	0x0103	"<SPEAKER>「では 言険の お話を
聞かせてくだされ<WAIT><SPEAKER>「この探険日記に
書きこんで おきますが
よいかな?"	"<SPEAKER>Tell me
of your adventure.<WAIT><SPEAKER>May I record it
in this Explorer's Journal?"			SPEAKER NEWLINE WAIT SPEAKER NEWLINE END	EA:2E06	CC 54 65 6C 6C 01 6D 65 C8 6F 66 01 79 6F 75 72 01 61 64 76 65 6E 74 75 72 65 2E C5 CC 4D 61 79 01 49 01 72 65 63 6F 72 64 01 69 74 C8 69 6E 01 74 68 69 73 01 45 78 70 6C 6F 72 65 72 27 73 01 4A 6F 75 72 6E 61 6C 3F C0	1CC 084 022 029 001 0BA 0BB 028 001 014 0A0 03C 1C8 0A6 015 01D 022 017 084 01F 01A 039 1C5 1CC 019 028 184 0BB 120 11B 025 1C8 098 016 019 03D 084 022 001 014 016 02E 01C 084 015 1C8 035 011 015 024 079 1C0
01	04	0x0104	"<SPEAKER>「だい何巻の 探険日記に
書きこみましょうか?"	"<SPEAKER>Which volume of the
Explorer's Journal shall I use?"			SPEAKER NEWLINE END	EA:2E4F	CC 57 68 69 63 68 01 76 6F 6C 75 6D 65 01 6F 66 01 74 68 65 C8 45 78 70 6C 6F 72 65 72 27 73 01 4A 6F 75 72 6E 61 6C 01 73 68 61 6C 6C 01 49 01 75 73 65 3F C0	1CC 084 01F 011 093 188 028 001 184 0BB 120 11B 025 1C8 098 016 019 02F 02E 01B 041 012 015 079 1C0
01	05	0x0105	<SPEAKER>「しっかり 書きこみましたよ!	"<SPEAKER>It has been
recorded safely!"			SPEAKER NEWLINE END	EA:2E84	CC 49 74 01 68 61 73 01 62 65 65 6E C8 72 65 63 6F 72 64 65 64 01 73 61 66 65 6C 79 21 C0	1CC 01B 03E 015 037 001 098 016 019 02F 02E 01B 01F 035 07A 1C0
01	06	0x0106	"<SPEAKER>「書きこまないと?
わかりました ぎょいに!"	"<SPEAKER>No record?
Understood. As you wish!"			SPEAKER NEWLINE END	EA:2EA2	CC 4E 6F 01 72 65 63 6F 72 64 3F C8 55 6E 64 65 72 73 74 6F 6F 64 2E 01 41 73 01 79 6F 75 01 77 69 73 68 21 C0	1CC 098 016 019 02E 024 011 023 079 1C8 03B 015 037 02E 01B 01F 001 084 016 041 011 025 07A 1C0
01	07	0x0107	"<SPEAKER>「もっと 探険を
たのしまれたいですか?"	"<SPEAKER>Would you like to
continue your adventure?"			SPEAKER NEWLINE END	EA:2EC7	CC 57 6F 75 6C 64 01 79 6F 75 01 6C 69 6B 65 01 74 6F C8 63 6F 6E 74 69 6E 75 65 01 79 6F 75 72 01 61 64 76 65 6E 74 75 72 65 3F C0	1CC 032 03E 023 001 184 0BB 03C 1C8 01F 028 01B 02E 039 01F 011 084 022 01C 015 079 1C0
01	08	0x0108	"<SPEAKER>「ええ? 書きこまずに
探険を おやめになる?<WAIT><SPEAKER>「今までの お話が なくなって
ひとつ前に もどっても
かまわんのですか?"	"<SPEAKER>What? End your adventure
without making a record?<WAIT><SPEAKER>Your latest story will
be lost and you'll return to the
previous entry. Is that all right?"			SPEAKER NEWLINE WAIT SPEAKER NEWLINE NEWLINE END	EA:2EF3	CC 57 68 61 74 3F 01 45 6E 64 01 79 6F 75 72 01 61 64 76 65 6E 74 75 72 65 C8 77 69 74 68 6F 75 74 01 6D 61 6B 69 6E 67 01 61 01 72 65 63 6F 72 64 3F C5 CC 59 6F 75 72 01 6C 61 74 65 73 74 01 73 74 6F 72 79 01 77 69 6C 6C C8 62 65 01 6C 6F 73 74 01 61 6E 64 01 79 6F 75 27 6C 6C 01 72 65 74 75 72 6E 01 74 6F 01 74 68 65 C8 70 72 65 76 69 6F 75 73 01 65 6E 74 72 79 2E 01 49 73 01 74 68 61 74 01 61 6C 6C 01 72 69 67 68 74 3F C0	1CC 013 013 079 001 098 016 019 02E 084 01C 025 1C8 184 0BB 03C 001 014 033 031 025 024 038 079 1C5 1CC 150 02E 084 022 028 001 014 0A0 084 015 001 024 017 024 03E 022 1C8 02A 023 021 0C3 025 001 032 084 023 03E 022 032 1C8 015 02E 03B 03D 028 084 022 01C 015 079 1C0
01	09	0x0109	"<SPEAKER>「ゆっくりと
おやすみ くだされ
シーユー アゲーン!"	<SPEAKER>Rest well. See you again!			SPEAKER END	EA:2F82	CC 52 65 73 74 01 77 65 6C 6C 2E 01 53 65 65 01 79 6F 75 01 61 67 61 69 6E 21 C0	1CC 034 03E 017 037 023 1C8 014 033 01C 02F 001 017 084 01F 01A 039 1C8 04D 078 066 078 001 042 084 04A 078 06F 07A 1C0
01	0A	0x010A	<SPEAKER>「わたしが 思いますに	<SPEAKER>In my estimation...			SPEAKER END	EA:2F9D	CC 49 6E 01 6D 79 01 65 73 74 69 6D 61 74 69 6F 6E 2E 2E 2E C0	1CC 03B 01F 01B 084 015 001 10F 011 02E 01C 025 1C0
01	0B	0x010B	"<SPEAKER>「<INSERT_B>さんは
あと <NUMBER>の経験で
つぎのレベルに なるでしょう"	"<SPEAKER><INSERT_B>
needs <NUMBER> more EXP
to reach the next level."			SPEAKER INSERT_B NEWLINE NUMBER NEWLINE END	EA:2FB2	CC CA C8 6E 65 65 64 73 01 C2 01 6D 6F 72 65 01 45 58 50 C8 74 6F 01 72 65 61 63 68 01 74 68 65 01 6E 65 78 74 01 6C 65 76 65 6C 2E C0	1CC 1CA 01A 03D 029 1C8 010 023 001 1C2 028 183 0F3 084 022 1C8 021 084 016 028 06B 084 05E 06A 025 001 024 038 084 022 01B 041 012 1C0
01	0C	0x010C	"<SPEAKER>「<INSERT_B>さん
もう バリバリに 強いですぜ!"	"<SPEAKER><INSERT_B>,
you are already incredibly strong!"			SPEAKER INSERT_B NEWLINE END	EA:2FDF	CC CA 2C C8 79 6F 75 01 61 72 65 01 61 6C 72 65 61 64 79 01 69 6E 63 72 65 64 69 62 6C 79 01 73 74 72 6F 6E 67 21 C0	1CC 1CA 01A 03D 1C8 032 012 001 084 05B 069 084 05B 069 025 001 138 011 084 022 01C 084 01D 07A 1C0
01	0D	0x010D	"<SPEAKER>「誰を あの世から
よびもどすのですか?"	"<SPEAKER>Whom shall I call
back from the other world?"			SPEAKER NEWLINE END	EA:3006	CC 57 68 6F 6D 01 73 68 61 6C 6C 01 49 01 63 61 6C 6C C8 62 61 63 6B 01 66 72 6F 6D 01 74 68 65 01 6F 74 68 65 72 01 77 6F 72 6C 64 3F C0	1CC 0FA 03C 001 010 028 0A9 015 036 1C8 035 084 02A 032 084 023 01C 028 084 022 01C 015 079 1C0
01	0E	0x010E	"<SPEAKER>「よびもどしの ひようは
<NUMBER>エンドルです
いいですか?"	"<SPEAKER>Revival costs <NUMBER>
Endol. Is that acceptable?"			SPEAKER NUMBER NEWLINE END	EA:3034	CC 52 65 76 69 76 61 6C 01 63 6F 73 74 73 01 C2 C8 45 6E 64 6F 6C 2E 01 49 73 01 74 68 61 74 01 61 63 63 65 70 74 61 62 6C 65 3F C0	1CC 035 084 02A 032 084 023 01B 028 001 02A 035 012 029 1C8 1C2 045 06F 084 055 06A 084 022 01C 1C8 011 011 084 022 01C 015 079 1C0
01	0F	0x010F	"<SPEAKER>「メラメラメラ!
チャネリーン!<WAIT><SPEAKER>「<INSERT_B>さん
この世に いますぐ
もどりたまえ!"	"<SPEAKER>Blaze, blaze,
blaze! Channeling!<WAIT><SPEAKER><INSERT_B>,
return to this world at once!"			SPEAKER NEWLINE WAIT SPEAKER INSERT_B NEWLINE END	EA:3060	CC 42 6C 61 7A 65 2C 01 62 6C 61 7A 65 2C C8 62 6C 61 7A 65 21 01 43 68 61 6E 6E 65 6C 69 6E 67 21 C5 CC CA 2C C8 72 65 74 75 72 6E 01 74 6F 01 74 68 69 73 01 77 6F 72 6C 64 01 61 74 01 6F 6E 63 65 21 C0	1CC 063 068 063 068 063 068 07A 1C8 052 071 059 069 078 06F 07A 1C5 1CC 1CA 01A 03D 1C8 019 028 0A9 025 001 011 02E 01C 084 017 1C8 032 084 023 037 01F 02E 013 07A 1C0
01	10	0x0110	"<CLEAR>
<INSERT_B>は もどって来た!"	"<CLEAR><INSERT_B>
returned to life!"			CLEAR INSERT_B NEWLINE END	EA:30A4	D0 CA C8 72 65 74 75 72 6E 65 64 01 74 6F 01 6C 69 66 65 21 C0	1D0 1CA 029 001 032 084 023 03E 022 097 01F 07A 1C0
01	11	0x0111	"<SPEAKER>「むむむ <INSERT_B>さんは
死んどらんですぞ!"	"<SPEAKER>Hmm?
<INSERT_B> isn't
dead! Don't scare me like that!"			SPEAKER NEWLINE INSERT_B NEWLINE END	EA:30B9	CC 48 6D 6D 3F C8 CA 01 69 73 6E 27 74 C8 64 65 61 64 21 01 44 6F 6E 27 74 01 73 63 61 72 65 01 6D 65 01 6C 69 6B 65 01 74 68 61 74 21 C0	1CC 030 030 030 001 1CA 01A 03D 029 1C8 0D6 03D 084 023 036 03D 084 022 01C 084 01E 07A 1C0
01	12	0x0112	<SPEAKER>「あらら やめるのですか!	<SPEAKER>Oh? Never mind, then?			SPEAKER END	EA:30E7	CC 4F 68 3F 01 4E 65 76 65 72 01 6D 69 6E 64 2C 01 74 68 65 6E 3F C0	1CC 010 036 036 001 033 031 038 028 084 022 01C 015 07A 1C0
01	13	0x0113	"<SPEAKER>「たしょうの ひようは
教会といえども かかります
でも むり強いは しません・・・"	"<SPEAKER>Even a church has
some expenses to cover. But
I will not pressure you..."			SPEAKER NEWLINE NEWLINE END	EA:30FE	CC 45 76 65 6E 01 61 01 63 68 75 72 63 68 01 68 61 73 C8 73 6F 6D 65 01 65 78 70 65 6E 73 65 73 01 74 6F 01 63 6F 76 65 72 2E 01 42 75 74 C8 49 01 77 69 6C 6C 01 6E 6F 74 01 70 72 65 73 73 75 72 65 01 79 6F 75 2E 2E 2E C0	1CC 01F 01B 041 012 028 001 02A 035 012 029 1C8 122 11E 023 011 013 084 023 032 001 015 015 037 02E 01C 1C8 084 022 032 001 030 037 138 011 029 001 01B 02E 01D 03D 081 081 081 1C0
01	14	0x0114	<SPEAKER>「むむ! お金が たりないですよ	"<SPEAKER>Hmm! You don't
have enough money."			SPEAKER NEWLINE END	EA:3148	CC 48 6D 6D 21 01 59 6F 75 01 64 6F 6E 27 74 C8 68 61 76 65 01 65 6E 6F 75 67 68 01 6D 6F 6E 65 79 2E C0	1CC 030 030 07A 001 014 094 084 015 001 01F 037 024 011 084 022 01C 035 1C0
01	15	0x0115	"<SPEAKER>「誰の 毒を
ちゅうわするのですか?"	<SPEAKER>Whose poison shall I cure?			SPEAKER END	EA:316B	CC 57 68 6F 73 65 01 70 6F 69 73 6F 6E 01 73 68 61 6C 6C 01 49 01 63 75 72 65 3F C0	1CC 0FA 028 001 137 03C 1C8 020 040 012 03B 01C 038 028 084 022 01C 015 079 1C0
01	16	0x0116	"<SPEAKER>「では くすり代として
<NUMBER>エンドルを
おねがいします"	"<SPEAKER>For the medicine,
I ask <NUMBER> Endol."			SPEAKER NEWLINE NUMBER END	EA:3187	CC 46 6F 72 01 74 68 65 01 6D 65 64 69 63 69 6E 65 2C C8 49 01 61 73 6B 01 C2 01 45 6E 64 6F 6C 2E C0	1CC 084 022 029 001 017 01C 037 09F 023 01B 022 1C8 1C2 045 06F 084 055 06A 03C 1C8 014 027 084 015 011 01B 02E 01C 1C0
01	17	0x0117	"<SPEAKER>「サンアルカーリー!
<INSERT_B>の 体の
毒を ちゅうわされりー!"	"<SPEAKER>San Alkali!
Drive the poison from
<INSERT_B>'s body!"			SPEAKER NEWLINE NEWLINE INSERT_B END	EA:31A9	CC 53 61 6E 01 41 6C 6B 61 6C 69 21 C8 44 72 69 76 65 01 74 68 65 01 70 6F 69 73 6F 6E 01 66 72 6F 6D C8 CA 27 73 01 62 6F 64 79 21 C0	1CC 04C 06F 042 06A 047 078 069 078 07A 1C8 1CA 028 001 0F0 028 1C8 137 03C 001 020 040 012 03B 01A 039 037 078 07A 1C0
01	18	0x0118	"<SPEAKER>「むむ <INSERT_B>さんは
毒に むしばまれていませんよ"	"<SPEAKER>Hmm.
<INSERT_B>
is not poisoned."			SPEAKER NEWLINE INSERT_B NEWLINE END	EA:31D6	CC 48 6D 6D 2E C8 CA C8 69 73 01 6E 6F 74 01 70 6F 69 73 6F 6E 65 64 2E C0	1CC 030 030 001 1CA 01A 03D 029 1C8 137 025 001 030 01B 084 029 02E 039 022 011 02E 01D 03D 035 1C0
01	19	0x0119	<SPEAKER>「誰を おはらいするのじゃい?	<SPEAKER>Whom shall I exorcise?			SPEAKER END	EA:31EF	CC 57 68 6F 6D 01 73 68 61 6C 6C 01 49 01 65 78 6F 72 63 69 73 65 3F C0	1CC 0FA 03C 001 014 029 036 011 01C 038 028 084 01B 03F 011 079 1C0
01	1A	0x011A	"<SPEAKER>「では じっぴとして
<NUMBER>エンドルを
もらいますぞ"	"<SPEAKER>For expenses,
I ask <NUMBER> Endol."			SPEAKER NEWLINE NUMBER END	EA:3207	CC 46 6F 72 01 65 78 70 65 6E 73 65 73 2C C8 49 01 61 73 6B 01 C2 01 45 6E 64 6F 6C 2E C0	1CC 084 022 029 001 084 01B 03E 083 02A 023 01B 022 1C8 1C2 045 06F 084 055 06A 03C 1C8 032 036 011 02E 01C 084 01E 1C0
01	1B	0x011B	"<SPEAKER>「ナーム! ナーム! ナン!
<INSERT_B>に とりつき 呪いを
けちらしたまえ!"	"<SPEAKER>Naam! Naam! Nan!
Drive away the curse clinging
to <INSERT_B>!"			SPEAKER NEWLINE NEWLINE INSERT_B END	EA:3225	CC 4E 61 61 6D 21 01 4E 61 61 6D 21 01 4E 61 6E 21 C8 44 72 69 76 65 01 61 77 61 79 01 74 68 65 01 63 75 72 73 65 01 63 6C 69 6E 67 69 6E 67 C8 74 6F 01 CA 21 C0	1CC 056 078 062 07A 001 056 078 062 07A 001 056 06F 07A 1C8 1CA 025 001 023 037 021 016 001 12D 011 03C 1C8 018 020 036 01B 01F 02E 013 07A 1C0
01	1C	0x011C	"<SPEAKER>「むむ <INSERT_B>さんは
呪われては いないようですぞ"	"<SPEAKER>Hmm.
<INSERT_B> does
not seem to be cursed."			SPEAKER NEWLINE INSERT_B NEWLINE END	EA:325B	CC 48 6D 6D 2E C8 CA 01 64 6F 65 73 C8 6E 6F 74 01 73 65 65 6D 01 74 6F 01 62 65 01 63 75 72 73 65 64 2E C0	1CC 030 030 001 1CA 01A 03D 029 1C8 12D 03B 039 022 029 001 011 024 011 035 012 084 022 01C 084 01E 1C0
01	1D	0x011D	"<SPEAKER>「神を しんじるのと おなじくらい
けんこうは たいせつなことです
何か こまっていませんか?"	"<SPEAKER>Health is just as
important as faith in God.
Is something troubling you?"			SPEAKER NEWLINE NEWLINE END	EA:327F	CC 48 65 61 6C 74 68 01 69 73 01 6A 75 73 74 01 61 73 C8 69 6D 70 6F 72 74 61 6E 74 01 61 73 01 66 61 69 74 68 01 69 6E 01 47 6F 64 2E C8 49 73 01 73 6F 6D 65 74 68 69 6E 67 01 74 72 6F 75 62 6C 69 6E 67 01 79 6F 75 3F C0	1CC 0DC 03C 001 01B 03D 084 01B 038 028 023 001 014 024 084 01B 017 036 011 1C8 018 03D 019 012 029 001 01F 011 01D 021 024 019 023 084 022 01C 1C8 093 015 001 019 02E 03E 022 011 02E 01D 03D 015 079 1C0
01	1E	0x011E	"<SPEAKER>「ほかにも 何か
こまっていませんか?"	"<SPEAKER>Anything
else troubling you?"			SPEAKER NEWLINE END	EA:32C9	CC 41 6E 79 74 68 69 6E 67 C8 65 6C 73 65 01 74 72 6F 75 62 6C 69 6E 67 01 79 6F 75 3F C0	1CC 02D 015 025 032 001 093 015 1C8 019 02E 03E 022 011 02E 01D 03D 015 079 1C0
01	1F	0x011F	"<SPEAKER>「体の けんこうと おなじくらい
神を しんじることは
たいせつなことですよ"	"<SPEAKER>Faith in God is just
as important as bodily health."			SPEAKER NEWLINE END	EA:32E7	CC 46 61 69 74 68 01 69 6E 01 47 6F 64 01 69 73 01 6A 75 73 74 C8 61 73 01 69 6D 70 6F 72 74 61 6E 74 01 61 73 01 62 6F 64 69 6C 79 01 68 65 61 6C 74 68 2E C0	1CC 0F0 028 001 018 03D 019 012 023 001 014 024 084 01B 017 036 011 1C8 0DC 03C 001 01B 03D 084 01B 038 019 023 029 1C8 01F 011 01D 021 024 019 023 084 022 01C 035 1C0
01	20	0x0120	"<SPEAKER>「おかえりなさい
<INSERT_B>さん<WAIT><SPEAKER>「きょうも いちにち
けんこうにね!
ハヴァナイスデイ!"	"<SPEAKER>Welcome back,
<INSERT_B>.<WAIT><SPEAKER>Stay healthy today,
too! Have a nice day!"			SPEAKER NEWLINE INSERT_B WAIT SPEAKER NEWLINE END	EA:331C	CC 57 65 6C 63 6F 6D 65 01 62 61 63 6B 2C C8 CA 2E C5 CC 53 74 61 79 01 68 65 61 6C 74 68 79 01 74 6F 64 61 79 2C C8 74 6F 6F 21 01 48 61 76 65 01 61 01 6E 69 63 65 01 64 61 79 21 C0	1CC 014 015 013 037 024 01A 011 1C8 1CA 01A 03D 1C5 1CC 016 041 012 032 001 011 020 025 020 1C8 018 03D 019 012 025 027 07A 1C8 05B 084 044 074 056 043 04E 084 054 043 07A 1C0
01	21	0x0121	"<SPEAKER>「では 言険の お話を
聞かせてください<WAIT><SPEAKER>「よろしかったら この探険日記に
書きこんでおきましょう
いいですよね?"	"<SPEAKER>Tell me
of your adventure.<WAIT><SPEAKER>If you like, I'll record
it in this Explorer's Journal.
That sounds good, right?"			SPEAKER NEWLINE WAIT SPEAKER NEWLINE NEWLINE END	EA:3359	CC 54 65 6C 6C 01 6D 65 C8 6F 66 01 79 6F 75 72 01 61 64 76 65 6E 74 75 72 65 2E C5 CC 49 66 01 79 6F 75 01 6C 69 6B 65 2C 01 49 27 6C 6C 01 72 65 63 6F 72 64 C8 69 74 01 69 6E 01 74 68 69 73 01 45 78 70 6C 6F 72 65 72 27 73 01 4A 6F 75 72 6E 61 6C 2E C8 54 68 61 74 01 73 6F 75 6E 64 73 01 67 6F 6F 64 2C 01 72 69 67 68 74 3F C0	1CC 084 022 029 001 0BA 0BB 028 001 014 0A0 03C 1C8 0A6 015 01D 022 017 084 01F 01A 011 1C5 1CC 035 03A 01B 015 03E 01F 036 001 019 028 184 0BB 120 11B 025 1C8 098 016 019 03D 084 022 014 016 02E 01B 041 012 1C8 011 011 084 022 01C 035 027 079 1C0
01	22	0x0122	<SPEAKER>「これで いいですね	<SPEAKER>This will do, yes?			SPEAKER END	EA:33C7	CC 54 68 69 73 01 77 69 6C 6C 01 64 6F 2C 01 79 65 73 3F C0	1CC 019 039 084 022 001 011 011 084 022 01C 027 1C0
01	23	0x0123	"<SPEAKER>「書くのは やめますか?
それも いいですね"	"<SPEAKER>Don't want to write
it down? That's fine too."			SPEAKER NEWLINE END	EA:33DB	CC 44 6F 6E 27 74 01 77 61 6E 74 01 74 6F 01 77 72 69 74 65 C8 69 74 01 64 6F 77 6E 3F 01 54 68 61 74 27 73 01 66 69 6E 65 01 74 6F 6F 2E C0	1CC 098 017 028 029 001 033 031 02E 01C 015 079 1C8 01E 039 032 001 011 011 084 022 01C 027 1C0
01	24	0x0124	"<SPEAKER>「まあ 探険日記を 書かずに
お休みですか?<WAIT><SPEAKER>「今までの お話が なくなって
ひとつ前に もどりますが
いいですか?"	"<SPEAKER>Rest without updating
the Explorer's Journal?<WAIT><SPEAKER>Your latest story will
be lost and you'll return to the
previous entry. Is that all right?"			SPEAKER NEWLINE WAIT SPEAKER NEWLINE NEWLINE END	EA:340A	CC 52 65 73 74 01 77 69 74 68 6F 75 74 01 75 70 64 61 74 69 6E 67 C8 74 68 65 01 45 78 70 6C 6F 72 65 72 27 73 01 4A 6F 75 72 6E 61 6C 3F C5 CC 59 6F 75 72 01 6C 61 74 65 73 74 01 73 74 6F 72 79 01 77 69 6C 6C C8 62 65 01 6C 6F 73 74 01 61 6E 64 01 79 6F 75 27 6C 6C 01 72 65 74 75 72 6E 01 74 6F 01 74 68 65 C8 70 72 65 76 69 6F 75 73 01 65 6E 74 72 79 2E 01 49 73 01 74 68 61 74 01 61 6C 6C 01 72 69 67 68 74 3F C0	1CC 02E 010 001 184 0BB 120 11B 03C 001 098 015 084 01C 025 1C8 014 140 02F 084 022 01C 015 079 1C5 1CC 150 02E 084 022 028 001 014 0A0 084 015 001 024 017 024 03E 022 1C8 02A 023 021 0C3 025 001 032 084 023 037 02E 01C 084 015 1C8 011 011 084 022 01C 015 079 1C0
01	25	0x0125	"<SPEAKER>「休息も けんこうには
たいせつなことです
グッナイ・・・"	"<SPEAKER>Rest is important for
good health too. Good night..."			SPEAKER NEWLINE END	EA:3495	CC 52 65 73 74 01 69 73 01 69 6D 70 6F 72 74 61 6E 74 01 66 6F 72 C8 67 6F 6F 64 01 68 65 61 6C 74 68 01 74 6F 6F 2E 01 47 6F 6F 64 01 6E 69 67 68 74 2E 2E 2E C0	1CC 140 139 032 001 018 03D 019 012 025 029 1C8 01F 011 01D 021 024 019 023 084 022 01C 1C8 084 049 070 056 043 081 081 081 1C0
01	26	0x0126	"<SPEAKER>「でも <INSERT_B>さんは
おたっしゃですよ"	"<SPEAKER>But
<INSERT_B>
is perfectly healthy."			SPEAKER NEWLINE INSERT_B NEWLINE END	EA:34CB	CC 42 75 74 C8 CA C8 69 73 01 70 65 72 66 65 63 74 6C 79 01 68 65 61 6C 74 68 79 2E C0	1CC 084 022 032 001 1CA 01A 03D 029 1C8 014 01F 03E 01B 03F 084 022 01C 035 1C0
01	27	0x0127	<SPEAKER>「いまは やめておきますか	<SPEAKER>Leave it for now?			SPEAKER END	EA:34E8	CC 4C 65 61 76 65 01 69 74 01 66 6F 72 01 6E 6F 77 3F C0	1CC 011 02E 029 001 033 031 022 014 016 02E 01C 015 1C0
01	28	0x0128	"<SPEAKER>「まあ お金が
たりないようですわね"	"<SPEAKER>Oh my, it seems
you are short on money."			SPEAKER NEWLINE END	EA:34FB	CC 4F 68 01 6D 79 2C 01 69 74 01 73 65 65 6D 73 C8 79 6F 75 01 61 72 65 01 73 68 6F 72 74 01 6F 6E 01 6D 6F 6E 65 79 2E C0	1CC 02E 010 001 014 094 084 015 1C8 01F 037 024 011 035 012 084 022 01C 03B 027 1C0
01	29	0x0129	"<SPEAKER>「でも <INSERT_B>さんは
毒に むしばまれていませんよ"	"<SPEAKER>But
<INSERT_B>
is not poisoned."			SPEAKER NEWLINE INSERT_B NEWLINE END	EA:3524	CC 42 75 74 C8 CA C8 69 73 01 6E 6F 74 01 70 6F 69 73 6F 6E 65 64 2E C0	1CC 084 022 032 001 1CA 01A 03D 029 1C8 137 025 001 030 01B 084 029 02E 039 022 011 02E 01D 03D 035 1C0
01	2A	0x012A	<SPEAKER>「誰を おはらいしましょうか?	<SPEAKER>Whom shall I exorcise?			SPEAKER END	EA:353C	CC 57 68 6F 6D 01 73 68 61 6C 6C 01 49 01 65 78 6F 72 63 69 73 65 3F C0	1CC 0FA 03C 001 014 029 036 011 01B 02E 01B 041 012 015 079 1C0
01	2B	0x012B	"<SPEAKER>「では じっぴとして
<NUMBER>エンドルを
いただきたいのですが"	"<SPEAKER>For expenses, I
would ask <NUMBER> Endol."			SPEAKER NEWLINE NUMBER END	EA:3554	CC 46 6F 72 01 65 78 70 65 6E 73 65 73 2C 01 49 C8 77 6F 75 6C 64 01 61 73 6B 01 C2 01 45 6E 64 6F 6C 2E C0	1CC 084 022 029 001 084 01B 03E 083 02A 023 01B 022 1C8 1C2 045 06F 084 055 06A 03C 1C8 011 01F 084 01F 016 01F 011 028 084 022 01C 084 015 1C0
01	2C	0x012C	"<SPEAKER>「でも <INSERT_B>さんは
呪われては いませんよ"	"<SPEAKER>But
<INSERT_B>
is not cursed."			SPEAKER NEWLINE INSERT_B NEWLINE END	EA:3578	CC 42 75 74 C8 CA C8 69 73 01 6E 6F 74 01 63 75 72 73 65 64 2E C0	1CC 084 022 032 001 1CA 01A 03D 029 1C8 12D 03B 039 022 029 001 011 02E 01D 03D 035 1C0
01	2D	0x012D	"<SPEAKER>「ここは 神に見すてられた
あわれな魔物どもが
すくいをもとめて おとずれる所だ"	"<SPEAKER>This is where miserable
monsters, abandoned by
God, come seeking salvation."			SPEAKER NEWLINE NEWLINE END	EA:358E	CC 54 68 69 73 01 69 73 01 77 68 65 72 65 01 6D 69 73 65 72 61 62 6C 65 C8 6D 6F 6E 73 74 65 72 73 2C 01 61 62 61 6E 64 6F 6E 65 64 01 62 79 C8 47 6F 64 2C 01 63 6F 6D 65 01 73 65 65 6B 69 6E 67 01 73 61 6C 76 61 74 69 6F 6E 2E C0	1CC 019 019 029 001 0DC 025 090 01C 022 036 039 01F 1C8 010 03B 039 024 09A 08B 084 023 032 084 015 1C8 01C 017 011 03C 032 023 031 022 001 014 023 084 01C 039 038 12F 084 01F 1C0
01	2E	0x012E	<SPEAKER>「ほかに ねがいは あるか?	<SPEAKER>Any other wishes?			SPEAKER END	EA:35DB	CC 41 6E 79 01 6F 74 68 65 72 01 77 69 73 68 65 73 3F C0	1CC 02D 015 025 001 027 084 015 011 029 001 010 038 015 079 1C0
01	2F	0x012F	"<SPEAKER>「おお神よ! この みじめな
できそこないの 魔物どもにも
なさけを かけてやってくれ!"	"<SPEAKER>O God! Show
some mercy even to these
pathetic, half-baked monsters!"			SPEAKER NEWLINE NEWLINE END	EA:35EE	CC 4F 01 47 6F 64 21 01 53 68 6F 77 C8 73 6F 6D 65 01 6D 65 72 63 79 01 65 76 65 6E 01 74 6F 01 74 68 65 73 65 C8 70 61 74 68 65 74 69 63 2C 01 68 61 6C 66 2D 62 61 6B 65 64 01 6D 6F 6E 73 74 65 72 73 21 C0	1CC 014 014 0DC 035 07A 001 019 028 001 02F 084 01B 031 024 1C8 084 022 016 01E 019 024 011 028 001 09A 08B 084 023 032 025 032 1C8 024 01A 018 03C 001 015 018 022 033 03E 022 017 039 07A 1C0
01	30	0x0130	"<SPEAKER>「よく もどって来た
あさましい 魔物ども!
メイフォース ビーウィズュー!"	"<SPEAKER>Welcome back, you
wretched monsters! May
the Force be with you!"			SPEAKER NEWLINE NEWLINE END	EA:3633	CC 57 65 6C 63 6F 6D 65 01 62 61 63 6B 2C 01 79 6F 75 C8 77 72 65 74 63 68 65 64 01 6D 6F 6E 73 74 65 72 73 21 01 4D 61 79 C8 74 68 65 01 46 6F 72 63 65 01 62 65 01 77 69 74 68 01 79 6F 75 21 C0	1CC 035 017 001 032 084 023 03E 022 097 01F 1C8 010 01A 02E 01B 011 001 09A 08B 084 023 032 07A 1C8 063 043 05D 077 078 04E 001 084 05C 078 044 075 084 04E 072 078 07A 1C0
01	31	0x0131	"<SPEAKER>「では これまでの 悪行を
こくはく するんだな<WAIT><SPEAKER>「そして この探険日記に
書きこんでも いいのか?"	"<SPEAKER>Confess your
evil deeds so far.<WAIT><SPEAKER>And may I write them
in this Explorer's Journal?"			SPEAKER NEWLINE WAIT SPEAKER NEWLINE END	EA:3674	CC 43 6F 6E 66 65 73 73 01 79 6F 75 72 C8 65 76 69 6C 01 64 65 65 64 73 01 73 6F 01 66 61 72 2E C5 CC 41 6E 64 01 6D 61 79 01 49 01 77 72 69 74 65 01 74 68 65 6D C8 69 6E 01 74 68 69 73 01 45 78 70 6C 6F 72 65 72 27 73 01 4A 6F 75 72 6E 61 6C 3F C0	1CC 084 022 029 001 019 039 02E 084 022 028 001 0B5 08D 03C 1C8 019 017 029 017 001 01C 038 03D 084 01F 024 1C5 1CC 01E 01B 022 001 019 028 184 0BB 120 11B 025 1C8 098 016 019 03D 084 022 032 001 011 011 028 015 079 1C0
01	32	0x0132	"<SPEAKER>「どの探険日記に書きこもうか・・・
どれがいいと思う?"	"<SPEAKER>Which Explorer's
Journal should I write in...?
Which one do you think?"			SPEAKER NEWLINE NEWLINE END	EA:36C7	CC 57 68 69 63 68 01 45 78 70 6C 6F 72 65 72 27 73 C8 4A 6F 75 72 6E 61 6C 01 73 68 6F 75 6C 64 01 49 01 77 72 69 74 65 01 69 6E 2E 2E 2E 3F C8 57 68 69 63 68 01 6F 6E 65 01 64 6F 01 79 6F 75 01 74 68 69 6E 6B 3F C0	1CC 084 023 028 184 0BB 120 11B 025 098 016 019 032 012 015 081 081 081 1C8 084 023 039 084 015 011 011 023 10F 012 079 1C0
01	33	0x0133	<SPEAKER>「たしかに 書きこんだ!	"<SPEAKER>It is written.
No doubt about it!"			SPEAKER NEWLINE END	EA:370F	CC 49 74 01 69 73 01 77 72 69 74 74 65 6E 2E C8 4E 6F 01 64 6F 75 62 74 01 61 62 6F 75 74 01 69 74 21 C0	1CC 01F 01B 015 025 001 098 016 019 03D 084 01F 07A 1C0
01	34	0x0134	<SPEAKER>「そうか	<SPEAKER>I see.			SPEAKER END	EA:3732	CC 49 01 73 65 65 2E C0	1CC 01E 012 015 1C0
01	35	0x0135	"<SPEAKER>「まだ 探険を
したりないのか?"	"<SPEAKER>Still haven't
had enough adventure?"			SPEAKER NEWLINE END	EA:373A	CC 53 74 69 6C 6C 01 68 61 76 65 6E 27 74 C8 68 61 64 01 65 6E 6F 75 67 68 01 61 64 76 65 6E 74 75 72 65 3F C0	1CC 02E 084 01F 001 184 0BB 03C 1C8 01B 01F 037 024 011 028 015 079 1C0
01	36	0x0136	"<SPEAKER>「書きこまずに 休むのか?
お前の言険が ひとつ前まで
もどっても いいんだな?"	"<SPEAKER>Rest without recording
it? Your adventure will roll
back one entry. Fine with you?"			SPEAKER NEWLINE NEWLINE END	EA:375F	CC 52 65 73 74 01 77 69 74 68 6F 75 74 01 72 65 63 6F 72 64 69 6E 67 C8 69 74 3F 01 59 6F 75 72 01 61 64 76 65 6E 74 75 72 65 01 77 69 6C 6C 01 72 6F 6C 6C C8 62 61 63 6B 01 6F 6E 65 01 65 6E 74 72 79 2E 01 46 69 6E 65 01 77 69 74 68 01 79 6F 75 3F C0	1CC 098 016 019 02E 084 01C 025 001 140 030 028 015 079 1C8 014 0C3 028 0BA 0BB 084 015 001 02A 023 021 0C3 02E 084 022 1C8 032 084 023 03E 022 032 001 011 011 03D 084 01F 024 079 1C0
01	37	0x0137	"<SPEAKER>「おお神よ! こいつらにも やすらかな
ひとときを あたえてやってくれ!
メイピース ビーウィズュー・・・"	"<SPEAKER>O God! Grant even these
creatures a moment of peaceful
rest. May peace be with you..."			SPEAKER NEWLINE NEWLINE END	EA:37B3	CC 4F 01 47 6F 64 21 01 47 72 61 6E 74 01 65 76 65 6E 01 74 68 65 73 65 C8 63 72 65 61 74 75 72 65 73 01 61 01 6D 6F 6D 65 6E 74 01 6F 66 01 70 65 61 63 65 66 75 6C C8 72 65 73 74 2E 01 4D 61 79 01 70 65 61 63 65 01 62 65 01 77 69 74 68 01 79 6F 75 2E 2E 2E C0	1CC 014 014 0DC 035 07A 001 019 011 021 036 025 032 001 033 01C 036 015 024 1C8 02A 023 023 016 03C 001 010 01F 013 022 033 03E 022 017 039 07A 1C8 063 043 083 05C 078 04E 001 084 05C 078 044 075 084 04E 072 078 081 081 081 1C0
01	38	0x0138	"<SPEAKER>「ふーむ・・・
わがはいの 見たところだな"	"<SPEAKER>Hmm... From
what I can see..."			SPEAKER NEWLINE END	EA:380A	CC 48 6D 6D 2E 2E 2E 01 46 72 6F 6D C8 77 68 61 74 01 49 01 63 61 6E 01 73 65 65 2E 2E 2E C0	1CC 02B 078 030 081 081 081 1C8 03B 084 015 029 011 028 001 090 01F 023 019 03A 084 01F 024 1C0
01	39	0x0139	"<SPEAKER>「<INSERT_B>は
あと <NUMBER>の経験で
つぎのレベルに なると思う"	"<SPEAKER><INSERT_B>
needs <NUMBER> more EXP
to reach the next level."			SPEAKER INSERT_B NEWLINE NUMBER NEWLINE END	EA:3829	CC CA C8 6E 65 65 64 73 01 C2 01 6D 6F 72 65 01 45 58 50 C8 74 6F 01 72 65 61 63 68 01 74 68 65 01 6E 65 78 74 01 6C 65 76 65 6C 2E C0	1CC 1CA 029 1C8 010 023 001 1C2 028 183 0F3 084 022 1C8 021 084 016 028 06B 084 05E 06A 025 001 024 038 023 10F 012 1C0
01	3A	0x013A	"<SPEAKER>「<INSERT_B>は もう
じゅうぶん 強いんじゃないか"	"<SPEAKER>Isn't
<INSERT_B>
strong enough already?"			SPEAKER NEWLINE INSERT_B NEWLINE END	EA:3856	CC 49 73 6E 27 74 C8 CA C8 73 74 72 6F 6E 67 01 65 6E 6F 75 67 68 01 61 6C 72 65 61 64 79 3F C0	1CC 1CA 029 001 032 012 1C8 084 01B 040 012 084 02B 03D 001 138 011 03D 084 01B 03F 024 011 015 1C0
01	3B	0x013B	<SPEAKER>「誰を 生きかえらせるんだ?	"<SPEAKER>Who do
you want revived?"			SPEAKER NEWLINE END	EA:3876	CC 57 68 6F 01 64 6F C8 79 6F 75 01 77 61 6E 74 01 72 65 76 69 76 65 64 3F C0	1CC 0FA 03C 001 09B 016 015 013 036 01D 038 03D 084 01F 079 1C0
01	3C	0x013C	"<SPEAKER>「ものは そうだんだが・・・
教会に <NUMBER>エンドルの寄付を
それが 感謝と いうものだ"	"<SPEAKER>Let's talk terms... Donate
<NUMBER> Endol to the church.
That's what gratitude means."			SPEAKER NEWLINE NUMBER NEWLINE END	EA:3890	CC 4C 65 74 27 73 01 74 61 6C 6B 01 74 65 72 6D 73 2E 2E 2E 01 44 6F 6E 61 74 65 C8 C2 01 45 6E 64 6F 6C 01 74 6F 01 74 68 65 01 63 68 75 72 63 68 2E C8 54 68 61 74 27 73 01 77 68 61 74 01 67 72 61 74 69 74 75 64 65 01 6D 65 61 6E 73 2E C0	1CC 032 028 029 001 01E 012 084 01F 03D 084 01F 084 015 081 081 081 1C8 122 11E 025 001 1C2 045 06F 084 055 06A 028 11F 108 03C 1C8 01E 039 084 015 001 0FC 193 023 001 011 012 032 028 084 01F 1C0
01	3D	0x013D	"<CLEAR>
<INSERT_B>は よみがえった!"	"<CLEAR><INSERT_B>
came back to life!"			CLEAR INSERT_B NEWLINE END	EA:38E0	D0 CA C8 63 61 6D 65 01 62 61 63 6B 01 74 6F 01 6C 69 66 65 21 C0	1D0 1CA 029 001 035 02F 084 015 013 03E 01F 07A 1C0
01	3E	0x013E	"<SPEAKER>「なんだ まだ 生きてるぞ!
おどかすな!"	"<SPEAKER>Hey, they're still alive!
Don't scare me like that!"			SPEAKER NEWLINE END	EA:38F6	CC 48 65 79 2C 01 74 68 65 79 27 72 65 01 73 74 69 6C 6C 01 61 6C 69 76 65 21 C8 44 6F 6E 27 74 01 73 63 61 72 65 01 6D 65 01 6C 69 6B 65 01 74 68 61 74 21 C0	1CC 024 03D 084 01F 001 02E 084 01F 001 09B 016 022 038 084 01E 07A 1C8 014 084 023 015 01C 024 07A 1C0
01	3F	0x013F	<SPEAKER>「え やめるの	<SPEAKER>Huh? Never mind?			SPEAKER END	EA:392B	CC 48 75 68 3F 01 4E 65 76 65 72 01 6D 69 6E 64 3F C0	1CC 013 001 033 031 038 028 1C0
01	40	0x0140	"<SPEAKER>「そして これが
げんじつと いうものさ・・・"	"<SPEAKER>And that, my friend,
is what we call reality..."			SPEAKER NEWLINE END	EA:393D	CC 41 6E 64 01 74 68 61 74 2C 01 6D 79 01 66 72 69 65 6E 64 2C C8 69 73 01 77 68 61 74 01 77 65 01 63 61 6C 6C 01 72 65 61 6C 69 74 79 2E 2E 2E C0	1CC 01E 01B 022 001 019 039 084 015 1C8 084 018 03D 084 01B 021 023 001 011 012 032 028 01A 081 081 081 1C0
01	41	0x0141	"<SPEAKER>「あら 金が たりないのか・・・
そりゃ まいったねえ・・・"	"<SPEAKER>Oh, not enough money...?
Well, that is a problem..."			SPEAKER NEWLINE END	EA:396E	CC 4F 68 2C 01 6E 6F 74 01 65 6E 6F 75 67 68 01 6D 6F 6E 65 79 2E 2E 2E 3F C8 57 65 6C 6C 2C 01 74 68 61 74 01 69 73 01 61 01 70 72 6F 62 6C 65 6D 2E 2E 2E C0	1CC 010 036 001 094 084 015 001 01F 037 024 011 028 015 081 081 081 1C8 01E 037 03F 001 02E 011 03E 01F 027 013 081 081 081 1C0
01	42	0x0142	"<SPEAKER>「誰だ 魔物のくせに
毒にやられる ドジなやろうは?"	"<SPEAKER>Which clumsy monster
managed to get poisoned?"			SPEAKER NEWLINE END	EA:39A3	CC 57 68 69 63 68 01 63 6C 75 6D 73 79 01 6D 6F 6E 73 74 65 72 C8 6D 61 6E 61 67 65 64 01 74 6F 01 67 65 74 01 70 6F 69 73 6F 6E 65 64 3F C0	1CC 0FA 084 01F 001 09A 08B 028 017 01D 025 1C8 137 025 033 036 039 038 001 084 055 084 04D 024 033 03A 012 029 079 1C0
01	43	0x0143	"<SPEAKER>「じごくのさたも なんとやら
教会に <NUMBER>エンドルの寄付を
それが 感謝と いうものだ"	"<SPEAKER>Even hell has a
price. Donate <NUMBER>
Endol. Show some gratitude."			SPEAKER NEWLINE NUMBER NEWLINE END	EA:39D2	CC 45 76 65 6E 01 68 65 6C 6C 01 68 61 73 01 61 C8 70 72 69 63 65 2E 01 44 6F 6E 61 74 65 01 C2 C8 45 6E 64 6F 6C 2E 01 53 68 6F 77 01 73 6F 6D 65 01 67 72 61 74 69 74 75 64 65 2E C0	1CC 084 01B 084 019 017 028 01A 01F 032 001 024 03D 023 033 036 1C8 122 11E 025 001 1C2 045 06F 084 055 06A 028 11F 108 03C 1C8 01E 039 084 015 001 0FC 193 023 001 011 012 032 028 084 01F 1C0
01	44	0x0144	"<SPEAKER>「うそつけ! そいつ
ぴんぴんしてるぞ!"	"<SPEAKER>Don't lie! That
one looks perfectly fine!"			SPEAKER NEWLINE END	EA:3A0F	CC 44 6F 6E 27 74 01 6C 69 65 21 01 54 68 61 74 C8 6F 6E 65 01 6C 6F 6F 6B 73 01 70 65 72 66 65 63 74 6C 79 01 66 69 6E 65 21 C0	1CC 012 01E 021 018 07A 001 01E 011 021 1C8 083 02A 03D 083 02A 03D 01B 022 038 084 01E 07A 1C0
01	45	0x0145	"<SPEAKER>「だめだね<WAIT><SPEAKER>「わがはいは 呪いをとくのが
ぜんぜん にがてなんだ<WAIT><SPEAKER>「かけるほうは
とくいなんだけどね"	"<SPEAKER>No can do.<WAIT><SPEAKER>I'm absolutely
terrible at breaking curses.<WAIT><SPEAKER>Putting curses on people,
though? That's my specialty."			SPEAKER WAIT SPEAKER NEWLINE WAIT SPEAKER NEWLINE END	EA:3A3A	CC 4E 6F 01 63 61 6E 01 64 6F 2E C5 CC 49 27 6D 01 61 62 73 6F 6C 75 74 65 6C 79 C8 74 65 72 72 69 62 6C 65 01 61 74 01 62 72 65 61 6B 69 6E 67 01 63 75 72 73 65 73 2E C5 CC 50 75 74 74 69 6E 67 01 63 75 72 73 65 73 01 6F 6E 01 70 65 6F 70 6C 65 2C C8 74 68 6F 75 67 68 3F 01 54 68 61 74 27 73 01 6D 79 01 73 70 65 63 69 61 6C 74 79 2E C0	1CC 084 01F 031 084 01F 027 1C5 1CC 03B 084 015 029 011 029 001 12D 011 03C 023 017 028 084 015 1C8 084 01D 03D 084 01D 03D 001 025 084 015 022 024 03D 084 01F 1C5 1CC 015 018 038 02D 012 029 1C8 023 017 011 024 03D 084 01F 018 084 023 027 1C0
01	46	0x0146	"<CLEAR>
探険日記が あります
書きこみますか?"	"<CLEAR>There's an Explorer's
Journal. Write in it?"			CLEAR NEWLINE END	EA:3AAB	D0 54 68 65 72 65 27 73 01 61 6E 01 45 78 70 6C 6F 72 65 72 27 73 C8 4A 6F 75 72 6E 61 6C 2E 01 57 72 69 74 65 01 69 6E 01 69 74 3F C0	1D0 184 0BB 120 11B 084 015 001 010 037 02E 01C 1C8 098 016 019 02F 02E 01C 015 079 1C0
01	47	0x0147	"<CLEAR>
どの探険日記に書きこみますか?"	"<CLEAR>Which Explorer's Journal
will you write in?"			CLEAR NEWLINE END	EA:3AD8	D0 57 68 69 63 68 01 45 78 70 6C 6F 72 65 72 27 73 01 4A 6F 75 72 6E 61 6C C8 77 69 6C 6C 01 79 6F 75 01 77 72 69 74 65 01 69 6E 3F C0	1D0 084 023 028 184 0BB 120 11B 025 098 016 019 02F 02E 01C 015 079 1C0
01	48	0x0148	"<CLEAR>
書きこみました"	<CLEAR>Recorded.			CLEAR END	EA:3B05	D0 52 65 63 6F 72 64 65 64 2E C0	1D0 098 016 019 02F 02E 01B 01F 1C0
01	49	0x0149	"<CLEAR>
探険を つづけますか?"	<CLEAR>Continue the adventure?			CLEAR END	EA:3B10	D0 43 6F 6E 74 69 6E 75 65 01 74 68 65 01 61 64 76 65 6E 74 75 72 65 3F C0	1D0 184 0BB 03C 001 021 084 021 018 02E 01C 015 079 1C0
01	4A	0x014A	"<CLEAR>
書きこまずに おわると お話が
ひとつ前まで もどってしまいます
よろしいですか?"	"<CLEAR>If you quit without recording,
your story will roll back
one entry. Is that okay?"			CLEAR NEWLINE NEWLINE END	EA:3B29	D0 49 66 01 79 6F 75 01 71 75 69 74 01 77 69 74 68 6F 75 74 01 72 65 63 6F 72 64 69 6E 67 2C C8 79 6F 75 72 01 73 74 6F 72 79 01 77 69 6C 6C 01 72 6F 6C 6C 01 62 61 63 6B C8 6F 6E 65 01 65 6E 74 72 79 2E 01 49 73 01 74 68 61 74 01 6F 6B 61 79 3F C0	1D0 098 016 019 02E 084 01C 025 001 014 03B 038 023 001 014 0A0 084 015 1C8 02A 023 021 0C3 02E 084 022 001 032 084 023 03E 022 01B 02E 011 02E 01C 1C8 035 03A 01B 011 084 022 01C 015 079 1C0
01	4B	0x014B	"<CLEAR>
ではまた"	<CLEAR>Until next time.<LINE><LINE>			CLEAR LINE LINE END	EA:3B7C	D0 55 6E 74 69 6C 01 6E 65 78 74 01 74 69 6D 65 2E C3 C3 C0	1D0 084 022 029 02E 01F 1C3 1C3 1C0
01	4C	0x014C	<SPEAKER>「サンキュー ベリマッチ!	<SPEAKER>Thank you very much!			SPEAKER END	EA:3B90	CC 54 68 61 6E 6B 01 79 6F 75 01 76 65 72 79 01 6D 75 63 68 21 C0	1CC 04C 06F 048 072 078 001 084 05E 069 060 070 052 07A 1C0
01	4D	0x014D	<SPEAKER>「ほかには 用は ないですか?	<SPEAKER>Anything else you need?			SPEAKER END	EA:3BA6	CC 41 6E 79 74 68 69 6E 67 01 65 6C 73 65 01 79 6F 75 01 6E 65 65 64 3F C0	1CC 02D 015 025 029 001 112 029 001 024 011 084 022 01C 015 079 1C0
01	4E	0x014E	"<SPEAKER>「どのにもつを
しまいましょう?"	<SPEAKER>Which item shall I store?			SPEAKER END	EA:3BBF	CC 57 68 69 63 68 01 69 74 65 6D 01 73 68 61 6C 6C 01 49 01 73 74 6F 72 65 3F C0	1CC 084 023 028 025 032 021 03C 1C8 01B 02E 011 02E 01B 041 012 079 1C0
01	4F	0x014F	"<SPEAKER>「では キチンと
しまっておきます"	"<SPEAKER>All right. I
will store it safely."			SPEAKER NEWLINE END	EA:3BDA	CC 41 6C 6C 01 72 69 67 68 74 2E 01 49 C8 77 69 6C 6C 01 73 74 6F 72 65 01 69 74 01 73 61 66 65 6C 79 2E C0	1CC 084 022 029 001 048 052 06F 023 1C8 01B 02E 03E 022 014 016 02E 01C 1C0
01	50	0x0150	"<SPEAKER>「ほかに 何か
しまいましょうか?"	<SPEAKER>Anything else to store?			SPEAKER END	EA:3BFE	CC 41 6E 79 74 68 69 6E 67 01 65 6C 73 65 01 74 6F 01 73 74 6F 72 65 3F C0	1CC 02D 015 025 001 093 015 1C8 01B 02E 011 02E 01B 041 012 015 079 1C0
01	51	0x0151	"<SPEAKER>「でも 誰も
にもつを 持ってないですよ"	"<SPEAKER>But nobody
is carrying any items."			SPEAKER NEWLINE END	EA:3C17	CC 42 75 74 01 6E 6F 62 6F 64 79 C8 69 73 01 63 61 72 72 79 69 6E 67 01 61 6E 79 01 69 74 65 6D 73 2E C0	1CC 084 022 032 001 0FA 032 1C8 025 032 021 03C 001 0D3 03E 022 024 011 084 022 01C 035 1C0
01	52	0x0152	"<SPEAKER>「でも 何ひとつ
にもつを 持ってないようですが"	"<SPEAKER>It looks like you
are carrying nothing at all."			SPEAKER NEWLINE END	EA:3C3A	CC 49 74 01 6C 6F 6F 6B 73 01 6C 69 6B 65 01 79 6F 75 C8 61 72 65 01 63 61 72 72 79 69 6E 67 01 6E 6F 74 68 69 6E 67 01 61 74 01 61 6C 6C 2E C0	1CC 084 022 032 001 093 02A 023 021 1C8 025 032 021 03C 001 0D3 03E 022 024 011 035 012 084 022 01C 084 015 1C0
01	53	0x0153	"<SPEAKER>「<INSERT_A>の そうこが
ただいま いっぱいでして
これ以上 お入れできません"	"<SPEAKER>Storage for
<INSERT_A> is full right
now. I cannot take any more."			SPEAKER NEWLINE INSERT_A NEWLINE END	EA:3C6A	CC 53 74 6F 72 61 67 65 01 66 6F 72 C8 C4 01 69 73 01 66 75 6C 6C 01 72 69 67 68 74 C8 6E 6F 77 2E 01 49 01 63 61 6E 6E 6F 74 01 74 61 6B 65 01 61 6E 79 01 6D 6F 72 65 2E C0	1CC 1C4 028 001 01E 012 019 084 015 1C8 01F 084 01F 011 02E 001 011 03E 083 029 011 084 022 01B 022 1C8 019 039 0F4 128 001 014 08E 039 084 022 016 02E 01D 03D 1C0
01	54	0x0154	"<SPEAKER>「では キチンと
しまって・・・あれっ?<WAIT><SPEAKER>「これ 呪われてますね・・・
教会で おはらいしてから
また 来てくださいね"	"<SPEAKER>I'll store it safely... Huh?<WAIT><SPEAKER>This thing is cursed.
Have it exorcised at a
church, then bring it back."			SPEAKER WAIT SPEAKER NEWLINE NEWLINE END	EA:3CA4	CC 49 27 6C 6C 01 73 74 6F 72 65 01 69 74 01 73 61 66 65 6C 79 2E 2E 2E 01 48 75 68 3F C5 CC 54 68 69 73 01 74 68 69 6E 67 01 69 73 01 63 75 72 73 65 64 2E C8 48 61 76 65 01 69 74 01 65 78 6F 72 63 69 73 65 64 01 61 74 01 61 C8 63 68 75 72 63 68 2C 01 74 68 65 6E 01 62 72 69 6E 67 01 69 74 01 62 61 63 6B 2E C0	1CC 084 022 029 001 048 052 06F 023 1C8 01B 02E 03E 022 081 081 081 010 039 03E 079 1C5 1CC 019 039 001 12D 03B 039 022 02E 01C 027 081 081 081 1C8 122 11E 084 022 001 014 029 036 011 01B 022 015 036 1C8 02E 01F 001 097 022 017 084 01F 01A 011 027 1C0
01	55	0x0155	"<SPEAKER>「1000エンドル単位で
お預かりします
いくら お預かりしましょう?"	"<SPEAKER>I accept deposits
in units of 1,000 Endol.
How much will you deposit?"			SPEAKER NEWLINE NEWLINE END	EA:3D0C	CC 49 01 61 63 63 65 70 74 01 64 65 70 6F 73 69 74 73 C8 69 6E 01 75 6E 69 74 73 01 6F 66 01 31 2C 30 30 30 01 45 6E 64 6F 6C 2E C8 48 6F 77 01 6D 75 63 68 01 77 69 6C 6C 01 79 6F 75 01 64 65 70 6F 73 69 74 3F C0	1CC 003 002 002 002 045 06F 084 055 06A 18E 194 084 022 1C8 014 111 015 037 01B 02E 01C 1C8 011 017 036 001 014 111 015 037 01B 02E 01B 041 012 079 1C0
01	56	0x0156	"<SPEAKER>「<NUMBER>エンドルですね?
では キッチリと お預かりします"	"<SPEAKER><NUMBER> Endol,
correct? I will keep it safe."			SPEAKER NUMBER NEWLINE END	EA:3D53	CC C2 01 45 6E 64 6F 6C 2C C8 63 6F 72 72 65 63 74 3F 01 49 01 77 69 6C 6C 01 6B 65 65 70 01 69 74 01 73 61 66 65 2E C0	1CC 1C2 045 06F 084 055 06A 084 022 01C 027 079 1C8 084 022 029 001 048 070 052 069 023 001 014 111 015 037 01B 02E 01C 1C0
01	57	0x0157	"<SPEAKER>「<NUMBER>エンドルですか?<WAIT><SPEAKER>「いいにくいのですが
お客様は そんなに
お持ちでは ないようですが・・・"	"<SPEAKER><NUMBER> Endol?<WAIT><SPEAKER>I hate to say it,
but you do not appear to
have that much on you..."			SPEAKER NUMBER WAIT SPEAKER NEWLINE NEWLINE END	EA:3D7B	CC C2 01 45 6E 64 6F 6C 3F C5 CC 49 01 68 61 74 65 01 74 6F 01 73 61 79 01 69 74 2C C8 62 75 74 01 79 6F 75 01 64 6F 01 6E 6F 74 01 61 70 70 65 61 72 01 74 6F C8 68 61 76 65 01 74 68 61 74 01 6D 75 63 68 01 6F 6E 01 79 6F 75 2E 2E 2E C0	1CC 1C2 045 06F 084 055 06A 084 022 01C 015 079 1C5 1CC 011 011 025 017 011 028 084 022 01C 084 015 1C8 014 0FD 0D9 029 001 01E 03D 024 025 1C8 014 0D3 020 084 022 029 001 024 011 035 012 084 022 01C 084 015 081 081 081 1C0
01	58	0x0158	<SPEAKER>「どれを 返しましょうか?	<SPEAKER>Which item shall I return?			SPEAKER END	EA:3DCA	CC 57 68 69 63 68 01 69 74 65 6D 01 73 68 61 6C 6C 01 49 01 72 65 74 75 72 6E 3F C0	1CC 084 023 039 03C 001 135 01B 02E 01B 041 012 015 079 1C0
01	59	0x0159	<SPEAKER>「誰が 持っていきます?	<SPEAKER>Who will take it?			SPEAKER END	EA:3DE6	CC 57 68 6F 01 77 69 6C 6C 01 74 61 6B 65 01 69 74 3F C0	1CC 0FA 084 015 001 0D3 03E 022 011 016 02E 01C 079 1C0
01	5A	0x015A	<SPEAKER>「ここで 装備していきますか?	"<SPEAKER>Equip it
here before you go?"			SPEAKER NEWLINE END	EA:3DF9	CC 45 71 75 69 70 01 69 74 C8 68 65 72 65 01 62 65 66 6F 72 65 01 79 6F 75 01 67 6F 3F C0	1CC 019 019 084 022 001 0C2 0C4 01B 022 011 016 02E 01C 015 079 1C0
01	5B	0x015B	"<SPEAKER>「なかなか さまになりますよ
きっと"	"<SPEAKER>It looks rather
good on you. Really."			SPEAKER NEWLINE END	EA:3E17	CC 49 74 01 6C 6F 6F 6B 73 01 72 61 74 68 65 72 C8 67 6F 6F 64 01 6F 6E 01 79 6F 75 2E 01 52 65 61 6C 6C 79 2E C0	1CC 024 015 024 015 001 01A 02E 025 024 037 02E 01C 035 1C8 016 03E 023 1C0
01	5C	0x015C	<SPEAKER>「はい どうぞ!	<SPEAKER>Here you are!			SPEAKER END	EA:3E3D	CC 48 65 72 65 01 79 6F 75 01 61 72 65 21 C0	1CC 029 011 001 084 023 012 084 01E 07A 1C0
01	5D	0x015D	"<SPEAKER>「では <INSERT_C>の
ひつぎに いれておきますよ"	"<SPEAKER>I'll put it
in <INSERT_C>'s coffin."			SPEAKER NEWLINE INSERT_C END	EA:3E4C	CC 49 27 6C 6C 01 70 75 74 01 69 74 C8 69 6E 01 CE 27 73 01 63 6F 66 66 69 6E 2E C0	1CC 084 022 029 001 1CE 028 1C8 02A 021 084 016 025 001 011 039 022 014 016 02E 01C 035 1C0
01	5E	0x015E	"<SPEAKER>「ほかの物も
返しましょうか?"	"<SPEAKER>Shall I
return anything else?"			SPEAKER NEWLINE END	EA:3E68	CC 53 68 61 6C 6C 01 49 C8 72 65 74 75 72 6E 01 61 6E 79 74 68 69 6E 67 01 65 6C 73 65 3F C0	1CC 02D 015 028 08B 032 1C8 135 01B 02E 01B 041 012 015 079 1C0
01	5F	0x015F	"<SPEAKER>「<INSERT_C>は これを
装備できませんけど
かまいませんか?"	"<SPEAKER><INSERT_C> can't
equip this. Is that all right?"			SPEAKER INSERT_C NEWLINE END	EA:3E87	CC CE 01 63 61 6E 27 74 C8 65 71 75 69 70 01 74 68 69 73 2E 01 49 73 01 74 68 61 74 01 61 6C 6C 01 72 69 67 68 74 3F C0	1CC 1CE 029 001 019 039 03C 1C8 0C2 0C4 084 022 016 02E 01D 03D 018 084 023 1C8 015 02E 011 02E 01D 03D 015 079 1C0
01	60	0x0160	<SPEAKER>「誰か ほかの人が 持ちますか?	"<SPEAKER>Should
someone else carry it?"			SPEAKER NEWLINE END	EA:3EAF	CC 53 68 6F 75 6C 64 C8 73 6F 6D 65 6F 6E 65 01 65 6C 73 65 01 63 61 72 72 79 01 69 74 3F C0	1CC 0FA 015 001 02D 015 028 091 084 015 001 0D3 020 02E 01C 015 079 1C0
01	61	0x0161	"<SPEAKER>「<INSERT_C>は それ以上
物を 持てないようですよ"	"<SPEAKER><INSERT_C> can't carry
anything else right now."			SPEAKER INSERT_C NEWLINE END	EA:3ECE	CC CE 01 63 61 6E 27 74 01 63 61 72 72 79 C8 61 6E 79 74 68 69 6E 67 01 65 6C 73 65 01 72 69 67 68 74 01 6E 6F 77 2E C0	1CC 1CE 029 001 01E 039 0F4 128 1C8 08B 03C 001 0D3 022 024 011 035 012 084 022 01C 035 1C0
01	62	0x0162	<SPEAKER>「やめるのですね	<SPEAKER>You are stopping, then.			SPEAKER END	EA:3EF6	CC 59 6F 75 01 61 72 65 01 73 74 6F 70 70 69 6E 67 2C 01 74 68 65 6E 2E C0	1CC 033 031 038 028 084 022 01C 027 1C0
01	63	0x0163	"<SPEAKER>「ほかの物を
返しましょうか?"	"<SPEAKER>Shall I return
something else?"			SPEAKER NEWLINE END	EA:3F0F	CC 53 68 61 6C 6C 01 49 01 72 65 74 75 72 6E C8 73 6F 6D 65 74 68 69 6E 67 01 65 6C 73 65 3F C0	1CC 02D 015 028 08B 03C 1C8 135 01B 02E 01B 041 012 015 079 1C0
01	64	0x0164	"<SPEAKER>「みなさん それ以上
物を 持てないようですよ"	"<SPEAKER>No one can carry
anything else right now."			SPEAKER NEWLINE END	EA:3F2F	CC 4E 6F 01 6F 6E 65 01 63 61 6E 01 63 61 72 72 79 C8 61 6E 79 74 68 69 6E 67 01 65 6C 73 65 01 72 69 67 68 74 01 6E 6F 77 2E C0	1CC 02F 024 01A 03D 001 01E 039 0F4 128 1C8 08B 03C 001 0D3 022 024 011 035 012 084 022 01C 035 1C0
01	65	0x0165	"<SPEAKER>「あれ あなたのにもつは
ありませんよ"	"<SPEAKER>Huh? You don't
have anything stored here."			SPEAKER NEWLINE END	EA:3F5A	CC 48 75 68 3F 01 59 6F 75 01 64 6F 6E 27 74 C8 68 61 76 65 01 61 6E 79 74 68 69 6E 67 01 73 74 6F 72 65 64 01 68 65 72 65 2E C0	1CC 010 039 001 010 024 01F 028 025 032 021 029 1C8 010 037 02E 01D 03D 035 1C0
01	66	0x0166	"<SPEAKER>「げんざい <NUMBER>エンドル
お預かりしています
いくら お返ししましょう?"	"<SPEAKER>I currently hold <NUMBER>
Endol. How much shall I return?"			SPEAKER NUMBER NEWLINE END	EA:3F85	CC 49 01 63 75 72 72 65 6E 74 6C 79 01 68 6F 6C 64 01 C2 C8 45 6E 64 6F 6C 2E 01 48 6F 77 01 6D 75 63 68 01 73 68 61 6C 6C 01 49 01 72 65 74 75 72 6E 3F C0	1CC 084 018 03D 084 01A 011 001 1C2 045 06F 084 055 06A 1C8 014 111 015 037 01B 022 011 02E 01C 1C8 011 017 036 001 014 135 01B 01B 02E 01B 041 012 079 1C0
01	67	0x0167	"<SPEAKER>「<NUMBER>エンドルですね?<WAIT><SPEAKER>「わかりました
では どうぞ"	<SPEAKER><NUMBER> Endol, correct?<WAIT><SPEAKER>Understood. Here you are.			SPEAKER NUMBER WAIT SPEAKER END	EA:3FB9	CC C2 01 45 6E 64 6F 6C 2C 01 63 6F 72 72 65 63 74 3F C5 CC 55 6E 64 65 72 73 74 6F 6F 64 2E 01 48 65 72 65 01 79 6F 75 01 61 72 65 2E C0	1CC 1C2 045 06F 084 055 06A 084 022 01C 027 079 1C5 1CC 03B 015 037 02E 01B 01F 1C8 084 022 029 001 084 023 012 084 01E 1C0
01	68	0x0168	"<SPEAKER>「えっ? お金?
1エンドルも
お預かりしていませんけど・・・"	"<SPEAKER>Huh? Money? I
don't have a single Endol
of yours on deposit..."			SPEAKER NEWLINE NEWLINE END	EA:3FE7	CC 48 75 68 3F 01 4D 6F 6E 65 79 3F 01 49 C8 64 6F 6E 27 74 01 68 61 76 65 01 61 01 73 69 6E 67 6C 65 01 45 6E 64 6F 6C C8 6F 66 01 79 6F 75 72 73 01 6F 6E 01 64 65 70 6F 73 69 74 2E 2E 2E C0	1CC 013 03E 079 001 014 094 079 1C8 003 045 06F 084 055 06A 032 1C8 014 111 015 037 01B 022 011 02E 01D 03D 018 084 023 081 081 081 1C0
01	69	0x0169	"<SPEAKER>「<NUMBER>エンドルですか?<WAIT><SPEAKER>「そんなに たくさん
お預かりしていませんが"	"<SPEAKER><NUMBER> Endol?<WAIT><SPEAKER>I don't have that much
of your money on deposit."			SPEAKER NUMBER WAIT SPEAKER NEWLINE END	EA:4027	CC C2 01 45 6E 64 6F 6C 3F C5 CC 49 01 64 6F 6E 27 74 01 68 61 76 65 01 74 68 61 74 01 6D 75 63 68 C8 6F 66 01 79 6F 75 72 01 6D 6F 6E 65 79 01 6F 6E 01 64 65 70 6F 73 69 74 2E C0	1CC 1C2 045 06F 084 055 06A 084 022 01C 015 079 1C5 1CC 01E 03D 024 025 001 01F 017 01A 03D 1C8 014 111 015 037 01B 022 011 02E 01D 03D 084 015 1C0
01	6A	0x016A	"<SPEAKER>「<NUMBER>エンドルですか?<WAIT><SPEAKER>「そんなに たくさん
お持ちになれないようですが"	"<SPEAKER><NUMBER> Endol?<WAIT><SPEAKER>It doesn't look like you
can carry that much at once."			SPEAKER NUMBER WAIT SPEAKER NEWLINE END	EA:4063	CC C2 01 45 6E 64 6F 6C 3F C5 CC 49 74 01 64 6F 65 73 6E 27 74 01 6C 6F 6F 6B 01 6C 69 6B 65 01 79 6F 75 C8 63 61 6E 01 63 61 72 72 79 01 74 68 61 74 01 6D 75 63 68 01 61 74 01 6F 6E 63 65 2E C0	1CC 1C2 045 06F 084 055 06A 084 022 01C 015 079 1C5 1CC 01E 03D 024 025 001 01F 017 01A 03D 1C8 014 0D3 020 025 024 039 024 011 035 012 084 022 01C 084 015 1C0
01	6B	0x016B	"<CLEAR>
「ポスト
と かいてある<WAIT>
<CLEAR>
とつぜん ポストが 話しかけてきた!"	"<CLEAR>It says ""POST.""<WAIT><CLEAR>Suddenly, the post spoke!"			CLEAR WAIT CLEAR END	EA:40A4	D0 49 74 01 73 61 79 73 01 22 50 4F 53 54 2E 22 C5 D0 53 75 64 64 65 6E 6C 79 2C 01 74 68 65 01 70 6F 73 74 01 73 70 6F 6B 65 21 C0	1D0 07D 083 05F 04E 055 1C8 023 001 015 011 022 010 038 1C5 1D0 023 021 084 01D 03D 001 083 05F 04E 055 084 015 001 0A0 01B 015 018 022 016 01F 07A 1C0
01	6C	0x016C	"<SPEAKER>「ぼくは ポストです<WAIT><SPEAKER>「お金と にもつを
そうこに おくります
さて どちらの ご用でしょう?"	"<SPEAKER>I'm a post.<WAIT><SPEAKER>I can send money
and items to storage.
Which service do you need?"			SPEAKER WAIT SPEAKER NEWLINE NEWLINE END	EA:40D0	CC 49 27 6D 01 61 01 70 6F 73 74 2E C5 CC 49 01 63 61 6E 01 73 65 6E 64 01 6D 6F 6E 65 79 C8 61 6E 64 01 69 74 65 6D 73 01 74 6F 01 73 74 6F 72 61 67 65 2E C8 57 68 69 63 68 01 73 65 72 76 69 63 65 01 64 6F 01 79 6F 75 01 6E 65 65 64 3F C0	1CC 084 02D 017 029 001 083 05F 04E 055 084 022 01C 1C5 1CC 014 094 023 001 025 032 021 03C 1C8 01E 012 019 025 001 014 017 037 02E 01C 1C8 01A 022 001 084 023 020 036 028 001 084 019 112 084 022 01B 041 012 079 1C0
01	6D	0x016D	"<SPEAKER>「カジノで あそぶなら
ここで コインを買っとくらい"	"<SPEAKER>If you plan to gamble,
buy your coins here first."			SPEAKER NEWLINE END	EA:4120	CC 49 66 01 79 6F 75 01 70 6C 61 6E 01 74 6F 01 67 61 6D 62 6C 65 2C C8 62 75 79 01 79 6F 75 72 01 63 6F 69 6E 73 01 68 65 72 65 01 66 69 72 73 74 2E C0	1CC 047 084 04D 05A 084 022 001 010 01E 084 02B 024 036 1C8 019 019 084 022 001 04B 043 06F 03C 0A8 03E 023 017 036 011 1C0
01	6E	0x016E	"<SPEAKER>「おや コインを持ってなさるね?
こちらで お預りしやしょう"	"<SPEAKER>Oh, you have
coins already? I can
hold those for you."			SPEAKER NEWLINE NEWLINE END	EA:4153	CC 4F 68 2C 01 79 6F 75 01 68 61 76 65 C8 63 6F 69 6E 73 01 61 6C 72 65 61 64 79 3F 01 49 01 63 61 6E C8 68 6F 6C 64 01 74 68 6F 73 65 01 66 6F 72 01 79 6F 75 2E C0	1CC 014 033 001 04B 043 06F 03C 0D3 03E 022 024 01A 038 027 079 1C8 019 020 036 084 022 001 014 111 037 01B 033 01B 041 012 1C0
01	6F	0x016F	"<SPEAKER>「お嬢ちゃんからは コインを
<NUMBER>枚 預かってやすね"	"<SPEAKER>I'm holding <NUMBER>
coins for you, missy."			SPEAKER NUMBER NEWLINE END	EA:418A	CC 49 27 6D 01 68 6F 6C 64 69 6E 67 01 C2 C8 63 6F 69 6E 73 01 66 6F 72 01 79 6F 75 2C 01 6D 69 73 73 79 2E C0	1CC 014 0D8 020 03F 03D 015 036 029 001 04B 043 06F 03C 1C8 1C2 115 001 111 015 03E 022 033 01C 027 1C0
01	70	0x0170	"<SPEAKER>「お嬢ちゃんからは コインを
1枚も 預かってやせんね"	"<SPEAKER>I'm not holding a
single coin for you, missy."			SPEAKER NEWLINE END	EA:41AF	CC 49 27 6D 01 6E 6F 74 01 68 6F 6C 64 69 6E 67 01 61 C8 73 69 6E 67 6C 65 01 63 6F 69 6E 01 66 6F 72 01 79 6F 75 2C 01 6D 69 73 73 79 2E C0	1CC 014 0D8 020 03F 03D 015 036 029 001 04B 043 06F 03C 1C8 003 115 032 001 111 015 03E 022 033 01D 03D 027 1C0
01	71	0x0171	"<SPEAKER>「コインは 1枚 20エンドルだから
<NUMBER>枚まで 買えるけど
何枚 買ってくれなさる?"	"<SPEAKER>Coins are 20 Endol each.
You can buy up to <NUMBER>.
How many do you want?"			SPEAKER NEWLINE NUMBER NEWLINE END	EA:41DE	CC 43 6F 69 6E 73 01 61 72 65 01 32 30 01 45 6E 64 6F 6C 01 65 61 63 68 2E C8 59 6F 75 01 63 61 6E 01 62 75 79 01 75 70 01 74 6F 01 C2 2E C8 48 6F 77 01 6D 61 6E 79 01 64 6F 01 79 6F 75 01 77 61 6E 74 3F C0	1CC 04B 043 06F 029 001 003 115 001 004 002 045 06F 084 055 06A 084 01F 015 036 1C8 1C2 115 02E 084 022 001 0A8 013 038 018 084 023 1C8 093 115 001 0A8 03E 022 017 039 024 01A 038 079 1C0
01	72	0x0172	<SPEAKER>「<NUMBER>枚だね	<SPEAKER><NUMBER> coins, right?			SPEAKER NUMBER END	EA:4223	CC C2 01 63 6F 69 6E 73 2C 01 72 69 67 68 74 3F C0	1CC 1C2 115 084 01F 027 1C0
01	73	0x0173	"<SPEAKER>「<NUMBER>エンドルに
なりやすよ! いいですかい?"	"<SPEAKER>That comes to
<NUMBER> Endol. Sound good?"			SPEAKER NEWLINE NUMBER END	EA:4234	CC 54 68 61 74 01 63 6F 6D 65 73 01 74 6F C8 C2 01 45 6E 64 6F 6C 2E 01 53 6F 75 6E 64 01 67 6F 6F 64 3F C0	1CC 1C2 045 06F 084 055 06A 025 1C8 024 037 033 01C 035 07A 001 011 011 084 022 01C 015 011 079 1C0
01	74	0x0174	"<SPEAKER>「どうも ありがとう!
たのしんでっとくらい!"	"<SPEAKER>Thanks a lot!
Have fun in there!"			SPEAKER NEWLINE END	EA:4258	CC 54 68 61 6E 6B 73 01 61 01 6C 6F 74 21 C8 48 61 76 65 01 66 75 6E 01 69 6E 01 74 68 65 72 65 21 C0	1CC 084 023 012 032 001 010 037 084 015 023 012 07A 1C8 01F 028 01B 03D 084 022 03E 023 017 036 011 07A 1C0
01	75	0x0175	"<SPEAKER>「コインは 1枚 20エンドルだから
ざんねんだけど お嬢ちゃんには
売ってあげられないねえ"	"<SPEAKER>Coins are 20 Endol each.
Sorry, missy, but you can't
afford even one right now."			SPEAKER NEWLINE NEWLINE END	EA:427A	CC 43 6F 69 6E 73 01 61 72 65 01 32 30 01 45 6E 64 6F 6C 01 65 61 63 68 2E C8 53 6F 72 72 79 2C 01 6D 69 73 73 79 2C 01 62 75 74 01 79 6F 75 01 63 61 6E 27 74 C8 61 66 66 6F 72 64 01 65 76 65 6E 01 6F 6E 65 01 72 69 67 68 74 01 6E 6F 77 2E C0	1CC 04B 043 06F 029 001 003 115 001 004 002 045 06F 084 055 06A 084 01F 015 036 1C8 084 01A 03D 027 03D 084 01F 018 084 023 001 014 0D8 020 03F 03D 025 029 1C8 0A2 03E 022 010 084 018 036 039 024 011 027 013 1C0
01	76	0x0176	"<SPEAKER>「おこづかいが あまったら
また来とくらい! 待ってるよ!"	"<SPEAKER>Come back when
you have some spending
money! I will be waiting!"			SPEAKER NEWLINE NEWLINE END	EA:42CB	CC 43 6F 6D 65 01 62 61 63 6B 01 77 68 65 6E C8 79 6F 75 01 68 61 76 65 01 73 6F 6D 65 01 73 70 65 6E 64 69 6E 67 C8 6D 6F 6E 65 79 21 01 49 01 77 69 6C 6C 01 62 65 01 77 61 69 74 69 6E 67 21 C0	1CC 014 019 084 021 015 011 084 015 001 010 02E 03E 01F 036 1C8 02E 01F 097 023 017 036 011 07A 001 16B 03E 022 038 035 07A 1C0
01	77	0x0177	"<SPEAKER>「<NUMBER>エンドルに
なりますよ・・・
あれ お金が たりねえようだね"	"<SPEAKER>That comes to
<NUMBER> Endol... Oh.
Looks like you are short."			SPEAKER NEWLINE NUMBER NEWLINE END	EA:430C	CC 54 68 61 74 01 63 6F 6D 65 73 01 74 6F C8 C2 01 45 6E 64 6F 6C 2E 2E 2E 01 4F 68 2E C8 4C 6F 6F 6B 73 01 6C 69 6B 65 01 79 6F 75 01 61 72 65 01 73 68 6F 72 74 2E C0	1CC 1C2 045 06F 084 055 06A 025 1C8 024 037 02E 01C 035 081 081 081 1C8 010 039 001 014 094 084 015 001 01F 037 027 013 035 012 084 01F 027 1C0
01	78	0x0178	"<SPEAKER>「ここは コインを
品物にかえる 交換所だよ"	"<SPEAKER>This counter
trades coins for prizes."			SPEAKER NEWLINE END	EA:4344	CC 54 68 69 73 01 63 6F 75 6E 74 65 72 C8 74 72 61 64 65 73 01 63 6F 69 6E 73 01 66 6F 72 01 70 72 69 7A 65 73 2E C0	1CC 019 019 029 001 04B 043 06F 03C 1C8 12B 08B 025 015 013 038 001 114 116 12F 084 01F 035 1C0
01	79	0x0179	"<SPEAKER>「おや コインを持ってるのかい?
それも お預りしますね"	"<SPEAKER>Oh, you have coins?
I can hold those too."			SPEAKER NEWLINE END	EA:436B	CC 4F 68 2C 01 79 6F 75 01 68 61 76 65 01 63 6F 69 6E 73 3F C8 49 01 63 61 6E 01 68 6F 6C 64 01 74 68 6F 73 65 01 74 6F 6F 2E C0	1CC 014 033 001 04B 043 06F 03C 0D3 03E 022 038 028 015 011 079 1C8 01E 039 032 001 014 111 037 01B 02E 01C 027 1C0
01	7A	0x017A	"<SPEAKER>「<INSERT_C>からは コインを
<NUMBER>枚 預かってるね
品物と 交換するかい?"	"<SPEAKER>I'm holding <NUMBER>
coins for <INSERT_C>. Want
to trade for a prize?"			SPEAKER NUMBER NEWLINE INSERT_C NEWLINE END	EA:4396	CC 49 27 6D 01 68 6F 6C 64 69 6E 67 01 C2 C8 63 6F 69 6E 73 01 66 6F 72 01 CE 2E 01 57 61 6E 74 C8 74 6F 01 74 72 61 64 65 01 66 6F 72 01 61 01 70 72 69 7A 65 3F C0	1CC 1CE 015 036 029 001 04B 043 06F 03C 1C8 1C2 115 001 111 015 03E 022 038 027 1C8 12B 08B 023 001 114 116 01C 038 015 011 079 1C0
01	7B	0x017B	<SPEAKER>「じゃ またな!	<SPEAKER>See you next time!			SPEAKER END	EA:43CD	CC 53 65 65 01 79 6F 75 01 6E 65 78 74 01 74 69 6D 65 21 C0	1CC 084 01B 03F 001 02E 01F 024 07A 1C0
01	7C	0x017C	"<SPEAKER>「<INSERT_C>は コインを・・・・
あ 一枚もねえのかい<WAIT><SPEAKER>「コインを ためて
また来てくれよ! 待ってるぜ!"	"<SPEAKER><INSERT_C> has...
not even one coin, huh?<WAIT><SPEAKER>Save up some coins
and come back! I'll be here!"			SPEAKER INSERT_C NEWLINE WAIT SPEAKER NEWLINE END	EA:43E1	CC CE 01 68 61 73 2E 2E 2E C8 6E 6F 74 01 65 76 65 6E 01 6F 6E 65 01 63 6F 69 6E 2C 01 68 75 68 3F C5 CC 53 61 76 65 01 75 70 01 73 6F 6D 65 01 63 6F 69 6E 73 C8 61 6E 64 01 63 6F 6D 65 01 62 61 63 6B 21 01 49 27 6C 6C 01 62 65 01 68 65 72 65 21 C0	1CC 1CE 029 001 04B 043 06F 03C 081 081 081 081 1C8 010 001 0AF 115 032 027 013 028 015 011 1C5 1CC 04B 043 06F 03C 001 01F 031 022 1C8 02E 01F 097 022 017 039 035 07A 001 16B 03E 022 038 084 01D 07A 1C0
01	7D	0x017D	<SPEAKER>「どれと 交換したい?	"<SPEAKER>What do you
want to trade for?"			SPEAKER NEWLINE END	EA:4434	CC 57 68 61 74 01 64 6F 01 79 6F 75 C8 77 61 6E 74 01 74 6F 01 74 72 61 64 65 01 66 6F 72 3F C0	1CC 084 023 039 023 001 114 116 01B 01F 011 079 1C0
01	7E	0x017E	<SPEAKER>「<INSERT_A>だね?	<SPEAKER><INSERT_A>, right?			SPEAKER INSERT_A END	EA:4454	CC C4 2C 01 72 69 67 68 74 3F C0	1CC 1C4 084 01F 027 079 1C0
01	7F	0x017F	<SPEAKER>「誰に わたそうか?	<SPEAKER>Who should get it?			SPEAKER END	EA:445F	CC 57 68 6F 01 73 68 6F 75 6C 64 01 67 65 74 01 69 74 3F C0	1CC 0FA 025 001 03B 01F 01E 012 015 079 1C0
01	80	0x0180	<SPEAKER>「さっそく 装備するかい?	<SPEAKER>Equip it right away?			SPEAKER END	EA:4473	CC 45 71 75 69 70 01 69 74 01 72 69 67 68 74 01 61 77 61 79 3F C0	1CC 01A 03E 01E 017 001 0C2 0C4 01C 038 015 011 079 1C0
01	81	0x0181	<SPEAKER>「よしきた!	<SPEAKER>You got it!			SPEAKER END	EA:4489	CC 59 6F 75 01 67 6F 74 01 69 74 21 C0	1CC 035 01B 016 01F 07A 1C0
01	82	0x0182	<SPEAKER>「ほい <INSERT_C>!	<SPEAKER>Here, <INSERT_C>!			SPEAKER INSERT_C END	EA:4496	CC 48 65 72 65 2C 01 CE 21 C0	1CC 02D 011 001 1CE 07A 1C0
01	83	0x0183	"<SPEAKER>「ほい <INSERT_C>
ひつぎの中に いれといて
やるからな"	"<SPEAKER>Here, <INSERT_C>. I'll
put it in the coffin for you."			SPEAKER INSERT_C NEWLINE END	EA:44A0	CC 48 65 72 65 2C 01 CE 2E 01 49 27 6C 6C C8 70 75 74 01 69 74 01 69 6E 01 74 68 65 01 63 6F 66 66 69 6E 01 66 6F 72 01 79 6F 75 2E C0	1CC 02D 011 001 1CE 1C8 02A 021 084 016 028 0A1 025 001 011 039 023 011 022 1C8 033 038 015 036 024 1C0
01	84	0x0184	<SPEAKER>「ほかの品物を 交換するかい?	<SPEAKER>Trade for another prize?			SPEAKER END	EA:44CD	CC 54 72 61 64 65 01 66 6F 72 01 61 6E 6F 74 68 65 72 01 70 72 69 7A 65 3F C0	1CC 02D 015 028 12B 08B 03C 001 114 116 01C 038 015 011 079 1C0
01	85	0x0185	"<SPEAKER>「じゃ コインの残りは 預かっとこう
また来てくれよ! 待ってるからね!"	"<SPEAKER>I'll hold the rest
of your coins. Come back
again! I'll be waiting!"			SPEAKER NEWLINE NEWLINE END	EA:44E7	CC 49 27 6C 6C 01 68 6F 6C 64 01 74 68 65 01 72 65 73 74 C8 6F 66 01 79 6F 75 72 01 63 6F 69 6E 73 2E 01 43 6F 6D 65 01 62 61 63 6B C8 61 67 61 69 6E 21 01 49 27 6C 6C 01 62 65 01 77 61 69 74 69 6E 67 21 C0	1CC 084 01B 03F 001 04B 043 06F 028 142 037 029 001 111 015 03E 023 019 012 1C8 02E 01F 097 022 017 039 035 07A 001 16B 03E 022 038 015 036 027 07A 1C0
01	86	0x0186	"<SPEAKER>「<INSERT_C>は
これを装備できないけど
それでも いいのかい?"	"<SPEAKER><INSERT_C> can't
equip this. Still want it?"			SPEAKER INSERT_C NEWLINE END	EA:452C	CC CE 01 63 61 6E 27 74 C8 65 71 75 69 70 01 74 68 69 73 2E 01 53 74 69 6C 6C 01 77 61 6E 74 01 69 74 3F C0	1CC 1CE 029 1C8 019 039 03C 0C2 0C4 084 022 016 024 011 018 084 023 1C8 01E 039 084 022 032 001 011 011 028 015 011 079 1C0
01	87	0x0187	"<SPEAKER>「でも <INSERT_C>は
もう これは
持てないみたいだぜ"	"<SPEAKER>But <INSERT_C>
can't carry this right now."			SPEAKER INSERT_C NEWLINE END	EA:4550	CC 42 75 74 01 CE C8 63 61 6E 27 74 01 63 61 72 72 79 01 74 68 69 73 01 72 69 67 68 74 01 6E 6F 77 2E C0	1CC 084 022 032 001 1CE 029 1C8 032 012 001 019 039 029 1C8 0D3 022 024 011 02F 01F 011 084 01F 084 01D 1C0
01	88	0x0188	<SPEAKER>「ほかの人に わたそうか?	<SPEAKER>Give it to someone else?			SPEAKER END	EA:4573	CC 47 69 76 65 01 69 74 01 74 6F 01 73 6F 6D 65 6F 6E 65 01 65 6C 73 65 3F C0	1CC 02D 015 028 091 025 001 03B 01F 01E 012 015 079 1C0
01	89	0x0189	"<SPEAKER>「<INSERT_A>と 交換するには
コインが たりないみたいだな"	"<SPEAKER>You don't have
enough coins to trade
for <INSERT_A>."			SPEAKER NEWLINE NEWLINE INSERT_A END	EA:458D	CC 59 6F 75 01 64 6F 6E 27 74 01 68 61 76 65 C8 65 6E 6F 75 67 68 01 63 6F 69 6E 73 01 74 6F 01 74 72 61 64 65 C8 66 6F 72 01 C4 2E C0	1CC 1C4 023 001 114 116 01C 038 025 029 1C8 04B 043 06F 084 015 001 01F 037 024 011 02F 01F 011 084 01F 024 1C0
01	8A	0x018A	"<SPEAKER>「でも みなさん
もう これは
持てないみたいだぜ"	"<SPEAKER>But nobody can
carry this right now."			SPEAKER NEWLINE END	EA:45BA	CC 42 75 74 01 6E 6F 62 6F 64 79 01 63 61 6E C8 63 61 72 72 79 01 74 68 69 73 01 72 69 67 68 74 01 6E 6F 77 2E C0	1CC 084 022 032 001 02F 024 01A 03D 1C8 032 012 001 019 039 029 1C8 0D3 022 024 011 02F 01F 011 084 01F 084 01D 1C0
01	8B	0x018B	"<SPEAKER>「おれは 世界中の
ひかるビーダマを あつめてるんだ"	"<SPEAKER>I collect Shining Marbles
from all over the world."			SPEAKER NEWLINE END	EA:45E0	CC 49 01 63 6F 6C 6C 65 63 74 01 53 68 69 6E 69 6E 67 01 4D 61 72 62 6C 65 73 C8 66 72 6F 6D 01 61 6C 6C 01 6F 76 65 72 01 74 68 65 01 77 6F 72 6C 64 2E C0	1CC 014 039 029 001 0A9 103 0A1 028 1C8 02A 015 038 084 05C 078 084 051 060 03C 001 010 021 031 022 038 03D 084 01F 1C0
01	8C	0x018C	"<SPEAKER>「おっ ビーダマを
持ってるじゃないか!
それ おれが もらった!"	"<SPEAKER>Hey, you've got a
marble! I'll take that, thank you!"			SPEAKER NEWLINE END	EA:4614	CC 48 65 79 2C 01 79 6F 75 27 76 65 01 67 6F 74 01 61 C8 6D 61 72 62 6C 65 21 01 49 27 6C 6C 01 74 61 6B 65 01 74 68 61 74 2C 01 74 68 61 6E 6B 01 79 6F 75 21 C0	1CC 014 03E 001 084 05C 078 084 051 060 03C 1C8 0D3 03E 022 038 084 01B 03F 024 011 015 07A 1C8 01E 039 001 014 039 084 015 001 032 036 03E 01F 07A 1C0
01	8D	0x018D	"<SPEAKER>「<INSERT_D>からは <NUMBER>コの
ビーダマを もらってるけど
何かと 交換しようか?"	"<SPEAKER>I've received <NUMBER>
marbles from <INSERT_D> so far.
Want to trade for something?"			SPEAKER NUMBER NEWLINE INSERT_D NEWLINE END	EA:464A	CC 49 27 76 65 01 72 65 63 65 69 76 65 64 01 C2 C8 6D 61 72 62 6C 65 73 01 66 72 6F 6D 01 CF 01 73 6F 01 66 61 72 2E C8 57 61 6E 74 01 74 6F 01 74 72 61 64 65 01 66 6F 72 01 73 6F 6D 65 74 68 69 6E 67 3F C0	1CC 1CF 015 036 029 001 1C2 04B 028 1C8 084 05C 078 084 051 060 03C 001 032 036 03E 022 038 018 084 023 1C8 093 015 023 001 114 116 01B 035 012 015 079 1C0
01	8E	0x018E	<SPEAKER>「また 来ておくれよ!	<SPEAKER>Come back again!			SPEAKER END	EA:468F	CC 43 6F 6D 65 01 62 61 63 6B 01 61 67 61 69 6E 21 C0	1CC 02E 01F 001 097 022 014 017 039 035 07A 1C0
01	8F	0x018F	"<SPEAKER>「ビーダマと交換に あちこちで
集めた すてきなアイテムを
プレゼントするよ!"	"<SPEAKER>In exchange for marbles,
I give away wonderful items
I have collected everywhere!"			SPEAKER NEWLINE NEWLINE END	EA:46A1	CC 49 6E 01 65 78 63 68 61 6E 67 65 01 66 6F 72 01 6D 61 72 62 6C 65 73 2C C8 49 01 67 69 76 65 01 61 77 61 79 01 77 6F 6E 64 65 72 66 75 6C 01 69 74 65 6D 73 C8 49 01 68 61 76 65 01 63 6F 6C 6C 65 63 74 65 64 01 65 76 65 72 79 77 68 65 72 65 21 C0	1CC 084 05C 078 084 051 060 023 114 116 025 001 010 020 019 020 084 022 1C8 1AC 031 01F 001 01C 022 016 024 042 043 054 062 03C 1C8 083 05D 06B 084 04F 06F 055 01C 038 035 07A 1C0
01	90	0x0190	<SPEAKER>「さっそく 装備してみるかい?	"<SPEAKER>Want to
equip it right away?"			SPEAKER NEWLINE END	EA:46F4	CC 57 61 6E 74 01 74 6F C8 65 71 75 69 70 01 69 74 01 72 69 67 68 74 01 61 77 61 79 3F C0	1CC 01A 03E 01E 017 001 0C2 0C4 01B 022 02F 038 015 011 079 1C0
01	91	0x0191	"<SPEAKER>「はい これ!
だいじにしてよ!"	"<SPEAKER>Here you go!
Take good care of it!"			SPEAKER NEWLINE END	EA:4712	CC 48 65 72 65 01 79 6F 75 01 67 6F 21 C8 54 61 6B 65 01 67 6F 6F 64 01 63 61 72 65 01 6F 66 01 69 74 21 C0	1CC 029 011 001 019 039 07A 1C8 084 01F 011 084 01B 025 01B 022 035 07A 1C0
01	92	0x0192	"<SPEAKER>「はい これ・・・
<INSERT_C>の かんおけに
いれとくね"	"<SPEAKER>Here you go... I'll put
it in <INSERT_C>'s coffin for now."			SPEAKER NEWLINE INSERT_C END	EA:4736	CC 48 65 72 65 01 79 6F 75 01 67 6F 2E 2E 2E 01 49 27 6C 6C 01 70 75 74 C8 69 74 01 69 6E 01 CE 27 73 01 63 6F 66 66 69 6E 01 66 6F 72 01 6E 6F 77 2E C0	1CC 029 011 001 019 039 081 081 081 1C8 1CE 028 001 015 03D 014 018 025 1C8 011 039 023 017 027 1C0
01	93	0x0193	<SPEAKER>「ほかに ほしい物は あるかい?	<SPEAKER>Want anything else?			SPEAKER END	EA:4769	CC 57 61 6E 74 01 61 6E 79 74 68 69 6E 67 01 65 6C 73 65 3F C0	1CC 02D 015 025 001 02D 01B 011 08B 029 001 010 038 015 011 079 1C0
01	94	0x0194	"<SPEAKER>「うーん・・・ もっと
ビーダマを あつめなくちゃ
それは あげられないなー"	"<SPEAKER>Hmm... You'll need to
collect more marbles before
I can give you that one."			SPEAKER NEWLINE NEWLINE END	EA:477E	CC 48 6D 6D 2E 2E 2E 01 59 6F 75 27 6C 6C 01 6E 65 65 64 01 74 6F C8 63 6F 6C 6C 65 63 74 01 6D 6F 72 65 01 6D 61 72 62 6C 65 73 01 62 65 66 6F 72 65 C8 49 01 63 61 6E 01 67 69 76 65 01 79 6F 75 01 74 68 61 74 01 6F 6E 65 2E C0	1CC 012 078 03D 081 081 081 001 032 03E 023 1C8 084 05C 078 084 051 060 03C 001 010 021 031 024 017 020 03F 1C8 01E 039 029 001 010 084 018 036 039 024 011 024 078 1C0
01	95	0x0195	"<SPEAKER>「入島ビザを 見せてください
ビザがないと ここから先は
行くことが できません"	"<SPEAKER>Please show me your
island Visa. Without one, you
cannot go beyond this point."			SPEAKER NEWLINE NEWLINE END	EA:47CA	CC 50 6C 65 61 73 65 01 73 68 6F 77 01 6D 65 01 79 6F 75 72 C8 69 73 6C 61 6E 64 01 56 69 73 61 2E 01 57 69 74 68 6F 75 74 01 6F 6E 65 2C 01 79 6F 75 C8 63 61 6E 6E 6F 74 01 67 6F 01 62 65 79 6F 6E 64 01 74 68 69 73 01 70 6F 69 6E 74 2E C0	1CC 08E 08A 084 05C 084 04C 03C 001 090 01D 022 017 084 01F 01A 011 1C8 084 05C 084 04C 084 015 024 011 023 001 019 019 015 036 0F8 029 1C8 08D 017 019 023 084 015 001 084 022 016 02E 01D 03D 1C0
01	96	0x0196	"<CLEAR>
<INSERT_B>は <INSERT_A>を
てわたした"	"<CLEAR><INSERT_B>
handed over <INSERT_A>."			CLEAR INSERT_B NEWLINE INSERT_A END	EA:481A	D0 CA C8 68 61 6E 64 65 64 01 6F 76 65 72 01 C4 2E C0	1D0 1CA 029 001 1C4 03C 1C8 022 03B 01F 01B 01F 1C0
01	97	0x0197	"<SPEAKER>「はい お嬢さん
たしかに ビザを
はいけん しました<WAIT><SPEAKER>「もう とうろく したから
いつでも ここは 通れるよ"	"<SPEAKER>All right, miss.
I've confirmed your Visa.<WAIT><SPEAKER>You're registered now,
so you may pass here anytime."			SPEAKER NEWLINE WAIT SPEAKER NEWLINE END	EA:482C	CC 41 6C 6C 01 72 69 67 68 74 2C 01 6D 69 73 73 2E C8 49 27 76 65 01 63 6F 6E 66 69 72 6D 65 64 01 79 6F 75 72 01 56 69 73 61 2E C5 CC 59 6F 75 27 72 65 01 72 65 67 69 73 74 65 72 65 64 01 6E 6F 77 2C C8 73 6F 01 79 6F 75 01 6D 61 79 01 70 61 73 73 01 68 65 72 65 01 61 6E 79 74 69 6D 65 2E C0	1CC 029 011 001 014 0D8 01A 03D 1C8 01F 01B 015 025 001 084 05C 084 04C 03C 1C8 029 011 018 03D 001 01B 02E 01B 01F 1C5 1CC 032 012 001 023 012 03A 017 001 01B 01F 015 036 1C8 011 021 084 022 032 001 019 019 029 001 12E 039 038 035 1C0
01	98	0x0198	"<SPEAKER>「北に あるけば やがて
リバータウンの 町につくけど<WAIT><SPEAKER>「けっこう 遠いから
教会で おいのりを してから
でかけた方が いいよ"	"<SPEAKER>Head north and you
will eventually reach Rivertown.<WAIT><SPEAKER>It is a long walk,
though. Say a prayer at the
church before you set out."			SPEAKER NEWLINE WAIT SPEAKER NEWLINE NEWLINE END	EA:488E	CC 48 65 61 64 01 6E 6F 72 74 68 01 61 6E 64 01 79 6F 75 C8 77 69 6C 6C 01 65 76 65 6E 74 75 61 6C 6C 79 01 72 65 61 63 68 01 52 69 76 65 72 74 6F 77 6E 2E C5 CC 49 74 01 69 73 01 61 01 6C 6F 6E 67 01 77 61 6C 6B 2C C8 74 68 6F 75 67 68 2E 01 53 61 79 01 61 01 70 72 61 79 65 72 01 61 74 01 74 68 65 C8 63 68 75 72 63 68 01 62 65 66 6F 72 65 01 79 6F 75 01 73 65 74 01 6F 75 74 2E C0	1CC 09C 025 001 010 038 018 084 029 001 033 084 015 022 1C8 069 084 05B 078 051 044 06F 028 001 0C9 025 021 017 018 084 023 1C5 1CC 018 03E 019 012 001 0F2 011 015 036 1C8 122 11E 084 022 001 014 011 028 037 03C 001 01B 022 015 036 1C8 084 022 015 018 01F 0B9 084 015 001 011 011 035 1C0
01	99	0x0199	"<SPEAKER>「伝説と神秘の島
デスランド島へ ようこそ!"	"<SPEAKER>Welcome to
Deathland Island, land
of legend and mystery!"			SPEAKER NEWLINE NEWLINE END	EA:490E	CC 57 65 6C 63 6F 6D 65 01 74 6F C8 44 65 61 74 68 6C 61 6E 64 01 49 73 6C 61 6E 64 2C 01 6C 61 6E 64 C8 6F 66 01 6C 65 67 65 6E 64 01 61 6E 64 01 6D 79 73 74 65 72 79 21 C0	1CC 092 08F 023 0DC 0EF 028 08A 1C8 084 054 04E 068 06F 084 055 08A 02C 001 035 012 019 01E 07A 1C0
01	9A	0x019A	"<SPEAKER>「人のうわさって けっこう
いいかげんなのよねえ!<WAIT><SPEAKER>「この島には 財宝なんて ないのに
みんな 目の色 かえちゃってさ
けっきょく よくばりなのよねえ"	"<SPEAKER>Rumors are pretty
unreliable, aren't they?<WAIT><SPEAKER>There isn't any treasure
here, yet everyone gets wild-eyed
over it. People really are greedy."			SPEAKER NEWLINE WAIT SPEAKER NEWLINE NEWLINE END	EA:4948	CC 52 75 6D 6F 72 73 01 61 72 65 01 70 72 65 74 74 79 C8 75 6E 72 65 6C 69 61 62 6C 65 2C 01 61 72 65 6E 27 74 01 74 68 65 79 3F C5 CC 54 68 65 72 65 01 69 73 6E 27 74 01 61 6E 79 01 74 72 65 61 73 75 72 65 C8 68 65 72 65 2C 01 79 65 74 01 65 76 65 72 79 6F 6E 65 01 67 65 74 73 01 77 69 6C 64 2D 65 79 65 64 C8 6F 76 65 72 01 69 74 2E 01 50 65 6F 70 6C 65 01 72 65 61 6C 6C 79 01 61 72 65 01 67 72 65 65 64 79 2E C0	1CC 091 028 012 03B 01A 03E 022 001 018 03E 019 012 1C8 011 011 015 084 018 03D 024 028 035 027 013 07A 1C5 1CC 019 028 08A 025 029 001 0E8 095 024 03D 022 001 024 011 028 025 1C8 02F 03D 024 001 0B6 028 19E 001 015 013 020 03F 03E 022 01A 1C8 018 03E 016 041 017 001 035 017 084 029 037 024 028 035 027 013 1C0
01	9B	0x019B	"<SPEAKER>「くそっ まいっちゃったよ!<WAIT><SPEAKER>「島を探険しようと 気がるに来たけど
武芸のたしなみが ないから
入島ビザを もらえなかったよ<WAIT><SPEAKER>「もうちょっと 刻の けいこを
まじめに やっとけば よかったなー!"	"<SPEAKER>Damn, what a mess!<WAIT><SPEAKER>I came to explore
the island, but without combat
training, I couldn't get a Visa.<WAIT><SPEAKER>I should've taken my
sword lessons more seriously!"			SPEAKER WAIT SPEAKER NEWLINE NEWLINE WAIT SPEAKER NEWLINE END	EA:49D3	CC 44 61 6D 6E 2C 01 77 68 61 74 01 61 01 6D 65 73 73 21 C5 CC 49 01 63 61 6D 65 01 74 6F 01 65 78 70 6C 6F 72 65 C8 74 68 65 01 69 73 6C 61 6E 64 2C 01 62 75 74 01 77 69 74 68 6F 75 74 01 63 6F 6D 62 61 74 C8 74 72 61 69 6E 69 6E 67 2C 01 49 01 63 6F 75 6C 64 6E 27 74 01 67 65 74 01 61 01 56 69 73 61 2E C5 CC 49 01 73 68 6F 75 6C 64 27 76 65 01 74 61 6B 65 6E 01 6D 79 C8 73 77 6F 72 64 01 6C 65 73 73 6F 6E 73 01 6D 6F 72 65 01 73 65 72 69 6F 75 73 6C 79 21 C0	1CC 017 01E 03E 001 02E 011 03E 020 03F 03E 01F 035 07A 1C5 1CC 08A 03C 184 0BB 01B 035 012 023 001 099 084 015 038 025 097 01F 018 084 023 1C8 0CB 0DE 028 01F 01B 024 02F 084 015 001 024 011 015 036 1C8 08E 08A 084 05C 084 04C 03C 001 032 036 013 024 015 03E 01F 035 1C5 1CC 032 012 020 041 03E 023 001 16D 028 001 018 011 019 03C 1C8 02E 084 01B 031 025 001 033 03E 023 018 084 029 001 035 015 03E 01F 024 078 07A 1C0
01	9C	0x019C	"<SPEAKER>「え? 入島ビザを もらっただと?
おんなのくせに すごいやつだな"	"<SPEAKER>What? You got
a Visa? For a woman,
you're pretty amazing."			SPEAKER NEWLINE NEWLINE END	EA:4A6E	CC 57 68 61 74 3F 01 59 6F 75 01 67 6F 74 C8 61 01 56 69 73 61 3F 01 46 6F 72 01 61 01 77 6F 6D 61 6E 2C C8 79 6F 75 27 72 65 01 70 72 65 74 74 79 01 61 6D 61 7A 69 6E 67 2E C0	1CC 013 079 001 08E 08A 084 05C 084 04C 03C 001 032 036 03E 01F 084 01F 023 079 1C8 014 03D 024 028 017 01D 025 001 01C 084 019 011 033 021 084 01F 024 1C0
01	9D	0x019D	"<SPEAKER>「わしは 伝説の 物知りじいさんじゃ
どうじゃ デスランド島にまつわる
伝説の話を 聞きたいかの?"	"<SPEAKER>I'm the old sage of
legends. Would you like to hear
a tale about Deathland Island?"			SPEAKER NEWLINE NEWLINE END	EA:4AA9	CC 49 27 6D 01 74 68 65 01 6F 6C 64 01 73 61 67 65 01 6F 66 C8 6C 65 67 65 6E 64 73 2E 01 57 6F 75 6C 64 01 79 6F 75 01 6C 69 6B 65 01 74 6F 01 68 65 61 72 C8 61 01 74 61 6C 65 01 61 62 6F 75 74 01 44 65 61 74 68 6C 61 6E 64 01 49 73 6C 61 6E 64 3F C0	1CC 03B 01B 029 001 092 08F 028 001 08B 15C 037 084 01B 011 01A 03D 084 01B 03F 1C8 084 023 012 084 01B 03F 001 084 054 04E 068 06F 084 055 08A 025 02E 021 03B 038 1C8 092 08F 028 0A0 03C 001 0A6 016 01F 011 015 028 079 1C0
01	9E	0x019E	"<SPEAKER>「この デスランド島に はるか苦
キングバロンという 魔物が
おったのじゃ・・・<WAIT><SPEAKER>「キングバロンは まあ いわば
天才でな さまざまな研究を
熱心に やっておったらしい<WAIT><SPEAKER>「わなや仕掛けは もちろんのこと
魔物どもの生体実験までも
やっておったそうなのじゃ<WAIT><SPEAKER>「そのキングバロンが 研究のすえ
とうとう とんでもないものを
発明してしもうたのじゃ!<WAIT><SPEAKER>「・・・どうじゃ 娘さん?
この話の続きを 聞きたいかの?"	"<SPEAKER>Long ago on
Deathland, there lived a
monster called King Baron...<WAIT><SPEAKER>King Baron was a
genius. He devoted himself
to all kinds of research.<WAIT><SPEAKER>Traps, mechanisms,
even experiments on living
monsters... he did it all.<WAIT><SPEAKER>At last, King Baron
invented something truly incredible!<WAIT><SPEAKER>Well, young lady?
Want to hear the rest?"			SPEAKER NEWLINE NEWLINE WAIT SPEAKER NEWLINE NEWLINE WAIT SPEAKER NEWLINE NEWLINE WAIT SPEAKER NEWLINE WAIT SPEAKER NEWLINE END	EA:4AFD	CC 4C 6F 6E 67 01 61 67 6F 01 6F 6E C8 44 65 61 74 68 6C 61 6E 64 2C 01 74 68 65 72 65 01 6C 69 76 65 64 01 61 C8 6D 6F 6E 73 74 65 72 01 63 61 6C 6C 65 64 01 4B 69 6E 67 01 42 61 72 6F 6E 2E 2E 2E C5 CC 4B 69 6E 67 01 42 61 72 6F 6E 01 77 61 73 01 61 C8 67 65 6E 69 75 73 2E 01 48 65 01 64 65 76 6F 74 65 64 01 68 69 6D 73 65 6C 66 C8 74 6F 01 61 6C 6C 01 6B 69 6E 64 73 01 6F 66 01 72 65 73 65 61 72 63 68 2E C5 CC 54 72 61 70 73 2C 01 6D 65 63 68 61 6E 69 73 6D 73 2C C8 65 76 65 6E 01 65 78 70 65 72 69 6D 65 6E 74 73 01 6F 6E 01 6C 69 76 69 6E 67 C8 6D 6F 6E 73 74 65 72 73 2E 2E 2E 01 68 65 01 64 69 64 01 69 74 01 61 6C 6C 2E C5 CC 41 74 01 6C 61 73 74 2C 01 4B 69 6E 67 01 42 61 72 6F 6E C8 69 6E 76 65 6E 74 65 64 01 73 6F 6D 65 74 68 69 6E 67 01 74 72 75 6C 79 01 69 6E 63 72 65 64 69 62 6C 65 21 C5 CC 57 65 6C 6C 2C 01 79 6F 75 6E 67 01 6C 61 64 79 3F C8 57 61 6E 74 01 74 6F 01 68 65 61 72 01 74 68 65 01 72 65 73 74 3F C0	1CC 019 028 001 084 054 04E 068 06F 084 055 08A 025 001 029 038 015 104 1C8 048 06F 084 049 084 05B 06C 06F 023 011 012 001 09A 08B 084 015 1C8 014 03E 01F 028 084 01B 03F 081 081 081 1C5 1CC 048 06F 084 049 084 05B 06C 06F 029 001 02E 010 001 011 03B 084 029 1C8 0C5 10A 084 022 024 001 01A 02E 084 01A 02E 024 0E5 0E7 03C 1C8 185 0D4 025 001 033 03E 022 014 03E 01F 036 01B 011 1C5 1CC 03B 024 033 18F 195 018 029 001 032 020 03A 03D 028 019 023 1C8 09A 08B 084 023 032 028 09B 0F0 0DD 0F3 02E 084 022 032 1C8 033 03E 022 014 03E 01F 01E 012 024 028 084 01B 03F 1C5 1CC 01E 028 048 06F 084 049 084 05B 06C 06F 084 015 001 0E5 0E7 028 01C 013 1C8 023 012 023 012 001 023 03D 084 022 032 024 011 032 028 03C 1C8 0C8 0BF 01B 022 01B 032 012 01F 028 084 01B 03F 07A 1C5 1CC 081 081 081 084 023 012 084 01B 03F 001 0C0 01A 03D 079 1C8 019 028 0A0 028 0F9 016 03C 001 0A6 016 01F 011 015 028 079 1C0
01	9F	0x019F	"<SPEAKER>「ふおっふおっふおっ 娘さん!
ざんねんじゃが 話の続きは
博物館で 聞いてくだされ<WAIT><SPEAKER>「博物館には もっと くわしく
ていねいに 伝説の話を
してくれる人が いますからのう"	"<SPEAKER>Ho ho ho! Sorry,
young lady, but hear
the rest at the museum.<WAIT><SPEAKER>Someone there
will tell you the legend
in much greater detail."			SPEAKER NEWLINE NEWLINE WAIT SPEAKER NEWLINE NEWLINE END	EA:4C35	CC 48 6F 01 68 6F 01 68 6F 21 01 53 6F 72 72 79 2C C8 79 6F 75 6E 67 01 6C 61 64 79 2C 01 62 75 74 01 68 65 61 72 C8 74 68 65 01 72 65 73 74 01 61 74 01 74 68 65 01 6D 75 73 65 75 6D 2E C5 CC 53 6F 6D 65 6F 6E 65 01 74 68 65 72 65 C8 77 69 6C 6C 01 74 65 6C 6C 01 79 6F 75 01 74 68 65 01 6C 65 67 65 6E 64 C8 69 6E 01 6D 75 63 68 01 67 72 65 61 74 65 72 01 64 65 74 61 69 6C 2E C0	1CC 02B 014 03E 02B 014 03E 02B 014 03E 001 0C0 01A 03D 07A 1C8 084 01A 03D 027 03D 084 01B 03F 084 015 001 0A0 028 0F9 016 029 1C8 0A4 08B 0A3 084 022 001 0A6 011 022 017 084 01F 01A 039 1C5 1CC 0A4 08B 0A3 025 029 001 032 03E 023 001 017 03B 01B 017 1C8 022 011 027 011 025 001 092 08F 028 0A0 03C 1C8 01B 022 017 039 038 091 084 015 001 011 02E 01C 015 036 028 012 1C0
01	A0	0x01A0	"<SPEAKER>「ふおーふおーふおーそうかいのう
じゃったら ええわい ええわい"	"<SPEAKER>Ho ho ho! Is that so?
Then never mind, never mind."			SPEAKER NEWLINE END	EA:4CB4	CC 48 6F 01 68 6F 01 68 6F 21 01 49 73 01 74 68 61 74 01 73 6F 3F C8 54 68 65 6E 01 6E 65 76 65 72 01 6D 69 6E 64 2C 01 6E 65 76 65 72 01 6D 69 6E 64 2E C0	1CC 02B 014 078 02B 014 078 02B 014 078 01E 012 015 011 028 012 1C8 084 01B 03F 03E 01F 036 001 013 013 03B 011 001 013 013 03B 011 1C0
01	A1	0x01A1	<SPEAKER>「あ そう じゃあ ええわい	"<SPEAKER>Oh, I see.
Never mind, then."			SPEAKER NEWLINE END	EA:4CE8	CC 4F 68 2C 01 49 01 73 65 65 2E C8 4E 65 76 65 72 01 6D 69 6E 64 2C 01 74 68 65 6E 2E C0	1CC 010 001 01E 012 001 084 01B 03F 010 001 013 013 03B 011 1C0
01	A2	0x01A2	"<SPEAKER>「ふおっふおっふおっ 博物館じゃよ
博物館に行きなされ ふおっふおっ
ふが ふおっふおっふおー"	"<SPEAKER>Ho ho ho! The
museum! Go to the museum!
Ho ho ho! Hmph... ho ho ho!"			SPEAKER NEWLINE NEWLINE END	EA:4D06	CC 48 6F 01 68 6F 01 68 6F 21 01 54 68 65 C8 6D 75 73 65 75 6D 21 01 47 6F 01 74 6F 01 74 68 65 01 6D 75 73 65 75 6D 21 C8 48 6F 01 68 6F 01 68 6F 21 01 48 6D 70 68 2E 2E 2E 01 68 6F 01 68 6F 01 68 6F 21 C0	1CC 02B 014 03E 02B 014 03E 02B 014 03E 001 0A4 08B 0A3 084 01B 03F 035 1C8 0A4 08B 0A3 025 08D 016 024 01A 039 001 02B 014 03E 02B 014 03E 1C8 02B 084 015 001 02B 014 03E 02B 014 03E 02B 014 078 1C0
01	A3	0x01A3	"<SPEAKER>「どうじゃった? 伝説の話は?
じつに ミステリアスじゃろう?<WAIT><SPEAKER>「何千年も むかしに そんな
すごいやつが いたなんて
そうぞうを ぜっするのう!"	"<SPEAKER>Well? How was the
legend? Mysterious, wasn't it?<WAIT><SPEAKER>To think someone so
remarkable lived thousands of
years ago... It boggles the mind!"			SPEAKER NEWLINE WAIT SPEAKER NEWLINE NEWLINE END	EA:4D4B	CC 57 65 6C 6C 3F 01 48 6F 77 01 77 61 73 01 74 68 65 C8 6C 65 67 65 6E 64 3F 01 4D 79 73 74 65 72 69 6F 75 73 2C 01 77 61 73 6E 27 74 01 69 74 3F C5 CC 54 6F 01 74 68 69 6E 6B 01 73 6F 6D 65 6F 6E 65 01 73 6F C8 72 65 6D 61 72 6B 61 62 6C 65 01 6C 69 76 65 64 01 74 68 6F 75 73 61 6E 64 73 01 6F 66 C8 79 65 61 72 73 01 61 67 6F 2E 2E 2E 01 49 74 01 62 6F 67 67 6C 65 73 01 74 68 65 01 6D 69 6E 64 21 C0	1CC 084 023 012 084 01B 03F 03E 01F 079 001 092 08F 028 0A0 029 079 1C8 084 01B 021 025 001 061 04E 054 069 042 04E 084 01B 03F 03A 012 079 1C5 1CC 093 0BC 0CA 032 001 030 015 01B 025 001 01E 03D 024 1C8 01C 084 019 011 033 021 084 015 001 011 01F 024 03D 022 1C8 01E 012 084 01E 012 03C 001 084 01D 03E 01C 038 028 012 07A 1C0
01	A4	0x01A4	"<SPEAKER>「この島の伝説が 世界中に
ひろまって いろんなやつが
つぎから つぎへと 来るんだよ<WAIT><SPEAKER>「学昔とか 賞金かせぎとかね
まあ 島としては 観光客が
多い方が もうかるけどね"	"<SPEAKER>The island's legend
spread worldwide, so all sorts
keep arriving one after another.<WAIT><SPEAKER>Scholars, bounty hunters...
Well, more tourists means
more money for the island."			SPEAKER NEWLINE NEWLINE WAIT SPEAKER NEWLINE NEWLINE END	EA:4DD2	CC 54 68 65 01 69 73 6C 61 6E 64 27 73 01 6C 65 67 65 6E 64 C8 73 70 72 65 61 64 01 77 6F 72 6C 64 77 69 64 65 2C 01 73 6F 01 61 6C 6C 01 73 6F 72 74 73 C8 6B 65 65 70 01 61 72 72 69 76 69 6E 67 01 6F 6E 65 01 61 66 74 65 72 01 61 6E 6F 74 68 65 72 2E C5 CC 53 63 68 6F 6C 61 72 73 2C 01 62 6F 75 6E 74 79 01 68 75 6E 74 65 72 73 2E 2E 2E C8 57 65 6C 6C 2C 01 6D 6F 72 65 01 74 6F 75 72 69 73 74 73 01 6D 65 61 6E 73 C8 6D 6F 72 65 01 6D 6F 6E 65 79 01 66 6F 72 01 74 68 65 01 69 73 6C 61 6E 64 2E C0	1CC 019 028 08A 028 092 08F 084 015 001 0A9 103 0A1 025 1C8 02A 03A 02E 03E 022 001 011 03A 03D 024 033 021 084 015 1C8 021 084 016 015 036 001 021 084 016 02C 023 001 097 038 03D 084 01F 035 1C5 1CC 0B7 0A7 023 015 001 0C6 094 015 01D 084 016 023 015 027 1C8 02E 010 001 08A 023 01B 022 029 001 149 14A 0FD 084 015 1C8 0CE 011 0B9 084 015 001 032 012 015 038 018 084 023 027 1C0
01	A5	0x01A5	"<SPEAKER>「じつにきょうみぶかい!<WAIT><SPEAKER>「わしも かがくしゃとして
ながねん やっておるけれども<WAIT><SPEAKER>「この島の伝説ほど わしの情熱を
かきたてるものは ないわい"	"<SPEAKER>Absolutely fascinating!<WAIT><SPEAKER>I've been a scientist
for many years myself,<WAIT><SPEAKER>but nothing stirs
my passion like the
legends of this island."			SPEAKER WAIT SPEAKER NEWLINE WAIT SPEAKER NEWLINE NEWLINE END	EA:4E79	CC 41 62 73 6F 6C 75 74 65 6C 79 01 66 61 73 63 69 6E 61 74 69 6E 67 21 C5 CC 49 27 76 65 01 62 65 65 6E 01 61 01 73 63 69 65 6E 74 69 73 74 C8 66 6F 72 01 6D 61 6E 79 01 79 65 61 72 73 01 6D 79 73 65 6C 66 2C C5 CC 62 75 74 01 6E 6F 74 68 69 6E 67 01 73 74 69 72 73 C8 6D 79 01 70 61 73 73 69 6F 6E 01 6C 69 6B 65 01 74 68 65 C8 6C 65 67 65 6E 64 73 01 6F 66 01 74 68 69 73 01 69 73 6C 61 6E 64 2E C0	1CC 084 01B 021 025 016 041 012 02F 084 02B 015 011 07A 1C5 1CC 03B 01B 032 001 015 084 015 017 01B 03F 023 01B 022 1C8 024 084 015 027 03D 001 033 03E 022 014 038 018 039 084 023 032 1C5 1CC 019 028 08A 028 092 08F 02D 084 023 001 03B 01B 028 0AD 185 03C 1C8 015 016 01F 022 038 032 028 029 001 024 011 03B 011 1C0
01	A6	0x01A6	"<SPEAKER>「おねーちゃん かわいいねー
その かちきな ひとみは
ぼくを ぞくぞく させるぜ"	"<SPEAKER>Hey, cutie. Those fiery
eyes of yours give me chills."			SPEAKER NEWLINE END	EA:4EFF	CC 48 65 79 2C 01 63 75 74 69 65 2E 01 54 68 6F 73 65 01 66 69 65 72 79 C8 65 79 65 73 01 6F 66 01 79 6F 75 72 73 01 67 69 76 65 01 6D 65 01 63 68 69 6C 6C 73 2E C0	1CC 014 027 078 020 03F 03D 001 015 03B 011 011 027 078 1C8 01E 028 001 015 020 016 024 001 02A 023 02F 029 1C8 084 02D 017 03C 001 084 01E 017 084 01E 017 001 01A 01D 038 084 01D 1C0
01	A7	0x01A7	"<SPEAKER>「キングにんぎょうは
この島に 古くからつたわる
みんげいひんなんだ<WAIT><SPEAKER>「モンスターにであったら
キングにんぎょうを えいやっと
さしだすと にげていくんだよ"	"<SPEAKER>The King Doll is a folk
craft handed down on this island.<WAIT><SPEAKER>When a monster
appears, thrust the King Doll
at it and it'll run away."			SPEAKER NEWLINE WAIT SPEAKER NEWLINE NEWLINE END	EA:4F36	CC 54 68 65 01 4B 69 6E 67 01 44 6F 6C 6C 01 69 73 01 61 01 66 6F 6C 6B C8 63 72 61 66 74 01 68 61 6E 64 65 64 01 64 6F 77 6E 01 6F 6E 01 74 68 69 73 01 69 73 6C 61 6E 64 2E C5 CC 57 68 65 6E 01 61 01 6D 6F 6E 73 74 65 72 C8 61 70 70 65 61 72 73 2C 01 74 68 72 75 73 74 01 74 68 65 01 4B 69 6E 67 01 44 6F 6C 6C C8 61 74 01 69 74 01 61 6E 64 01 69 74 27 6C 6C 01 72 75 6E 01 61 77 61 79 2E C0	1CC 048 06F 084 049 025 03D 084 016 041 012 029 1C8 019 028 08A 025 001 096 017 015 036 021 01F 03B 038 1C8 02F 03D 084 018 011 02A 03D 024 03D 084 01F 1C5 1CC 064 06F 04E 051 078 025 084 022 010 03E 01F 036 1C8 048 06F 084 049 025 03D 084 016 041 012 03C 001 013 011 033 03E 023 1C8 01A 01B 084 01F 01C 023 001 025 084 018 022 011 017 03D 084 01F 035 1C0
01	A8	0x01A8	"<SPEAKER>「うおー やっと ついたかーっ!
すーはー すーはー
うーん 異国の においじゃのー"	"<SPEAKER>Whoa! Finally made
it! Huff... huff... Mmm, the
scent of foreign lands!"			SPEAKER NEWLINE NEWLINE END	EA:4FB9	CC 57 68 6F 61 21 01 46 69 6E 61 6C 6C 79 01 6D 61 64 65 C8 69 74 21 01 48 75 66 66 2E 2E 2E 01 68 75 66 66 2E 2E 2E 01 4D 6D 6D 2C 01 74 68 65 C8 73 63 65 6E 74 01 6F 66 01 66 6F 72 65 69 67 6E 01 6C 61 6E 64 73 21 C0	1CC 012 014 078 001 033 03E 023 001 021 011 01F 015 078 03E 07A 1C8 01C 078 029 078 001 01C 078 029 078 1C8 012 078 03D 001 196 0EB 028 001 025 014 011 084 01B 03F 028 078 1C0
01	A9	0x01A9	"<SPEAKER>「ん? あんたも 財宝さがしに
この島に やって来たくちかい?"	"<SPEAKER>Hm? Did you
come to this island
looking for treasure too?"			SPEAKER NEWLINE NEWLINE END	EA:5002	CC 48 6D 3F 01 44 69 64 01 79 6F 75 C8 63 6F 6D 65 01 74 6F 01 74 68 69 73 01 69 73 6C 61 6E 64 C8 6C 6F 6F 6B 69 6E 67 01 66 6F 72 01 74 72 65 61 73 75 72 65 01 74 6F 6F 3F C0	1CC 03D 079 001 010 03D 01F 032 001 0E8 095 01A 084 015 01B 025 1C8 019 028 08A 025 001 033 03E 022 097 01F 017 020 015 011 079 1C0
01	AA	0x01AA	"<SPEAKER>「やっぱりそうかー! くーっ!
んーっ うかうかしてられんなー
いそがねば いそがねば"	"<SPEAKER>I knew it! Damn!
Can't sit around now.
Gotta hurry, gotta hurry!"			SPEAKER NEWLINE NEWLINE END	EA:503D	CC 49 01 6B 6E 65 77 01 69 74 21 01 44 61 6D 6E 21 C8 43 61 6E 27 74 01 73 69 74 01 61 72 6F 75 6E 64 01 6E 6F 77 2E C8 47 6F 74 74 61 01 68 75 72 72 79 2C 01 67 6F 74 74 61 01 68 75 72 72 79 21 C0	1CC 033 03E 083 029 037 01E 012 015 078 07A 001 017 078 03E 07A 1C8 03D 078 03E 001 012 015 012 015 01B 022 036 039 03D 024 078 1C8 011 01E 084 015 027 084 029 001 011 01E 084 015 027 084 029 1C0
01	AB	0x01AB	"<SPEAKER>「え? ちがう? ふーむ 何?
歴史の べんきょうに 来ただと?
くはー はははは なるほど!<WAIT><SPEAKER>「たしかに このデスランドほど
きょうみぶかい場所は ないからな
まあ せいぜい べんきょうせいや<WAIT><SPEAKER>「それじゃあ おれも いっちょ
べんきょうしに 行くかな!
くははは じゃあな ねーちゃん!"	"<SPEAKER>What? No? Then
what? You came to study
history? Ha ha ha! I see!<WAIT><SPEAKER>Well, there aren't
many places as fascinating as
Deathland. Study hard, I guess.<WAIT><SPEAKER>Maybe I'll go do
a little studying myself!
Ha ha! See you, sis!"			SPEAKER NEWLINE NEWLINE WAIT SPEAKER NEWLINE NEWLINE WAIT SPEAKER NEWLINE NEWLINE END	EA:507F	CC 57 68 61 74 3F 01 4E 6F 3F 01 54 68 65 6E C8 77 68 61 74 3F 01 59 6F 75 01 63 61 6D 65 01 74 6F 01 73 74 75 64 79 C8 68 69 73 74 6F 72 79 3F 01 48 61 01 68 61 01 68 61 21 01 49 01 73 65 65 21 C5 CC 57 65 6C 6C 2C 01 74 68 65 72 65 01 61 72 65 6E 27 74 C8 6D 61 6E 79 01 70 6C 61 63 65 73 01 61 73 01 66 61 73 63 69 6E 61 74 69 6E 67 01 61 73 C8 44 65 61 74 68 6C 61 6E 64 2E 01 53 74 75 64 79 01 68 61 72 64 2C 01 49 01 67 75 65 73 73 2E C5 CC 4D 61 79 62 65 01 49 27 6C 6C 01 67 6F 01 64 6F C8 61 01 6C 69 74 74 6C 65 01 73 74 75 64 79 69 6E 67 01 6D 79 73 65 6C 66 21 C8 48 61 01 68 61 21 01 53 65 65 01 79 6F 75 2C 01 73 69 73 21 C0	1CC 013 079 001 020 084 015 012 079 001 02B 078 030 001 093 079 1C8 0EA 0E6 028 001 084 02C 03D 016 041 012 025 001 097 01F 084 01F 023 079 1C8 017 029 078 001 029 029 029 029 001 024 038 02D 084 023 07A 1C5 1CC 01F 01B 015 025 001 019 028 084 054 04E 068 06F 084 055 02D 084 023 1C8 016 041 012 02F 084 02B 015 011 0A5 12F 029 001 024 011 015 036 024 1C8 02E 010 001 01D 011 084 01D 011 001 084 02C 03D 016 041 012 01D 011 033 1C5 1CC 01E 039 084 01B 03F 010 001 014 039 032 001 011 03E 020 041 1C8 084 02C 03D 016 041 012 01B 025 001 08D 017 015 024 07A 1C8 017 029 029 029 001 084 01B 03F 010 024 001 027 078 020 03F 03D 07A 1C0
01	AC	0x01AC	"<SPEAKER>「もう 誰も おらんよ
おんな こどもは ふねで
ひなんしてしまったし<WAIT><SPEAKER>「観光客は みな
われさきにと かえっていったよ"	"<SPEAKER>No one is left
here now. The women and
children evacuated by ship.<WAIT><SPEAKER>All the tourists raced
home as fast as they could."			SPEAKER NEWLINE NEWLINE WAIT SPEAKER NEWLINE END	EA:5154	CC 4E 6F 01 6F 6E 65 01 69 73 01 6C 65 66 74 C8 68 65 72 65 01 6E 6F 77 2E 01 54 68 65 01 77 6F 6D 65 6E 01 61 6E 64 C8 63 68 69 6C 64 72 65 6E 01 65 76 61 63 75 61 74 65 64 01 62 79 01 73 68 69 70 2E C5 CC 41 6C 6C 01 74 68 65 01 74 6F 75 72 69 73 74 73 01 72 61 63 65 64 C8 68 6F 6D 65 01 61 73 01 66 61 73 74 01 61 73 01 74 68 65 79 01 63 6F 75 6C 64 2E C0	1CC 032 012 001 0FA 032 001 014 036 03D 035 1C8 014 03D 024 001 019 084 023 032 029 001 02B 027 084 022 1C8 02A 024 03D 01B 022 01B 02E 03E 01F 01B 1C5 1CC 149 14A 0FD 029 001 02F 024 1C8 03B 039 01A 016 025 023 001 015 013 03E 022 011 03E 01F 035 1C0
01	AD	0x01AD	"<SPEAKER>「魔物に 島を のっとられたら
おれは るろうの 民だ!
デスランド難民だよ とほほ"	"<SPEAKER>If monsters take the
island, I'll be a wanderer!
A Deathland refugee... sob."			SPEAKER NEWLINE NEWLINE END	EA:51CC	CC 49 66 01 6D 6F 6E 73 74 65 72 73 01 74 61 6B 65 01 74 68 65 C8 69 73 6C 61 6E 64 2C 01 49 27 6C 6C 01 62 65 01 61 01 77 61 6E 64 65 72 65 72 21 C8 41 01 44 65 61 74 68 6C 61 6E 64 01 72 65 66 75 67 65 65 2E 2E 2E 01 73 6F 62 2E C0	1CC 09A 08B 025 001 08A 03C 001 028 03E 023 036 039 01F 036 1C8 014 039 029 001 038 03A 012 028 001 14B 084 01F 07A 1C8 084 054 04E 068 06F 084 055 17A 14B 084 01F 035 001 023 02D 02D 1C0
01	AE	0x01AE	"<SPEAKER>「おくすりは たっぷり
買っとかないと くろうするよ"	"<SPEAKER>Stock up on
plenty of Medicine or
you will regret it later."			SPEAKER NEWLINE NEWLINE END	EA:521A	CC 53 74 6F 63 6B 01 75 70 01 6F 6E C8 70 6C 65 6E 74 79 01 6F 66 01 4D 65 64 69 63 69 6E 65 01 6F 72 C8 79 6F 75 01 77 69 6C 6C 01 72 65 67 72 65 74 01 69 74 01 6C 61 74 65 72 2E C0	1CC 014 017 01C 037 029 001 01F 03E 083 02B 037 1C8 0A8 03E 023 015 024 011 023 001 017 03A 012 01C 038 035 1C0
01	AF	0x01AF	"<SPEAKER>「みやげは 何に しようかなあ
古代の本 でも 買って
べんきょう しようかな"	"<SPEAKER>What should I get as a
souvenir? Maybe an Ancient Book.
Could learn something for once."			SPEAKER NEWLINE NEWLINE END	EA:5257	CC 57 68 61 74 01 73 68 6F 75 6C 64 01 49 01 67 65 74 01 61 73 01 61 C8 73 6F 75 76 65 6E 69 72 3F 01 4D 61 79 62 65 01 61 6E 01 41 6E 63 69 65 6E 74 01 42 6F 6F 6B 2E C8 43 6F 75 6C 64 01 6C 65 61 72 6E 01 73 6F 6D 65 74 68 69 6E 67 01 66 6F 72 01 6F 6E 63 65 2E C0	1CC 02F 033 084 018 029 001 093 025 001 01B 035 012 015 024 010 1C8 096 09F 028 13A 001 084 022 032 001 0A8 03E 022 1C8 084 02C 03D 016 041 012 001 01B 035 012 015 024 1C0
01	B0	0x01B0	"<SPEAKER>「わしは ばあさんと いっしょに
宝さがしに きたんじゃ<WAIT><SPEAKER>「じゃがのう わしだけ 審査に
おちて しもうたんじゃ<WAIT><SPEAKER>「わしは はずかしいわい!"	"<SPEAKER>My wife and I came
here to hunt for treasure.<WAIT><SPEAKER>But I was the only
one who failed the test.<WAIT><SPEAKER>How embarrassing!"			SPEAKER NEWLINE WAIT SPEAKER NEWLINE WAIT SPEAKER END	EA:52B0	CC 4D 79 01 77 69 66 65 01 61 6E 64 01 49 01 63 61 6D 65 C8 68 65 72 65 01 74 6F 01 68 75 6E 74 01 66 6F 72 01 74 72 65 61 73 75 72 65 2E C5 CC 42 75 74 01 49 01 77 61 73 01 74 68 65 01 6F 6E 6C 79 C8 6F 6E 65 01 77 68 6F 01 66 61 69 6C 65 64 01 74 68 65 01 74 65 73 74 2E C5 CC 48 6F 77 01 65 6D 62 61 72 72 61 73 73 69 6E 67 21 C0	1CC 03B 01B 029 001 084 029 010 01A 03D 023 001 011 03E 01B 041 025 1C8 095 01A 084 015 01B 025 001 016 01F 03D 084 01B 03F 1C5 1CC 084 01B 03F 084 015 028 012 001 03B 01B 084 01F 018 001 0AB 0AA 025 1C8 014 020 022 001 01B 032 012 01F 03D 084 01B 03F 1C5 1CC 03B 01B 029 001 029 084 01C 015 01B 011 03B 011 07A 1C0
01	B1	0x01B1	"<SPEAKER>「ここは 入島審査場です
説明を お聞きになりますか?"	"<SPEAKER>This is the island
entrance exam. Would
you like an explanation?"			SPEAKER NEWLINE NEWLINE END	EA:531F	CC 54 68 69 73 01 69 73 01 74 68 65 01 69 73 6C 61 6E 64 C8 65 6E 74 72 61 6E 63 65 01 65 78 61 6D 2E 01 57 6F 75 6C 64 C8 79 6F 75 01 6C 69 6B 65 01 61 6E 01 65 78 70 6C 61 6E 61 74 69 6F 6E 3F C0	1CC 019 019 029 001 08E 08A 0AB 0AA 0A5 084 022 01C 1C8 08F 0BF 03C 001 014 0A6 016 025 024 037 02E 01C 015 079 1C0
01	B2	0x01B2	"<SPEAKER>「デスランド島には いまも まだ
ひとを おそう モンスターが
かなり たくさん いるのです<WAIT><SPEAKER>「ですから 島の内部へ 行くには
あるていどの 武芸の能力がないと
命を おとしてしまいます<WAIT><SPEAKER>「はじめて この島へ 来たかたは
まず この入島審査場にて
審査を 受けていただくのです<WAIT><SPEAKER>「審査を お受けになりますか?"	"<SPEAKER>Many monsters still
live on Deathland Island,
and they attack people.<WAIT><SPEAKER>Anyone going deeper
inland needs some fighting ability,
or they could lose their life.<WAIT><SPEAKER>First-time visitors
must take the exam
here before entering.<WAIT><SPEAKER>Will you take the exam?"			SPEAKER NEWLINE NEWLINE WAIT SPEAKER NEWLINE NEWLINE WAIT SPEAKER NEWLINE NEWLINE WAIT SPEAKER END	EA:5361	CC 4D 61 6E 79 01 6D 6F 6E 73 74 65 72 73 01 73 74 69 6C 6C C8 6C 69 76 65 01 6F 6E 01 44 65 61 74 68 6C 61 6E 64 01 49 73 6C 61 6E 64 2C C8 61 6E 64 01 74 68 65 79 01 61 74 74 61 63 6B 01 70 65 6F 70 6C 65 2E C5 CC 41 6E 79 6F 6E 65 01 67 6F 69 6E 67 01 64 65 65 70 65 72 C8 69 6E 6C 61 6E 64 01 6E 65 65 64 73 01 73 6F 6D 65 01 66 69 67 68 74 69 6E 67 01 61 62 69 6C 69 74 79 2C C8 6F 72 01 74 68 65 79 01 63 6F 75 6C 64 01 6C 6F 73 65 01 74 68 65 69 72 01 6C 69 66 65 2E C5 CC 46 69 72 73 74 2D 74 69 6D 65 01 76 69 73 69 74 6F 72 73 C8 6D 75 73 74 01 74 61 6B 65 01 74 68 65 01 65 78 61 6D C8 68 65 72 65 01 62 65 66 6F 72 65 01 65 6E 74 65 72 69 6E 67 2E C5 CC 57 69 6C 6C 01 79 6F 75 01 74 61 6B 65 01 74 68 65 01 65 78 61 6D 3F C0	1CC 084 054 04E 068 06F 084 055 08A 025 029 001 011 02E 032 001 02E 084 01F 1C8 02A 023 03C 001 014 01E 012 001 064 06F 04E 051 078 084 015 1C8 015 024 037 001 01F 017 01A 03D 001 011 038 028 084 022 01C 1C5 1CC 084 022 01C 015 036 001 08A 028 0DF 0DA 02C 001 08D 017 025 029 1C8 010 038 022 011 084 023 028 001 0CB 0DE 028 14C 107 084 015 024 011 023 1C8 0EE 03C 001 014 023 01B 022 01B 02E 011 02E 01C 1C5 1CC 029 084 01B 031 022 001 019 028 08A 02C 001 097 01F 015 01F 029 1C8 02E 084 01C 001 019 028 08E 08A 0AB 0AA 0A5 025 022 1C8 0AB 0AA 03C 001 0F5 018 022 011 01F 084 01F 017 028 084 022 01C 1C5 1CC 0AB 0AA 03C 001 014 0F5 018 025 024 037 02E 01C 015 079 1C0
01	B3	0x01B3	"<SPEAKER>「それでは おくの とびらから
お進みくださいませ<WAIT><SPEAKER>「審査場の いちばん おくに
デスランド歴史博物館が あります
そこまで 行ければ ごうかくです<WAIT><SPEAKER>「ごうかくすれば 博物館で
入島ビザが 発行されます
それでは グッド ラック!"	"<SPEAKER>Then proceed through
the door in the back.<WAIT><SPEAKER>At the far end of the
course is the Deathland History
Museum. Reach it and you pass.<WAIT><SPEAKER>Once you pass, the
museum will issue your
island Visa. Good luck!"			SPEAKER NEWLINE WAIT SPEAKER NEWLINE NEWLINE WAIT SPEAKER NEWLINE NEWLINE END	EA:5457	CC 54 68 65 6E 01 70 72 6F 63 65 65 64 01 74 68 72 6F 75 67 68 C8 74 68 65 01 64 6F 6F 72 01 69 6E 01 74 68 65 01 62 61 63 6B 2E C5 CC 41 74 01 74 68 65 01 66 61 72 01 65 6E 64 01 6F 66 01 74 68 65 C8 63 6F 75 72 73 65 01 69 73 01 74 68 65 01 44 65 61 74 68 6C 61 6E 64 01 48 69 73 74 6F 72 79 C8 4D 75 73 65 75 6D 2E 01 52 65 61 63 68 01 69 74 01 61 6E 64 01 79 6F 75 01 70 61 73 73 2E C5 CC 4F 6E 63 65 01 79 6F 75 01 70 61 73 73 2C 01 74 68 65 C8 6D 75 73 65 75 6D 01 77 69 6C 6C 01 69 73 73 75 65 01 79 6F 75 72 C8 69 73 6C 61 6E 64 01 56 69 73 61 2E 01 47 6F 6F 64 01 6C 75 63 6B 21 C0	1CC 01E 039 084 022 029 001 014 017 028 001 023 084 02A 036 015 036 1C8 014 15D 02F 017 084 01F 01A 011 02E 01D 1C5 1CC 0AB 0AA 0A5 028 001 011 020 084 029 03D 001 014 017 025 1C8 084 054 04E 068 06F 084 055 0EA 0E6 0A4 08B 0A3 084 015 001 010 037 02E 01C 1C8 01E 019 02E 084 022 001 08D 018 039 084 029 001 084 019 012 015 017 084 022 01C 1C5 1CC 084 019 012 015 017 01C 039 084 029 001 0A4 08B 0A3 084 022 1C8 08E 08A 084 05C 084 04C 084 015 001 0C8 08D 01A 039 02E 01C 1C8 01E 039 084 022 029 001 084 049 070 084 055 001 068 070 049 07A 1C0
01	B4	0x01B4	"<SPEAKER>「それでは おくの とびらから
お進みくださいませ<WAIT><SPEAKER>「審査場の いちばん おくに
デスランド歴史博物館が あります
そこまで 行ければ ごうかくです"	"<SPEAKER>Then proceed through
the door in the back.<WAIT><SPEAKER>At the far end of the
course is the Deathland History
Museum. Reach it and you pass."			SPEAKER NEWLINE WAIT SPEAKER NEWLINE NEWLINE END	EA:551C	CC 54 68 65 6E 01 70 72 6F 63 65 65 64 01 74 68 72 6F 75 67 68 C8 74 68 65 01 64 6F 6F 72 01 69 6E 01 74 68 65 01 62 61 63 6B 2E C5 CC 41 74 01 74 68 65 01 66 61 72 01 65 6E 64 01 6F 66 01 74 68 65 C8 63 6F 75 72 73 65 01 69 73 01 74 68 65 01 44 65 61 74 68 6C 61 6E 64 01 48 69 73 74 6F 72 79 C8 4D 75 73 65 75 6D 2E 01 52 65 61 63 68 01 69 74 01 61 6E 64 01 79 6F 75 01 70 61 73 73 2E C0	1CC 01E 039 084 022 029 001 014 017 028 001 023 084 02A 036 015 036 1C8 014 15D 02F 017 084 01F 01A 011 02E 01D 1C5 1CC 0AB 0AA 0A5 028 001 011 020 084 029 03D 001 014 017 025 1C8 084 054 04E 068 06F 084 055 0EA 0E6 0A4 08B 0A3 084 015 001 010 037 02E 01C 1C8 01E 019 02E 084 022 001 08D 018 039 084 029 001 084 019 012 015 017 084 022 01C 1C0
01	B5	0x01B5	<SPEAKER>「あ そうですか	<SPEAKER>Oh. All right.			SPEAKER END	EA:559E	CC 4F 68 2E 01 41 6C 6C 01 72 69 67 68 74 2E C0	1CC 010 001 01E 012 084 022 01C 015 1C0
01	B6	0x01B6	"<SPEAKER>「気をつけて 旅してください
むりは きんもつです
それだけは わすれずにね"	"<SPEAKER>Travel carefully.
Never push yourself too
far. Remember that much."			SPEAKER NEWLINE NEWLINE END	EA:55AE	CC 54 72 61 76 65 6C 01 63 61 72 65 66 75 6C 6C 79 2E C8 4E 65 76 65 72 01 70 75 73 68 01 79 6F 75 72 73 65 6C 66 01 74 6F 6F C8 66 61 72 2E 01 52 65 6D 65 6D 62 65 72 01 74 68 61 74 01 6D 75 63 68 2E C0	1CC 099 03C 021 018 022 001 0B0 01B 022 017 084 01F 01A 011 1C8 030 037 029 001 016 03D 032 021 084 022 01C 1C8 01E 039 084 01F 018 029 001 03B 01C 039 084 01C 025 027 1C0
01	B7	0x01B7	"<SPEAKER>「そのさきの みぞぐらいなら
Bボタンダッシュで らくに
こえられねえと くろうするぜ"	"<SPEAKER>If you can't clear that
ditch with a B-button dash, you're
going to have a rough time."			SPEAKER NEWLINE NEWLINE END	EA:55F2	CC 49 66 01 79 6F 75 01 63 61 6E 27 74 01 63 6C 65 61 72 01 74 68 61 74 C8 64 69 74 63 68 01 77 69 74 68 01 61 01 42 2D 62 75 74 74 6F 6E 01 64 61 73 68 2C 01 79 6F 75 27 72 65 C8 67 6F 69 6E 67 01 74 6F 01 68 61 76 65 01 61 01 72 6F 75 67 68 01 74 69 6D 65 2E C0	1CC 01E 028 01A 016 028 001 02F 084 01E 084 017 036 011 024 036 1C8 16F 084 05F 051 06F 084 051 070 04D 072 084 022 001 036 017 025 1C8 019 013 036 039 027 013 023 001 017 03A 012 01C 038 084 01D 1C0
01	B8	0x01B8	"<SPEAKER>「へえ! 審査に うかったのかい?
ちかごろの おんなのこは
みかけに よらんねえ!"	"<SPEAKER>Hey! You passed the
exam? Girls these days sure
aren't what they look like!"			SPEAKER NEWLINE NEWLINE END	EA:564A	CC 48 65 79 21 01 59 6F 75 01 70 61 73 73 65 64 01 74 68 65 C8 65 78 61 6D 3F 01 47 69 72 6C 73 01 74 68 65 73 65 01 64 61 79 73 01 73 75 72 65 C8 61 72 65 6E 27 74 01 77 68 61 74 01 74 68 65 79 01 6C 6F 6F 6B 01 6C 69 6B 65 21 C0	1CC 02C 013 07A 001 0AB 0AA 025 001 012 015 03E 01F 028 015 011 079 1C8 020 015 084 019 03A 028 001 014 03D 024 028 019 029 1C8 02F 015 018 025 001 035 036 03D 027 013 07A 1C0
01	B9	0x01B9	"<SPEAKER>「この先から ちょっとのあいだ
島の そうげんに でるぞ
モンスターも でてくるからな!"	"<SPEAKER>Up ahead are the
island's grasslands. Watch out.
Monsters roam there too!"			SPEAKER NEWLINE NEWLINE END	EA:5697	CC 55 70 01 61 68 65 61 64 01 61 72 65 01 74 68 65 C8 69 73 6C 61 6E 64 27 73 01 67 72 61 73 73 6C 61 6E 64 73 2E 01 57 61 74 63 68 01 6F 75 74 2E C8 4D 6F 6E 73 74 65 72 73 01 72 6F 61 6D 01 74 68 65 72 65 01 74 6F 6F 21 C0	1CC 019 028 0F8 015 036 001 020 041 03E 023 028 010 011 084 01F 1C8 08A 028 001 01E 012 084 018 03D 025 001 084 022 038 084 01E 1C8 064 06F 04E 051 078 032 001 084 022 022 017 038 015 036 024 07A 1C0
01	BA	0x01BA	"<SPEAKER>「おんなの あんたが
審査に うかるかな
ブァハハハハハ"	"<SPEAKER>You? A woman?
Think you can pass
the exam? Bwahahahaha!"			SPEAKER NEWLINE NEWLINE END	EA:56E2	CC 59 6F 75 3F 01 41 01 77 6F 6D 61 6E 3F C8 54 68 69 6E 6B 01 79 6F 75 01 63 61 6E 01 70 61 73 73 C8 74 68 65 01 65 78 61 6D 3F 01 42 77 61 68 61 68 61 68 61 68 61 21 C0	1CC 014 03D 024 028 001 010 03D 01F 084 015 1C8 0AB 0AA 025 001 012 015 038 015 024 1C8 084 05D 074 05B 05B 05B 05B 05B 1C0
01	BB	0x01BB	"<SPEAKER>「物を 持つときは
Aプッシュ! Aプッシュ! と
ねんじると いいよ"	"<SPEAKER>When you
want to lift something,
think: A PUSH! A PUSH!"			SPEAKER NEWLINE NEWLINE END	EA:571B	CC 57 68 65 6E 01 79 6F 75 C8 77 61 6E 74 01 74 6F 01 6C 69 66 74 01 73 6F 6D 65 74 68 69 6E 67 2C C8 74 68 69 6E 6B 3A 01 41 01 50 55 53 48 21 01 41 01 50 55 53 48 21 C0	1CC 08B 03C 001 0D3 021 023 016 029 1C8 16E 083 05D 070 04D 072 07A 001 16E 083 05D 070 04D 072 07A 001 023 1C8 027 03D 084 01B 038 023 001 011 011 035 1C0
01	BC	0x01BC	"<SPEAKER>「ひゅー ひゅー! ねえちゃん
なかなか やるなー<WAIT><SPEAKER>「そんだけの うでがありゃあ
審査なんて への かっぱよ!"	"<SPEAKER>Whew! Nice work, sis.<WAIT><SPEAKER>With skills like that,
this exam will be a breeze!"			SPEAKER WAIT SPEAKER NEWLINE END	EA:5754	CC 57 68 65 77 21 01 4E 69 63 65 01 77 6F 72 6B 2C 01 73 69 73 2E C5 CC 57 69 74 68 01 73 6B 69 6C 6C 73 01 6C 69 6B 65 01 74 68 61 74 2C C8 74 68 69 73 01 65 78 61 6D 01 77 69 6C 6C 01 62 65 01 61 01 62 72 65 65 7A 65 21 C0	1CC 02A 040 078 001 02A 040 078 07A 001 027 013 020 03F 03D 1C8 024 015 024 015 001 033 038 024 078 1C5 1CC 01E 03D 084 01F 018 028 001 012 084 022 084 015 010 037 03F 010 1C8 0AB 0AA 024 03D 022 001 02C 028 001 015 03E 083 029 035 07A 1C0
01	BD	0x01BD	"<SPEAKER>「おれは こうやって 審査場で
くろう している やつらを
ひやかすのが しゅみなんだ"	"<SPEAKER>My hobby is hanging
around the exam course and
heckling people who are struggling."			SPEAKER NEWLINE NEWLINE END	EA:579F	CC 4D 79 01 68 6F 62 62 79 01 69 73 01 68 61 6E 67 69 6E 67 C8 61 72 6F 75 6E 64 01 74 68 65 01 65 78 61 6D 01 63 6F 75 72 73 65 01 61 6E 64 C8 68 65 63 6B 6C 69 6E 67 01 70 65 6F 70 6C 65 01 77 68 6F 01 61 72 65 01 73 74 72 75 67 67 6C 69 6E 67 2E C0	1CC 014 039 029 001 019 012 033 03E 022 001 0AB 0AA 0A5 084 022 1C8 017 03A 012 001 01B 022 011 038 001 033 021 036 03C 1C8 02A 033 015 01C 028 084 015 001 01B 040 02F 024 03D 084 01F 1C0
01	BE	0x01BE	"<SPEAKER>「ビザを持ってるなら そんな所で
あそんでないで リバータウンへ
行ったらどうだ?"	"<SPEAKER>If you've got a Visa,
stop fooling around here and
head for Rivertown already."			SPEAKER NEWLINE NEWLINE END	EA:57F3	CC 49 66 01 79 6F 75 27 76 65 01 67 6F 74 01 61 01 56 69 73 61 2C C8 73 74 6F 70 01 66 6F 6F 6C 69 6E 67 01 61 72 6F 75 6E 64 01 68 65 72 65 01 61 6E 64 C8 68 65 61 64 01 66 6F 72 01 52 69 76 65 72 74 6F 77 6E 01 61 6C 72 65 61 64 79 2E C0	1CC 084 05C 084 04C 03C 0D3 03E 022 038 024 036 001 01E 03D 024 12F 084 022 1C8 010 01E 03D 084 022 024 011 084 022 001 069 084 05B 078 051 044 06F 02C 1C8 08D 03E 01F 036 084 023 012 084 01F 079 1C0
01	BF	0x01BF	"<SPEAKER>「ときに おねえさん
戦いの時に 気あいを ためてる?<WAIT><SPEAKER>「たちどまって Aーーっと
力を入れていると 気あいがたまって
パワフルな いちげきが 出せるぜ!"	"<SPEAKER>Hey, miss. Do you charge
up your spirit during battle?<WAIT><SPEAKER>Stand still and hold
AAAAA! Your spirit builds up,
letting you unleash a power hit!"			SPEAKER NEWLINE WAIT SPEAKER NEWLINE NEWLINE END	EA:5843	CC 48 65 79 2C 01 6D 69 73 73 2E 01 44 6F 01 79 6F 75 01 63 68 61 72 67 65 C8 75 70 01 79 6F 75 72 01 73 70 69 72 69 74 01 64 75 72 69 6E 67 01 62 61 74 74 6C 65 3F C5 CC 53 74 61 6E 64 01 73 74 69 6C 6C 01 61 6E 64 01 68 6F 6C 64 C8 41 41 41 41 41 21 01 59 6F 75 72 01 73 70 69 72 69 74 01 62 75 69 6C 64 73 01 75 70 2C C8 6C 65 74 74 69 6E 67 01 79 6F 75 01 75 6E 6C 65 61 73 68 01 61 01 70 6F 77 65 72 01 68 69 74 21 C0	1CC 023 016 025 001 014 027 013 01A 03D 1C8 10D 011 028 164 025 001 099 010 011 03C 001 01F 031 022 038 079 1C5 1CC 01F 020 084 023 02E 03E 022 001 16E 078 078 03E 023 1C8 107 03C 08E 039 022 011 038 023 001 099 010 011 084 015 01F 02E 03E 022 1C8 083 05B 06D 05D 06A 024 001 011 020 084 018 016 084 015 001 106 01D 038 084 01D 07A 1C0
01	C0	0x01C0	"<SPEAKER>「いやいや やっとの おもいで
ここまで たどりつきましたよ<WAIT><SPEAKER>「商人と いえども 武芸は
やっとかなきゃあ いけませんな"	"<SPEAKER>Whew. I barely
made it this far.<WAIT><SPEAKER>Even a merchant needs
some martial training, I suppose."			SPEAKER NEWLINE WAIT SPEAKER NEWLINE END	EA:58D0	CC 57 68 65 77 2E 01 49 01 62 61 72 65 6C 79 C8 6D 61 64 65 01 69 74 01 74 68 69 73 01 66 61 72 2E C5 CC 45 76 65 6E 01 61 01 6D 65 72 63 68 61 6E 74 01 6E 65 65 64 73 C8 73 6F 6D 65 01 6D 61 72 74 69 61 6C 01 74 72 61 69 6E 69 6E 67 2C 01 49 01 73 75 70 70 6F 73 65 2E C0	1CC 011 033 011 033 001 033 03E 023 028 001 014 032 011 084 022 1C8 019 019 02E 084 022 001 01F 084 023 037 021 016 02E 01B 01F 035 1C5 1CC 109 091 023 001 011 013 084 023 032 001 0CB 0DE 029 1C8 033 03E 023 015 024 016 03F 010 001 011 018 02E 01D 03D 024 1C0
01	C1	0x01C1	"<SPEAKER>「この島は くねくねの道が たくさん
あるんですよ バランス感覚が
命に かかわるんです!"	"<SPEAKER>This island has lots of
winding paths. A good sense
of balance can save your life!"			SPEAKER NEWLINE NEWLINE END	EA:592B	CC 54 68 69 73 01 69 73 6C 61 6E 64 01 68 61 73 01 6C 6F 74 73 01 6F 66 C8 77 69 6E 64 69 6E 67 01 70 61 74 68 73 2E 01 41 01 67 6F 6F 64 01 73 65 6E 73 65 C8 6F 66 01 62 61 6C 61 6E 63 65 01 63 61 6E 01 73 61 76 65 01 79 6F 75 72 01 6C 69 66 65 21 C0	1CC 019 028 08A 029 001 017 027 017 027 028 0C7 084 015 001 01F 017 01A 03D 1C8 010 038 03D 084 022 01C 035 001 084 05B 068 06F 04E 0FC 17B 084 015 1C8 0EE 025 001 015 015 03B 038 03D 084 022 01C 07A 1C0
01	C2	0x01C2	"<SPEAKER>「おつかれさまです 旅のかた<WAIT><SPEAKER>「審査は ここで おわりです
この 下の 博物館で
入島ビザを もらって下さい<WAIT><SPEAKER>「それでは よい旅を!"	"<SPEAKER>Good work, traveler.<WAIT><SPEAKER>The exam ends
here. Get your island Visa
at the museum below.<WAIT><SPEAKER>Have a good journey!"			SPEAKER WAIT SPEAKER NEWLINE NEWLINE WAIT SPEAKER END	EA:597F	CC 47 6F 6F 64 01 77 6F 72 6B 2C 01 74 72 61 76 65 6C 65 72 2E C5 CC 54 68 65 01 65 78 61 6D 01 65 6E 64 73 C8 68 65 72 65 2E 01 47 65 74 01 79 6F 75 72 01 69 73 6C 61 6E 64 01 56 69 73 61 C8 61 74 01 74 68 65 01 6D 75 73 65 75 6D 01 62 65 6C 6F 77 2E C5 CC 48 61 76 65 01 61 01 67 6F 6F 64 01 6A 6F 75 72 6E 65 79 21 C0	1CC 014 021 015 039 01A 02E 084 022 01C 001 0B0 028 015 01F 1C5 1CC 0AB 0AA 029 001 019 019 084 022 001 014 03B 037 084 022 01C 1C8 019 028 001 0B8 028 001 0A4 08B 0A3 084 022 1C8 08E 08A 084 05C 084 04C 03C 001 032 036 03E 022 0B8 01A 011 1C5 1CC 01E 039 084 022 029 001 035 011 0B0 03C 07A 1C0
01	C3	0x01C3	"<SPEAKER>「ポン! はい 入島ビザだよ
これが 1枚あれば
みなとの 外に 出られるよ!"	"<SPEAKER>Pop! Here is your
island Visa. With this one
card, you can leave the port!"			SPEAKER NEWLINE NEWLINE END	EA:59EA	CC 50 6F 70 21 01 48 65 72 65 01 69 73 01 79 6F 75 72 C8 69 73 6C 61 6E 64 01 56 69 73 61 2E 01 57 69 74 68 01 74 68 69 73 01 6F 6E 65 C8 63 61 72 64 2C 01 79 6F 75 01 63 61 6E 01 6C 65 61 76 65 01 74 68 65 01 70 6F 72 74 21 C0	1CC 083 05F 06F 07A 001 029 011 001 08E 08A 084 05C 084 04C 084 01F 035 1C8 019 039 084 015 001 003 115 010 039 084 029 1C8 02F 024 023 028 001 0F1 025 001 106 036 039 038 035 07A 1C0
01	C4	0x01C4	"<SPEAKER>「ありゃりゃ お嬢さん!
もちものが いっぱいですよ
へらして また来てくださいよ"	"<SPEAKER>Oh dear, miss!
Your inventory is full. Make
some room and come back."			SPEAKER NEWLINE NEWLINE END	EA:5A36	CC 4F 68 01 64 65 61 72 2C 01 6D 69 73 73 21 C8 59 6F 75 72 01 69 6E 76 65 6E 74 6F 72 79 01 69 73 01 66 75 6C 6C 2E 01 4D 61 6B 65 C8 73 6F 6D 65 01 72 6F 6F 6D 01 61 6E 64 01 63 6F 6D 65 01 62 61 63 6B 2E C0	1CC 010 037 03F 037 03F 001 014 0D8 01A 03D 07A 1C8 032 020 032 028 084 015 001 011 03E 083 029 011 084 022 01C 035 1C8 02C 036 01B 022 001 02E 01F 097 022 017 084 01F 01A 011 035 1C0
01	C5	0x01C5	"<SPEAKER>「ゲロハー! この島の ことばで
こんにちは! っていみさ!
よい旅をな お嬢さんよ"	"<SPEAKER>Gerohah! That means
""hello"" in this island language!
Safe travels, young lady."			SPEAKER NEWLINE NEWLINE END	EA:5A7C	CC 47 65 72 6F 68 61 68 21 01 54 68 61 74 01 6D 65 61 6E 73 C8 22 68 65 6C 6C 6F 22 01 69 6E 01 74 68 69 73 01 69 73 6C 61 6E 64 01 6C 61 6E 67 75 61 67 65 21 C8 53 61 66 65 01 74 72 61 76 65 6C 73 2C 01 79 6F 75 6E 67 01 6C 61 64 79 2E C0	1CC 084 04A 06C 05B 078 07A 001 019 028 08A 028 001 019 023 084 029 084 022 1C8 019 03D 025 020 029 07A 001 03E 022 011 02F 01A 07A 1C8 035 011 0B0 03C 024 001 014 0D8 01A 03D 035 1C0
01	C6	0x01C6	"<SPEAKER>「どうだ すごいだろう?<WAIT><SPEAKER>「こんな でかい トマトンが
おそってきたら わしなんぞ
いちころだろうな きっと!<WAIT><SPEAKER>「えっ? こいつは 何かって?
これこそ 世紀の 大発見
伝説の巨大トマトンの 化石さ<WAIT><SPEAKER>「古代デスランドの 大いなる謎
いま 伝説から 真実へ
うーん! ロマンだなあ・・・"	"<SPEAKER>Impressive, isn't it?<WAIT><SPEAKER>If a Tomaton this
huge attacked me, I'd be
done for in a second!<WAIT><SPEAKER>What is it? The
find of the century: a
legendary giant Tomaton fossil!<WAIT><SPEAKER>An ancient Deathland
mystery, now proven true.
Ah, the romance of it!"			SPEAKER WAIT SPEAKER NEWLINE NEWLINE WAIT SPEAKER NEWLINE NEWLINE WAIT SPEAKER NEWLINE NEWLINE END	EA:5ACC	CC 49 6D 70 72 65 73 73 69 76 65 2C 01 69 73 6E 27 74 01 69 74 3F C5 CC 49 66 01 61 01 54 6F 6D 61 74 6F 6E 01 74 68 69 73 C8 68 75 67 65 01 61 74 74 61 63 6B 65 64 01 6D 65 2C 01 49 27 64 01 62 65 C8 64 6F 6E 65 01 66 6F 72 01 69 6E 01 61 01 73 65 63 6F 6E 64 21 C5 CC 57 68 61 74 01 69 73 01 69 74 3F 01 54 68 65 C8 66 69 6E 64 01 6F 66 01 74 68 65 01 63 65 6E 74 75 72 79 3A 01 61 C8 6C 65 67 65 6E 64 61 72 79 01 67 69 61 6E 74 01 54 6F 6D 61 74 6F 6E 01 66 6F 73 73 69 6C 21 C5 CC 41 6E 01 61 6E 63 69 65 6E 74 01 44 65 61 74 68 6C 61 6E 64 C8 6D 79 73 74 65 72 79 2C 01 6E 6F 77 01 70 72 6F 76 65 6E 01 74 72 75 65 2E C8 41 68 2C 01 74 68 65 01 72 6F 6D 61 6E 63 65 01 6F 66 01 69 74 21 C0	1CC 084 023 012 084 01F 001 01C 084 019 011 084 01F 03A 012 079 1C5 1CC 019 03D 024 001 084 022 015 011 001 055 060 055 06F 084 015 1C8 014 01E 03E 022 016 01F 036 001 03B 01B 024 03D 084 01E 1C8 011 020 019 03A 084 01F 03A 012 024 001 016 03E 023 07A 1C5 1CC 013 03E 079 001 019 011 021 029 001 093 015 03E 022 079 1C8 019 039 019 01E 001 0A9 102 028 001 0AC 0C8 090 1C8 092 08F 028 0CC 0AC 055 060 055 06F 028 001 09E 09D 01A 1C5 1CC 096 09F 084 054 04E 068 06F 084 055 028 001 0AC 011 024 038 0CF 1C8 011 02E 001 092 08F 015 036 001 0BD 0DD 02C 1C8 012 078 03D 07A 001 06C 060 06F 084 01F 024 010 081 081 081 1C0
01	C7	0x01C7	"<SPEAKER>「お嬢さん あわてなさんな
まずは 入り口で ビザを
もらって きなはれ"	"<SPEAKER>No need to rush,
young lady. First get your
Visa at the entrance."			SPEAKER NEWLINE NEWLINE END	EA:5BB4	CC 4E 6F 01 6E 65 65 64 01 74 6F 01 72 75 73 68 2C C8 79 6F 75 6E 67 01 6C 61 64 79 2E 01 46 69 72 73 74 01 67 65 74 01 79 6F 75 72 C8 56 69 73 61 01 61 74 01 74 68 65 01 65 6E 74 72 61 6E 63 65 2E C0	1CC 014 0D8 01A 03D 001 010 03B 022 024 01A 03D 024 1C8 02E 084 01C 029 001 08E 037 167 084 022 001 084 05C 084 04C 03C 1C8 032 036 03E 022 001 016 024 029 039 1C0
01	C8	0x01C8	"<SPEAKER>「じりりりりーん! さあさあ
まもなく 神秘と 謎にあふれた
活行写真の はじまり はじまりー<WAIT><SPEAKER>「デスランド伝説の すべてがわかる
活行写真じゃよ 見ていくかい?"	"<SPEAKER>Ring-a-ling! Everyone,
gather! Our marvelous moving
picture is about to begin!<WAIT><SPEAKER>It tells the whole legend
of Deathland. Want to watch?"			SPEAKER NEWLINE NEWLINE WAIT SPEAKER NEWLINE END	EA:5BF7	CC 52 69 6E 67 2D 61 2D 6C 69 6E 67 21 01 45 76 65 72 79 6F 6E 65 2C C8 67 61 74 68 65 72 21 01 4F 75 72 01 6D 61 72 76 65 6C 6F 75 73 01 6D 6F 76 69 6E 67 C8 70 69 63 74 75 72 65 01 69 73 01 61 62 6F 75 74 01 74 6F 01 62 65 67 69 6E 21 C5 CC 49 74 01 74 65 6C 6C 73 01 74 68 65 01 77 68 6F 6C 65 01 6C 65 67 65 6E 64 C8 6F 66 01 44 65 61 74 68 6C 61 6E 64 2E 01 57 61 6E 74 01 74 6F 01 77 61 74 63 68 3F C0	1CC 084 01B 037 037 037 037 078 03D 07A 001 01A 010 01A 010 1C8 02E 032 024 017 001 0DC 0EF 023 001 0CF 025 010 02B 039 01F 1C8 0B4 0B1 0C1 0BD 028 001 029 084 01B 02E 037 001 029 084 01B 02E 037 078 1C5 1CC 084 054 04E 068 06F 084 055 092 08F 028 001 01C 084 02C 022 084 015 03B 015 038 1C8 0B4 0B1 0C1 0BD 084 01B 03F 035 001 090 022 011 017 015 011 079 1C0
01	C9	0x01C9	"<SPEAKER>「お嬢さんには いちばん前の
とくとうせきに ごあんなーい!
じりりりりんと さあ はじまりぃー"	"<SPEAKER>Young lady, front-row
seat! The very best in the
house! Ring-a-ling! Here we go!"			SPEAKER NEWLINE NEWLINE END	EA:5C7F	CC 59 6F 75 6E 67 01 6C 61 64 79 2C 01 66 72 6F 6E 74 2D 72 6F 77 C8 73 65 61 74 21 01 54 68 65 01 76 65 72 79 01 62 65 73 74 01 69 6E 01 74 68 65 C8 68 6F 75 73 65 21 01 52 69 6E 67 2D 61 2D 6C 69 6E 67 21 01 48 65 72 65 01 77 65 01 67 6F 21 C0	1CC 014 0D8 01A 03D 025 029 001 011 020 084 029 03D 0C3 028 1C8 023 017 023 012 01D 016 025 001 084 019 010 03D 024 078 011 07A 1C8 084 01B 037 037 037 037 03D 023 001 01A 010 001 029 084 01B 02E 037 07C 078 1C0
01	CA	0x01CA	"<SPEAKER>「おなごの いいえは はいのうちー
さあ すわった すわった!
じりりりりんと さあ はじまりぃー"	"<SPEAKER>A lady's 'no' means
'yes'! Come on, sit down, sit
down! Ring-a-ling! Here we go!"			SPEAKER NEWLINE NEWLINE END	EA:5CD1	CC 41 01 6C 61 64 79 27 73 01 27 6E 6F 27 01 6D 65 61 6E 73 C8 27 79 65 73 27 21 01 43 6F 6D 65 01 6F 6E 2C 01 73 69 74 01 64 6F 77 6E 2C 01 73 69 74 C8 64 6F 77 6E 21 01 52 69 6E 67 2D 61 2D 6C 69 6E 67 21 01 48 65 72 65 01 77 65 01 67 6F 21 C0	1CC 014 024 084 019 028 001 011 011 013 029 001 029 011 028 012 020 078 1C8 01A 010 001 01C 03B 03E 01F 001 01C 03B 03E 01F 07A 1C8 084 01B 037 037 037 037 03D 023 001 01A 010 001 029 084 01B 02E 037 07C 078 1C0
01	CB	0x01CB	"<SPEAKER>「ほれほれ いちばんまえに
すわった すわった"	"<SPEAKER>Come now, sit
in the front. Sit, sit!"			SPEAKER NEWLINE END	EA:5D23	CC 43 6F 6D 65 01 6E 6F 77 2C 01 73 69 74 C8 69 6E 01 74 68 65 01 66 72 6F 6E 74 2E 01 53 69 74 2C 01 73 69 74 21 C0	1CC 02D 039 02D 039 001 011 020 084 029 03D 02E 013 025 1C8 01C 03B 03E 01F 001 01C 03B 03E 01F 1C0
01	CC	0x01CC	"<SPEAKER>「ぜい ぜい はあ はあ
としのせいで じょうえいは
一日 一回が げんどじゃ・・・"	"<SPEAKER>Wheeze... gasp...
At my age, I can only
run one showing a day..."			SPEAKER NEWLINE NEWLINE END	EA:5D4A	CC 57 68 65 65 7A 65 2E 2E 2E 01 67 61 73 70 2E 2E 2E C8 41 74 01 6D 79 01 61 67 65 2C 01 49 01 63 61 6E 01 6F 6E 6C 79 C8 72 75 6E 01 6F 6E 65 01 73 68 6F 77 69 6E 67 01 61 01 64 61 79 2E 2E 2E C0	1CC 084 01D 011 001 084 01D 011 001 029 010 001 029 010 1C8 023 01B 028 01D 011 084 022 001 084 01B 041 012 013 011 029 1C8 0AF 120 001 0AF 169 084 015 001 084 018 03D 084 023 084 01B 03F 081 081 081 1C0
01	CD	0x01CD	"<SPEAKER>「おう ねえちゃん! 来たな!
まわりを 見なよ! ひとくせも
ふたくせも ありそうな やつばかりよ<WAIT><SPEAKER>「連中も このデスランドに
宝のにおいを かぎつけたに
ちげえねえ! ライバルだぜ"	"<SPEAKER>Hey, sis! You made
it! Look around. Every one of
these people looks like trouble.<WAIT><SPEAKER>They must have smelled
treasure on Deathland too.
No doubt. They're our rivals!"			SPEAKER NEWLINE NEWLINE WAIT SPEAKER NEWLINE NEWLINE END	EA:5D8C	CC 48 65 79 2C 01 73 69 73 21 01 59 6F 75 01 6D 61 64 65 C8 69 74 21 01 4C 6F 6F 6B 01 61 72 6F 75 6E 64 2E 01 45 76 65 72 79 01 6F 6E 65 01 6F 66 C8 74 68 65 73 65 01 70 65 6F 70 6C 65 01 6C 6F 6F 6B 73 01 6C 69 6B 65 01 74 72 6F 75 62 6C 65 2E C5 CC 54 68 65 79 01 6D 75 73 74 01 68 61 76 65 01 73 6D 65 6C 6C 65 64 C8 74 72 65 61 73 75 72 65 01 6F 6E 01 44 65 61 74 68 6C 61 6E 64 01 74 6F 6F 2E C8 4E 6F 01 64 6F 75 62 74 2E 01 54 68 65 79 27 72 65 01 6F 75 72 01 72 69 76 61 6C 73 21 C0	1CC 014 012 001 027 013 020 03F 03D 07A 001 097 01F 024 07A 1C8 02E 03B 037 03C 001 090 024 035 07A 001 02A 023 017 01D 032 1C8 02B 01F 017 01D 032 001 010 037 01E 012 024 001 033 021 084 029 015 037 035 1C5 1CC 0D1 0A1 032 001 019 028 084 054 04E 068 06F 084 055 025 1C8 095 028 025 014 011 03C 001 015 084 016 021 018 01F 025 1C8 020 084 018 013 027 013 07A 001 068 043 084 05B 06A 084 01F 084 01D 1C0
01	CE	0x01CE	"<SPEAKER>「かーっ! まいったぜ まったく
おれの 聞いてた この島の話と
ぜんぜんちがうぜ とほほだな!"	"<SPEAKER>Dammit, what a letdown!
This island is nothing like
what I was told. What a joke!"			SPEAKER NEWLINE NEWLINE END	EA:5E30	CC 44 61 6D 6D 69 74 2C 01 77 68 61 74 01 61 01 6C 65 74 64 6F 77 6E 21 C8 54 68 69 73 01 69 73 6C 61 6E 64 01 69 73 01 6E 6F 74 68 69 6E 67 01 6C 69 6B 65 C8 77 68 61 74 01 49 01 77 61 73 01 74 6F 6C 64 2E 01 57 68 61 74 01 61 01 6A 6F 6B 65 21 C0	1CC 015 078 03E 07A 001 02E 011 03E 01F 084 01D 001 02E 03E 01F 017 1C8 014 039 028 001 0A6 011 022 01F 001 019 028 08A 028 0A0 023 1C8 084 01D 03D 084 01D 03D 020 084 015 012 084 01D 001 023 02D 02D 084 01F 024 07A 1C0
01	CF	0x01CF	"<SPEAKER>「わたしは 天才かがくしゃ
キングバロンのように いだいな
発明をするのが ゆめなのです<WAIT><SPEAKER>「かれのことを すこしでも
学ぶために この島に
来たのです"	"<SPEAKER>I'm a brilliant scientist.
My dream is to invent something
as great as King Baron did.<WAIT><SPEAKER>I came to this island to
learn everything I can about him."			SPEAKER NEWLINE NEWLINE WAIT SPEAKER NEWLINE END	EA:5E83	CC 49 27 6D 01 61 01 62 72 69 6C 6C 69 61 6E 74 01 73 63 69 65 6E 74 69 73 74 2E C8 4D 79 01 64 72 65 61 6D 01 69 73 01 74 6F 01 69 6E 76 65 6E 74 01 73 6F 6D 65 74 68 69 6E 67 C8 61 73 01 67 72 65 61 74 01 61 73 01 4B 69 6E 67 01 42 61 72 6F 6E 01 64 69 64 2E C5 CC 49 01 63 61 6D 65 01 74 6F 01 74 68 69 73 01 69 73 6C 61 6E 64 01 74 6F C8 6C 65 61 72 6E 01 65 76 65 72 79 74 68 69 6E 67 01 49 01 63 61 6E 01 61 62 6F 75 74 01 68 69 6D 2E C0	1CC 03B 01F 01B 029 001 0C5 10A 015 084 015 017 01B 03F 1C8 048 06F 084 049 084 05B 06C 06F 028 035 012 025 001 011 084 01F 011 024 1C8 0C8 0BF 03C 01C 038 028 084 015 001 034 031 024 028 084 022 01C 1C5 1CC 015 039 028 019 023 03C 001 01C 019 01B 084 022 032 1C8 0B7 084 02B 01F 031 025 001 019 028 08A 025 1C8 097 01F 028 084 022 01C 1C0
01	D0	0x01D0	"<SPEAKER>「キングバロンは あまりに
いだいすぎて かれのようには
とても なれないなあ・・・"	"<SPEAKER>King Baron was simply
too great. I could never
become someone like him..."			SPEAKER NEWLINE NEWLINE END	EA:5F17	CC 4B 69 6E 67 01 42 61 72 6F 6E 01 77 61 73 01 73 69 6D 70 6C 79 C8 74 6F 6F 01 67 72 65 61 74 2E 01 49 01 63 6F 75 6C 64 01 6E 65 76 65 72 C8 62 65 63 6F 6D 65 01 73 6F 6D 65 6F 6E 65 01 6C 69 6B 65 01 68 69 6D 2E 2E 2E C0	1CC 048 06F 084 049 084 05B 06C 06F 029 001 010 02E 037 025 1C8 011 084 01F 011 01C 084 016 022 001 015 039 028 035 012 025 029 1C8 023 022 032 001 024 039 024 011 024 010 081 081 081 1C0
01	D1	0x01D1	"<SPEAKER>「巨大トマトンの 化石が
みつかったいじょう ほかにも
何か あるに ちがいないわい"	"<SPEAKER>A giant Tomaton fossil
was found. There must be
more discoveries out there!"			SPEAKER NEWLINE NEWLINE END	EA:5F62	CC 41 01 67 69 61 6E 74 01 54 6F 6D 61 74 6F 6E 01 66 6F 73 73 69 6C C8 77 61 73 01 66 6F 75 6E 64 2E 01 54 68 65 72 65 01 6D 75 73 74 01 62 65 C8 6D 6F 72 65 01 64 69 73 63 6F 76 65 72 69 65 73 01 6F 75 74 01 74 68 65 72 65 21 C0	1CC 0CC 0AC 055 060 055 06F 028 001 09E 09D 084 015 1C8 02F 021 015 03E 01F 011 084 01B 041 012 001 02D 015 025 032 1C8 093 015 001 010 038 025 001 020 084 015 011 024 011 03B 011 1C0
01	D2	0x01D2	"<SPEAKER>「うーむ わしは あまり 島の
奥に 行くのは やめておこうかの
命あっての 研究じゃからな"	"<SPEAKER>Hmm... Maybe I shouldn't
go too deep into the island.
Research is no use if I'm dead."			SPEAKER NEWLINE NEWLINE END	EA:5FAF	CC 48 6D 6D 2E 2E 2E 01 4D 61 79 62 65 01 49 01 73 68 6F 75 6C 64 6E 27 74 C8 67 6F 01 74 6F 6F 01 64 65 65 70 01 69 6E 74 6F 01 74 68 65 01 69 73 6C 61 6E 64 2E C8 52 65 73 65 61 72 63 68 01 69 73 01 6E 6F 01 75 73 65 01 69 66 01 49 27 6D 01 64 65 61 64 2E C0	1CC 012 078 030 001 03B 01B 029 001 010 02E 037 001 08A 028 1C8 0ED 025 001 08D 017 028 029 001 033 031 022 014 019 012 015 028 1C8 0EE 010 03E 022 028 001 0E5 0E7 084 01B 03F 015 036 024 1C0
01	D3	0x01D3	"<SPEAKER>「おら おらー! はやく
活行写真を はじめろー
おれは まてねえぞ おらおらー"	"<SPEAKER>Hey! Hurry up and
start the movie already!
I ain't waiting forever!"			SPEAKER NEWLINE NEWLINE END	EA:6006	CC 48 65 79 21 01 48 75 72 72 79 01 75 70 01 61 6E 64 C8 73 74 61 72 74 01 74 68 65 01 6D 6F 76 69 65 01 61 6C 72 65 61 64 79 21 C8 49 01 61 69 6E 27 74 01 77 61 69 74 69 6E 67 01 66 6F 72 65 76 65 72 21 C0	1CC 014 036 001 014 036 078 07A 001 029 033 017 1C8 0B4 0B1 0C1 0BD 03C 001 029 084 01B 031 03A 078 1C8 014 039 029 001 02E 022 027 013 084 01E 001 014 036 014 036 078 1C0
01	D4	0x01D4	"<SPEAKER>「くかー くかー ん?
じょうえいは もう おわったか
まちくたびれて ねちまったぜ!"	"<SPEAKER>Snore... snore... Huh? Is
the showing over already? I
got tired of waiting and slept!"			SPEAKER NEWLINE NEWLINE END	EA:604B	CC 53 6E 6F 72 65 2E 2E 2E 01 73 6E 6F 72 65 2E 2E 2E 01 48 75 68 3F 01 49 73 C8 74 68 65 01 73 68 6F 77 69 6E 67 01 6F 76 65 72 01 61 6C 72 65 61 64 79 3F 01 49 C8 67 6F 74 01 74 69 72 65 64 01 6F 66 01 77 61 69 74 69 6E 67 01 61 6E 64 01 73 6C 65 70 74 21 C0	1CC 017 015 078 001 017 015 078 001 03D 079 1C8 084 01B 041 012 013 011 029 001 032 012 001 014 03B 03E 01F 015 1C8 02E 020 017 01F 084 02A 039 022 001 027 020 02E 03E 01F 084 01D 07A 1C0
01	D5	0x01D5	"<SPEAKER>「わくわくさせるぜ この島はよー
古代の いせきが どっかにあるに
ちがいねえぜ へっ へっ へっ<WAIT><SPEAKER>「おれさまが さがしあてて
金銀 ざっくざっくで
あれして これして うーん"	"<SPEAKER>This island excites
me! There must be ancient
ruins somewhere. Heh heh heh.<WAIT><SPEAKER>I'll find them
first, dig up piles of gold
and silver, then... ohhh!"			SPEAKER NEWLINE NEWLINE WAIT SPEAKER NEWLINE NEWLINE END	EA:60A2	CC 54 68 69 73 01 69 73 6C 61 6E 64 01 65 78 63 69 74 65 73 C8 6D 65 21 01 54 68 65 72 65 01 6D 75 73 74 01 62 65 01 61 6E 63 69 65 6E 74 C8 72 75 69 6E 73 01 73 6F 6D 65 77 68 65 72 65 2E 01 48 65 68 01 68 65 68 01 68 65 68 2E C5 CC 49 27 6C 6C 01 66 69 6E 64 01 74 68 65 6D C8 66 69 72 73 74 2C 01 64 69 67 01 75 70 01 70 69 6C 65 73 01 6F 66 01 67 6F 6C 64 C8 61 6E 64 01 73 69 6C 76 65 72 2C 01 74 68 65 6E 2E 2E 2E 01 6F 68 68 68 21 C0	1CC 03B 017 03B 017 01A 01D 038 084 01D 001 019 028 08A 029 035 078 1C8 096 09F 028 001 011 01D 016 084 015 001 084 023 03E 015 025 010 038 025 1C8 020 084 015 011 027 013 084 01D 001 02C 03E 001 02C 03E 001 02C 03E 1C5 1CC 014 039 01A 02E 084 015 001 01A 084 015 01B 010 022 022 1C8 094 0EC 001 084 01A 03E 017 084 01A 03E 017 084 022 1C8 010 039 01B 022 001 019 039 01B 022 001 012 078 03D 1C0
01	D6	0x01D6	"<SPEAKER>「化石なんて いらねえんだよ
おれっちが いただくものは
古代の うもれた 宝さ"	"<SPEAKER>I don't want fossils.
What I'm after is ancient
treasure buried underground."			SPEAKER NEWLINE NEWLINE END	EA:6135	CC 49 01 64 6F 6E 27 74 01 77 61 6E 74 01 66 6F 73 73 69 6C 73 2E C8 57 68 61 74 01 49 27 6D 01 61 66 74 65 72 01 69 73 01 61 6E 63 69 65 6E 74 C8 74 72 65 61 73 75 72 65 01 62 75 72 69 65 64 01 75 6E 64 65 72 67 72 6F 75 6E 64 2E C0	1CC 09E 09D 024 03D 022 001 011 036 027 013 03D 084 01F 035 1C8 014 039 03E 020 084 015 001 011 01F 084 01F 017 032 028 029 1C8 096 09F 028 001 012 032 039 01F 001 095 01A 1C0
01	D7	0x01D7	"<SPEAKER>「ふがふが ふがふが わしも
きっと なんか 見つけるぞい
うほほ うほほほ ふがふがー"	"<SPEAKER>Hrumph, hrumph! I'll
find something too, just you
watch! Woo-ho-ho-ho! Hrumph!"			SPEAKER NEWLINE NEWLINE END	EA:6183	CC 48 72 75 6D 70 68 2C 01 68 72 75 6D 70 68 21 01 49 27 6C 6C C8 66 69 6E 64 01 73 6F 6D 65 74 68 69 6E 67 01 74 6F 6F 2C 01 6A 75 73 74 01 79 6F 75 C8 77 61 74 63 68 21 01 57 6F 6F 2D 68 6F 2D 68 6F 2D 68 6F 21 01 48 72 75 6D 70 68 21 C0	1CC 02B 084 015 02B 084 015 001 02B 084 015 02B 084 015 001 03B 01B 032 1C8 016 03E 023 001 024 03D 015 001 090 021 018 038 084 01E 011 1C8 012 02D 02D 001 012 02D 02D 02D 001 02B 084 015 02B 084 015 078 1C0
01	D8	0x01D8	"<SPEAKER>「ふがふが わしには ムリじゃ
じいさんと いっしょに
観光でも するかのう"	"<SPEAKER>Hrumph... I can't
do this. Maybe I'll just go
sightseeing with the old man."			SPEAKER NEWLINE NEWLINE END	EA:61D3	CC 48 72 75 6D 70 68 2E 2E 2E 01 49 01 63 61 6E 27 74 C8 64 6F 01 74 68 69 73 2E 01 4D 61 79 62 65 01 49 27 6C 6C 01 6A 75 73 74 01 67 6F C8 73 69 67 68 74 73 65 65 69 6E 67 01 77 69 74 68 01 74 68 65 01 6F 6C 64 01 6D 61 6E 2E C0	1CC 02B 084 015 02B 084 015 001 03B 01B 025 029 001 062 069 084 01B 03F 1C8 084 01B 011 01A 03D 023 001 011 03E 01B 041 025 1C8 149 14A 084 022 032 001 01C 038 015 028 012 1C0
01	D9	0x01D9	"<CLEAR>
レンズがついた
きみょうな 道具がある"	"<CLEAR>There is a strange
device fitted with a lens."			CLEAR NEWLINE END	EA:6220	D0 54 68 65 72 65 01 69 73 01 61 01 73 74 72 61 6E 67 65 C8 64 65 76 69 63 65 01 66 69 74 74 65 64 01 77 69 74 68 01 61 01 6C 65 6E 73 2E C0	1D0 06B 06F 084 04E 084 015 021 011 01F 1C8 016 02F 041 012 024 001 0C7 124 084 015 010 038 1C0
01	DA	0x01DA	"<CLEAR>
これは <INSERT_A><WAIT>
<CLEAR>
ひどく古くて
もう 役にたたないようだ"	"<CLEAR>This is <INSERT_A>.<WAIT><CLEAR>It is terribly old
and no longer useful."			CLEAR INSERT_A WAIT CLEAR NEWLINE END	EA:624F	D0 54 68 69 73 01 69 73 01 C4 2E C5 D0 49 74 01 69 73 01 74 65 72 72 69 62 6C 79 01 6F 6C 64 C8 61 6E 64 01 6E 6F 01 6C 6F 6E 67 65 72 01 75 73 65 66 75 6C 2E C0	1D0 019 039 029 001 1C4 1C5 1D0 02A 084 023 017 096 017 022 1C8 032 012 001 15E 025 01F 01F 024 011 035 012 084 01F 1C0
01	DB	0x01DB	"<CLEAR>
これは <INSERT_A><WAIT>
<CLEAR>
伝説の王の もんしょうを
かたどった 石像のようだ"	"<CLEAR>This is <INSERT_A>.<WAIT><CLEAR>It seems to be a stone
statue shaped like the
legendary king's crest."			CLEAR INSERT_A WAIT CLEAR NEWLINE NEWLINE END	EA:6285	D0 54 68 69 73 01 69 73 01 C4 2E C5 D0 49 74 01 73 65 65 6D 73 01 74 6F 01 62 65 01 61 01 73 74 6F 6E 65 C8 73 74 61 74 75 65 01 73 68 61 70 65 64 01 6C 69 6B 65 01 74 68 65 C8 6C 65 67 65 6E 64 61 72 79 01 6B 69 6E 67 27 73 01 63 72 65 73 74 2E C0	1D0 019 039 029 001 1C4 1C5 1D0 092 08F 028 155 028 001 032 03D 01B 041 012 03C 1C8 015 01F 084 023 03E 01F 001 09D 159 028 035 012 084 01F 1C0
01	DC	0x01DC	"<CLEAR>
大きな ぬのが はってある"	<CLEAR>A large cloth is stretched here.			CLEAR END	EA:62D8	D0 41 01 6C 61 72 67 65 01 63 6C 6F 74 68 01 69 73 01 73 74 72 65 74 63 68 65 64 01 68 65 72 65 2E C0	1D0 0AC 016 024 001 026 028 084 015 001 029 03E 022 010 038 1C0
01	DD	0x01DD	"<SPEAKER>「おお 見すてられた博物館に
お客さまとは めずらしい<WAIT><SPEAKER>「つい この間までは ここも
観光客で にぎわっていたが
いまは もう 誰もおらんよ<WAIT><SPEAKER>「わしも そうじがすんだら ここを
出るよ そして 二度ともどって来ん
ゆめは おわったのだ・・・"	"<SPEAKER>A visitor to this
abandoned museum? How unusual.<WAIT><SPEAKER>Until recently, this
place was packed with
tourists. Now no one is left.<WAIT><SPEAKER>Once I finish cleaning,
I'll leave and never come
back. The dream is over..."			SPEAKER NEWLINE WAIT SPEAKER NEWLINE NEWLINE WAIT SPEAKER NEWLINE NEWLINE END	EA:62FA	CC 41 01 76 69 73 69 74 6F 72 01 74 6F 01 74 68 69 73 C8 61 62 61 6E 64 6F 6E 65 64 01 6D 75 73 65 75 6D 3F 01 48 6F 77 01 75 6E 75 73 75 61 6C 2E C5 CC 55 6E 74 69 6C 01 72 65 63 65 6E 74 6C 79 2C 01 74 68 69 73 C8 70 6C 61 63 65 01 77 61 73 01 70 61 63 6B 65 64 01 77 69 74 68 C8 74 6F 75 72 69 73 74 73 2E 01 4E 6F 77 01 6E 6F 01 6F 6E 65 01 69 73 01 6C 65 66 74 2E C5 CC 4F 6E 63 65 01 49 01 66 69 6E 69 73 68 01 63 6C 65 61 6E 69 6E 67 2C C8 49 27 6C 6C 01 6C 65 61 76 65 01 61 6E 64 01 6E 65 76 65 72 01 63 6F 6D 65 C8 62 61 63 6B 2E 01 54 68 65 01 64 72 65 61 6D 01 69 73 01 6F 76 65 72 2E 2E 2E C0	1CC 014 014 001 090 01C 022 036 039 01F 0A4 08B 0A3 025 1C8 014 0FD 01A 02E 023 029 001 031 084 01C 036 01B 011 1C5 1CC 021 011 001 019 028 0E3 02E 084 022 029 001 019 019 032 1C8 149 14A 0FD 084 022 001 025 084 016 03B 03E 022 011 01F 084 015 1C8 011 02E 029 001 032 012 001 0FA 032 014 036 03D 035 1C5 1CC 03B 01B 032 001 01E 012 084 01B 084 015 01C 03D 084 01F 036 001 019 019 03C 1C8 106 038 035 001 01E 01B 022 001 189 13E 023 032 084 023 03E 022 097 03D 1C8 034 031 029 001 014 03B 03E 01F 028 084 01F 081 081 081 1C0
01	DE	0x01DE	"<SPEAKER>「お嬢さんは どうして
こんな所に 来たのかね?<WAIT><SPEAKER>「思い出の品が ほしくば
何でも 持っていきなされ
みんな 古いだけの がらくたじゃよ"	"<SPEAKER>Why did you come to
a place like this, young lady?<WAIT><SPEAKER>If you want a
souvenir, take anything you
like. It's all just old junk now."			SPEAKER NEWLINE WAIT SPEAKER NEWLINE NEWLINE END	EA:63C4	CC 57 68 79 01 64 69 64 01 79 6F 75 01 63 6F 6D 65 01 74 6F C8 61 01 70 6C 61 63 65 01 6C 69 6B 65 01 74 68 69 73 2C 01 79 6F 75 6E 67 01 6C 61 64 79 3F C5 CC 49 66 01 79 6F 75 01 77 61 6E 74 01 61 C8 73 6F 75 76 65 6E 69 72 2C 01 74 61 6B 65 01 61 6E 79 74 68 69 6E 67 01 79 6F 75 C8 6C 69 6B 65 2E 01 49 74 27 73 01 61 6C 6C 01 6A 75 73 74 01 6F 6C 64 01 6A 75 6E 6B 01 6E 6F 77 2E C0	1CC 014 0D8 01A 03D 029 001 084 023 012 01B 022 1C8 019 03D 024 12F 025 001 097 01F 028 015 027 079 1C5 1CC 10F 011 106 028 12B 084 015 001 02D 01B 017 084 029 1C8 093 084 022 032 001 0D3 03E 022 011 016 024 01A 039 1C8 02F 03D 024 001 096 011 084 01F 018 028 001 084 015 036 017 01F 084 01B 03F 035 1C0
01	DF	0x01DF	"<SPEAKER>「フォフォフォフォー
わたしは ゲムせいじん でーす<WAIT><SPEAKER>「これ あげまーす!"	"<SPEAKER>Fo-fo-fo-fo! I
am an alien from Gem!<WAIT><SPEAKER>Here, take this!"			SPEAKER NEWLINE WAIT SPEAKER END	EA:6445	CC 46 6F 2D 66 6F 2D 66 6F 2D 66 6F 21 01 49 C8 61 6D 01 61 6E 01 61 6C 69 65 6E 01 66 72 6F 6D 01 47 65 6D 21 C5 CC 48 65 72 65 2C 01 74 61 6B 65 01 74 68 69 73 21 C0	1CC 05D 077 05D 077 05D 077 05D 077 078 1C8 03B 01F 01B 029 001 084 04A 062 01D 011 084 01B 03D 001 084 022 078 01C 1C5 1CC 019 039 001 010 084 018 02E 078 01C 07A 1C0
01	E0	0x01E0	<SPEAKER>「おいしいよ	<SPEAKER>Delicious.			SPEAKER END	EA:647D	CC 44 65 6C 69 63 69 6F 75 73 2E C0	1CC 014 011 01B 011 035 1C0
01	E1	0x01E1	<SPEAKER>「それは ちょっとアレだね	<SPEAKER>That one is... questionable.			SPEAKER END	EA:6489	CC 54 68 61 74 01 6F 6E 65 01 69 73 2E 2E 2E 01 71 75 65 73 74 69 6F 6E 61 62 6C 65 2E C0	1CC 01E 039 029 001 020 041 03E 023 042 06B 084 01F 027 1C0
01	E2	0x01E2	<SPEAKER>「もうないよ	<SPEAKER>All gone.			SPEAKER END	EA:64A7	CC 41 6C 6C 01 67 6F 6E 65 2E C0	1CC 032 012 024 011 035 1C0
01	E3	0x01E3	"<CLEAR>
↖ けんこうのたき デスランドのみなと
↗ リバータウン バロン城"	"<CLEAR><Healthfall / Deathland Port
> Rivertown / Baron Castle"			CLEAR NEWLINE END	EA:64B2	D0 3C 48 65 61 6C 74 68 66 61 6C 6C 01 2F 01 44 65 61 74 68 6C 61 6E 64 01 50 6F 72 74 C8 3E 01 52 69 76 65 72 74 6F 77 6E 01 2F 01 42 61 72 6F 6E 01 43 61 73 74 6C 65 C0	1D0 1A1 001 018 03D 019 012 028 01F 016 001 084 054 04E 068 06F 084 055 028 02F 024 023 1C8 1A3 001 069 084 05B 078 051 044 06F 001 084 05B 06C 06F 08C 1C0
01	E4	0x01E4	"<SPEAKER>「ここは リバータウンの町
デスランドで いちばん
町らしい 町よ"	"<SPEAKER>This is Rivertown.
It is the closest thing
Deathland has to a real town."			SPEAKER NEWLINE NEWLINE END	EA:64EB	CC 54 68 69 73 01 69 73 01 52 69 76 65 72 74 6F 77 6E 2E C8 49 74 01 69 73 01 74 68 65 01 63 6C 6F 73 65 73 74 01 74 68 69 6E 67 C8 44 65 61 74 68 6C 61 6E 64 01 68 61 73 01 74 6F 01 61 01 72 65 61 6C 01 74 6F 77 6E 2E C0	1CC 019 019 029 001 069 084 05B 078 051 044 06F 028 0C9 1C8 084 054 04E 068 06F 084 055 084 022 001 011 020 084 029 03D 1C8 0C9 036 01B 011 001 0C9 035 1C0
01	E5	0x01E5	"<SPEAKER>「うおー さいきんは なんだか
死人が多くて 大変だぜ!
墓が たりないよ まったく!<WAIT><SPEAKER>「もっとも ほとんど 外から来た
賞金かせぎとか 学昔さんとか
そんな連中ばっかりだけどな"	"<SPEAKER>What a mess lately!
So many people are dying,
we are running out of graves!<WAIT><SPEAKER>Most are outsiders,
though. Bounty hunters,
scholars, people like that."			SPEAKER NEWLINE NEWLINE WAIT SPEAKER NEWLINE NEWLINE END	EA:6535	CC 57 68 61 74 01 61 01 6D 65 73 73 01 6C 61 74 65 6C 79 21 C8 53 6F 01 6D 61 6E 79 01 70 65 6F 70 6C 65 01 61 72 65 01 64 79 69 6E 67 2C C8 77 65 01 61 72 65 01 72 75 6E 6E 69 6E 67 01 6F 75 74 01 6F 66 01 67 72 61 76 65 73 21 C5 CC 4D 6F 73 74 01 61 72 65 01 6F 75 74 73 69 64 65 72 73 2C C8 74 68 6F 75 67 68 2E 01 42 6F 75 6E 74 79 01 68 75 6E 74 65 72 73 2C C8 73 63 68 6F 6C 61 72 73 2C 01 70 65 6F 70 6C 65 01 6C 69 6B 65 01 74 68 61 74 2E C0	1CC 012 014 078 001 01A 011 016 03D 029 001 024 03D 084 01F 015 1C8 0D6 091 084 015 0CE 017 022 001 0AC 178 084 01F 084 01D 07A 1C8 0D7 084 015 001 01F 037 024 011 035 001 02E 03E 01F 017 07A 1C5 1CC 032 03E 023 032 001 02D 023 03D 084 023 001 0F1 015 036 097 01F 1C8 0C6 094 015 01D 084 016 023 015 001 0B7 0A7 01A 03D 023 015 1C8 01E 03D 024 0D1 0A1 084 029 03E 015 037 084 01F 018 084 023 024 1C0
01	E6	0x01E6	"<SPEAKER>「ひいー あなたー なんで
死んじゃったのよー ううう"	"<SPEAKER>Oh, honey... Why
did you have to die? Sob..."			SPEAKER NEWLINE END	EA:65CB	CC 4F 68 2C 01 68 6F 6E 65 79 2E 2E 2E 01 57 68 79 C8 64 69 64 01 79 6F 75 01 68 61 76 65 01 74 6F 01 64 69 65 3F 01 53 6F 62 2E 2E 2E C0	1CC 02A 011 078 001 010 024 01F 078 001 024 03D 084 022 1C8 0D6 03D 084 01B 03F 03E 01F 028 035 078 001 012 012 012 1C0
01	E7	0x01E7	"<SPEAKER>「ぐすん ぐすん パパはね<WAIT><SPEAKER>「この島に 宝がいっぱいあって
とりほうだいだって いってたのに
ぜんぜん そうじゃないよー うー"	"<SPEAKER>Sniff... Dad said<WAIT><SPEAKER>this island was full of
treasure just waiting to be taken.
But it is not like that at all..."			SPEAKER WAIT SPEAKER NEWLINE NEWLINE END	EA:65F9	CC 53 6E 69 66 66 2E 2E 2E 01 44 61 64 01 73 61 69 64 C5 CC 74 68 69 73 01 69 73 6C 61 6E 64 01 77 61 73 01 66 75 6C 6C 01 6F 66 C8 74 72 65 61 73 75 72 65 01 6A 75 73 74 01 77 61 69 74 69 6E 67 01 74 6F 01 62 65 01 74 61 6B 65 6E 2E C8 42 75 74 01 69 74 01 69 73 01 6E 6F 74 01 6C 69 6B 65 01 74 68 61 74 01 61 74 01 61 6C 6C 2E 2E 2E C0	1CC 084 017 01C 03D 001 084 017 01C 03D 001 083 05B 083 05B 029 027 1C5 1CC 019 028 08A 025 001 095 084 015 011 03E 083 029 011 010 03E 022 1C8 023 037 02D 012 084 01F 011 084 01F 03E 022 001 011 03E 022 01F 028 025 1C8 084 01D 03D 084 01D 03D 001 01E 012 084 01B 03F 024 011 035 078 001 012 078 1C0
01	E8	0x01E8	"<SPEAKER>「ことしに なってから きゅうに
島に来る人が ふえたんだよ
せんでんでも したのかなあ"	"<SPEAKER>Since this year began,
visitors suddenly poured in.
Maybe someone advertised it?"			SPEAKER NEWLINE NEWLINE END	EA:666A	CC 53 69 6E 63 65 01 74 68 69 73 01 79 65 61 72 01 62 65 67 61 6E 2C C8 76 69 73 69 74 6F 72 73 01 73 75 64 64 65 6E 6C 79 01 70 6F 75 72 65 64 01 69 6E 2E C8 4D 61 79 62 65 01 73 6F 6D 65 6F 6E 65 01 61 64 76 65 72 74 69 73 65 64 01 69 74 3F C0	1CC 019 023 01B 025 001 024 03E 022 015 036 001 016 040 012 025 1C8 08A 025 097 038 091 084 015 001 02B 013 01F 03D 084 01F 035 1C8 01D 03D 084 022 03D 084 022 032 001 01B 01F 028 015 024 010 1C0
01	E9	0x01E9	"<SPEAKER>「ういー ひっく うりゃりゃー
旅の はじは かきすて ってか!
おれは やったるぞー ういー"	"<SPEAKER>Hic! Whoo! What
happens on a trip stays on
the trip! I am going wild!"			SPEAKER NEWLINE NEWLINE END	EA:66BC	CC 48 69 63 21 01 57 68 6F 6F 21 01 57 68 61 74 C8 68 61 70 70 65 6E 73 01 6F 6E 01 61 01 74 72 69 70 01 73 74 61 79 73 01 6F 6E C8 74 68 65 01 74 72 69 70 21 01 49 01 61 6D 01 67 6F 69 6E 67 01 77 69 6C 64 21 C0	1CC 012 011 078 001 02A 03E 017 001 012 037 03F 037 03F 078 1C8 0B0 028 001 029 084 01B 029 001 015 016 01C 022 001 03E 022 015 07A 1C8 014 039 029 001 033 03E 01F 038 084 01E 078 001 012 011 078 1C0
01	EA	0x01EA	"<SPEAKER>「おっ! 一人旅の お嬢様とは
めずらしい! 意外と
家出娘だったりして ぐはは"	"<SPEAKER>Well, look at that! A
young lady traveling alone? Maybe
you ran away from home!"			SPEAKER NEWLINE NEWLINE END	EA:6703	CC 57 65 6C 6C 2C 01 6C 6F 6F 6B 01 61 74 01 74 68 61 74 21 01 41 C8 79 6F 75 6E 67 01 6C 61 64 79 01 74 72 61 76 65 6C 69 6E 67 01 61 6C 6F 6E 65 3F 01 4D 61 79 62 65 C8 79 6F 75 01 72 61 6E 01 61 77 61 79 01 66 72 6F 6D 01 68 6F 6D 65 21 C0	1CC 014 03E 07A 001 0AF 091 0B0 028 001 014 0D8 0D9 023 029 1C8 031 084 01C 036 01B 011 07A 001 131 0F1 023 1C8 161 106 0C0 084 01F 03E 01F 037 01B 022 001 084 017 029 029 1C0
01	EB	0x01EB	"<SPEAKER>「あんたも 北の バロン城に
行くつもりかい?"	"<SPEAKER>You headed north
to Baron Castle too?"			SPEAKER NEWLINE END	EA:6754	CC 59 6F 75 01 68 65 61 64 65 64 01 6E 6F 72 74 68 C8 74 6F 01 42 61 72 6F 6E 01 43 61 73 74 6C 65 01 74 6F 6F 3F C0	1CC 010 03D 01F 032 001 09C 028 001 084 05B 06C 06F 08C 025 1C8 08D 017 021 032 037 015 011 079 1C0
01	EC	0x01EC	"<SPEAKER>「げええっ 本気かね?
あそこは またの名を からくり城と
よばれておってな<WAIT><SPEAKER>「いつ 誰が作ったかは
不明じゃが わなが
いたるところに あるらしいぞい"	"<SPEAKER>You are serious?
They also call it Trick Castle.
It is packed with traps.<WAIT><SPEAKER>No one knows who
built it or when. But traps are
said to be everywhere inside."			SPEAKER NEWLINE NEWLINE WAIT SPEAKER NEWLINE NEWLINE END	EA:677B	CC 59 6F 75 01 61 72 65 01 73 65 72 69 6F 75 73 3F C8 54 68 65 79 01 61 6C 73 6F 01 63 61 6C 6C 01 69 74 01 54 72 69 63 6B 01 43 61 73 74 6C 65 2E C8 49 74 01 69 73 01 70 61 63 6B 65 64 01 77 69 74 68 01 74 72 61 70 73 2E C5 CC 4E 6F 01 6F 6E 65 01 6B 6E 6F 77 73 01 77 68 6F C8 62 75 69 6C 74 01 69 74 01 6F 72 01 77 68 65 6E 2E 01 42 75 74 01 74 72 61 70 73 01 61 72 65 C8 73 61 69 64 01 74 6F 01 62 65 01 65 76 65 72 79 77 68 65 72 65 01 69 6E 73 69 64 65 2E C0	1CC 084 018 013 013 03E 001 13A 099 015 027 079 1C8 010 01E 019 029 001 02E 01F 028 0CD 03C 001 015 036 017 037 08C 023 1C8 035 084 029 039 022 014 03E 022 024 1C5 1CC 011 021 001 0FA 084 015 0F6 03E 01F 015 029 1C8 0F7 0BF 084 01B 03F 084 015 001 03B 024 084 015 1C8 011 01F 038 023 019 03A 025 001 010 038 036 01B 011 084 01E 011 1C0
01	ED	0x01ED	"<SPEAKER>「行かんほうが ええよ あそこは
観光気分で 行くと
まちがいなく あの世いきじゃ"	"<SPEAKER>Do not go there. Visit
like a tourist and you will
end up in the next world."			SPEAKER NEWLINE NEWLINE END	EA:6816	CC 44 6F 01 6E 6F 74 01 67 6F 01 74 68 65 72 65 2E 01 56 69 73 69 74 C8 6C 69 6B 65 01 61 01 74 6F 75 72 69 73 74 01 61 6E 64 01 79 6F 75 01 77 69 6C 6C C8 65 6E 64 01 75 70 01 69 6E 01 74 68 65 01 6E 65 78 74 01 77 6F 72 6C 64 2E C0	1CC 08D 015 03D 02D 012 084 015 001 013 013 035 001 010 01E 019 029 1C8 149 14A 099 16C 084 022 001 08D 017 023 1C8 02E 020 084 015 011 024 017 001 010 028 0A9 011 016 084 01B 03F 1C0
01	EE	0x01EE	"<SPEAKER>「ちかごろ 宝のうわさも よくきくが
どでかい化け物の うわさもきくなあ
あくまで うわさだけどな"	"<SPEAKER>I hear rumors of
treasure and enormous
monsters. Rumors, mind you."			SPEAKER NEWLINE NEWLINE END	EA:6864	CC 49 01 68 65 61 72 01 72 75 6D 6F 72 73 01 6F 66 C8 74 72 65 61 73 75 72 65 01 61 6E 64 01 65 6E 6F 72 6D 6F 75 73 C8 6D 6F 6E 73 74 65 72 73 2E 01 52 75 6D 6F 72 73 2C 01 6D 69 6E 64 01 79 6F 75 2E C0	1CC 020 015 084 019 03A 001 095 028 012 03B 01A 032 001 035 017 016 017 084 015 1C8 084 023 084 022 015 011 09E 018 08B 028 001 012 03B 01A 032 016 017 024 010 1C8 010 017 02E 084 022 001 012 03B 01A 084 01F 018 084 023 024 1C0
01	EF	0x01EF	"<SPEAKER>「おれは 見ての通りの
あらくれだけど おつむのできは
そこらへんの やつとはちがうぜ<WAIT><SPEAKER>「おれさまの 読みでは この島には
とんでもねえ ひみつがあるぜ!<WAIT><SPEAKER>「まっ それが お宝か 化石か
なんだかは わからんけどよ"	"<SPEAKER>I may look rough,
but I have more brains
than most of these fools.<WAIT><SPEAKER>My read is that
this island is hiding
one enormous secret!<WAIT><SPEAKER>Treasure? Fossils? I
cannot say what it is yet."			SPEAKER NEWLINE NEWLINE WAIT SPEAKER NEWLINE NEWLINE WAIT SPEAKER NEWLINE END	EA:68A8	CC 49 01 6D 61 79 01 6C 6F 6F 6B 01 72 6F 75 67 68 2C C8 62 75 74 01 49 01 68 61 76 65 01 6D 6F 72 65 01 62 72 61 69 6E 73 C8 74 68 61 6E 01 6D 6F 73 74 01 6F 66 01 74 68 65 73 65 01 66 6F 6F 6C 73 2E C5 CC 4D 79 01 72 65 61 64 01 69 73 01 74 68 61 74 C8 74 68 69 73 01 69 73 6C 61 6E 64 01 69 73 01 68 69 64 69 6E 67 C8 6F 6E 65 01 65 6E 6F 72 6D 6F 75 73 01 73 65 63 72 65 74 21 C5 CC 54 72 65 61 73 75 72 65 3F 01 46 6F 73 73 69 6C 73 3F 01 49 C8 63 61 6E 6E 6F 74 01 73 61 79 01 77 68 61 74 01 69 74 01 69 73 01 79 65 74 2E C0	1CC 014 039 029 001 090 022 028 12E 037 028 1C8 010 036 017 039 084 01F 018 084 023 001 014 021 030 028 084 022 016 029 1C8 01E 019 036 02C 03D 028 001 033 021 023 029 020 084 015 012 084 01D 1C5 1CC 014 039 01A 02E 028 001 118 02F 084 022 029 001 019 028 08A 025 029 1C8 023 03D 084 022 032 027 013 001 02A 02F 021 084 015 010 038 084 01D 07A 1C5 1CC 02E 03E 001 01E 039 084 015 001 014 095 015 001 09E 09D 015 1C8 024 03D 084 01F 015 029 001 03B 015 036 03D 018 084 023 035 1C0
01	F0	0x01F0	"<SPEAKER>「おとなの人って ほんと よくばり!<WAIT><SPEAKER>「だって サジクさんが 化石を
発見したとたん みんな きゅうに
宝さがしを はじめるんだもん<WAIT><SPEAKER>「あーあ サジクさんは いったい
どこに いっちゃったのかなあ
生きていれば いいけど ぐすっ"	"<SPEAKER>Adults are so greedy!<WAIT><SPEAKER>The moment Sajik found
that fossil, everyone suddenly
started hunting for treasure.<WAIT><SPEAKER>Where did Sajik
go, anyway? I just
hope he is still alive..."			SPEAKER WAIT SPEAKER NEWLINE NEWLINE WAIT SPEAKER NEWLINE NEWLINE END	EA:6959	CC 41 64 75 6C 74 73 01 61 72 65 01 73 6F 01 67 72 65 65 64 79 21 C5 CC 54 68 65 01 6D 6F 6D 65 6E 74 01 53 61 6A 69 6B 01 66 6F 75 6E 64 C8 74 68 61 74 01 66 6F 73 73 69 6C 2C 01 65 76 65 72 79 6F 6E 65 01 73 75 64 64 65 6E 6C 79 C8 73 74 61 72 74 65 64 01 68 75 6E 74 69 6E 67 01 66 6F 72 01 74 72 65 61 73 75 72 65 2E C5 CC 57 68 65 72 65 01 64 69 64 01 53 61 6A 69 6B C8 67 6F 2C 01 61 6E 79 77 61 79 3F 01 49 01 6A 75 73 74 C8 68 6F 70 65 01 68 65 01 69 73 01 73 74 69 6C 6C 01 61 6C 69 76 65 2E 2E 2E C0	1CC 014 023 024 028 091 03E 022 001 02D 03D 023 001 035 017 084 029 037 07A 1C5 1CC 084 01F 03E 022 001 04C 084 04D 049 01A 03D 084 015 001 09E 09D 03C 1C8 0C8 090 01B 01F 023 01F 03D 001 02F 03D 024 001 016 040 012 025 1C8 095 01A 084 015 01B 03C 001 029 084 01B 031 038 03D 084 01F 032 03D 1C5 1CC 010 078 010 001 04C 084 04D 049 01A 03D 029 001 011 03E 01F 011 1C8 084 023 019 025 001 011 03E 020 03F 03E 01F 028 015 024 010 1C8 09B 016 022 011 039 084 029 001 011 011 018 084 023 001 084 017 01C 03E 1C0
01	F1	0x01F1	"<CLEAR>
レディは お墓を しらべた"	<CLEAR>Lady examined the grave.			CLEAR END	EA:6A03	D0 4C 61 64 79 01 65 78 61 6D 69 6E 65 64 01 74 68 65 01 67 72 61 76 65 2E C0	1D0 06B 084 054 075 029 001 014 0D7 03C 001 01B 036 084 02C 01F 1C0
01	F2	0x01F2	"<CLEAR>
まあたらしい お墓がある
今年の 日付が きざまれている"	"<CLEAR>A brand-new grave. This
year is carved on it."			CLEAR NEWLINE END	EA:6A1D	D0 41 01 62 72 61 6E 64 2D 6E 65 77 01 67 72 61 76 65 2E 01 54 68 69 73 C8 79 65 61 72 01 69 73 01 63 61 72 76 65 64 01 6F 6E 01 69 74 2E C0	1D0 02E 010 01F 036 01B 011 001 014 0D7 084 015 010 038 1C8 150 0CA 028 001 120 108 084 015 001 016 084 01A 02E 039 022 011 038 1C0
01	F3	0x01F3	"<CLEAR>
誰かが いそいで そうじを
していったようだ・・・"	"<CLEAR>Someone seems to have
cleaned up in a hurry..."			CLEAR NEWLINE END	EA:6A4C	D0 53 6F 6D 65 6F 6E 65 01 73 65 65 6D 73 01 74 6F 01 68 61 76 65 C8 63 6C 65 61 6E 65 64 01 75 70 01 69 6E 01 61 01 68 75 72 72 79 2E 2E 2E C0	1D0 0FA 015 084 015 001 011 01E 011 084 022 001 01E 012 084 01B 03C 1C8 01B 022 011 03E 01F 035 012 084 01F 081 081 081 1C0
01	F4	0x01F4	"<SPEAKER>「この町も えらいさわぎだよ!<WAIT><SPEAKER>「北の 鉱山とやらで
はたらかされてた 囚人が
おおぜい にげて来てよー<WAIT><SPEAKER>「伝説の ばけもんの
はなしを したもんだから<WAIT><SPEAKER>「町の みんなは あわてて
ひなんしちまったよ!<WAIT><SPEAKER>「いったい この島は
どうなっちまうんだ?"	"<SPEAKER>This town's in an uproar!<WAIT><SPEAKER>Prisoners escaped from
the northern mine and fled here.<WAIT><SPEAKER>They told everyone
about a legendary monster.<WAIT><SPEAKER>The whole town
panicked and evacuated!<WAIT><SPEAKER>What's happening
to this island?"			SPEAKER WAIT SPEAKER NEWLINE WAIT SPEAKER NEWLINE WAIT SPEAKER NEWLINE WAIT SPEAKER NEWLINE END	EA:6A7C	CC 54 68 69 73 01 74 6F 77 6E 27 73 01 69 6E 01 61 6E 01 75 70 72 6F 61 72 21 C5 CC 50 72 69 73 6F 6E 65 72 73 01 65 73 63 61 70 65 64 01 66 72 6F 6D C8 74 68 65 01 6E 6F 72 74 68 65 72 6E 01 6D 69 6E 65 01 61 6E 64 01 66 6C 65 64 01 68 65 72 65 2E C5 CC 54 68 65 79 01 74 6F 6C 64 01 65 76 65 72 79 6F 6E 65 C8 61 62 6F 75 74 01 61 01 6C 65 67 65 6E 64 61 72 79 01 6D 6F 6E 73 74 65 72 2E C5 CC 54 68 65 01 77 68 6F 6C 65 01 74 6F 77 6E C8 70 61 6E 69 63 6B 65 64 01 61 6E 64 01 65 76 61 63 75 61 74 65 64 21 C5 CC 57 68 61 74 27 73 01 68 61 70 70 65 6E 69 6E 67 C8 74 6F 01 74 68 69 73 01 69 73 6C 61 6E 64 3F C0	1CC 019 028 0C9 032 001 013 036 011 01A 03B 084 016 084 01F 035 07A 1C5 1CC 09C 028 001 10B 10C 023 033 036 084 022 1C8 029 01F 036 015 01A 039 022 01F 001 113 091 084 015 1C8 014 014 084 01D 011 001 025 084 018 022 097 022 035 078 1C5 1CC 092 08F 028 001 084 029 018 032 03D 028 1C8 029 024 01B 03C 001 01B 01F 032 03D 084 01F 015 036 1C5 1CC 0C9 028 001 02F 03D 024 029 001 010 03B 022 022 1C8 02A 024 03D 01B 020 02E 03E 01F 035 07A 1C5 1CC 011 03E 01F 011 001 019 028 08A 029 1C8 084 023 012 024 03E 020 02E 012 03D 084 01F 079 1C0
01	F5	0x01F5	"<SPEAKER>「くっそー 化け物のやつ
世界中の 強いやつを
宝で おびきよせて<WAIT><SPEAKER>「つぎから つぎへと
かんづめに していたなんて
うーむ・・・・・<WAIT><SPEAKER>「化け物に してみれば
いっせき にちょうだな<WAIT><SPEAKER>「なんという わるぢえの
はたらくやつ!"	"<SPEAKER>Damn that monster! It
lured the strongest people in
the world here with treasure.<WAIT><SPEAKER>Then it trapped them one
after another like canned food.<WAIT><SPEAKER>For the monster, that
solves two problems at once.<WAIT><SPEAKER>What a rotten,
scheming piece of work!"			SPEAKER NEWLINE NEWLINE WAIT SPEAKER NEWLINE WAIT SPEAKER NEWLINE WAIT SPEAKER NEWLINE END	EA:6B49	CC 44 61 6D 6E 01 74 68 61 74 01 6D 6F 6E 73 74 65 72 21 01 49 74 C8 6C 75 72 65 64 01 74 68 65 01 73 74 72 6F 6E 67 65 73 74 01 70 65 6F 70 6C 65 01 69 6E C8 74 68 65 01 77 6F 72 6C 64 01 68 65 72 65 01 77 69 74 68 01 74 72 65 61 73 75 72 65 2E C5 CC 54 68 65 6E 01 69 74 01 74 72 61 70 70 65 64 01 74 68 65 6D 01 6F 6E 65 C8 61 66 74 65 72 01 61 6E 6F 74 68 65 72 01 6C 69 6B 65 01 63 61 6E 6E 65 64 01 66 6F 6F 64 2E C5 CC 46 6F 72 01 74 68 65 01 6D 6F 6E 73 74 65 72 2C 01 74 68 61 74 C8 73 6F 6C 76 65 73 01 74 77 6F 01 70 72 6F 62 6C 65 6D 73 01 61 74 01 6F 6E 63 65 2E C5 CC 57 68 61 74 01 61 01 72 6F 74 74 65 6E 2C C8 73 63 68 65 6D 69 6E 67 01 70 69 65 63 65 01 6F 66 01 77 6F 72 6B 21 C0	1CC 017 03E 01E 078 001 09E 018 08B 028 033 021 1C8 0A9 103 0A1 028 001 138 011 033 021 03C 1C8 095 084 022 001 014 084 02A 016 035 01D 022 1C5 1CC 021 084 016 015 036 001 021 084 016 02C 023 1C8 015 03D 084 021 031 025 001 01B 022 011 01F 024 03D 022 1C8 012 078 030 081 081 081 081 081 1C5 1CC 09E 018 08B 025 001 01B 022 02F 039 084 029 1C8 011 03E 01D 016 001 025 020 041 012 084 01F 024 1C5 1CC 024 03D 023 011 012 001 03B 038 084 020 013 028 1C8 029 01F 036 017 033 021 07A 1C0
01	F6	0x01F6	"<SPEAKER>「囚人どもの はなしが
ほんとうなら この島は
もう おわりだな"	"<SPEAKER>If those prisoners
were telling the truth,
this island is finished."			SPEAKER NEWLINE NEWLINE END	EA:6C32	CC 49 66 01 74 68 6F 73 65 01 70 72 69 73 6F 6E 65 72 73 C8 77 65 72 65 01 74 65 6C 6C 69 6E 67 01 74 68 65 01 74 72 75 74 68 2C C8 74 68 69 73 01 69 73 6C 61 6E 64 01 69 73 01 66 69 6E 69 73 68 65 64 2E C0	1CC 113 091 084 023 032 028 001 029 024 01B 084 015 1C8 02D 03D 023 012 024 036 001 019 028 08A 029 1C8 032 012 001 014 03B 037 084 01F 024 1C0
01	F7	0x01F7	"<SPEAKER>「おんな こどもは
とりあえず ひなんさせたよ<WAIT><SPEAKER>「わしら 男どもで
なんとか この島を
まもらんといかん"	"<SPEAKER>We evacuated the
women and children for now.<WAIT><SPEAKER>The men who
remain have to defend
this island somehow."			SPEAKER NEWLINE WAIT SPEAKER NEWLINE NEWLINE END	EA:6C77	CC 57 65 01 65 76 61 63 75 61 74 65 64 01 74 68 65 C8 77 6F 6D 65 6E 01 61 6E 64 01 63 68 69 6C 64 72 65 6E 01 66 6F 72 01 6E 6F 77 2E C5 CC 54 68 65 01 6D 65 6E 01 77 68 6F C8 72 65 6D 61 69 6E 01 68 61 76 65 01 74 6F 01 64 65 66 65 6E 64 C8 74 68 69 73 01 69 73 6C 61 6E 64 01 73 6F 6D 65 68 6F 77 2E C0	1CC 014 03D 024 001 019 084 023 032 029 1C8 023 037 010 013 084 01C 001 02A 024 03D 01A 01D 01F 035 1C5 1CC 03B 01B 036 001 190 084 023 032 084 022 1C8 024 03D 023 015 001 019 028 08A 03C 1C8 02E 032 036 03D 023 011 015 03D 1C0
01	F8	0x01F8	"<SPEAKER>「ぼくは いまほど 兵土という
しごとを やめたいと
おもったことは ないですよ<WAIT><SPEAKER>「こんな へんぴな ところで
ばかでかい モンスターあいてに
たたかうなんて とほほ"	"<SPEAKER>I have never wanted
to quit being a soldier
more than I do right now.<WAIT><SPEAKER>Fighting gigantic
monsters in a remote
dump like this? Why me...?"			SPEAKER NEWLINE NEWLINE WAIT SPEAKER NEWLINE NEWLINE END	EA:6CDD	CC 49 01 68 61 76 65 01 6E 65 76 65 72 01 77 61 6E 74 65 64 C8 74 6F 01 71 75 69 74 01 62 65 69 6E 67 01 61 01 73 6F 6C 64 69 65 72 C8 6D 6F 72 65 01 74 68 61 6E 01 49 01 64 6F 01 72 69 67 68 74 01 6E 6F 77 2E C5 CC 46 69 67 68 74 69 6E 67 01 67 69 67 61 6E 74 69 63 C8 6D 6F 6E 73 74 65 72 73 01 69 6E 01 61 01 72 65 6D 6F 74 65 C8 64 75 6D 70 01 6C 69 6B 65 01 74 68 69 73 3F 01 57 68 79 01 6D 65 2E 2E 2E 3F C0	1CC 084 02D 017 029 001 011 02E 02D 084 023 001 13B 13C 023 011 012 1C8 01B 084 019 023 03C 001 033 031 01F 011 023 1C8 014 032 03E 01F 019 023 029 001 024 011 084 022 01C 035 1C5 1CC 019 03D 024 001 02C 03D 083 02A 024 001 023 019 03A 084 022 1C8 084 029 015 084 022 015 011 001 064 06F 04E 051 078 010 011 022 025 1C8 01F 01F 015 012 024 03D 022 001 023 02D 02D 1C0
01	F9	0x01F9	"<SPEAKER>「お嬢さん! カクテルなぞ
いかがかな おすすめは
デスランドパンチですな!"	"<SPEAKER>Young lady! A cocktail?
May I recommend our house
drink, the Deathland Punch?"			SPEAKER NEWLINE NEWLINE END	EA:6D67	CC 59 6F 75 6E 67 01 6C 61 64 79 21 01 41 01 63 6F 63 6B 74 61 69 6C 3F C8 4D 61 79 01 49 01 72 65 63 6F 6D 6D 65 6E 64 01 6F 75 72 01 68 6F 75 73 65 C8 64 72 69 6E 6B 2C 01 74 68 65 01 44 65 61 74 68 6C 61 6E 64 01 50 75 6E 63 68 3F C0	1CC 014 0D8 01A 03D 07A 001 047 049 054 06A 024 084 01E 1C8 011 015 084 015 015 024 001 014 01C 01C 031 029 1C8 084 054 04E 068 06F 084 055 083 05B 06F 052 084 022 01C 024 07A 1C0
01	FA	0x01FA	"<SPEAKER>「おう おう おう おれはよー!
きのう バロン城によー ういー
行ってきちまったのよー ういー<WAIT><SPEAKER>「それでよー ひっく あのよー
ひっく こ こわくてよー
にげてきちまったのよー ういー"	"<SPEAKER>Hey! Listen! Hic!
Yesterday I went to Baron
Castle! I really went! Hic!<WAIT><SPEAKER>And then... hic... well... I
got scared and ran away! Hic!"			SPEAKER NEWLINE NEWLINE WAIT SPEAKER NEWLINE END	EA:6DB6	CC 48 65 79 21 01 4C 69 73 74 65 6E 21 01 48 69 63 21 C8 59 65 73 74 65 72 64 61 79 01 49 01 77 65 6E 74 01 74 6F 01 42 61 72 6F 6E C8 43 61 73 74 6C 65 21 01 49 01 72 65 61 6C 6C 79 01 77 65 6E 74 21 01 48 69 63 21 C5 CC 41 6E 64 01 74 68 65 6E 2E 2E 2E 01 68 69 63 2E 2E 2E 01 77 65 6C 6C 2E 2E 2E 01 49 C8 67 6F 74 01 73 63 61 72 65 64 01 61 6E 64 01 72 61 6E 01 61 77 61 79 21 01 48 69 63 21 C0	1CC 014 012 001 014 012 001 014 012 001 014 039 029 035 078 07A 1C8 016 028 012 001 084 05B 06C 06F 08C 025 035 078 001 012 011 078 1C8 08D 03E 022 016 020 02E 03E 01F 028 035 078 001 012 011 078 1C5 1CC 01E 039 084 022 035 078 001 02A 03E 017 001 010 028 035 078 1C8 02A 03E 017 001 019 001 019 03B 017 022 035 078 1C8 025 084 018 022 016 020 02E 03E 01F 028 035 078 001 012 011 078 1C0
01	FB	0x01FB	"<SPEAKER>「だはははははは けっさくだぜ!
にげかえって来ただと がはは
この男 こしぬけだぜ!"	"<SPEAKER>Ha ha ha! What a
story! You ran all the way
back? This guy is a coward!"			SPEAKER NEWLINE NEWLINE END	EA:6E3B	CC 48 61 01 68 61 01 68 61 21 01 57 68 61 74 01 61 C8 73 74 6F 72 79 21 01 59 6F 75 01 72 61 6E 01 61 6C 6C 01 74 68 65 01 77 61 79 C8 62 61 63 6B 3F 01 54 68 69 73 01 67 75 79 01 69 73 01 61 01 63 6F 77 61 72 64 21 C0	1CC 084 01F 029 029 029 029 029 029 001 018 03E 01A 017 084 01F 084 01D 07A 1C8 025 084 018 015 013 03E 022 097 01F 084 01F 023 001 084 015 029 029 1C8 019 028 190 001 019 01B 026 018 084 01F 084 01D 07A 1C0
01	FC	0x01FC	"<SPEAKER>「ちょっと前までは いわゆる
考古学昔くらいしか この島に
やって来んかったじゃ<WAIT><SPEAKER>「じゃが 化石が みつかっていらい
わけのわからん連中が
ぎょうさん 来よる"	"<SPEAKER>Not long ago, only
archaeologists and such
ever came to this island.<WAIT><SPEAKER>But since the fossil
was found, all kinds of strange
people have been flooding in."			SPEAKER NEWLINE NEWLINE WAIT SPEAKER NEWLINE NEWLINE END	EA:6E84	CC 4E 6F 74 01 6C 6F 6E 67 01 61 67 6F 2C 01 6F 6E 6C 79 C8 61 72 63 68 61 65 6F 6C 6F 67 69 73 74 73 01 61 6E 64 01 73 75 63 68 C8 65 76 65 72 01 63 61 6D 65 01 74 6F 01 74 68 69 73 01 69 73 6C 61 6E 64 2E C5 CC 42 75 74 01 73 69 6E 63 65 01 74 68 65 01 66 6F 73 73 69 6C C8 77 61 73 01 66 6F 75 6E 64 2C 01 61 6C 6C 01 6B 69 6E 64 73 01 6F 66 01 73 74 72 61 6E 67 65 C8 70 65 6F 70 6C 65 01 68 61 76 65 01 62 65 65 6E 01 66 6C 6F 6F 64 69 6E 67 01 69 6E 2E C0	1CC 020 041 03E 023 0C3 02E 084 022 029 001 011 03B 034 038 1C8 0DB 096 0B7 0A7 017 036 011 01B 015 001 019 028 08A 025 1C8 033 03E 022 097 03D 015 03E 01F 084 01B 03F 1C5 1CC 084 01B 03F 084 015 001 09E 09D 084 015 001 02F 021 015 03E 022 011 036 011 1C8 03B 018 028 03B 015 036 03D 0D1 0A1 084 015 1C8 084 016 041 012 01A 03D 001 097 035 038 1C0
01	FD	0x01FD	"<SPEAKER>「おほほほ 島に 観光客が
ふえて この店の うりあげも
ばいぞうしましたわ"	"<SPEAKER>Oh-ho-ho! More
tourists means this shop
has doubled its sales!"			SPEAKER NEWLINE NEWLINE END	EA:6F1E	CC 4F 68 2D 68 6F 2D 68 6F 21 01 4D 6F 72 65 C8 74 6F 75 72 69 73 74 73 01 6D 65 61 6E 73 01 74 68 69 73 01 73 68 6F 70 C8 68 61 73 01 64 6F 75 62 6C 65 64 01 69 74 73 01 73 61 6C 65 73 21 C0	1CC 014 02D 02D 02D 001 08A 025 001 149 14A 0FD 084 015 1C8 02B 013 022 001 019 028 129 028 001 012 037 010 084 018 032 1C8 084 029 011 084 01E 012 01B 02E 01B 01F 03B 1C0
01	FE	0x01FE	"<SPEAKER>「どこかに コレクタとかいう
やつがいて ひかるビーダマを
集めているそうなんだ<WAIT><SPEAKER>「コレクタに ビーダマをやると
おれいに すんばらしい
プレゼントを くれるんだそうだ<WAIT><SPEAKER>「ひかるビーダマを 見つけたら
じゃまになるようなら 道具として
使うといいよ<WAIT><SPEAKER>「すると ビーダマは とんでいって
コレクタのところで 預かってもらえる
そういう ふしぎな ビーダマなんだ"	"<SPEAKER>They say someone
called the Collector
gathers Shining Marbles.<WAIT><SPEAKER>Give him a marble
and he supposedly rewards
you with something wonderful.<WAIT><SPEAKER>If a Shining Marble
is taking up room, use
it like an ordinary item.<WAIT><SPEAKER>It will fly away and
the Collector will hold it. That
is how strange they are."			SPEAKER NEWLINE NEWLINE WAIT SPEAKER NEWLINE NEWLINE WAIT SPEAKER NEWLINE NEWLINE WAIT SPEAKER NEWLINE NEWLINE END	EA:6F5E	CC 54 68 65 79 01 73 61 79 01 73 6F 6D 65 6F 6E 65 C8 63 61 6C 6C 65 64 01 74 68 65 01 43 6F 6C 6C 65 63 74 6F 72 C8 67 61 74 68 65 72 73 01 53 68 69 6E 69 6E 67 01 4D 61 72 62 6C 65 73 2E C5 CC 47 69 76 65 01 68 69 6D 01 61 01 6D 61 72 62 6C 65 C8 61 6E 64 01 68 65 01 73 75 70 70 6F 73 65 64 6C 79 01 72 65 77 61 72 64 73 C8 79 6F 75 01 77 69 74 68 01 73 6F 6D 65 74 68 69 6E 67 01 77 6F 6E 64 65 72 66 75 6C 2E C5 CC 49 66 01 61 01 53 68 69 6E 69 6E 67 01 4D 61 72 62 6C 65 C8 69 73 01 74 61 6B 69 6E 67 01 75 70 01 72 6F 6F 6D 2C 01 75 73 65 C8 69 74 01 6C 69 6B 65 01 61 6E 01 6F 72 64 69 6E 61 72 79 01 69 74 65 6D 2E C5 CC 49 74 01 77 69 6C 6C 01 66 6C 79 01 61 77 61 79 01 61 6E 64 C8 74 68 65 01 43 6F 6C 6C 65 63 74 6F 72 01 77 69 6C 6C 01 68 6F 6C 64 01 69 74 2E 01 54 68 61 74 C8 69 73 01 68 6F 77 01 73 74 72 61 6E 67 65 01 74 68 65 79 01 61 72 65 2E C0	1CC 084 023 019 015 025 001 04B 06B 049 051 023 015 011 012 1C8 033 021 084 015 011 022 001 02A 015 038 084 05C 078 084 051 060 03C 1C8 1AC 031 022 011 038 01E 012 024 03D 084 01F 1C5 1CC 04B 06B 049 051 025 001 084 05C 078 084 051 060 03C 033 038 023 1C8 014 039 011 025 001 01C 03D 084 029 036 01B 011 1C8 083 05D 06B 084 04F 06F 055 03C 001 017 039 038 03D 084 01F 01E 012 084 01F 1C5 1CC 02A 015 038 084 05C 078 084 051 060 03C 001 090 021 018 01F 036 1C8 084 01B 03F 02E 025 024 038 035 012 024 036 001 0C7 124 023 01B 022 1C8 123 012 023 011 011 035 1C5 1CC 01C 038 023 001 084 05C 078 084 051 060 029 001 023 03D 084 022 011 03E 022 1C8 04B 06B 049 051 028 023 019 03A 084 022 001 111 015 03E 022 032 036 013 038 1C8 01E 012 011 012 001 02B 01B 084 016 024 001 084 05C 078 084 051 060 024 03D 084 01F 1C0
01	FF	0x01FF	"<SPEAKER>「いやはや もう この島は
こりつじょうたい ですよ<WAIT><SPEAKER>「船は つきに 一度しか
こないし たすけてくれそうな
うでっぷしの 強い人は<WAIT><SPEAKER>「みんな すでに かんづめに
されちゃった みたいだし
おてあげって やつですかい"	"<SPEAKER>This island
is isolated now.<WAIT><SPEAKER>A ship comes only
monthly, and every strong
fighter who could help is gone.<WAIT><SPEAKER>Looks like they were
all sealed in cans. We're stuck."			SPEAKER NEWLINE WAIT SPEAKER NEWLINE NEWLINE WAIT SPEAKER NEWLINE END	EA:707F	CC 54 68 69 73 01 69 73 6C 61 6E 64 C8 69 73 01 69 73 6F 6C 61 74 65 64 01 6E 6F 77 2E C5 CC 41 01 73 68 69 70 01 63 6F 6D 65 73 01 6F 6E 6C 79 C8 6D 6F 6E 74 68 6C 79 2C 01 61 6E 64 01 65 76 65 72 79 01 73 74 72 6F 6E 67 C8 66 69 67 68 74 65 72 01 77 68 6F 01 63 6F 75 6C 64 01 68 65 6C 70 01 69 73 01 67 6F 6E 65 2E C5 CC 4C 6F 6F 6B 73 01 6C 69 6B 65 01 74 68 65 79 01 77 65 72 65 C8 61 6C 6C 01 73 65 61 6C 65 64 01 69 6E 01 63 61 6E 73 2E 01 57 65 27 72 65 01 73 74 75 63 6B 2E C0	1CC 011 033 029 033 001 032 012 001 019 028 08A 029 1C8 019 037 021 084 01B 041 012 01F 011 001 084 022 01C 035 1C5 1CC 19B 029 001 021 016 025 001 0AF 13E 01B 015 1C8 019 024 011 01B 001 01F 01C 018 022 017 039 01E 012 024 1C8 012 084 022 03E 083 02B 01B 028 001 138 011 091 029 1C5 1CC 02F 03D 024 001 01C 084 022 025 001 015 03D 084 021 031 025 1C8 01A 039 020 03F 03E 01F 001 02F 01F 011 084 01F 01B 1C8 014 022 010 084 018 03E 022 001 033 021 084 022 01C 015 011 1C0
02	00	0x0200	"<SPEAKER>「わしは この島で
生まれ そだったんじゃ<WAIT><SPEAKER>「だから 何が おきようとも
この島を はなれんぞい"	"<SPEAKER>I was born and
raised on this island.<WAIT><SPEAKER>No matter what
happens, I am not leaving it."			SPEAKER NEWLINE WAIT SPEAKER NEWLINE END	EA:7121	CC 49 01 77 61 73 01 62 6F 72 6E 01 61 6E 64 C8 72 61 69 73 65 64 01 6F 6E 01 74 68 69 73 01 69 73 6C 61 6E 64 2E C5 CC 4E 6F 01 6D 61 74 74 65 72 01 77 68 61 74 C8 68 61 70 70 65 6E 73 2C 01 49 01 61 6D 01 6E 6F 74 01 6C 65 61 76 69 6E 67 01 69 74 2E C0	1CC 03B 01B 029 001 019 028 08A 084 022 1C8 09B 02E 039 001 01E 084 01F 03E 01F 03D 084 01B 03F 1C5 1CC 084 01F 015 036 001 093 084 015 001 014 016 035 012 023 032 1C8 019 028 08A 03C 001 029 024 039 03D 084 01E 011 1C0
02	01	0x0201	"<SPEAKER>「にげて来た 囚人が
デスベガスで コレクタに
会ったっていうんだ<WAIT><SPEAKER>「あれから おれもさがして
一コ みつけたけど あんなとこ
生きて たどりつけないや<WAIT><SPEAKER>「よかったら あんたたち このビーダマ
100エンドルで かわないか?"	"<SPEAKER>An escaped
prisoner said he met the
Collector in Deathvegas.<WAIT><SPEAKER>I searched and found
one marble, but I would never
survive the trip to where he is.<WAIT><SPEAKER>Want to buy this
marble from me for 100 Endol?"			SPEAKER NEWLINE NEWLINE WAIT SPEAKER NEWLINE NEWLINE WAIT SPEAKER NEWLINE END	EA:7176	CC 41 6E 01 65 73 63 61 70 65 64 C8 70 72 69 73 6F 6E 65 72 01 73 61 69 64 01 68 65 01 6D 65 74 01 74 68 65 C8 43 6F 6C 6C 65 63 74 6F 72 01 69 6E 01 44 65 61 74 68 76 65 67 61 73 2E C5 CC 49 01 73 65 61 72 63 68 65 64 01 61 6E 64 01 66 6F 75 6E 64 C8 6F 6E 65 01 6D 61 72 62 6C 65 2C 01 62 75 74 01 49 01 77 6F 75 6C 64 01 6E 65 76 65 72 C8 73 75 72 76 69 76 65 01 74 68 65 01 74 72 69 70 01 74 6F 01 77 68 65 72 65 01 68 65 01 69 73 2E C5 CC 57 61 6E 74 01 74 6F 01 62 75 79 01 74 68 69 73 C8 6D 61 72 62 6C 65 01 66 72 6F 6D 01 6D 65 01 66 6F 72 01 31 30 30 01 45 6E 64 6F 6C 3F C0	1CC 025 084 018 022 097 01F 001 113 091 084 015 1C8 084 054 04E 084 05E 084 047 04E 084 022 001 04B 06B 049 051 025 1C8 11E 03E 01F 03E 022 011 012 03D 084 01F 1C5 1CC 010 039 015 036 001 014 039 032 01A 084 015 01B 022 1C8 0AF 04B 001 02F 021 018 01F 018 084 023 001 010 03D 024 023 019 1C8 09B 016 022 001 01F 084 023 037 021 018 024 011 033 1C5 1CC 035 015 03E 01F 036 001 010 03D 01F 01F 020 001 019 028 084 05C 078 084 051 060 1C8 003 002 002 045 06F 084 055 06A 084 022 001 015 03B 024 011 015 079 1C0
02	02	0x0202	"<SPEAKER>「コレクタに あおうと
この島で ねばってたけど
これで せいせいしたよ"	"<SPEAKER>I stayed here hoping
to meet the Collector. Now
I can finally move on."			SPEAKER NEWLINE NEWLINE END	EA:7239	CC 49 01 73 74 61 79 65 64 01 68 65 72 65 01 68 6F 70 69 6E 67 C8 74 6F 01 6D 65 65 74 01 74 68 65 01 43 6F 6C 6C 65 63 74 6F 72 2E 01 4E 6F 77 C8 49 01 63 61 6E 01 66 69 6E 61 6C 6C 79 01 6D 6F 76 65 01 6F 6E 2E C0	1CC 04B 06B 049 051 025 001 010 014 012 023 1C8 019 028 08A 084 022 001 027 084 029 03E 022 01F 018 084 023 1C8 019 039 084 022 001 01D 011 01D 011 01B 01F 035 1C0
02	03	0x0203	<SPEAKER>「え そうかい	<SPEAKER>Oh. All right.			SPEAKER END	EA:7281	CC 4F 68 2E 01 41 6C 6C 01 72 69 67 68 74 2E C0	1CC 013 001 01E 012 015 011 1C0
02	04	0x0204	"<SPEAKER>「なんだ お金が ないのかい
まあいいや 持ってけ!"	"<SPEAKER>No money? Ah,
forget it. Take it anyway!"			SPEAKER NEWLINE END	EA:7291	CC 4E 6F 01 6D 6F 6E 65 79 3F 01 41 68 2C C8 66 6F 72 67 65 74 01 69 74 2E 01 54 61 6B 65 01 69 74 01 61 6E 79 77 61 79 21 C0	1CC 024 03D 084 01F 001 014 094 084 015 001 024 011 028 015 011 1C8 02E 010 011 011 033 001 0D3 03E 022 018 07A 1C0
02	05	0x0205	"<SPEAKER>「おっと それじゃ
にもつを せいりして
また来てくれよ"	"<SPEAKER>Your bags are full. Make
some room and come back."			SPEAKER NEWLINE END	EA:72BB	CC 59 6F 75 72 01 62 61 67 73 01 61 72 65 01 66 75 6C 6C 2E 01 4D 61 6B 65 C8 73 6F 6D 65 01 72 6F 6F 6D 01 61 6E 64 01 63 6F 6D 65 01 62 61 63 6B 2E C0	1CC 014 03E 023 001 01E 039 084 01B 03F 1C8 025 032 021 03C 001 01D 011 037 01B 022 1C8 02E 01F 097 022 017 039 035 1C0
02	06	0x0206	"<SPEAKER>「げー この島に みれんは
なくなったけど よくかんがえたら
船がないから にげられないじゃん!"	"<SPEAKER>I have no attachment
to this island anymore... Wait.
There is no ship to escape on!"			SPEAKER NEWLINE NEWLINE END	EA:72EE	CC 49 01 68 61 76 65 01 6E 6F 01 61 74 74 61 63 68 6D 65 6E 74 C8 74 6F 01 74 68 69 73 01 69 73 6C 61 6E 64 01 61 6E 79 6D 6F 72 65 2E 2E 2E 01 57 61 69 74 2E C8 54 68 65 72 65 01 69 73 01 6E 6F 01 73 68 69 70 01 74 6F 01 65 73 63 61 70 65 01 6F 6E 21 C0	1CC 084 018 078 001 019 028 08A 025 001 02F 039 03D 029 1C8 024 017 024 03E 01F 018 084 023 001 035 017 015 03D 084 015 013 01F 036 1C8 19B 084 015 024 011 015 036 001 025 084 018 036 039 024 011 084 01B 03F 03D 07A 1C0
02	07	0x0207	"<SPEAKER>「おれは 情報屋のボブだ
50Yで 島の情報を売るぜ"	"<SPEAKER>Name is Bob. I sell
island information for 50 Endol."			SPEAKER NEWLINE END	EA:7343	CC 4E 61 6D 65 01 69 73 01 42 6F 62 2E 01 49 01 73 65 6C 6C C8 69 73 6C 61 6E 64 01 69 6E 66 6F 72 6D 61 74 69 6F 6E 01 66 6F 72 01 35 30 01 45 6E 64 6F 6C 2E C0	1CC 014 039 029 001 0AD 0AE 0B3 028 084 05F 084 05D 084 01F 1C8 007 002 00F 084 022 001 08A 028 0AD 0AE 03C 0A2 038 084 01D 1C0
02	08	0x0208	"<SPEAKER>「よく ききな ねーちゃん!<WAIT><SPEAKER>「この島はな 北側はんぶん以上が
ぜっぺきと 樹海に おおわれていて
どうなってるか 解んねえんだ!<WAIT><SPEAKER>「解んねえもんだから いろいろと
やれ古代の宝だ 金銀 宝石だの
うわさが たつってわけよ!<WAIT><SPEAKER>「ま おかげで おれみてえな
情報屋が 商売として なりたつって
わけだな! おっと 話がそれたな<WAIT><SPEAKER>「とにかくだ! 島の 北側に
行かなきゃ うわさが ほんとか
どうか わからんってわけよ"	"<SPEAKER>Listen closely, sister!<WAIT><SPEAKER>More than half the north
is covered by sheer cliffs and
dense forest. Nobody knows it.<WAIT><SPEAKER>Because nobody knows,
rumors spread about ancient
riches, gold, jewels, you name it.<WAIT><SPEAKER>That is why a broker
like me can make a living here!
But I am getting off track.<WAIT><SPEAKER>Bottom line: head
north to learn whether those
rumors are true or not."			SPEAKER WAIT SPEAKER NEWLINE NEWLINE WAIT SPEAKER NEWLINE NEWLINE WAIT SPEAKER NEWLINE NEWLINE WAIT SPEAKER NEWLINE NEWLINE END	EA:7379	CC 4C 69 73 74 65 6E 01 63 6C 6F 73 65 6C 79 2C 01 73 69 73 74 65 72 21 C5 CC 4D 6F 72 65 01 74 68 61 6E 01 68 61 6C 66 01 74 68 65 01 6E 6F 72 74 68 C8 69 73 01 63 6F 76 65 72 65 64 01 62 79 01 73 68 65 65 72 01 63 6C 69 66 66 73 01 61 6E 64 C8 64 65 6E 73 65 01 66 6F 72 65 73 74 2E 01 4E 6F 62 6F 64 79 01 6B 6E 6F 77 73 01 69 74 2E C5 CC 42 65 63 61 75 73 65 01 6E 6F 62 6F 64 79 01 6B 6E 6F 77 73 2C C8 72 75 6D 6F 72 73 01 73 70 72 65 61 64 01 61 62 6F 75 74 01 61 6E 63 69 65 6E 74 C8 72 69 63 68 65 73 2C 01 67 6F 6C 64 2C 01 6A 65 77 65 6C 73 2C 01 79 6F 75 01 6E 61 6D 65 01 69 74 2E C5 CC 54 68 61 74 01 69 73 01 77 68 79 01 61 01 62 72 6F 6B 65 72 C8 6C 69 6B 65 01 6D 65 01 63 61 6E 01 6D 61 6B 65 01 61 01 6C 69 76 69 6E 67 01 68 65 72 65 21 C8 42 75 74 01 49 01 61 6D 01 67 65 74 74 69 6E 67 01 6F 66 66 01 74 72 61 63 6B 2E C5 CC 42 6F 74 74 6F 6D 01 6C 69 6E 65 3A 01 68 65 61 64 C8 6E 6F 72 74 68 01 74 6F 01 6C 65 61 72 6E 01 77 68 65 74 68 65 72 01 74 68 6F 73 65 C8 72 75 6D 6F 72 73 01 61 72 65 01 74 72 75 65 01 6F 72 01 6E 6F 74 2E C0	1CC 035 017 001 016 016 024 001 027 078 020 03F 03D 07A 1C5 1CC 019 028 08A 029 024 001 09C 0BE 029 03D 084 02B 03D 0F4 128 084 015 1C8 084 01D 03E 083 02C 016 023 001 17D 162 025 001 014 014 03B 039 022 011 022 1C8 084 023 012 024 03E 022 038 015 001 0FE 03D 027 013 03D 084 01F 07A 1C5 1CC 0FE 03D 027 013 032 03D 084 01F 015 036 001 011 03A 011 03A 023 1C8 033 039 096 09F 028 095 084 01F 001 094 0EC 001 095 09D 084 01F 028 1C8 012 03B 01A 084 015 001 01F 021 03E 022 03B 018 035 07A 1C5 1CC 02E 001 014 015 084 018 084 022 001 014 039 02F 022 013 024 1C8 0AD 0AE 0B3 084 015 001 109 0A2 023 01B 022 001 024 037 01F 021 03E 022 1C8 03B 018 084 01F 024 07A 001 014 03E 023 001 0A0 084 015 01E 039 01F 024 1C5 1CC 023 025 015 017 084 01F 07A 001 08A 028 001 09C 0BE 025 1C8 08D 015 024 016 03F 001 012 03B 01A 084 015 001 02D 03D 023 015 1C8 084 023 012 015 001 03B 015 036 03D 03E 022 03B 018 035 1C0
02	09	0x0209	"<SPEAKER>「だがな べっぴんさんよ!
どっから 行けば いいのか?
これが また やっかいなんだ<WAIT><SPEAKER>「ここから さらに 北に行くと
バロン城っていう 城があるんだ
ところが ここが くせものなんだな<WAIT><SPEAKER>「古い 書物によるとだな
バロン城から 島の北側にぬける
はずなんだが ところがどっこい<WAIT><SPEAKER>「城の中は じごくのような わなや
仕掛けが やまのように あるんだな
おまけに モンスターも うようよ!<WAIT><SPEAKER>「まいにち いろんな やつらが
でかけて行くけど ほとんどが
こしぬかして かえってくるか・・・<WAIT><SPEAKER>「とちゅうで あの世へ行くか
どっちかだな おかげで 墓石屋まで
はんじょう してるって 話だぜ!<WAIT><SPEAKER>「どうだい べっぴんさんよ!
もういちど 話そうか?"	"<SPEAKER>But here is the trouble,
beautiful: how do you get there?<WAIT><SPEAKER>Farther north from here
stands a place called Baron
Castle. That castle is the problem.<WAIT><SPEAKER>Old books say the
castle should lead to the
north side of the island. But...<WAIT><SPEAKER>inside are mountains
of traps, horrible mechanisms,
and monsters everywhere.<WAIT><SPEAKER>People leave for it every
day. Most come back terrified...<WAIT><SPEAKER>or die on the way.
Even the gravestone shop
is booming because of it!<WAIT><SPEAKER>So, beautiful? Want
me to tell it all again?"			SPEAKER NEWLINE WAIT SPEAKER NEWLINE NEWLINE WAIT SPEAKER NEWLINE NEWLINE WAIT SPEAKER NEWLINE NEWLINE WAIT SPEAKER NEWLINE WAIT SPEAKER NEWLINE NEWLINE WAIT SPEAKER NEWLINE END	EA:74DA	CC 42 75 74 01 68 65 72 65 01 69 73 01 74 68 65 01 74 72 6F 75 62 6C 65 2C C8 62 65 61 75 74 69 66 75 6C 3A 01 68 6F 77 01 64 6F 01 79 6F 75 01 67 65 74 01 74 68 65 72 65 3F C5 CC 46 61 72 74 68 65 72 01 6E 6F 72 74 68 01 66 72 6F 6D 01 68 65 72 65 C8 73 74 61 6E 64 73 01 61 01 70 6C 61 63 65 01 63 61 6C 6C 65 64 01 42 61 72 6F 6E C8 43 61 73 74 6C 65 2E 01 54 68 61 74 01 63 61 73 74 6C 65 01 69 73 01 74 68 65 01 70 72 6F 62 6C 65 6D 2E C5 CC 4F 6C 64 01 62 6F 6F 6B 73 01 73 61 79 01 74 68 65 C8 63 61 73 74 6C 65 01 73 68 6F 75 6C 64 01 6C 65 61 64 01 74 6F 01 74 68 65 C8 6E 6F 72 74 68 01 73 69 64 65 01 6F 66 01 74 68 65 01 69 73 6C 61 6E 64 2E 01 42 75 74 2E 2E 2E C5 CC 69 6E 73 69 64 65 01 61 72 65 01 6D 6F 75 6E 74 61 69 6E 73 C8 6F 66 01 74 72 61 70 73 2C 01 68 6F 72 72 69 62 6C 65 01 6D 65 63 68 61 6E 69 73 6D 73 2C C8 61 6E 64 01 6D 6F 6E 73 74 65 72 73 01 65 76 65 72 79 77 68 65 72 65 2E C5 CC 50 65 6F 70 6C 65 01 6C 65 61 76 65 01 66 6F 72 01 69 74 01 65 76 65 72 79 C8 64 61 79 2E 01 4D 6F 73 74 01 63 6F 6D 65 01 62 61 63 6B 01 74 65 72 72 69 66 69 65 64 2E 2E 2E C5 CC 6F 72 01 64 69 65 01 6F 6E 01 74 68 65 01 77 61 79 2E C8 45 76 65 6E 01 74 68 65 01 67 72 61 76 65 73 74 6F 6E 65 01 73 68 6F 70 C8 69 73 01 62 6F 6F 6D 69 6E 67 01 62 65 63 61 75 73 65 01 6F 66 01 69 74 21 C5 CC 53 6F 2C 01 62 65 61 75 74 69 66 75 6C 3F 01 57 61 6E 74 C8 6D 65 01 74 6F 01 74 65 6C 6C 01 69 74 01 61 6C 6C 01 61 67 61 69 6E 3F C0	1CC 084 01F 084 015 024 001 084 02C 03E 083 02A 03D 01A 03D 035 07A 1C8 084 023 03E 015 036 001 08D 018 084 029 001 011 011 028 015 079 1C8 019 039 084 015 001 02E 01F 001 033 03E 015 011 024 03D 084 01F 1C5 1CC 019 019 015 036 001 01A 036 025 001 09C 025 08D 017 023 1C8 084 05B 06C 06F 08C 03E 022 011 012 001 08C 084 015 010 038 03D 084 01F 1C8 023 019 03A 084 015 001 019 019 084 015 001 017 01D 032 028 024 03D 084 01F 024 1C5 1CC 096 011 001 098 08B 025 035 038 023 084 01F 024 1C8 084 05B 06C 06F 08C 015 036 001 08A 028 09C 0BE 025 026 018 038 1C8 029 084 01C 024 03D 084 01F 084 015 001 023 019 03A 084 015 084 023 03E 019 011 1C5 1CC 08C 028 0A1 029 001 084 01B 084 019 017 028 035 012 024 001 03B 024 033 1C8 18F 195 018 084 015 001 033 02E 028 035 012 025 001 010 038 03D 084 01F 024 1C8 014 02E 018 025 001 064 06F 04E 051 078 032 001 012 035 012 035 07A 1C5 1CC 02E 011 025 020 001 011 03A 03D 024 001 033 021 036 084 015 1C8 084 022 015 018 022 08D 017 018 084 023 001 02D 023 03D 084 023 084 015 1C8 019 01B 026 015 01B 022 001 015 013 03E 022 017 038 015 081 081 081 1C5 1CC 023 020 040 012 084 022 001 010 028 0A9 02C 08D 017 015 1C8 084 023 03E 020 015 084 01F 024 001 014 015 084 018 084 022 001 0D7 09D 0B3 02E 084 022 1C8 029 03D 084 01B 041 012 001 01B 022 038 03E 022 001 0A0 084 01F 084 01D 07A 1C5 1CC 084 023 012 084 01F 011 001 084 02C 03E 083 02A 03D 01A 03D 035 07A 1C8 032 012 011 020 084 023 001 0A0 01E 012 015 079 1C0
02	0A	0x020A	"<SPEAKER>「よし じゃ おちかづきのしるしに
いいものを やろう!"	"<SPEAKER>All right. Here, a little
gift to mark our acquaintance!"			SPEAKER NEWLINE END	EA:76BB	CC 41 6C 6C 01 72 69 67 68 74 2E 01 48 65 72 65 2C 01 61 01 6C 69 74 74 6C 65 C8 67 69 66 74 01 74 6F 01 6D 61 72 6B 01 6F 75 72 01 61 63 71 75 61 69 6E 74 61 6E 63 65 21 C0	1CC 035 01B 001 084 01B 03F 001 014 020 015 084 021 016 028 01B 038 01B 025 1C8 011 011 032 028 03C 001 033 03A 012 07A 1C0
02	0B	0x020B	"<SPEAKER>「ま 墓は 立ててやるぜ!
情報料に こみに してやるよ!
べっぴんさんだからな ぐはは!"	"<SPEAKER>I will put up your grave!
Call it part of the info fee.
Special deal for a beauty! Ha!"			SPEAKER NEWLINE NEWLINE END	EA:76F5	CC 49 01 77 69 6C 6C 01 70 75 74 01 75 70 01 79 6F 75 72 01 67 72 61 76 65 21 C8 43 61 6C 6C 01 69 74 01 70 61 72 74 01 6F 66 01 74 68 65 01 69 6E 66 6F 01 66 65 65 2E C8 53 70 65 63 69 61 6C 01 64 65 61 6C 01 66 6F 72 01 61 01 62 65 61 75 74 79 21 01 48 61 21 C0	1CC 02E 001 0D7 029 001 0FF 022 022 033 038 084 01D 07A 1C8 0AD 0AE 101 025 001 019 02F 025 001 01B 022 033 038 035 07A 1C8 084 02C 03E 083 02A 03D 01A 03D 084 01F 015 036 024 001 084 017 029 029 07A 1C0
02	0C	0x020C	<SPEAKER>「ようの ないやつは 帰ってくれ	"<SPEAKER>If you have
no business, get out."			SPEAKER NEWLINE END	EA:774D	CC 49 66 01 79 6F 75 01 68 61 76 65 C8 6E 6F 01 62 75 73 69 6E 65 73 73 2C 01 67 65 74 01 6F 75 74 2E C0	1CC 035 012 028 001 024 011 033 021 029 001 13D 03E 022 017 039 1C0
02	0D	0x020D	"<SPEAKER>「なんでえ! 金が たりねーぞ!
なめんなよ! ねーちゃん!"	"<SPEAKER>What the hell? You
do not have enough money!
Do not mess with me, sister!"			SPEAKER NEWLINE NEWLINE END	EA:7770	CC 57 68 61 74 01 74 68 65 01 68 65 6C 6C 3F 01 59 6F 75 C8 64 6F 01 6E 6F 74 01 68 61 76 65 01 65 6E 6F 75 67 68 01 6D 6F 6E 65 79 21 C8 44 6F 01 6E 6F 74 01 6D 65 73 73 01 77 69 74 68 01 6D 65 2C 01 73 69 73 74 65 72 21 C0	1CC 024 03D 084 022 013 07A 001 094 084 015 001 01F 037 027 078 084 01E 07A 1C8 024 031 03D 024 035 07A 001 027 078 020 03F 03D 07A 1C0
02	0E	0x020E	"<SPEAKER>「どんな城だろうが かんけいねえ!
こけつに 入らずんば こじを えず
おーし! やったるぜい おーし!"	"<SPEAKER>Castle or not, I do
not care! No risk, no reward!
All right! I am doing this!"			SPEAKER NEWLINE NEWLINE END	EA:77BB	CC 43 61 73 74 6C 65 01 6F 72 01 6E 6F 74 2C 01 49 01 64 6F C8 6E 6F 74 01 63 61 72 65 21 01 4E 6F 01 72 69 73 6B 2C 01 6E 6F 01 72 65 77 61 72 64 21 C8 41 6C 6C 01 72 69 67 68 74 21 01 49 01 61 6D 01 64 6F 69 6E 67 01 74 68 69 73 21 C0	1CC 084 023 03D 024 08C 084 01F 03A 012 084 015 001 015 03D 018 011 027 013 07A 1C8 019 018 021 025 001 08E 036 084 01C 03D 084 029 001 019 084 01B 03C 001 013 084 01C 1C8 014 078 01B 07A 001 033 03E 01F 038 084 01D 011 001 014 078 01B 07A 1C0
02	0F	0x020F	"<SPEAKER>「もう あんたらしかいねえ!<WAIT><SPEAKER>「うでっぷしの 強いやつは
みんな 墓場か かんづめの中に
はいっちまったよ!<WAIT><SPEAKER>「この島を 化け物から
とりもどす ためなら このボブ
命がけで 情報を あつめるぜ!"	"<SPEAKER>You are
our only hope now!<WAIT><SPEAKER>Every strong fighter
is either in the graveyard or
trapped in one of those cans!<WAIT><SPEAKER>If it helps take this
island back from the monsters,
Bob will risk his life for intel!"			SPEAKER NEWLINE WAIT SPEAKER NEWLINE NEWLINE WAIT SPEAKER NEWLINE NEWLINE END	EA:780A	CC 59 6F 75 01 61 72 65 C8 6F 75 72 01 6F 6E 6C 79 01 68 6F 70 65 01 6E 6F 77 21 C5 CC 45 76 65 72 79 01 73 74 72 6F 6E 67 01 66 69 67 68 74 65 72 C8 69 73 01 65 69 74 68 65 72 01 69 6E 01 74 68 65 01 67 72 61 76 65 79 61 72 64 01 6F 72 C8 74 72 61 70 70 65 64 01 69 6E 01 6F 6E 65 01 6F 66 01 74 68 6F 73 65 01 63 61 6E 73 21 C5 CC 49 66 01 69 74 01 68 65 6C 70 73 01 74 61 6B 65 01 74 68 69 73 C8 69 73 6C 61 6E 64 01 62 61 63 6B 01 66 72 6F 6D 01 74 68 65 01 6D 6F 6E 73 74 65 72 73 2C C8 42 6F 62 01 77 69 6C 6C 01 72 69 73 6B 01 68 69 73 01 6C 69 66 65 01 66 6F 72 01 69 6E 74 65 6C 21 C0	1CC 032 012 001 010 03D 01F 036 01B 015 011 027 013 07A 1C5 1CC 012 084 022 03E 083 02B 01B 028 001 138 011 033 021 029 1C8 02F 03D 024 001 0D7 0A5 015 001 015 03D 084 021 031 028 0A1 025 1C8 029 011 03E 020 02E 03E 01F 035 07A 1C5 1CC 019 028 08A 03C 001 09E 018 08B 015 036 1C8 023 037 032 084 023 01C 001 01F 031 024 036 001 019 028 084 05F 084 05D 1C8 0EE 084 015 018 084 022 001 0AD 0AE 03C 001 010 021 031 038 084 01D 07A 1C0
02	10	0x0210	"<SPEAKER>「そういえば 囚人を しきっていた
ヘブリって じいさんが
じつは モンスターだったらしいぜ<WAIT><SPEAKER>「デスベガスは おおさわぎだよ
あんたも 行ってみれば
どうですかい?"	"<SPEAKER>Come to think of it, old
Hebri, who ran the prisoners,
was apparently a monster himself.<WAIT><SPEAKER>Deathvegas is in chaos.
You should go see it yourself."			SPEAKER NEWLINE NEWLINE WAIT SPEAKER NEWLINE END	EA:78D0	CC 43 6F 6D 65 01 74 6F 01 74 68 69 6E 6B 01 6F 66 01 69 74 2C 01 6F 6C 64 C8 48 65 62 72 69 2C 01 77 68 6F 01 72 61 6E 01 74 68 65 01 70 72 69 73 6F 6E 65 72 73 2C C8 77 61 73 01 61 70 70 61 72 65 6E 74 6C 79 01 61 01 6D 6F 6E 73 74 65 72 01 68 69 6D 73 65 6C 66 2E C5 CC 44 65 61 74 68 76 65 67 61 73 01 69 73 01 69 6E 01 63 68 61 6F 73 2E C8 59 6F 75 01 73 68 6F 75 6C 64 01 67 6F 01 73 65 65 01 69 74 01 79 6F 75 72 73 65 6C 66 2E C0	1CC 01E 012 011 013 084 029 001 113 091 03C 001 01B 016 03E 022 011 01F 1C8 05E 084 05D 069 03E 022 001 084 01B 011 01A 03D 084 015 1C8 084 01B 021 029 001 064 06F 04E 051 078 084 01F 03E 01F 036 01B 011 084 01D 1C5 1CC 084 054 04E 084 05E 084 047 04E 029 001 014 014 01A 03B 084 016 084 01F 035 1C8 010 03D 01F 032 001 08D 03E 022 02F 039 084 029 1C8 084 023 012 084 022 01C 015 011 079 1C0
02	11	0x0211	"<SPEAKER>「その まものエキスを 使えば
モンスターの かくれがにも
寝入できるかもな!"	"<SPEAKER>Use that Monster Extract
and you might be able to
enter the monsters' hideout!"			SPEAKER NEWLINE NEWLINE END	EA:7962	CC 55 73 65 01 74 68 61 74 01 4D 6F 6E 73 74 65 72 01 45 78 74 72 61 63 74 C8 61 6E 64 01 79 6F 75 01 6D 69 67 68 74 01 62 65 01 61 62 6C 65 01 74 6F C8 65 6E 74 65 72 01 74 68 65 01 6D 6F 6E 73 74 65 72 73 27 01 68 69 64 65 6F 75 74 21 C0	1CC 01E 028 001 02E 032 028 045 048 04E 03C 001 123 013 084 029 1C8 064 06F 04E 051 078 028 001 015 017 039 084 015 025 032 1C8 14D 08E 084 022 016 038 015 032 024 07A 1C0
02	12	0x0212	"<SPEAKER>「こんごも 命がけで
情報を あつめるから
あんたも がんばってくれよな!"	"<SPEAKER>I will keep risking
my neck for information.
You keep fighting too!"			SPEAKER NEWLINE NEWLINE END	EA:79B2	CC 49 01 77 69 6C 6C 01 6B 65 65 70 01 72 69 73 6B 69 6E 67 C8 6D 79 01 6E 65 63 6B 01 66 6F 72 01 69 6E 66 6F 72 6D 61 74 69 6F 6E 2E C8 59 6F 75 01 6B 65 65 70 01 66 69 67 68 74 69 6E 67 01 74 6F 6F 21 C0	1CC 019 03D 084 019 032 001 0EE 084 015 018 084 022 1C8 0AD 0AE 03C 001 010 021 031 038 015 036 1C8 010 03D 01F 032 001 084 015 03D 084 029 03E 022 017 039 035 024 07A 1C0
02	13	0x0213	<SPEAKER>「では これを うけとってくれよ!	<SPEAKER>Here. Take this!			SPEAKER END	EA:79F7	CC 48 65 72 65 2E 01 54 61 6B 65 01 74 68 69 73 21 C0	1CC 084 022 029 001 019 039 03C 001 012 018 023 03E 022 017 039 035 07A 1C0
02	14	0x0214	"<SPEAKER>「それじゃ おれが
装備させてやるぜ
むひ むひ むひひひ・・・"	"<SPEAKER>Then I will equip it for
you myself. Heh... heh heh heh..."			SPEAKER NEWLINE END	EA:7A09	CC 54 68 65 6E 01 49 01 77 69 6C 6C 01 65 71 75 69 70 01 69 74 01 66 6F 72 C8 79 6F 75 01 6D 79 73 65 6C 66 2E 01 48 65 68 2E 2E 2E 01 68 65 68 01 68 65 68 01 68 65 68 2E 2E 2E C0	1CC 01E 039 084 01B 03F 001 014 039 084 015 1C8 0C2 0C4 01A 01D 022 033 038 084 01D 1C8 030 02A 001 030 02A 001 030 02A 02A 02A 081 081 081 1C0
02	15	0x0215	"<SPEAKER>「おっと じゃあ
このつぎに しようか"	"<SPEAKER>Oops. Then let
us do that another time."			SPEAKER NEWLINE END	EA:7A45	CC 4F 6F 70 73 2E 01 54 68 65 6E 01 6C 65 74 C8 75 73 01 64 6F 01 74 68 61 74 01 61 6E 6F 74 68 65 72 01 74 69 6D 65 2E C0	1CC 014 03E 023 001 084 01B 03F 010 1C8 019 028 021 084 016 025 001 01B 035 012 015 1C0
02	16	0x0216	"<SPEAKER>「バロン城は のろわれた城・・・
悪魔の すみかといわれています<WAIT><SPEAKER>「きっと キングバロンの
ぼうれいが やどっているに
ちがいないですわ"	"<SPEAKER>Baron Castle is cursed...
They say it is home to demons.<WAIT><SPEAKER>King Baron's ghost
must still haunt that place."			SPEAKER NEWLINE WAIT SPEAKER NEWLINE END	EA:7A6E	CC 42 61 72 6F 6E 01 43 61 73 74 6C 65 01 69 73 01 63 75 72 73 65 64 2E 2E 2E C8 54 68 65 79 01 73 61 79 01 69 74 01 69 73 01 68 6F 6D 65 01 74 6F 01 64 65 6D 6F 6E 73 2E C5 CC 4B 69 6E 67 01 42 61 72 6F 6E 27 73 01 67 68 6F 73 74 C8 6D 75 73 74 01 73 74 69 6C 6C 01 68 61 75 6E 74 01 74 68 61 74 01 70 6C 61 63 65 2E C0	1CC 084 05B 06C 06F 08C 029 001 028 03A 03B 039 01F 08C 081 081 081 1C8 0B5 09A 028 001 01C 02F 015 023 011 03B 039 022 011 02E 01C 1C5 1CC 016 03E 023 001 048 06F 084 049 084 05B 06C 06F 028 1C8 084 02D 012 039 011 084 015 001 033 084 023 03E 022 011 038 025 1C8 020 084 015 011 024 011 084 022 01C 03B 1C0
02	17	0x0217	<SPEAKER>「情報屋の ボブには 会ったか?	"<SPEAKER>Have you met Bob,
the information broker?"			SPEAKER NEWLINE END	EA:7AD9	CC 48 61 76 65 01 79 6F 75 01 6D 65 74 01 42 6F 62 2C C8 74 68 65 01 69 6E 66 6F 72 6D 61 74 69 6F 6E 01 62 72 6F 6B 65 72 3F C0	1CC 0AD 0AE 0B3 028 001 084 05F 084 05D 025 029 001 11E 03E 01F 015 079 1C0
02	18	0x0218	"<SPEAKER>「そうか まあ おたがい
がんばろう まだ 命は
おとしたく ないからな"	"<SPEAKER>I see. Let us
both do our best. I am
not ready to die yet."			SPEAKER NEWLINE NEWLINE END	EA:7B04	CC 49 01 73 65 65 2E 01 4C 65 74 01 75 73 C8 62 6F 74 68 01 64 6F 01 6F 75 72 01 62 65 73 74 2E 01 49 01 61 6D C8 6E 6F 74 01 72 65 61 64 79 01 74 6F 01 64 69 65 01 79 65 74 2E C0	1CC 01E 012 015 001 02E 010 001 014 01F 084 015 011 1C8 084 015 03D 084 029 03A 012 001 02E 084 01F 001 0EE 029 1C8 014 023 01B 01F 017 001 024 011 015 036 024 1C0
02	19	0x0219	"<SPEAKER>「おれたちみたいな 賞金かせぎに
いろんな 情報を 売っている男さ
けっこう 役にたつ らしいぜ"	"<SPEAKER>He sells all kinds of
information to bounty hunters like
us. Apparently it is useful stuff."			SPEAKER NEWLINE NEWLINE END	EA:7B40	CC 48 65 01 73 65 6C 6C 73 01 61 6C 6C 01 6B 69 6E 64 73 01 6F 66 C8 69 6E 66 6F 72 6D 61 74 69 6F 6E 01 74 6F 01 62 6F 75 6E 74 79 01 68 75 6E 74 65 72 73 01 6C 69 6B 65 C8 75 73 2E 01 41 70 70 61 72 65 6E 74 6C 79 01 69 74 01 69 73 01 75 73 65 66 75 6C 01 73 74 75 66 66 2E C0	1CC 014 039 01F 020 02F 01F 011 024 001 0C6 094 015 01D 084 016 025 1C8 011 03A 03D 024 001 0AD 0AE 03C 001 0A2 03E 022 011 038 190 01A 1C8 018 03E 019 012 001 15E 025 01F 021 001 036 01B 011 084 01D 1C0
02	1A	0x021A	"<SPEAKER>「あんた
ウィップとブーツの
二つの武器の ちがいがわかる?<WAIT><SPEAKER>「ウィップは ひろい間あいで
こうげきできる 武器なのよ<WAIT><SPEAKER>「でも ブーツの方が
こうげき力は 高いのよねー<WAIT><SPEAKER>「あいにく ウィップとブーツは
どうじに 装備できないのよ
気をつけてね"	"<SPEAKER>Do you know
the difference between
whips and boots?<WAIT><SPEAKER>A whip lets you
attack from farther away.<WAIT><SPEAKER>Boots hit harder, though.<WAIT><SPEAKER>You cannot equip
both a whip and boots
at once. Remember that."			SPEAKER NEWLINE NEWLINE WAIT SPEAKER NEWLINE WAIT SPEAKER WAIT SPEAKER NEWLINE NEWLINE END	EA:7B9D	CC 44 6F 01 79 6F 75 01 6B 6E 6F 77 C8 74 68 65 01 64 69 66 66 65 72 65 6E 63 65 01 62 65 74 77 65 65 6E C8 77 68 69 70 73 01 61 6E 64 01 62 6F 6F 74 73 3F C5 CC 41 01 77 68 69 70 01 6C 65 74 73 01 79 6F 75 C8 61 74 74 61 63 6B 01 66 72 6F 6D 01 66 61 72 74 68 65 72 01 61 77 61 79 2E C5 CC 42 6F 6F 74 73 01 68 69 74 01 68 61 72 64 65 72 2C 01 74 68 6F 75 67 68 2E C5 CC 59 6F 75 01 63 61 6E 6E 6F 74 01 65 71 75 69 70 C8 62 6F 74 68 01 61 01 77 68 69 70 01 61 6E 64 01 62 6F 6F 74 73 C8 61 74 01 6F 6E 63 65 2E 01 52 65 6D 65 6D 62 65 72 01 74 68 61 74 2E C0	1CC 010 03D 01F 1C8 044 075 070 083 05D 023 084 05D 078 053 028 1C8 189 021 028 0CB 12A 028 001 020 084 015 011 084 015 03B 015 038 079 1C5 1CC 044 075 070 083 05D 029 001 02A 03A 011 0E3 010 011 084 022 1C8 019 012 084 018 016 084 022 016 038 001 0CB 12A 024 028 035 1C5 1CC 084 022 032 001 084 05D 078 053 028 0B9 084 015 1C8 019 012 084 018 016 107 029 001 105 011 028 035 027 078 1C5 1CC 010 011 025 017 001 044 075 070 083 05D 023 084 05D 078 053 029 1C8 084 023 012 084 01B 025 001 0C2 0C4 084 022 016 024 011 028 035 1C8 099 03C 021 018 022 027 1C0
02	1B	0x021B	"<SPEAKER>「バロン城は この町から
すこし 北に行ったところだよ"	"<SPEAKER>Baron Castle is
just a little north of town."			SPEAKER NEWLINE END	EA:7C58	CC 42 61 72 6F 6E 01 43 61 73 74 6C 65 01 69 73 C8 6A 75 73 74 01 61 01 6C 69 74 74 6C 65 01 6E 6F 72 74 68 01 6F 66 01 74 6F 77 6E 2E C0	1CC 084 05B 06C 06F 08C 029 001 019 028 0C9 015 036 1C8 01C 019 01B 001 09C 025 08D 03E 01F 023 019 03A 084 01F 035 1C0
02	1C	0x021C	"<SPEAKER>「はー・・・・
あ ごめんなさい<WAIT><SPEAKER>「あまった にもつや
よぶんな お金は メグのそうこに
おまかせください・・・"	"<SPEAKER>Sigh... Oh, sorry.<WAIT><SPEAKER>Leave extra belongings or
spare money with Meg's Storage..."			SPEAKER WAIT SPEAKER NEWLINE END	EA:7C86	CC 53 69 67 68 2E 2E 2E 01 4F 68 2C 01 73 6F 72 72 79 2E C5 CC 4C 65 61 76 65 01 65 78 74 72 61 01 62 65 6C 6F 6E 67 69 6E 67 73 01 6F 72 C8 73 70 61 72 65 01 6D 6F 6E 65 79 01 77 69 74 68 01 4D 65 67 27 73 01 53 74 6F 72 61 67 65 2E 2E 2E C0	1CC 029 078 081 081 081 081 1C8 010 001 084 019 031 03D 024 01A 011 1C5 1CC 010 02E 03E 01F 001 025 032 021 033 1C8 035 084 02B 03D 024 001 014 094 029 001 063 084 049 028 01E 012 019 025 1C8 014 02E 015 01D 017 084 01F 01A 011 081 081 081 1C0
02	1D	0x021D	"<SPEAKER>「こうして 店ばんを してる方が
ふっと 主人が 帰ってくる気がして
なんだか 気が まぎれるんです"	"<SPEAKER>Working the shop helps.
I keep thinking my husband
might come home any moment."			SPEAKER NEWLINE NEWLINE END	EA:7CD7	CC 57 6F 72 6B 69 6E 67 01 74 68 65 01 73 68 6F 70 01 68 65 6C 70 73 2E C8 49 01 6B 65 65 70 01 74 68 69 6E 6B 69 6E 67 01 6D 79 01 68 75 73 62 61 6E 64 C8 6D 69 67 68 74 01 63 6F 6D 65 01 68 6F 6D 65 01 61 6E 79 01 6D 6F 6D 65 6E 74 2E C0	1CC 019 012 01B 022 001 129 084 029 03D 03C 001 01B 022 038 0B9 084 015 1C8 02B 03E 023 001 12C 091 084 015 001 13D 03E 022 017 038 099 084 015 01B 022 1C8 024 03D 084 01F 015 001 099 084 015 001 02E 084 016 039 038 03D 084 022 01C 1C0
02	1E	0x021E	"<SPEAKER>「主人は きっと 生きていますわ
サジクが この家に もどるまで
わたし しっかりしなきゃ!<WAIT><SPEAKER>「あまった にもつや
よぶんな お金は
メグのそうこに おまかせください!"	"<SPEAKER>My husband is alive.
Until Sajik comes home,
I have to stay strong!<WAIT><SPEAKER>Leave extra belongings or
spare money with Meg's Storage!"			SPEAKER NEWLINE NEWLINE WAIT SPEAKER NEWLINE END	EA:7D27	CC 4D 79 01 68 75 73 62 61 6E 64 01 69 73 01 61 6C 69 76 65 2E C8 55 6E 74 69 6C 01 53 61 6A 69 6B 01 63 6F 6D 65 73 01 68 6F 6D 65 2C C8 49 01 68 61 76 65 01 74 6F 01 73 74 61 79 01 73 74 72 6F 6E 67 21 C5 CC 4C 65 61 76 65 01 65 78 74 72 61 01 62 65 6C 6F 6E 67 69 6E 67 73 01 6F 72 C8 73 70 61 72 65 01 6D 6F 6E 65 79 01 77 69 74 68 01 4D 65 67 27 73 01 53 74 6F 72 61 67 65 21 C0	1CC 12C 091 029 001 016 03E 023 001 09B 016 022 011 02E 01C 03B 1C8 04C 084 04D 049 084 015 001 019 028 161 025 001 032 084 023 038 02E 084 022 1C8 03B 01F 01B 001 01B 03E 015 037 01B 024 016 03F 07A 1C5 1CC 010 02E 03E 01F 001 025 032 021 033 1C8 035 084 02B 03D 024 001 014 094 029 1C8 063 084 049 028 01E 012 019 025 001 014 02E 015 01D 017 084 01F 01A 011 07A 1C0
02	1F	0x021F	"<SPEAKER>「メグさんは 考古学昔の
サジクさんの 奥さんでな<WAIT><SPEAKER>「かわいそうに だんなさんが
行方不明に なってから
ちょっと ぼーっと しとるんじゃよ"	"<SPEAKER>Meg is the wife
of the archaeologist Sajik.<WAIT><SPEAKER>Poor woman
has been dazed since
her husband disappeared."			SPEAKER NEWLINE WAIT SPEAKER NEWLINE NEWLINE END	EA:7DA7	CC 4D 65 67 01 69 73 01 74 68 65 01 77 69 66 65 C8 6F 66 01 74 68 65 01 61 72 63 68 61 65 6F 6C 6F 67 69 73 74 01 53 61 6A 69 6B 2E C5 CC 50 6F 6F 72 01 77 6F 6D 61 6E C8 68 61 73 01 62 65 65 6E 01 64 61 7A 65 64 01 73 69 6E 63 65 C8 68 65 72 01 68 75 73 62 61 6E 64 01 64 69 73 61 70 70 65 61 72 65 64 2E C0	1CC 063 084 049 01A 03D 029 001 0DB 096 0B7 0A7 028 1C8 04C 084 04D 049 01A 03D 028 001 0ED 01A 03D 084 022 024 1C5 1CC 015 03B 011 01E 012 025 001 084 01F 03D 024 01A 03D 084 015 1C8 08D 0B9 0F7 0BF 025 001 024 03E 022 015 036 1C8 020 041 03E 023 001 084 02D 078 03E 023 001 01B 023 038 03D 084 01B 03F 035 1C0
02	20	0x0220	"<SPEAKER>「サジクさんも いいかげん
こまった人じゃな! 奥さんを
こんなに しんぱいさせて!"	"<SPEAKER>Sajik is impossible!
Making his wife worry
this much over him!"			SPEAKER NEWLINE NEWLINE END	EA:7E0E	CC 53 61 6A 69 6B 01 69 73 01 69 6D 70 6F 73 73 69 62 6C 65 21 C8 4D 61 6B 69 6E 67 01 68 69 73 01 77 69 66 65 01 77 6F 72 72 79 C8 74 68 69 73 01 6D 75 63 68 01 6F 76 65 72 01 68 69 6D 21 C0	1CC 04C 084 04D 049 01A 03D 032 001 011 011 015 084 018 03D 1C8 019 02E 03E 01F 091 084 01B 03F 024 07A 001 0ED 01A 03D 03C 1C8 019 03D 024 025 001 01B 03D 083 029 011 01A 01D 022 07A 1C0
02	21	0x0221	"<SPEAKER>「メグさんと サジクさんは
1階に いますよ! メグさんも
すっかり げんきに なりましてな"	"<SPEAKER>Meg and Sajik are
on the first floor. Meg is
doing much better now."			SPEAKER NEWLINE NEWLINE END	EA:7E4E	CC 4D 65 67 01 61 6E 64 01 53 61 6A 69 6B 01 61 72 65 C8 6F 6E 01 74 68 65 01 66 69 72 73 74 01 66 6C 6F 6F 72 2E 01 4D 65 67 01 69 73 C8 64 6F 69 6E 67 01 6D 75 63 68 01 62 65 74 74 65 72 01 6E 6F 77 2E C0	1CC 063 084 049 01A 03D 023 001 04C 084 04D 049 01A 03D 029 1C8 003 15F 025 001 011 02E 01C 035 07A 001 063 084 049 01A 03D 032 1C8 01C 03E 015 037 001 084 018 03D 016 025 001 024 037 02E 01B 022 024 1C0
02	22	0x0222	"<SPEAKER>「レディさん! おれは
情報屋の ボブの むすこです<WAIT><SPEAKER>「ここで いらなくなった
にもつを 預りますよ!<WAIT><SPEAKER>「それに この下の フロアにも
防具の 古い そうこが
あるんです!<WAIT><SPEAKER>「いま うちの じいさんが
せいりしてますから いいものが
でてきたら やすく 売りますよ!"	"<SPEAKER>Lady! I am Bob's son.<WAIT><SPEAKER>I can store belongings
you no longer need right here.<WAIT><SPEAKER>There is also
an old armor warehouse
on the floor below.<WAIT><SPEAKER>Grandpa is sorting
it now. If he finds anything
good, he will sell it cheap!"			SPEAKER WAIT SPEAKER NEWLINE WAIT SPEAKER NEWLINE NEWLINE WAIT SPEAKER NEWLINE NEWLINE END	EA:7E93	CC 4C 61 64 79 21 01 49 01 61 6D 01 42 6F 62 27 73 01 73 6F 6E 2E C5 CC 49 01 63 61 6E 01 73 74 6F 72 65 01 62 65 6C 6F 6E 67 69 6E 67 73 C8 79 6F 75 01 6E 6F 01 6C 6F 6E 67 65 72 01 6E 65 65 64 01 72 69 67 68 74 01 68 65 72 65 2E C5 CC 54 68 65 72 65 01 69 73 01 61 6C 73 6F C8 61 6E 01 6F 6C 64 01 61 72 6D 6F 72 01 77 61 72 65 68 6F 75 73 65 C8 6F 6E 01 74 68 65 01 66 6C 6F 6F 72 01 62 65 6C 6F 77 2E C5 CC 47 72 61 6E 64 70 61 01 69 73 01 73 6F 72 74 69 6E 67 C8 69 74 01 6E 6F 77 2E 01 49 66 01 68 65 01 66 69 6E 64 73 01 61 6E 79 74 68 69 6E 67 C8 67 6F 6F 64 2C 01 68 65 01 77 69 6C 6C 01 73 65 6C 6C 01 69 74 01 63 68 65 61 70 21 C0	1CC 06B 084 054 075 01A 03D 07A 001 014 039 029 1C8 0AD 0AE 0B3 028 001 084 05F 084 05D 028 001 030 01C 019 084 022 01C 1C5 1CC 019 019 084 022 001 011 036 024 017 024 03E 01F 1C8 025 032 021 03C 001 111 037 02E 01C 035 07A 1C5 1CC 01E 039 025 001 019 028 0B8 028 001 05D 06C 042 025 032 1C8 151 124 028 001 096 011 001 01E 012 019 084 015 1C8 010 038 03D 084 022 01C 07A 1C5 1CC 011 02E 001 012 020 028 001 084 01B 011 01A 03D 084 015 1C8 01D 011 037 01B 022 02E 01C 015 036 001 011 011 032 028 084 015 1C8 084 022 022 016 01F 036 001 033 01C 017 001 0A2 037 02E 01C 035 07A 1C0
02	23	0x0223	"<SPEAKER>「あまった にもつや
よぶんな お金は
メグのそうこに おまかせください!"	"<SPEAKER>Leave extra belongings or
spare money with Meg's Storage!"			SPEAKER NEWLINE END	EA:7F69	CC 4C 65 61 76 65 01 65 78 74 72 61 01 62 65 6C 6F 6E 67 69 6E 67 73 01 6F 72 C8 73 70 61 72 65 01 6D 6F 6E 65 79 01 77 69 74 68 01 4D 65 67 27 73 01 53 74 6F 72 61 67 65 21 C0	1CC 010 02E 03E 01F 001 025 032 021 033 1C8 035 084 02B 03D 024 001 014 094 029 1C8 063 084 049 028 01E 012 019 025 001 014 02E 015 01D 017 084 01F 01A 011 07A 1C0
02	24	0x0224	"<SPEAKER>「おそらく 塔の中に
バロンロックへ わたる方法の
ひみつが あるに ちがいありません<WAIT><SPEAKER>「なんとしても 古代の装置の
復活だけは くいとめないと・・・<WAIT><SPEAKER>「おお そうだ レディさん!
この地図は おわたしします
すこしは お役に たつでしょう"	"<SPEAKER>The tower must hide a
way to cross to Baron Rock.<WAIT><SPEAKER>We must stop
that ancient machine
from ever being revived...<WAIT><SPEAKER>Oh, Lady! Take this
map. It should be of some help."			SPEAKER NEWLINE WAIT SPEAKER NEWLINE NEWLINE WAIT SPEAKER NEWLINE END	EA:7FA4	CC 54 68 65 01 74 6F 77 65 72 01 6D 75 73 74 01 68 69 64 65 01 61 C8 77 61 79 01 74 6F 01 63 72 6F 73 73 01 74 6F 01 42 61 72 6F 6E 01 52 6F 63 6B 2E C5 CC 57 65 01 6D 75 73 74 01 73 74 6F 70 C8 74 68 61 74 01 61 6E 63 69 65 6E 74 01 6D 61 63 68 69 6E 65 C8 66 72 6F 6D 01 65 76 65 72 01 62 65 69 6E 67 01 72 65 76 69 76 65 64 2E 2E 2E C5 CC 4F 68 2C 01 4C 61 64 79 21 01 54 61 6B 65 01 74 68 69 73 C8 6D 61 70 2E 01 49 74 01 73 68 6F 75 6C 64 01 62 65 01 6F 66 01 73 6F 6D 65 01 68 65 6C 70 2E C0	1CC 014 01E 036 017 001 154 028 0A1 025 1C8 084 05B 06C 06F 06C 070 049 02C 001 03B 01F 038 0B9 157 028 1C8 02A 02F 021 084 015 001 010 038 025 001 020 084 015 011 010 037 02E 01D 03D 1C5 1CC 024 03D 023 01B 022 032 001 096 09F 028 0C2 19F 028 1C8 18B 0B4 084 01F 018 029 001 017 011 023 031 024 011 023 081 081 081 1C5 1CC 014 014 001 01E 012 084 01F 001 06B 084 054 075 01A 03D 07A 1C8 019 028 0D5 160 029 001 014 03B 01F 01B 01B 02E 01C 1C8 01C 019 01B 029 001 014 15E 025 001 01F 021 084 022 01B 041 012 1C0
02	25	0x0225	"<SPEAKER>「この地図を おわたしします
すこしは お役に たつでしょう"	"<SPEAKER>Take this map. It
should be of some help."			SPEAKER NEWLINE END	EA:804A	CC 54 61 6B 65 01 74 68 69 73 01 6D 61 70 2E 01 49 74 C8 73 68 6F 75 6C 64 01 62 65 01 6F 66 01 73 6F 6D 65 01 68 65 6C 70 2E C0	1CC 019 028 0D5 160 03C 001 014 03B 01F 01B 01B 02E 01C 1C8 01C 019 01B 029 001 014 15E 025 001 01F 021 084 022 01B 041 012 1C0
02	26	0x0226	"<SPEAKER>「レディさん! なんとか
この島を すくってください!"	"<SPEAKER>Lady! Please,
save this island somehow!"			SPEAKER NEWLINE END	EA:8075	CC 4C 61 64 79 21 01 50 6C 65 61 73 65 2C C8 73 61 76 65 01 74 68 69 73 01 69 73 6C 61 6E 64 01 73 6F 6D 65 68 6F 77 21 C0	1CC 06B 084 054 075 01A 03D 07A 001 024 03D 023 015 1C8 019 028 08A 03C 001 01C 017 03E 022 017 084 01F 01A 011 07A 1C0
02	27	0x0227	"<SPEAKER>「おっと! では いずれ
おにもつが あいているときに
おわたししましょう"	"<SPEAKER>Oh! Your bags
are full. I will give it to
you when you have room."			SPEAKER NEWLINE NEWLINE END	EA:809E	CC 4F 68 21 01 59 6F 75 72 01 62 61 67 73 C8 61 72 65 01 66 75 6C 6C 2E 01 49 01 77 69 6C 6C 01 67 69 76 65 01 69 74 01 74 6F C8 79 6F 75 01 77 68 65 6E 01 79 6F 75 01 68 61 76 65 01 72 6F 6F 6D 2E C0	1CC 014 03E 023 07A 001 084 022 029 001 011 084 01C 039 1C8 014 025 032 021 084 015 001 010 011 022 011 038 023 016 025 1C8 014 03B 01F 01B 01B 02E 01B 041 012 1C0
02	28	0x0228	"<SPEAKER>「おそらく 塔の中に
バロンロックへ わたる方法の
ひみつが かくされているはずです!"	"<SPEAKER>The tower must hide
the secret route to Baron Rock!"			SPEAKER NEWLINE END	EA:80E1	CC 54 68 65 01 74 6F 77 65 72 01 6D 75 73 74 01 68 69 64 65 C8 74 68 65 01 73 65 63 72 65 74 01 72 6F 75 74 65 01 74 6F 01 42 61 72 6F 6E 01 52 6F 63 6B 21 C0	1CC 014 01E 036 017 001 154 028 0A1 025 1C8 084 05B 06C 06F 06C 070 049 02C 001 03B 01F 038 0B9 157 028 1C8 02A 02F 021 084 015 001 015 017 01A 039 022 011 038 029 084 01C 084 022 01C 07A 1C0
02	29	0x0229	"<SPEAKER>「なんと! バロンロックへ
わたった? それはすごい!<WAIT><SPEAKER>「ううー わたしも行きたい!
考古学昔の ちが さわぐうー!
だが そんな所へ 行ったら むむ<WAIT><SPEAKER>「こんどは こおりづめでは
すまないだろう・・・"	"<SPEAKER>You crossed to Baron
Rock? That is incredible!<WAIT><SPEAKER>Oh, I want to go
too! My archaeologist blood is
boiling! But if I went there...<WAIT><SPEAKER>I doubt being frozen
solid would be the worst of it..."			SPEAKER NEWLINE WAIT SPEAKER NEWLINE NEWLINE WAIT SPEAKER NEWLINE END	EA:8116	CC 59 6F 75 01 63 72 6F 73 73 65 64 01 74 6F 01 42 61 72 6F 6E C8 52 6F 63 6B 3F 01 54 68 61 74 01 69 73 01 69 6E 63 72 65 64 69 62 6C 65 21 C5 CC 4F 68 2C 01 49 01 77 61 6E 74 01 74 6F 01 67 6F C8 74 6F 6F 21 01 4D 79 01 61 72 63 68 61 65 6F 6C 6F 67 69 73 74 01 62 6C 6F 6F 64 01 69 73 C8 62 6F 69 6C 69 6E 67 21 01 42 75 74 01 69 66 01 49 01 77 65 6E 74 01 74 68 65 72 65 2E 2E 2E C5 CC 49 01 64 6F 75 62 74 01 62 65 69 6E 67 01 66 72 6F 7A 65 6E C8 73 6F 6C 69 64 01 77 6F 75 6C 64 01 62 65 01 74 68 65 01 77 6F 72 73 74 01 6F 66 01 69 74 2E 2E 2E C0	1CC 024 03D 023 07A 001 084 05B 06C 06F 06C 070 049 02C 1C8 03B 01F 03E 01F 079 001 01E 039 029 01C 084 019 011 07A 1C5 1CC 012 012 078 001 03B 01F 01B 032 08D 016 01F 011 07A 1C8 0DB 096 0B7 0A7 028 001 020 084 015 001 01A 03B 084 017 012 078 07A 1C8 084 01F 084 015 001 01E 03D 024 12F 02C 001 08D 03E 01F 036 001 030 030 1C5 1CC 019 03D 084 023 029 001 019 014 037 084 021 031 084 022 029 1C8 01C 02E 024 011 084 01F 03A 012 081 081 081 1C0
02	2A	0x022A	"<SPEAKER>「古い ぶんけんに よると
キングバロンは かずおおくの
しかけを 作ったと あります<WAIT><SPEAKER>「気をつけてくださいよ
レディさん! わたしの よみでは
バロンロックは しかけだらけです<WAIT><SPEAKER>「おそらく 自分の すみかの
手前に しかけだらけの 迷宮を
作っているはずです!"	"<SPEAKER>Old documents say
King Baron built countless
devices and mechanisms.<WAIT><SPEAKER>Be careful, Lady.
My guess is Baron Rock
is packed with mechanisms.<WAIT><SPEAKER>He probably built
a maze full of them just
before his own dwelling!"			SPEAKER NEWLINE NEWLINE WAIT SPEAKER NEWLINE NEWLINE WAIT SPEAKER NEWLINE NEWLINE END	EA:81CF	CC 4F 6C 64 01 64 6F 63 75 6D 65 6E 74 73 01 73 61 79 C8 4B 69 6E 67 01 42 61 72 6F 6E 01 62 75 69 6C 74 01 63 6F 75 6E 74 6C 65 73 73 C8 64 65 76 69 63 65 73 01 61 6E 64 01 6D 65 63 68 61 6E 69 73 6D 73 2E C5 CC 42 65 01 63 61 72 65 66 75 6C 2C 01 4C 61 64 79 2E C8 4D 79 01 67 75 65 73 73 01 69 73 01 42 61 72 6F 6E 01 52 6F 63 6B C8 69 73 01 70 61 63 6B 65 64 01 77 69 74 68 01 6D 65 63 68 61 6E 69 73 6D 73 2E C5 CC 48 65 01 70 72 6F 62 61 62 6C 79 01 62 75 69 6C 74 C8 61 01 6D 61 7A 65 01 66 75 6C 6C 01 6F 66 01 74 68 65 6D 01 6A 75 73 74 C8 62 65 66 6F 72 65 01 68 69 73 01 6F 77 6E 01 64 77 65 6C 6C 69 6E 67 21 C0	1CC 096 011 001 084 02B 03D 018 03D 025 001 035 038 023 1C8 048 06F 084 049 084 05B 06C 06F 029 001 015 084 01C 014 014 017 028 1C8 01B 015 018 03C 001 0F6 03E 01F 023 001 010 037 02E 01C 1C5 1CC 099 03C 021 018 022 017 084 01F 01A 011 035 1C8 06B 084 054 075 01A 03D 07A 001 03B 01F 01B 028 001 035 02F 084 022 029 1C8 084 05B 06C 06F 06C 070 049 029 001 01B 015 018 084 01F 036 018 084 022 01C 1C5 1CC 014 01E 036 017 001 0E2 16C 028 001 01C 02F 015 028 1C8 177 0C3 025 001 01B 015 018 084 01F 036 018 028 001 1B6 1AD 03C 1C8 0F6 03E 022 011 038 029 084 01C 084 022 01C 07A 1C0
02	2B	0x022B	"<SPEAKER>「ジェイビーとかいう 魔物も
その しかけに てこずるでしょう<WAIT><SPEAKER>「そのすきに なんとか
古代の装置を はかいできれば
いいのですが・・・・"	"<SPEAKER>That monster called J.B.
will struggle with those traps too.<WAIT><SPEAKER>If you can use
that chance to destroy
the ancient machine..."			SPEAKER NEWLINE WAIT SPEAKER NEWLINE NEWLINE END	EA:829F	CC 54 68 61 74 01 6D 6F 6E 73 74 65 72 01 63 61 6C 6C 65 64 01 4A 2E 42 2E C8 77 69 6C 6C 01 73 74 72 75 67 67 6C 65 01 77 69 74 68 01 74 68 6F 73 65 01 74 72 61 70 73 01 74 6F 6F 2E C5 CC 49 66 01 79 6F 75 01 63 61 6E 01 75 73 65 C8 74 68 61 74 01 63 68 61 6E 63 65 01 74 6F 01 64 65 73 74 72 6F 79 C8 74 68 65 01 61 6E 63 69 65 6E 74 01 6D 61 63 68 69 6E 65 2E 2E 2E C0	1CC 084 04D 076 043 084 05C 078 023 015 011 012 001 09A 08B 032 1C8 01E 028 001 01B 015 018 025 001 022 019 084 01C 038 084 022 01B 041 012 1C5 1CC 01E 028 01C 016 025 001 024 03D 023 015 1C8 096 09F 028 0C2 19F 03C 001 029 015 011 084 022 016 039 084 029 1C8 011 011 028 084 022 01C 084 015 081 081 081 081 1C0
02	2C	0x022C	"<SPEAKER>「うえー! 古代の装置が
復活してしまったー?
うひゃー! うーん・・・・・"	"<SPEAKER>What?! The
ancient machine has been
revived? Oh no! Ugh..."			SPEAKER NEWLINE NEWLINE END	EA:831B	CC 57 68 61 74 3F 21 01 54 68 65 C8 61 6E 63 69 65 6E 74 01 6D 61 63 68 69 6E 65 01 68 61 73 01 62 65 65 6E C8 72 65 76 69 76 65 64 3F 01 4F 68 01 6E 6F 21 01 55 67 68 2E 2E 2E C0	1CC 012 013 078 07A 001 096 09F 028 0C2 19F 084 015 1C8 18B 0B4 01B 022 01B 02E 03E 01F 078 079 1C8 012 02A 03F 078 07A 001 012 078 03D 081 081 081 081 081 1C0
02	2D	0x022D	"<CLEAR>
サジクは きぜつ してしまった!"	<CLEAR>Sajik fainted!			CLEAR END	EA:8357	D0 53 61 6A 69 6B 01 66 61 69 6E 74 65 64 21 C0	1D0 04C 084 04D 049 029 001 016 084 01D 021 001 01B 022 01B 02E 03E 01F 07A 1C0
02	2E	0x022E	"<CLEAR>
サジクは きぜつ している"	<CLEAR>Sajik is unconscious.			CLEAR END	EA:8367	D0 53 61 6A 69 6B 01 69 73 01 75 6E 63 6F 6E 73 63 69 6F 75 73 2E C0	1D0 04C 084 04D 049 029 001 016 084 01D 021 001 01B 022 011 038 1C0
02	2F	0x022F	"<SPEAKER>「サジクさんの はなしを
きいてやってくれよ!"	"<SPEAKER>Please listen to
what Sajik has to say!"			SPEAKER NEWLINE END	EA:837E	CC 50 6C 65 61 73 65 01 6C 69 73 74 65 6E 01 74 6F C8 77 68 61 74 01 53 61 6A 69 6B 01 68 61 73 01 74 6F 01 73 61 79 21 C0	1CC 04C 084 04D 049 01A 03D 028 001 029 024 01B 03C 1C8 016 011 022 033 03E 022 017 039 035 07A 1C0
02	30	0x0230	"<SPEAKER>「あんたの 持っている その
石像が 塔と かんけいありそうだな"	"<SPEAKER>That statue
you are carrying looks
connected to the tower."			SPEAKER NEWLINE NEWLINE END	EA:83A7	CC 54 68 61 74 01 73 74 61 74 75 65 C8 79 6F 75 01 61 72 65 01 63 61 72 72 79 69 6E 67 01 6C 6F 6F 6B 73 C8 63 6F 6E 6E 65 63 74 65 64 01 74 6F 01 74 68 65 01 74 6F 77 65 72 2E C0	1CC 010 03D 01F 028 001 0D3 03E 022 011 038 001 01E 028 1C8 09D 159 084 015 001 154 023 001 015 03D 018 011 010 037 01E 012 084 01F 024 1C0
02	31	0x0231	"<SPEAKER>「そうか あの石像が
塔に入る カギだったわけか<WAIT><SPEAKER>「むかしの やつも なかなか
ようじんぶかいんだな"	"<SPEAKER>So that statue was
the key to entering the tower.<WAIT><SPEAKER>Those ancient people
were very cautious indeed."			SPEAKER NEWLINE WAIT SPEAKER NEWLINE END	EA:83E3	CC 53 6F 01 74 68 61 74 01 73 74 61 74 75 65 01 77 61 73 C8 74 68 65 01 6B 65 79 01 74 6F 01 65 6E 74 65 72 69 6E 67 01 74 68 65 01 74 6F 77 65 72 2E C5 CC 54 68 6F 73 65 01 61 6E 63 69 65 6E 74 01 70 65 6F 70 6C 65 C8 77 65 72 65 01 76 65 72 79 01 63 61 75 74 69 6F 75 73 01 69 6E 64 65 65 64 2E C0	1CC 01E 012 015 001 010 028 09D 159 084 015 1C8 154 025 08E 038 001 047 084 048 084 01F 03E 01F 03B 018 015 1C5 1CC 030 015 01B 028 001 033 021 032 001 024 015 024 015 1C8 035 012 084 01B 03D 084 02B 015 011 03D 084 01F 024 1C0
02	32	0x0232	"<SPEAKER>「げええー! バロンロックに
わたった? そいつは たまげた!<WAIT><SPEAKER>「なに わたったはいいが
だんがい ぜっぺきの 岩場で
さきに行けない?<WAIT><SPEAKER>「バロンロックと いうだけあって
すげえ 岩場 なんだろうなあ・・・<WAIT><SPEAKER>「おう そうだ! たしか 囚人が
岩場を のぼる くつが どうとか
いってた きおくが あるな"	"<SPEAKER>You crossed to Baron
Rock? Now that is a shock!<WAIT><SPEAKER>You crossed, but cannot
continue because it is all
sheer cliffs and rock faces?<WAIT><SPEAKER>It is called Baron Rock. I
guess the cliffs must be brutal...<WAIT><SPEAKER>Wait! I remember a
prisoner mentioning boots that
could climb rocky ground."			SPEAKER NEWLINE WAIT SPEAKER NEWLINE NEWLINE WAIT SPEAKER NEWLINE WAIT SPEAKER NEWLINE NEWLINE END	EA:8447	CC 59 6F 75 01 63 72 6F 73 73 65 64 01 74 6F 01 42 61 72 6F 6E C8 52 6F 63 6B 3F 01 4E 6F 77 01 74 68 61 74 01 69 73 01 61 01 73 68 6F 63 6B 21 C5 CC 59 6F 75 01 63 72 6F 73 73 65 64 2C 01 62 75 74 01 63 61 6E 6E 6F 74 C8 63 6F 6E 74 69 6E 75 65 01 62 65 63 61 75 73 65 01 69 74 01 69 73 01 61 6C 6C C8 73 68 65 65 72 01 63 6C 69 66 66 73 01 61 6E 64 01 72 6F 63 6B 01 66 61 63 65 73 3F C5 CC 49 74 01 69 73 01 63 61 6C 6C 65 64 01 42 61 72 6F 6E 01 52 6F 63 6B 2E 01 49 C8 67 75 65 73 73 01 74 68 65 01 63 6C 69 66 66 73 01 6D 75 73 74 01 62 65 01 62 72 75 74 61 6C 2E 2E 2E C5 CC 57 61 69 74 21 01 49 01 72 65 6D 65 6D 62 65 72 01 61 C8 70 72 69 73 6F 6E 65 72 01 6D 65 6E 74 69 6F 6E 69 6E 67 01 62 6F 6F 74 73 01 74 68 61 74 C8 63 6F 75 6C 64 01 63 6C 69 6D 62 01 72 6F 63 6B 79 01 67 72 6F 75 6E 64 2E C0	1CC 084 018 013 013 078 07A 001 084 05B 06C 06F 06C 070 049 025 1C8 03B 01F 03E 01F 079 001 01E 011 021 029 001 01F 02E 084 018 01F 07A 1C5 1CC 024 025 001 03B 01F 03E 01F 029 011 011 084 015 1C8 084 01F 03D 084 015 011 001 084 01D 03E 083 02C 016 028 001 158 0A5 084 022 1C8 01A 016 025 08D 018 024 011 079 1C5 1CC 084 05B 06C 06F 06C 070 049 023 001 011 012 084 01F 018 010 03E 022 1C8 01C 084 018 013 001 158 0A5 001 024 03D 084 01F 03A 012 024 010 081 081 081 1C5 1CC 014 012 001 01E 012 084 01F 07A 001 01F 01B 015 001 113 091 084 015 1C8 158 0A5 03C 001 028 084 02D 038 001 017 021 084 015 001 084 023 012 023 015 1C8 011 03E 022 01F 001 016 014 017 084 015 001 010 038 024 1C0
02	33	0x0233	"<SPEAKER>「デスベガスの ドドヘイだ!
ドドヘイが たしか いってたぞ!"	"<SPEAKER>Dodohei in Deathvegas!
I am sure Dodohei said it!"			SPEAKER NEWLINE END	EA:8555	CC 44 6F 64 6F 68 65 69 01 69 6E 01 44 65 61 74 68 76 65 67 61 73 21 C8 49 01 61 6D 01 73 75 72 65 01 44 6F 64 6F 68 65 69 01 73 61 69 64 01 69 74 21 C0	1CC 084 054 04E 084 05E 084 047 04E 028 001 084 055 084 055 05E 043 084 01F 07A 1C8 084 055 084 055 05E 043 084 015 001 01F 01B 015 001 011 03E 022 01F 084 01E 07A 1C0
02	34	0x0234	"<SPEAKER>「どんな すごい わなや
しかけが でてきても とにかく
れいせいに なるんだ!<WAIT><SPEAKER>「きっと ガヌビスさまが
護って くださるって!<WAIT><SPEAKER>「え? ガヌビスさまを 知らない?
どひゃー そりゃ たまげた!"	"<SPEAKER>No matter what
trap or mechanism
appears, keep your head!<WAIT><SPEAKER>I am sure Lord
Ganubis will protect you!<WAIT><SPEAKER>What? You do not know
Ganubis? Now that is unbelievable!"			SPEAKER NEWLINE NEWLINE WAIT SPEAKER NEWLINE WAIT SPEAKER NEWLINE END	EA:8588	CC 4E 6F 01 6D 61 74 74 65 72 01 77 68 61 74 C8 74 72 61 70 01 6F 72 01 6D 65 63 68 61 6E 69 73 6D C8 61 70 70 65 61 72 73 2C 01 6B 65 65 70 01 79 6F 75 72 01 68 65 61 64 21 C5 CC 49 01 61 6D 01 73 75 72 65 01 4C 6F 72 64 C8 47 61 6E 75 62 69 73 01 77 69 6C 6C 01 70 72 6F 74 65 63 74 01 79 6F 75 21 C5 CC 57 68 61 74 3F 01 59 6F 75 01 64 6F 01 6E 6F 74 01 6B 6E 6F 77 C8 47 61 6E 75 62 69 73 3F 01 4E 6F 77 01 74 68 61 74 01 69 73 01 75 6E 62 65 6C 69 65 76 61 62 6C 65 21 C0	1CC 084 023 03D 024 001 01C 084 019 011 001 03B 024 033 1C8 01B 015 018 084 015 001 084 022 022 016 022 032 001 023 025 015 017 1C8 039 011 01D 011 025 001 024 038 03D 084 01F 07A 1C5 1CC 016 03E 023 001 084 047 058 084 05C 04E 01A 02E 084 015 1C8 146 03E 022 001 017 084 01F 01A 038 03E 022 07A 1C5 1CC 013 079 001 084 047 058 084 05C 04E 01A 02E 03C 001 15C 036 024 011 079 1C8 084 023 02A 03F 078 001 01E 037 03F 001 01F 02E 084 018 01F 07A 1C0
02	35	0x0235	"<SPEAKER>「ガヌビスさまは わなや
しかけを 司っていたと
いわれてるんだ<WAIT><SPEAKER>「その おすがたは
かおが オオカミで
体が 人間なんでさあ<WAIT><SPEAKER>「キングバロンも きっと
すうはいしてた だろうなあ!"	"<SPEAKER>Ganubis is said to rule
over traps and mechanisms.<WAIT><SPEAKER>He has the face of a
wolf and the body of a man.<WAIT><SPEAKER>King Baron surely
worshiped him too!"			SPEAKER NEWLINE WAIT SPEAKER NEWLINE WAIT SPEAKER NEWLINE END	EA:8627	CC 47 61 6E 75 62 69 73 01 69 73 01 73 61 69 64 01 74 6F 01 72 75 6C 65 C8 6F 76 65 72 01 74 72 61 70 73 01 61 6E 64 01 6D 65 63 68 61 6E 69 73 6D 73 2E C5 CC 48 65 01 68 61 73 01 74 68 65 01 66 61 63 65 01 6F 66 01 61 C8 77 6F 6C 66 01 61 6E 64 01 74 68 65 01 62 6F 64 79 01 6F 66 01 61 01 6D 61 6E 2E C5 CC 4B 69 6E 67 01 42 61 72 6F 6E 01 73 75 72 65 6C 79 C8 77 6F 72 73 68 69 70 65 64 01 68 69 6D 01 74 6F 6F 21 C0	1CC 084 047 058 084 05C 04E 01A 02E 029 001 03B 024 033 1C8 01B 015 018 03C 001 1AE 03E 022 011 01F 023 1C8 011 03B 039 022 038 03D 084 01F 1C5 1CC 01E 028 001 014 01C 084 015 01F 029 1C8 015 014 084 015 001 046 046 047 061 084 022 1C8 0F0 084 015 001 091 0E3 024 03D 084 022 01A 010 1C5 1CC 048 06F 084 049 084 05B 06C 06F 032 001 016 03E 023 1C8 01C 012 029 011 01B 022 01F 001 084 01F 03A 012 024 010 07A 1C0
02	36	0x0236	"<SPEAKER>「うおお! レディさん!
バロンロックのことは さすがの
このボブでも わからないでさあ!"	"<SPEAKER>Lady! Even Bob does not
know anything about Baron Rock!"			SPEAKER NEWLINE END	EA:86B3	CC 4C 61 64 79 21 01 45 76 65 6E 01 42 6F 62 01 64 6F 65 73 01 6E 6F 74 C8 6B 6E 6F 77 01 61 6E 79 74 68 69 6E 67 01 61 62 6F 75 74 01 42 61 72 6F 6E 01 52 6F 63 6B 21 C0	1CC 012 014 014 07A 001 06B 084 054 075 01A 03D 07A 1C8 084 05B 06C 06F 06C 070 049 028 019 023 029 001 01A 01C 084 015 028 1C8 019 028 084 05F 084 05D 084 022 032 001 03B 015 036 024 011 084 022 01A 010 07A 1C0
02	37	0x0237	"<SPEAKER>「主人から すべて 聞きました
ほんとうに ありがとうございます
命の おんじんですわ"	"<SPEAKER>My husband told me
everything. Thank you so very
much. You saved his life."			SPEAKER NEWLINE NEWLINE END	EA:86EC	CC 4D 79 01 68 75 73 62 61 6E 64 01 74 6F 6C 64 01 6D 65 C8 65 76 65 72 79 74 68 69 6E 67 2E 01 54 68 61 6E 6B 01 79 6F 75 01 73 6F 01 76 65 72 79 C8 6D 75 63 68 2E 01 59 6F 75 01 73 61 76 65 64 01 68 69 73 01 6C 69 66 65 2E C0	1CC 12C 091 015 036 001 01C 084 02C 022 001 0A6 016 02E 01B 01F 1C8 02D 03D 023 012 025 001 010 037 084 015 023 012 084 019 084 01A 011 02E 01C 1C8 0EE 028 001 014 03D 084 01B 03D 084 022 01C 03B 1C0
02	38	0x0238	"<SPEAKER>「ごめんなさい 主人は
なやみはじめると 誰の
ことばも 耳に 入らないんです"	"<SPEAKER>I am sorry. Once
my husband starts brooding,
he hears no one at all."			SPEAKER NEWLINE NEWLINE END	EA:8738	CC 49 01 61 6D 01 73 6F 72 72 79 2E 01 4F 6E 63 65 C8 6D 79 01 68 75 73 62 61 6E 64 01 73 74 61 72 74 73 01 62 72 6F 6F 64 69 6E 67 2C C8 68 65 01 68 65 61 72 73 01 6E 6F 01 6F 6E 65 01 61 74 01 61 6C 6C 2E C0	1CC 084 019 031 03D 024 01A 011 001 12C 091 029 1C8 024 033 02F 029 084 01B 031 038 023 001 0FA 028 1C8 019 023 084 029 032 001 19D 025 001 08E 036 024 011 03D 084 022 01C 1C0
02	39	0x0239	"<SPEAKER>「わたし もう サジクを
はなしませんわ!<WAIT><SPEAKER>「リバータウンから いっぽも
そとに 出しません!
・・・と いいたいところですが<WAIT><SPEAKER>「この人は
そういうふうには きっと
ならないでしょうね・・・"	"<SPEAKER>I will never let
Sajik out of my sight again!<WAIT><SPEAKER>I would love to say
he will never leave Rivertown...<WAIT><SPEAKER>but I know this man.
That is never going to happen."			SPEAKER NEWLINE WAIT SPEAKER NEWLINE WAIT SPEAKER NEWLINE END	EA:877E	CC 49 01 77 69 6C 6C 01 6E 65 76 65 72 01 6C 65 74 C8 53 61 6A 69 6B 01 6F 75 74 01 6F 66 01 6D 79 01 73 69 67 68 74 01 61 67 61 69 6E 21 C5 CC 49 01 77 6F 75 6C 64 01 6C 6F 76 65 01 74 6F 01 73 61 79 C8 68 65 01 77 69 6C 6C 01 6E 65 76 65 72 01 6C 65 61 76 65 01 52 69 76 65 72 74 6F 77 6E 2E 2E 2E C5 CC 62 75 74 01 49 01 6B 6E 6F 77 01 74 68 69 73 01 6D 61 6E 2E C8 54 68 61 74 01 69 73 01 6E 65 76 65 72 01 67 6F 69 6E 67 01 74 6F 01 68 61 70 70 65 6E 2E C0	1CC 03B 01F 01B 001 032 012 001 04C 084 04D 049 03C 1C8 029 024 01B 02E 01D 03D 03B 07A 1C5 1CC 069 084 05B 078 051 044 06F 015 036 001 011 03E 083 02D 032 1C8 01E 023 025 001 106 01B 02E 01D 03D 07A 1C8 081 081 081 023 001 011 011 01F 011 023 019 03A 084 022 01C 084 015 1C5 1CC 019 028 091 029 1C8 01E 012 011 012 02B 012 025 029 001 016 03E 023 1C8 024 036 024 011 084 022 01B 041 012 027 081 081 081 1C0
02	3A	0x023A	"<SPEAKER>「ええっ? ジェイビーに
だまされた? まあ! なんて
ひれつな やつなんでしょう!"	"<SPEAKER>What? J.B. tricked
him? What a vile creature!"			SPEAKER NEWLINE END	EA:8818	CC 57 68 61 74 3F 01 4A 2E 42 2E 01 74 72 69 63 6B 65 64 C8 68 69 6D 3F 01 57 68 61 74 01 61 01 76 69 6C 65 01 63 72 65 61 74 75 72 65 21 C0	1CC 013 013 03E 079 001 084 04D 076 043 084 05C 078 025 1C8 084 01F 02E 01A 039 01F 079 001 02E 010 07A 001 024 03D 022 1C8 02A 039 021 024 001 033 021 024 03D 084 022 01B 041 012 07A 1C0
02	3B	0x023B	"<SPEAKER>「ごめんなさい 主人は
気を うしなうと
なかなか 目を さまさないんです"	"<SPEAKER>I am sorry. When
my husband passes out, he
takes forever to wake up."			SPEAKER NEWLINE NEWLINE END	EA:8847	CC 49 01 61 6D 01 73 6F 72 72 79 2E 01 57 68 65 6E C8 6D 79 01 68 75 73 62 61 6E 64 01 70 61 73 73 65 73 01 6F 75 74 2C 01 68 65 C8 74 61 6B 65 73 01 66 6F 72 65 76 65 72 01 74 6F 01 77 61 6B 65 01 75 70 2E C0	1CC 084 019 031 03D 024 01A 011 001 12C 091 029 1C8 099 03C 001 012 01B 024 012 023 1C8 024 015 024 015 001 0B6 03C 001 01A 02E 01A 024 011 03D 084 022 01C 1C0
02	3C	0x023C	"<SPEAKER>「いやいや けっこう
せいりするのも 大変じゃ!<WAIT><SPEAKER>「こしが ぬけるまで
そうこせいりを しますから
この島を すくっておくれ!<WAIT><SPEAKER>「なにか おいりようの物が
おありかな?"	"<SPEAKER>Whew! Sorting this
place is harder than it looks!<WAIT><SPEAKER>I will keep at it
until my back gives out,
so you save this island!<WAIT><SPEAKER>Need anything today?"			SPEAKER NEWLINE WAIT SPEAKER NEWLINE NEWLINE WAIT SPEAKER END	EA:888D	CC 57 68 65 77 21 01 53 6F 72 74 69 6E 67 01 74 68 69 73 C8 70 6C 61 63 65 01 69 73 01 68 61 72 64 65 72 01 74 68 61 6E 01 69 74 01 6C 6F 6F 6B 73 21 C5 CC 49 01 77 69 6C 6C 01 6B 65 65 70 01 61 74 01 69 74 C8 75 6E 74 69 6C 01 6D 79 01 62 61 63 6B 01 67 69 76 65 73 01 6F 75 74 2C C8 73 6F 01 79 6F 75 01 73 61 76 65 01 74 68 69 73 01 69 73 6C 61 6E 64 21 C5 CC 4E 65 65 64 01 61 6E 79 74 68 69 6E 67 01 74 6F 64 61 79 3F C0	1CC 011 033 011 033 001 018 03E 019 012 1C8 01D 011 037 01C 038 028 032 001 0AC 178 084 01B 03F 07A 1C5 1CC 019 01B 084 015 001 026 018 038 02E 084 022 1C8 01E 012 019 01D 011 037 03C 001 01B 02E 01C 015 036 1C8 019 028 08A 03C 001 01C 017 03E 022 014 017 039 07A 1C5 1CC 024 025 015 001 014 011 037 035 012 028 08B 084 015 1C8 014 010 037 015 024 079 1C0
02	3D	0x023D	"<SPEAKER>「とんでもねえぜ! あの城は!<WAIT><SPEAKER>「おれも 世界を またにかけた
言険男だが こんな ひでえ
ところは はじめてだぜ!"	"<SPEAKER>That castle is insane!<WAIT><SPEAKER>I have traveled the
whole world, but I have never
seen a place that awful!"			SPEAKER WAIT SPEAKER NEWLINE NEWLINE END	EA:891B	CC 54 68 61 74 01 63 61 73 74 6C 65 01 69 73 01 69 6E 73 61 6E 65 21 C5 CC 49 01 68 61 76 65 01 74 72 61 76 65 6C 65 64 01 74 68 65 C8 77 68 6F 6C 65 01 77 6F 72 6C 64 2C 01 62 75 74 01 49 01 68 61 76 65 01 6E 65 76 65 72 C8 73 65 65 6E 01 61 01 70 6C 61 63 65 01 74 68 61 74 01 61 77 66 75 6C 21 C0	1CC 023 03D 084 022 032 027 013 084 01D 07A 001 010 028 08C 029 07A 1C5 1CC 014 039 032 001 0A9 103 03C 001 02E 01F 025 015 018 01F 1C8 0BA 0BB 190 084 01F 084 015 001 019 03D 024 001 02A 084 022 013 1C8 023 019 03A 029 001 029 084 01B 031 022 084 01F 084 01D 07A 1C0
02	3E	0x023E	"<SPEAKER>「入場券は買ったものの
いざとなると びびっちゃって
なかなか 入れないんですよ<WAIT><SPEAKER>「ここで きねん写真でも
うつして かえろうかなあ うーん"	"<SPEAKER>I bought an
admission ticket, but now
I am too scared to enter.<WAIT><SPEAKER>Maybe I will just take a
souvenir photo here and go home."			SPEAKER NEWLINE NEWLINE WAIT SPEAKER NEWLINE END	EA:897F	CC 49 01 62 6F 75 67 68 74 01 61 6E C8 61 64 6D 69 73 73 69 6F 6E 01 74 69 63 6B 65 74 2C 01 62 75 74 01 6E 6F 77 C8 49 01 61 6D 01 74 6F 6F 01 73 63 61 72 65 64 01 74 6F 01 65 6E 74 65 72 2E C5 CC 4D 61 79 62 65 01 49 01 77 69 6C 6C 01 6A 75 73 74 01 74 61 6B 65 01 61 C8 73 6F 75 76 65 6E 69 72 01 70 68 6F 74 6F 01 68 65 72 65 01 61 6E 64 01 67 6F 01 68 6F 6D 65 2E C0	1CC 08E 0A5 0E1 029 0A8 03E 01F 032 028 028 1C8 011 084 01A 023 024 038 023 001 084 02A 084 02A 03E 020 03F 03E 022 1C8 024 015 024 015 001 08E 039 024 011 03D 084 022 01C 035 1C5 1CC 019 019 084 022 001 016 027 03D 0C1 0BD 084 022 032 1C8 012 021 01B 022 001 015 013 03A 012 015 024 010 001 012 078 03D 1C0
02	3F	0x023F	"<SPEAKER>「サジクも この城から 島の
北側に いったのかな? うーむ
あいつ ゆうきあるのう!"	"<SPEAKER>Did Sajik go through
this castle to reach the north
side too? That man has courage."			SPEAKER NEWLINE NEWLINE END	EA:89FB	CC 44 69 64 01 53 61 6A 69 6B 01 67 6F 01 74 68 72 6F 75 67 68 C8 74 68 69 73 01 63 61 73 74 6C 65 01 74 6F 01 72 65 61 63 68 01 74 68 65 01 6E 6F 72 74 68 C8 73 69 64 65 01 74 6F 6F 3F 01 54 68 61 74 01 6D 61 6E 01 68 61 73 01 63 6F 75 72 61 67 65 2E C0	1CC 04C 084 04D 049 032 001 019 028 08C 015 036 001 08A 028 1C8 09C 0BE 025 001 011 03E 01F 028 015 024 079 001 012 078 030 1C8 010 011 021 001 034 012 016 010 038 028 012 07A 1C0
02	40	0x0240	"<SPEAKER>「ここは バロン城の入り口です
入場料は お一人さま
50エンドルと なっております<WAIT><SPEAKER>「ご入場なさいますか?"	"<SPEAKER>This is the Baron
Castle gate. Admission
is 50 Endol per person.<WAIT><SPEAKER>Would you like to enter?"			SPEAKER NEWLINE NEWLINE WAIT SPEAKER END	EA:8A50	CC 54 68 69 73 01 69 73 01 74 68 65 01 42 61 72 6F 6E C8 43 61 73 74 6C 65 01 67 61 74 65 2E 01 41 64 6D 69 73 73 69 6F 6E C8 69 73 01 35 30 01 45 6E 64 6F 6C 01 70 65 72 01 70 65 72 73 6F 6E 2E C5 CC 57 6F 75 6C 64 01 79 6F 75 01 6C 69 6B 65 01 74 6F 01 65 6E 74 65 72 3F C0	1CC 019 019 029 001 084 05B 06C 06F 08C 028 08E 037 167 084 022 01C 1C8 08E 0A5 101 029 001 014 0AF 091 01A 02E 1C8 007 002 045 06F 084 055 06A 023 001 024 03E 022 014 037 02E 01C 1C5 1CC 084 019 08E 0A5 024 01A 011 02E 01C 015 079 1C0
02	41	0x0241	"<SPEAKER>「はいよっ! これ入場券だよ!
一度 買えば 何回でも
出入り できるからね!"	"<SPEAKER>Here is your admission
ticket! Buy it once and you can
enter as many times as you like!"			SPEAKER NEWLINE NEWLINE END	EA:8AAC	CC 48 65 72 65 01 69 73 01 79 6F 75 72 01 61 64 6D 69 73 73 69 6F 6E C8 74 69 63 6B 65 74 21 01 42 75 79 01 69 74 01 6F 6E 63 65 01 61 6E 64 01 79 6F 75 01 63 61 6E C8 65 6E 74 65 72 01 61 73 01 6D 61 6E 79 01 74 69 6D 65 73 01 61 73 01 79 6F 75 01 6C 69 6B 65 21 C0	1CC 029 011 035 03E 07A 001 019 039 08E 0A5 0E1 084 01F 035 07A 1C8 0AF 13E 001 0A8 013 084 029 001 093 169 084 022 032 1C8 106 08E 037 001 084 022 016 038 015 036 027 07A 1C0
02	42	0x0242	"<SPEAKER>「城にはいったら じいさんに
こえを かけてごらん!<WAIT><SPEAKER>「城の中を あんないして
もらえるかも しれませんぜ!"	"<SPEAKER>Once you are inside,
try talking to the old man.<WAIT><SPEAKER>He might give
you a tour of the castle!"			SPEAKER NEWLINE WAIT SPEAKER NEWLINE END	EA:8B05	CC 4F 6E 63 65 01 79 6F 75 01 61 72 65 01 69 6E 73 69 64 65 2C C8 74 72 79 01 74 61 6C 6B 69 6E 67 01 74 6F 01 74 68 65 01 6F 6C 64 01 6D 61 6E 2E C5 CC 48 65 01 6D 69 67 68 74 01 67 69 76 65 C8 79 6F 75 01 61 01 74 6F 75 72 01 6F 66 01 74 68 65 01 63 61 73 74 6C 65 21 C0	1CC 08C 025 029 011 03E 01F 036 001 084 01B 011 01A 03D 025 1C8 019 013 03C 001 015 018 022 084 019 036 03D 07A 1C5 1CC 08C 028 0A1 03C 001 010 03D 024 011 01B 022 1C8 032 036 013 038 015 032 001 01B 039 02E 01D 03D 084 01D 07A 1C0
02	43	0x0243	"<SPEAKER>「ありゃりゃ お嬢さん!
にもつがいっぱいで 入場券が
わたせないですぜ!"	"<SPEAKER>Oh dear, young lady!
Your bags are too full for
me to hand you the ticket!"			SPEAKER NEWLINE NEWLINE END	EA:8B60	CC 4F 68 01 64 65 61 72 2C 01 79 6F 75 6E 67 01 6C 61 64 79 21 C8 59 6F 75 72 01 62 61 67 73 01 61 72 65 01 74 6F 6F 01 66 75 6C 6C 01 66 6F 72 C8 6D 65 01 74 6F 01 68 61 6E 64 01 79 6F 75 01 74 68 65 01 74 69 63 6B 65 74 21 C0	1CC 010 037 03F 037 03F 001 014 0D8 01A 03D 07A 1C8 025 032 021 084 015 011 03E 083 029 011 084 022 001 08E 0A5 0E1 084 015 1C8 03B 01F 01D 024 011 084 022 01C 084 01D 07A 1C0
02	44	0x0244	"<SPEAKER>「ごまかしは だめですぜ!
お金が たりないようですな"	"<SPEAKER>No tricks, now! You
do not have enough money."			SPEAKER NEWLINE END	EA:8BAC	CC 4E 6F 01 74 72 69 63 6B 73 2C 01 6E 6F 77 21 01 59 6F 75 C8 64 6F 01 6E 6F 74 01 68 61 76 65 01 65 6E 6F 75 67 68 01 6D 6F 6E 65 79 2E C0	1CC 084 019 02E 015 01B 029 001 084 01F 031 084 022 01C 084 01D 07A 1C8 014 094 084 015 001 01F 037 024 011 035 012 084 022 01C 024 1C0
02	45	0x0245	<SPEAKER>「え そうですかい	<SPEAKER>Oh. Very well.			SPEAKER END	EA:8BDB	CC 4F 68 2E 01 56 65 72 79 01 77 65 6C 6C 2E C0	1CC 013 001 01E 012 084 022 01C 015 011 1C0
02	46	0x0246	"<SPEAKER>「一説によると このバロン城の
地下ふかくに 水道があるらしいんだ<WAIT><SPEAKER>「水道は 島の はるか北の
デスバレー鉱山に 流れていくらしい"	"<SPEAKER>One account says
there is a waterway far
beneath Baron Castle.<WAIT><SPEAKER>It supposedly flows
north all the way to
the mine in Deathvalley."			SPEAKER NEWLINE NEWLINE WAIT SPEAKER NEWLINE NEWLINE END	EA:8BEB	CC 4F 6E 65 01 61 63 63 6F 75 6E 74 01 73 61 79 73 C8 74 68 65 72 65 01 69 73 01 61 01 77 61 74 65 72 77 61 79 01 66 61 72 C8 62 65 6E 65 61 74 68 01 42 61 72 6F 6E 01 43 61 73 74 6C 65 2E C5 CC 49 74 01 73 75 70 70 6F 73 65 64 6C 79 01 66 6C 6F 77 73 C8 6E 6F 72 74 68 01 61 6C 6C 01 74 68 65 01 77 61 79 01 74 6F C8 74 68 65 01 6D 69 6E 65 01 69 6E 01 44 65 61 74 68 76 61 6C 6C 65 79 2E C0	1CC 0AF 08F 025 035 038 023 001 019 028 084 05B 06C 06F 08C 028 1C8 0D5 0B8 02B 015 017 025 001 0B2 0C7 084 015 010 038 036 01B 011 03D 084 01F 1C5 1CC 0B2 0C7 029 001 08A 028 001 029 038 015 09C 028 1C8 084 054 04E 084 05B 06B 078 10B 10C 025 001 198 039 022 011 017 036 01B 011 1C0
02	47	0x0247	"<SPEAKER>「かーちゃんに おこられるから
なにかを買って 宝を
みつけたことにしよう"	"<SPEAKER>Mom will yell at me.
I will buy something and
pretend I found treasure."			SPEAKER NEWLINE NEWLINE END	EA:8C6E	CC 4D 6F 6D 01 77 69 6C 6C 01 79 65 6C 6C 01 61 74 01 6D 65 2E C8 49 01 77 69 6C 6C 01 62 75 79 01 73 6F 6D 65 74 68 69 6E 67 01 61 6E 64 C8 70 72 65 74 65 6E 64 01 49 01 66 6F 75 6E 64 01 74 72 65 61 73 75 72 65 2E C0	1CC 015 078 020 03F 03D 025 001 014 019 036 039 038 015 036 1C8 024 025 015 03C 0A8 03E 022 001 095 03C 1C8 02F 021 018 01F 019 023 025 01B 035 012 1C0
02	48	0x0248	"<SPEAKER>「ブルブルブル 城の とちゅうまで
なんとか たどりついたんだけど
み み 見たんだ で で で で<WAIT><SPEAKER>「で 伝説の でかい モンスターを
た たしかに 見たんだよ ほんと
し しかも 生きていたんだよー<WAIT><SPEAKER>「し しんじてくれよー こわいよー
ブルブル こわいよー ブルブル"	"<SPEAKER>Sh-sh-shiver... I
made it partway into the
castle, and I-I-I saw it!<WAIT><SPEAKER>A legendary giant monster!
I really saw it! It was alive!<WAIT><SPEAKER>Please believe me!
It was terrifying! Shiver..."			SPEAKER NEWLINE NEWLINE WAIT SPEAKER NEWLINE WAIT SPEAKER NEWLINE END	EA:8CB7	CC 53 68 2D 73 68 2D 73 68 69 76 65 72 2E 2E 2E 01 49 C8 6D 61 64 65 01 69 74 01 70 61 72 74 77 61 79 01 69 6E 74 6F 01 74 68 65 C8 63 61 73 74 6C 65 2C 01 61 6E 64 01 49 2D 49 2D 49 01 73 61 77 01 69 74 21 C5 CC 41 01 6C 65 67 65 6E 64 61 72 79 01 67 69 61 6E 74 01 6D 6F 6E 73 74 65 72 21 C8 49 01 72 65 61 6C 6C 79 01 73 61 77 01 69 74 21 01 49 74 01 77 61 73 01 61 6C 69 76 65 21 C5 CC 50 6C 65 61 73 65 01 62 65 6C 69 65 76 65 01 6D 65 21 C8 49 74 01 77 61 73 01 74 65 72 72 69 66 79 69 6E 67 21 01 53 68 69 76 65 72 2E 2E 2E C0	1CC 084 05D 06A 084 05D 06A 084 05D 06A 001 08C 028 001 023 020 040 012 02E 084 022 1C8 024 03D 023 015 001 01F 084 023 037 021 011 01F 03D 084 01F 018 084 023 1C8 02F 001 02F 001 090 01F 03D 084 01F 001 084 022 001 084 022 001 084 022 001 084 022 1C5 1CC 084 022 001 092 08F 028 001 084 022 015 011 001 064 06F 04E 051 078 03C 1C8 01F 001 01F 01B 015 025 001 090 01F 03D 084 01F 035 001 02D 03D 023 1C8 01B 001 01B 015 032 001 09B 016 022 011 01F 03D 084 01F 035 078 1C5 1CC 01B 001 01B 03D 084 01B 022 017 039 035 078 001 019 03B 011 035 078 1C8 084 05D 06A 084 05D 06A 001 019 03B 011 035 078 001 084 05D 06A 084 05D 06A 1C0
02	49	0x0249	"<SPEAKER>「どっかの こしぬけが 城の中で
伝説の でかい モンスターを
見たとか いってたな ふふん<WAIT><SPEAKER>「ますます やる気が でてきたぞ
そいつを とっつかまえて
高く 売っぱらうか"	"<SPEAKER>Some coward claims
he saw a legendary giant
monster inside the castle. Hah!<WAIT><SPEAKER>Now I am even more
excited. I will catch the thing
and sell it for a fortune!"			SPEAKER NEWLINE NEWLINE WAIT SPEAKER NEWLINE NEWLINE END	EA:8D69	CC 53 6F 6D 65 01 63 6F 77 61 72 64 01 63 6C 61 69 6D 73 C8 68 65 01 73 61 77 01 61 01 6C 65 67 65 6E 64 61 72 79 01 67 69 61 6E 74 C8 6D 6F 6E 73 74 65 72 01 69 6E 73 69 64 65 01 74 68 65 01 63 61 73 74 6C 65 2E 01 48 61 68 21 C5 CC 4E 6F 77 01 49 01 61 6D 01 65 76 65 6E 01 6D 6F 72 65 C8 65 78 63 69 74 65 64 2E 01 49 01 77 69 6C 6C 01 63 61 74 63 68 01 74 68 65 01 74 68 69 6E 67 C8 61 6E 64 01 73 65 6C 6C 01 69 74 01 66 6F 72 01 61 01 66 6F 72 74 75 6E 65 21 C0	1CC 084 023 03E 015 028 001 019 01B 026 018 084 015 001 08C 028 0A1 084 022 1C8 092 08F 028 001 084 022 015 011 001 064 06F 04E 051 078 03C 1C8 090 01F 023 015 001 011 03E 022 01F 024 001 02B 02B 03D 1C5 1CC 02E 01C 02E 01C 001 033 038 099 084 015 001 084 022 022 016 01F 084 01E 1C8 01E 011 021 03C 001 023 03E 021 015 02E 013 022 1C8 105 017 001 0A2 03E 083 029 036 012 015 1C0
02	4A	0x024A	"<SPEAKER>「はいはい いまなら
サービスきかん だから
むりょう ですよ!<WAIT><SPEAKER>「きねん写真 を とりますか?"	"<SPEAKER>Sure, sure! It is
free during our promotion.<WAIT><SPEAKER>Want a souvenir photo?"			SPEAKER NEWLINE WAIT SPEAKER END	EA:8E05	CC 53 75 72 65 2C 01 73 75 72 65 21 01 49 74 01 69 73 C8 66 72 65 65 01 64 75 72 69 6E 67 01 6F 75 72 01 70 72 6F 6D 6F 74 69 6F 6E 2E C5 CC 57 61 6E 74 01 61 01 73 6F 75 76 65 6E 69 72 01 70 68 6F 74 6F 3F C0	1CC 029 011 029 011 001 011 02E 024 036 1C8 04C 078 084 05C 04E 016 015 03D 001 084 01F 015 036 1C8 030 037 041 012 001 084 022 01C 035 07A 1C5 1CC 016 027 03D 0C1 0BD 001 03C 001 023 037 02E 01C 015 079 1C0
02	4B	0x024B	"<SPEAKER>「ほんじゃあ しょうめんの
言険刻土の かお から
こっちを 見てください!"	"<SPEAKER>All right. Face
forward and give me
your best adventurer look!"			SPEAKER NEWLINE NEWLINE END	EA:8E4B	CC 41 6C 6C 01 72 69 67 68 74 2E 01 46 61 63 65 C8 66 6F 72 77 61 72 64 01 61 6E 64 01 67 69 76 65 01 6D 65 C8 79 6F 75 72 01 62 65 73 74 01 61 64 76 65 6E 74 75 72 65 72 01 6C 6F 6F 6B 21 C0	1CC 02D 03D 084 01B 03F 010 001 01B 041 012 031 03D 028 1C8 0BA 0BB 16D 13C 028 001 015 014 001 015 036 1C8 019 03E 020 03C 001 090 022 017 084 01F 01A 011 07A 1C0
02	4C	0x024C	"<SPEAKER>「そうかい おれは
とっといたほうが
いいと 思うけどなー"	"<SPEAKER>No? I think
you should get one."			SPEAKER NEWLINE END	EA:8E8B	CC 4E 6F 3F 01 49 01 74 68 69 6E 6B C8 79 6F 75 01 73 68 6F 75 6C 64 01 67 65 74 01 6F 6E 65 2E C0	1CC 01E 012 015 011 001 014 039 029 1C8 023 03E 023 011 01F 02D 012 084 015 1C8 011 011 023 001 10F 012 018 084 023 024 078 1C0
02	4D	0x024D	"<SPEAKER>「できあがった きねん写真は
おうちに おくりますよ!<WAIT><SPEAKER>「なにぶん げんぞうに えらい
時間が かかるもんでね!"	"<SPEAKER>We will mail the
finished photo to your home.<WAIT><SPEAKER>Developing it takes
an awfully long time, though!"			SPEAKER NEWLINE WAIT SPEAKER NEWLINE END	EA:8EAC	CC 57 65 01 77 69 6C 6C 01 6D 61 69 6C 01 74 68 65 C8 66 69 6E 69 73 68 65 64 01 70 68 6F 74 6F 01 74 6F 01 79 6F 75 72 01 68 6F 6D 65 2E C5 CC 44 65 76 65 6C 6F 70 69 6E 67 01 69 74 01 74 61 6B 65 73 C8 61 6E 01 61 77 66 75 6C 6C 79 01 6C 6F 6E 67 01 74 69 6D 65 2C 01 74 68 6F 75 67 68 21 C0	1CC 084 022 016 010 084 015 03E 01F 001 016 027 03D 0C1 0BD 029 1C8 014 012 020 025 001 014 017 037 02E 01C 035 07A 1C5 1CC 024 025 084 02B 03D 001 084 018 03D 084 01E 012 025 001 013 036 011 1C8 164 0E3 084 015 001 015 015 038 032 03D 084 022 027 07A 1C0
02	4E	0x024E	"<SPEAKER>「いきますよー!
はい チーズ!"	<SPEAKER>Here we go! Say cheese!			SPEAKER END	EA:8F0E	CC 48 65 72 65 01 77 65 01 67 6F 21 01 53 61 79 01 63 68 65 65 73 65 21 C0	1CC 011 016 02E 01C 035 078 07A 1C8 029 011 001 052 078 084 04E 07A 1C0
02	4F	0x024F	"<SPEAKER>「おくすり かってくれよー
おくすり かってくれよー"	"<SPEAKER>Buy some
medicine! Medicine for sale!"			SPEAKER NEWLINE END	EA:8F27	CC 42 75 79 01 73 6F 6D 65 C8 6D 65 64 69 63 69 6E 65 21 01 4D 65 64 69 63 69 6E 65 01 66 6F 72 01 73 61 6C 65 21 C0	1CC 014 017 01C 037 001 015 03E 022 017 039 035 078 1C8 014 017 01C 037 001 015 03E 022 017 039 035 078 1C0
02	50	0x0250	"<SPEAKER>「よお ねえちゃん! どこで
みちくさ くってたんだい? へへへ
おれは さきに いかしてもらうぜ"	"<SPEAKER>Hey, sister! What
took you so long? Heh.
I am going on ahead!"			SPEAKER NEWLINE NEWLINE END	EA:8F4E	CC 48 65 79 2C 01 73 69 73 74 65 72 21 01 57 68 61 74 C8 74 6F 6F 6B 01 79 6F 75 01 73 6F 01 6C 6F 6E 67 3F 01 48 65 68 2E C8 49 01 61 6D 01 67 6F 69 6E 67 01 6F 6E 01 61 68 65 61 64 21 C0	1CC 035 014 001 027 013 020 03F 03D 07A 001 084 023 019 084 022 1C8 02F 020 017 01A 001 017 03E 022 01F 03D 084 01F 011 079 001 02C 02C 02C 1C8 014 039 029 001 01A 016 025 001 011 015 01B 022 032 036 012 084 01D 1C0
02	51	0x0251	"<CLEAR>
ずっしりと おもそうな
てつの とびらが しまっている"	<CLEAR>A heavy iron door is tightly shut.			CLEAR END	EA:8F8D	D0 41 01 68 65 61 76 79 01 69 72 6F 6E 01 64 6F 6F 72 01 69 73 01 74 69 67 68 74 6C 79 01 73 68 75 74 2E C0	1D0 084 01C 03E 01B 037 023 001 014 032 01E 012 024 1C8 022 021 028 001 023 084 02A 036 084 015 001 01B 02E 03E 022 011 038 1C0
02	52	0x0252	"<CLEAR>
おんせん
ご自由に お入りください"	"<CLEAR>HOT SPRING Please
feel free to enter."			CLEAR NEWLINE END	EA:8FB1	D0 48 4F 54 01 53 50 52 49 4E 47 01 50 6C 65 61 73 65 C8 66 65 65 6C 01 66 72 65 65 01 74 6F 01 65 6E 74 65 72 2E C0	1D0 014 03D 01D 03D 1C8 084 019 0E2 163 025 001 014 08E 037 017 084 01F 01A 011 1C0
02	53	0x0253	"<SPEAKER>「ちょっとお そんなとこ
さわんないでよお!<WAIT><SPEAKER>「おんなどおし なのに
ちょっと やめてってば
あ<PAUSE_30> あ<PAUSE_30> ああ"	"<SPEAKER>Hey! Do not
touch me there!<WAIT><SPEAKER>We are both
women, but seriously,
stop that! Ah<PAUSE_30>... ah<PAUSE_30>... aaah!"			SPEAKER NEWLINE WAIT SPEAKER NEWLINE NEWLINE PAUSE_30 PAUSE_30 END	EA:8FD8	CC 48 65 79 21 01 44 6F 01 6E 6F 74 C8 74 6F 75 63 68 01 6D 65 01 74 68 65 72 65 21 C5 CC 57 65 01 61 72 65 01 62 6F 74 68 C8 77 6F 6D 65 6E 2C 01 62 75 74 01 73 65 72 69 6F 75 73 6C 79 2C C8 73 74 6F 70 01 74 68 61 74 21 01 41 68 CD 2E 2E 2E 01 61 68 CD 2E 2E 2E 01 61 61 61 68 21 C0	1CC 020 041 03E 023 014 001 01E 03D 024 023 019 1C8 01A 03B 03D 024 011 084 022 035 014 07A 1C5 1CC 014 03D 024 084 023 014 01B 001 024 028 025 1C8 020 041 03E 023 001 033 031 022 03E 022 084 029 1C8 010 1CD 001 010 1CD 001 010 010 1C0
02	54	0x0254	"<CLEAR>
目が とろんとしている
気持ちよさそうだ"	"<CLEAR>Her eyes look dreamy. She
seems very comfortable."			CLEAR NEWLINE END	EA:9037	D0 48 65 72 01 65 79 65 73 01 6C 6F 6F 6B 01 64 72 65 61 6D 79 2E 01 53 68 65 C8 73 65 65 6D 73 01 76 65 72 79 01 63 6F 6D 66 6F 72 74 61 62 6C 65 2E C0	1D0 0B6 084 015 001 023 03A 03D 023 01B 022 011 038 1C8 099 0D3 020 035 01A 01E 012 084 01F 1C0
02	55	0x0255	"<SPEAKER>「ひえっ ひえっ ひえっへへへ
これは これは お嬢ちゃん!
バロン城に よくぞ まいられた"	"<SPEAKER>Hee hee hee!
Well, well, young lady!
Welcome to Baron Castle."			SPEAKER NEWLINE NEWLINE END	EA:906A	CC 48 65 65 01 68 65 65 01 68 65 65 21 C8 57 65 6C 6C 2C 01 77 65 6C 6C 2C 01 79 6F 75 6E 67 01 6C 61 64 79 21 C8 57 65 6C 63 6F 6D 65 01 74 6F 01 42 61 72 6F 6E 01 43 61 73 74 6C 65 2E C0	1CC 02A 013 03E 001 02A 013 03E 001 02A 013 03E 02C 02C 02C 1C8 019 039 029 001 019 039 029 001 014 0D8 020 03F 03D 07A 1C8 084 05B 06C 06F 08C 025 001 035 017 084 01E 001 02E 011 036 039 01F 1C0
02	56	0x0256	"<SPEAKER>「それでは お嬢ちゃん
にゅうじょうけんを いただくぞい!"	"<SPEAKER>Now then, young lady, I
will take your admission ticket!"			SPEAKER NEWLINE END	EA:90A9	CC 4E 6F 77 01 74 68 65 6E 2C 01 79 6F 75 6E 67 01 6C 61 64 79 2C 01 49 C8 77 69 6C 6C 01 74 61 6B 65 01 79 6F 75 72 01 61 64 6D 69 73 73 69 6F 6E 01 74 69 63 6B 65 74 21 C0	1CC 01E 039 084 022 029 001 014 0D8 020 03F 03D 1C8 025 040 012 084 01B 041 012 018 03D 03C 001 011 01F 084 01F 017 084 01E 011 07A 1C0
02	57	0x0257	"<SPEAKER>「きょうは とくべつサービスじゃ!
城の中を あんない してやろう!
そこの 乗り物に 乗るがよい!"	"<SPEAKER>Today you get a special
service! I will show you around
the castle. Climb into that vehicle!"			SPEAKER NEWLINE NEWLINE END	EA:90E3	CC 54 6F 64 61 79 01 79 6F 75 01 67 65 74 01 61 01 73 70 65 63 69 61 6C C8 73 65 72 76 69 63 65 21 01 49 01 77 69 6C 6C 01 73 68 6F 77 01 79 6F 75 01 61 72 6F 75 6E 64 C8 74 68 65 01 63 61 73 74 6C 65 2E 01 43 6C 69 6D 62 01 69 6E 74 6F 01 74 68 61 74 01 76 65 68 69 63 6C 65 21 C0	1CC 016 041 012 029 001 023 017 084 02C 021 04C 078 084 05C 04E 084 01B 03F 07A 1C8 08C 028 0A1 03C 001 010 03D 024 011 001 01B 022 033 03A 012 07A 1C8 01E 019 028 001 13F 037 08B 025 001 13F 038 084 015 035 011 07A 1C0
02	58	0x0258	<SPEAKER>「そこの 乗り物に 乗るがよい!	<SPEAKER>Climb into that vehicle!			SPEAKER END	EA:9141	CC 43 6C 69 6D 62 01 69 6E 74 6F 01 74 68 61 74 01 76 65 68 69 63 6C 65 21 C0	1CC 01E 019 028 001 13F 037 08B 025 001 13F 038 084 015 035 011 07A 1C0
02	59	0x0259	"<SPEAKER>「ひえっ ひえっ ひえっ
じごくへの とびらを いま
あけて しんぜよう うりゃ!"	"<SPEAKER>Hee hee hee! I shall now
open the door to hell! Hyaa!"			SPEAKER NEWLINE END	EA:915B	CC 48 65 65 01 68 65 65 01 68 65 65 21 01 49 01 73 68 61 6C 6C 01 6E 6F 77 C8 6F 70 65 6E 01 74 68 65 01 64 6F 6F 72 01 74 6F 01 68 65 6C 6C 21 01 48 79 61 61 21 C0	1CC 02A 013 03E 001 02A 013 03E 001 02A 013 03E 1C8 084 01B 084 019 017 02C 028 001 023 084 02A 036 03C 001 011 02E 1C8 010 018 022 001 01B 03D 084 01D 035 012 001 012 037 03F 07A 1C0
02	5A	0x025A	"<SPEAKER>「けけけけけ! 行くのも よし
ひきかえすも よし それは
あんたの 自由じゃてのう"	"<SPEAKER>Keh-heh-heh! Go
on, or turn back. It
is entirely your choice."			SPEAKER NEWLINE NEWLINE END	EA:9192	CC 4B 65 68 2D 68 65 68 2D 68 65 68 21 01 47 6F C8 6F 6E 2C 01 6F 72 01 74 75 72 6E 01 62 61 63 6B 2E 01 49 74 C8 69 73 01 65 6E 74 69 72 65 6C 79 01 79 6F 75 72 01 63 68 6F 69 63 65 2E C0	1CC 018 018 018 018 018 07A 001 08D 017 028 032 001 035 01B 1C8 02A 016 015 013 01C 032 001 035 01B 001 01E 039 029 1C8 010 03D 01F 028 001 0E2 163 084 01B 03F 022 028 012 1C0
02	5B	0x025B	"<SPEAKER>「ちょっきん ちょきちょき
ちょっきん ちょきちょき"	"<SPEAKER>Snip, snip. Clip,
clip. Snip, snip. Clip, clip."			SPEAKER NEWLINE END	EA:91D1	CC 53 6E 69 70 2C 01 73 6E 69 70 2E 01 43 6C 69 70 2C C8 63 6C 69 70 2E 01 53 6E 69 70 2C 01 73 6E 69 70 2E 01 43 6C 69 70 2C 01 63 6C 69 70 2E C0	1CC 020 041 03E 016 03D 001 020 041 016 020 041 016 1C8 020 041 03E 016 03D 001 020 041 016 020 041 016 1C0
02	5C	0x025C	"<SPEAKER>「べろべろ ばあ けけけけ
あばばばあ うけけけっ"	"<SPEAKER>Bleh-bleh! Boo!
Heh-heh! Abababa! Ukekeke!"			SPEAKER NEWLINE END	EA:9202	CC 42 6C 65 68 2D 62 6C 65 68 21 01 42 6F 6F 21 C8 48 65 68 2D 68 65 68 21 01 41 62 61 62 61 62 61 21 01 55 6B 65 6B 65 6B 65 21 C0	1CC 084 02C 03A 084 02C 03A 001 084 029 010 001 018 018 018 018 1C8 010 084 029 084 029 084 029 010 001 012 018 018 018 03E 1C0
02	5D	0x025D	"<SPEAKER>「ここで 行きどまりだよ・・・
あんたはね・・・
うききききっ"	"<SPEAKER>This is as far as
you go... Hee hee hee!"			SPEAKER NEWLINE END	EA:922E	CC 54 68 69 73 01 69 73 01 61 73 01 66 61 72 01 61 73 C8 79 6F 75 01 67 6F 2E 2E 2E 01 48 65 65 01 68 65 65 01 68 65 65 21 C0	1CC 019 019 084 022 001 08D 016 084 023 02E 037 084 01F 035 081 081 081 1C8 010 03D 01F 029 027 081 081 081 1C8 012 016 016 016 016 03E 1C0
02	5E	0x025E	"<SPEAKER>「この さきで 道が ふたつに
わかれるけど どっちでも
すきな方を えらぶといいよ<WAIT><SPEAKER>「行きつくところは いっしょ
きょうふと せんりつの
バロン城の さいごのひみつさ・・・"	"<SPEAKER>The road ahead
splits in two. Take
whichever path you like.<WAIT><SPEAKER>Both lead to the
same place: the last dreadful
secret of Baron Castle..."			SPEAKER NEWLINE NEWLINE WAIT SPEAKER NEWLINE NEWLINE END	EA:9258	CC 54 68 65 01 72 6F 61 64 01 61 68 65 61 64 C8 73 70 6C 69 74 73 01 69 6E 01 74 77 6F 2E 01 54 61 6B 65 C8 77 68 69 63 68 65 76 65 72 01 70 61 74 68 01 79 6F 75 01 6C 69 6B 65 2E C5 CC 42 6F 74 68 01 6C 65 61 64 01 74 6F 01 74 68 65 C8 73 61 6D 65 01 70 6C 61 63 65 3A 01 74 68 65 01 6C 61 73 74 01 64 72 65 61 64 66 75 6C C8 73 65 63 72 65 74 01 6F 66 01 42 61 72 6F 6E 01 43 61 73 74 6C 65 2E 2E 2E C0	1CC 019 028 001 01A 016 084 022 001 0C7 084 015 001 02B 01F 021 025 1C8 03B 015 039 038 018 084 023 001 084 023 03E 020 084 022 032 1C8 01C 016 024 0B9 03C 001 013 036 084 02B 023 011 011 035 1C5 1CC 08D 016 021 017 023 019 03A 029 001 011 03E 01B 041 1C8 016 041 012 02B 023 001 01D 03D 037 021 028 1C8 084 05B 06C 06F 08C 028 001 01A 011 084 019 028 02A 02F 021 01A 081 081 081 1C0
02	5F	0x025F	"<CLEAR>
ベビーバロンの 像がある
目のところに 何かを
はめこむ あなが あいている"	"<CLEAR>A Baby Baron statue. There
are holes in its eyes for
something to be inserted."			CLEAR NEWLINE NEWLINE END	EA:92DF	D0 41 01 42 61 62 79 01 42 61 72 6F 6E 01 73 74 61 74 75 65 2E 01 54 68 65 72 65 C8 61 72 65 01 68 6F 6C 65 73 01 69 6E 01 69 74 73 01 65 79 65 73 01 66 6F 72 C8 73 6F 6D 65 74 68 69 6E 67 01 74 6F 01 62 65 01 69 6E 73 65 72 74 65 64 2E C0	1D0 084 05E 084 05C 078 084 05B 06C 06F 028 001 159 084 015 010 038 1C8 0B6 028 023 019 03A 025 001 093 015 03C 1C8 029 031 019 030 001 010 024 084 015 001 010 011 022 011 038 1C0
02	60	0x0260	"<CLEAR>
モンスターが 読みそうな
えほんが たくさん ある<WAIT>
<CLEAR>
「バロンくん」の4巻だけが
ぬけているようだ"	"<CLEAR>There are lots of picture
books that look like
monsters would read.<WAIT><CLEAR>Only volume 4 of ""Little
Baron"" seems to be missing.<LINE>"			CLEAR NEWLINE NEWLINE WAIT CLEAR NEWLINE LINE END	EA:932F	D0 54 68 65 72 65 01 61 72 65 01 6C 6F 74 73 01 6F 66 01 70 69 63 74 75 72 65 C8 62 6F 6F 6B 73 01 74 68 61 74 01 6C 6F 6F 6B 01 6C 69 6B 65 C8 6D 6F 6E 73 74 65 72 73 01 77 6F 75 6C 64 01 72 65 61 64 2E C5 D0 4F 6E 6C 79 01 76 6F 6C 75 6D 65 01 34 01 6F 66 01 22 4C 69 74 74 6C 65 C8 42 61 72 6F 6E 22 01 73 65 65 6D 73 01 74 6F 01 62 65 01 6D 69 73 73 69 6E 67 2E C3 C0	1D0 064 06F 04E 051 078 084 015 001 118 02F 01E 012 024 1C8 013 02D 03D 084 015 001 01F 017 01A 03D 001 010 038 1C5 1D0 07D 084 05B 06C 06F 017 03D 07E 028 006 188 084 01F 018 084 015 1C8 026 018 022 011 038 035 012 084 01F 1C3 1C0
02	61	0x0261	"<SPEAKER>「えーっと・・・<WAIT><SPEAKER>「「むかし あるところに ベビ・・・
<PAUSE_30>・・・なんだっけな?<WAIT><SPEAKER>「ぼく ベビきちくんの
おはなしを おぼえたのに
もう わすれちゃったよ"	"<SPEAKER>Umm...<WAIT><SPEAKER>""Once upon a
time, there was a baby...
<PAUSE_30> ...What was it again?<WAIT><SPEAKER>I memorized the
story about little Bebikichi,
but I already forgot it."			SPEAKER WAIT SPEAKER NEWLINE NEWLINE PAUSE_30 WAIT SPEAKER NEWLINE NEWLINE END	EA:93AB	CC 55 6D 6D 2E 2E 2E C5 CC 22 4F 6E 63 65 01 75 70 6F 6E 01 61 C8 74 69 6D 65 2C 01 74 68 65 72 65 01 77 61 73 01 61 01 62 61 62 79 2E 2E 2E C8 CD 01 2E 2E 2E 57 68 61 74 01 77 61 73 01 69 74 01 61 67 61 69 6E 3F C5 CC 49 01 6D 65 6D 6F 72 69 7A 65 64 01 74 68 65 C8 73 74 6F 72 79 01 61 62 6F 75 74 01 6C 69 74 74 6C 65 01 42 65 62 69 6B 69 63 68 69 2C C8 62 75 74 01 49 01 61 6C 72 65 61 64 79 01 66 6F 72 67 6F 74 01 69 74 2E C0	1CC 013 078 03E 023 081 081 081 1C5 1CC 07D 030 015 01B 001 010 038 023 019 03A 025 001 084 05E 084 05C 081 081 081 1C8 1CD 081 081 081 024 03D 084 01F 03E 018 024 079 1C5 1CC 084 02D 017 001 084 05E 084 05C 016 020 017 03D 028 1C8 014 029 024 01B 03C 001 014 084 02D 013 01F 028 025 1C8 032 012 001 03B 01C 039 020 03F 03E 01F 035 1C0
02	62	0x0262	"<SPEAKER>「ベビきちくんの おはなしを
読んでくれて ありがとう"	"<SPEAKER>Thanks for reading
the story about little Bebikichi."			SPEAKER NEWLINE END	EA:943B	CC 54 68 61 6E 6B 73 01 66 6F 72 01 72 65 61 64 69 6E 67 C8 74 68 65 01 73 74 6F 72 79 01 61 62 6F 75 74 01 6C 69 74 74 6C 65 01 42 65 62 69 6B 69 63 68 69 2E C0	1CC 084 05E 084 05C 016 020 017 03D 028 001 014 029 024 01B 03C 1C8 118 03D 084 022 017 039 022 001 010 037 084 015 023 012 1C0
02	63	0x0263	"<CLEAR>
ちぎれた えほんの ページがある<WAIT>
<CLEAR>
「むかし あるところに」<WAIT>
<CLEAR>
と 書いてある"	"<CLEAR>There is a torn page
from a picture book.<WAIT><CLEAR>""Once upon a time,
in a certain place...""<WAIT><CLEAR>is written on it."			CLEAR NEWLINE WAIT CLEAR NEWLINE WAIT CLEAR END	EA:9471	D0 54 68 65 72 65 01 69 73 01 61 01 74 6F 72 6E 01 70 61 67 65 C8 66 72 6F 6D 01 61 01 70 69 63 74 75 72 65 01 62 6F 6F 6B 2E C5 D0 22 4F 6E 63 65 01 75 70 6F 6E 01 61 01 74 69 6D 65 2C C8 69 6E 01 61 01 63 65 72 74 61 69 6E 01 70 6C 61 63 65 2E 2E 2E 22 C5 D0 69 73 01 77 72 69 74 74 65 6E 01 6F 6E 01 69 74 2E C0	1D0 020 084 016 039 01F 001 013 02D 03D 028 001 083 05E 078 084 04D 084 015 010 038 1C5 1D0 07D 030 015 01B 001 010 038 023 019 03A 025 07E 1C5 1D0 023 001 098 011 022 010 038 1C0
02	64	0x0264	"<CLEAR>
ちぎれた えほんの ページがある<WAIT>
<CLEAR>
「ベビきちという」<WAIT>
<CLEAR>
と 書いてある"	"<CLEAR>There is a torn page
from a picture book.<WAIT><CLEAR>""There was a Baby
Baron named Bebikichi...""<WAIT><CLEAR>is written on it."			CLEAR NEWLINE WAIT CLEAR NEWLINE WAIT CLEAR END	EA:94DA	D0 54 68 65 72 65 01 69 73 01 61 01 74 6F 72 6E 01 70 61 67 65 C8 66 72 6F 6D 01 61 01 70 69 63 74 75 72 65 01 62 6F 6F 6B 2E C5 D0 22 54 68 65 72 65 01 77 61 73 01 61 01 42 61 62 79 C8 42 61 72 6F 6E 01 6E 61 6D 65 64 01 42 65 62 69 6B 69 63 68 69 2E 2E 2E 22 C5 D0 69 73 01 77 72 69 74 74 65 6E 01 6F 6E 01 69 74 2E C0	1D0 020 084 016 039 01F 001 013 02D 03D 028 001 083 05E 078 084 04D 084 015 010 038 1C5 1D0 07D 084 05E 084 05C 016 020 023 011 012 07E 1C5 1D0 023 001 098 011 022 010 038 1C0
02	65	0x0265	"<CLEAR>
ちぎれた えほんの ページがある<WAIT>
<CLEAR>
「ベビーバロンがいました」<WAIT>
<CLEAR>
と 書いてある"	"<CLEAR>There is a torn page
from a picture book.<WAIT><CLEAR>""There was a Baby Baron...""<WAIT><CLEAR>is written on it."			CLEAR NEWLINE WAIT CLEAR WAIT CLEAR END	EA:9545	D0 54 68 65 72 65 01 69 73 01 61 01 74 6F 72 6E 01 70 61 67 65 C8 66 72 6F 6D 01 61 01 70 69 63 74 75 72 65 01 62 6F 6F 6B 2E C5 D0 22 54 68 65 72 65 01 77 61 73 01 61 01 42 61 62 79 01 42 61 72 6F 6E 2E 2E 2E 22 C5 D0 69 73 01 77 72 69 74 74 65 6E 01 6F 6E 01 69 74 2E C0	1D0 020 084 016 039 01F 001 013 02D 03D 028 001 083 05E 078 084 04D 084 015 010 038 1C5 1D0 07D 084 05E 084 05C 078 084 05B 06C 06F 084 015 011 02E 01B 01F 07E 1C5 1D0 023 001 098 011 022 010 038 1C0
02	66	0x0266	"<CLEAR>
ちぎれた えほんの ページがある<WAIT>
<CLEAR>
「ベビきちは あわてんぼうなので」<WAIT>
<CLEAR>
と 書いてある"	"<CLEAR>There is a torn page
from a picture book.<WAIT><CLEAR>""Bebikichi was very hasty, so...""<WAIT><CLEAR>is written on it."			CLEAR NEWLINE WAIT CLEAR WAIT CLEAR END	EA:95A0	D0 54 68 65 72 65 01 69 73 01 61 01 74 6F 72 6E 01 70 61 67 65 C8 66 72 6F 6D 01 61 01 70 69 63 74 75 72 65 01 62 6F 6F 6B 2E C5 D0 22 42 65 62 69 6B 69 63 68 69 01 77 61 73 01 76 65 72 79 01 68 61 73 74 79 2C 01 73 6F 2E 2E 2E 22 C5 D0 69 73 01 77 72 69 74 74 65 6E 01 6F 6E 01 69 74 2E C0	1D0 020 084 016 039 01F 001 013 02D 03D 028 001 083 05E 078 084 04D 084 015 010 038 1C5 1D0 07D 084 05E 084 05C 016 020 029 001 010 03B 022 03D 084 02D 012 024 028 084 022 07E 1C5 1D0 023 001 098 011 022 010 038 1C0
02	67	0x0267	"<CLEAR>
ちぎれた えほんの ページがある<WAIT>
<CLEAR>
「どうくつの なかで」<WAIT>
<CLEAR>
と 書いてある"	"<CLEAR>There is a torn page
from a picture book.<WAIT><CLEAR>""Inside a cave...""<WAIT><CLEAR>is written on it."			CLEAR NEWLINE WAIT CLEAR WAIT CLEAR END	EA:9601	D0 54 68 65 72 65 01 69 73 01 61 01 74 6F 72 6E 01 70 61 67 65 C8 66 72 6F 6D 01 61 01 70 69 63 74 75 72 65 01 62 6F 6F 6B 2E C5 D0 22 49 6E 73 69 64 65 01 61 01 63 61 76 65 2E 2E 2E 22 C5 D0 69 73 01 77 72 69 74 74 65 6E 01 6F 6E 01 69 74 2E C0	1D0 020 084 016 039 01F 001 013 02D 03D 028 001 083 05E 078 084 04D 084 015 010 038 1C5 1D0 07D 084 023 012 017 021 028 001 024 015 084 022 07E 1C5 1D0 023 001 098 011 022 010 038 1C0
02	68	0x0268	"<CLEAR>
ちぎれた えほんの ページがある<WAIT>
<CLEAR>
「いわと にんげんを まちがえて」<WAIT>
<CLEAR>
と 書いてある"	"<CLEAR>There is a torn page
from a picture book.<WAIT><CLEAR>""He mistook people for rocks...""<WAIT><CLEAR>is written on it."			CLEAR NEWLINE WAIT CLEAR WAIT CLEAR END	EA:9653	D0 54 68 65 72 65 01 69 73 01 61 01 74 6F 72 6E 01 70 61 67 65 C8 66 72 6F 6D 01 61 01 70 69 63 74 75 72 65 01 62 6F 6F 6B 2E C5 D0 22 48 65 01 6D 69 73 74 6F 6F 6B 01 70 65 6F 70 6C 65 01 66 6F 72 01 72 6F 63 6B 73 2E 2E 2E 22 C5 D0 69 73 01 77 72 69 74 74 65 6E 01 6F 6E 01 69 74 2E C0	1D0 020 084 016 039 01F 001 013 02D 03D 028 001 083 05E 078 084 04D 084 015 010 038 1C5 1D0 07D 011 03B 023 001 025 03D 084 018 03D 03C 001 02E 020 084 015 013 022 07E 1C5 1D0 023 001 098 011 022 010 038 1C0
02	69	0x0269	"<CLEAR>
ちぎれた えほんの ページがある<WAIT>
<CLEAR>
「よく けがを していました」<WAIT>
<CLEAR>
と 書いてある"	"<CLEAR>There is a torn page
from a picture book.<WAIT><CLEAR>""And was often badly hurt.""<WAIT><CLEAR>is written on it."			CLEAR NEWLINE WAIT CLEAR WAIT CLEAR END	EA:96B3	D0 54 68 65 72 65 01 69 73 01 61 01 74 6F 72 6E 01 70 61 67 65 C8 66 72 6F 6D 01 61 01 70 69 63 74 75 72 65 01 62 6F 6F 6B 2E C5 D0 22 41 6E 64 01 77 61 73 01 6F 66 74 65 6E 01 62 61 64 6C 79 01 68 75 72 74 2E 22 C5 D0 69 73 01 77 72 69 74 74 65 6E 01 6F 6E 01 69 74 2E C0	1D0 020 084 016 039 01F 001 013 02D 03D 028 001 083 05E 078 084 04D 084 015 010 038 1C5 1D0 07D 035 017 001 018 084 015 03C 001 01B 022 011 02E 01B 01F 07E 1C5 1D0 023 001 098 011 022 010 038 1C0
02	6A	0x026A	"<CLEAR>
ちぎれた えほんの ページがある<WAIT>
<CLEAR>
「みんなも きを つけましょうね」<WAIT>
<CLEAR>
と 書いてある"	"<CLEAR>There is a torn page
from a picture book.<WAIT><CLEAR>""So everyone, please
be careful too.""<WAIT><CLEAR>is written on it."			CLEAR NEWLINE WAIT CLEAR NEWLINE WAIT CLEAR END	EA:970E	D0 54 68 65 72 65 01 69 73 01 61 01 74 6F 72 6E 01 70 61 67 65 C8 66 72 6F 6D 01 61 01 70 69 63 74 75 72 65 01 62 6F 6F 6B 2E C5 D0 22 53 6F 01 65 76 65 72 79 6F 6E 65 2C 01 70 6C 65 61 73 65 C8 62 65 01 63 61 72 65 66 75 6C 01 74 6F 6F 2E 22 C5 D0 69 73 01 77 72 69 74 74 65 6E 01 6F 6E 01 69 74 2E C0	1D0 020 084 016 039 01F 001 013 02D 03D 028 001 083 05E 078 084 04D 084 015 010 038 1C5 1D0 07D 02F 03D 024 032 001 016 03C 001 021 018 02E 01B 041 012 027 07E 1C5 1D0 023 001 098 011 022 010 038 1C0
02	6B	0x026B	"<CLEAR>
いみふめいの むつかしい本が
ならんでいる・・・・・・・・・ん?<WAIT>
<CLEAR>
本の おくに スイッチがある
おしてみますか?"	"<CLEAR>Rows of difficult,
incomprehensible books... Hm?<WAIT><CLEAR>There is a switch behind
the books. Press it?<LINE>"			CLEAR NEWLINE WAIT CLEAR NEWLINE LINE END	EA:9773	D0 52 6F 77 73 01 6F 66 01 64 69 66 66 69 63 75 6C 74 2C C8 69 6E 63 6F 6D 70 72 65 68 65 6E 73 69 62 6C 65 01 62 6F 6F 6B 73 2E 2E 2E 01 48 6D 3F C5 D0 54 68 65 72 65 01 69 73 01 61 01 73 77 69 74 63 68 01 62 65 68 69 6E 64 C8 74 68 65 01 62 6F 6F 6B 73 2E 01 50 72 65 73 73 01 69 74 3F C3 C0	1D0 011 02F 02B 031 011 028 001 030 021 015 01B 011 13A 084 015 1C8 024 036 03D 084 022 011 038 081 081 081 081 081 081 081 081 081 03D 079 1C5 1D0 13A 028 001 014 017 025 001 04E 043 070 052 084 015 010 038 1C8 014 01B 022 02F 02E 01C 015 079 1C3 1C0
02	6C	0x026C	"<CLEAR>
本の おくに スイッチがある
スイッチは おされている"	"<CLEAR>There is a switch
behind the books. It has
already been pressed."			CLEAR NEWLINE NEWLINE END	EA:97D5	D0 54 68 65 72 65 01 69 73 01 61 01 73 77 69 74 63 68 C8 62 65 68 69 6E 64 01 74 68 65 01 62 6F 6F 6B 73 2E 01 49 74 01 68 61 73 C8 61 6C 72 65 61 64 79 01 62 65 65 6E 01 70 72 65 73 73 65 64 2E C0	1D0 13A 028 001 014 017 025 001 04E 043 070 052 084 015 010 038 1C8 04E 043 070 052 029 001 014 01A 039 022 011 038 1C0
02	6D	0x026D	"<SPEAKER>「おれは 火の玉が
にがてなんだ あしが すくんで
行けないよ"	"<SPEAKER>I hate fireballs. My legs
freeze up and I cannot move!"			SPEAKER NEWLINE END	EA:9817	CC 49 01 68 61 74 65 01 66 69 72 65 62 61 6C 6C 73 2E 01 4D 79 01 6C 65 67 73 C8 66 72 65 65 7A 65 01 75 70 01 61 6E 64 01 49 01 63 61 6E 6E 6F 74 01 6D 6F 76 65 21 C0	1CC 014 039 029 001 110 028 127 084 015 1C8 025 084 015 022 024 03D 084 01F 001 010 01B 084 015 001 01C 017 03D 084 022 1C8 0B1 018 024 011 035 1C0
02	6E	0x026E	"<SPEAKER>「ずっと ふんばっていたんで
あしが しびれて 行けないよ"	"<SPEAKER>I braced myself
for so long my legs went
numb. I cannot move!"			SPEAKER NEWLINE NEWLINE END	EA:984F	CC 49 01 62 72 61 63 65 64 01 6D 79 73 65 6C 66 C8 66 6F 72 01 73 6F 01 6C 6F 6E 67 01 6D 79 01 6C 65 67 73 01 77 65 6E 74 C8 6E 75 6D 62 2E 01 49 01 63 61 6E 6E 6F 74 01 6D 6F 76 65 21 C0	1CC 084 01C 03E 023 001 02B 03D 084 029 03E 022 011 01F 03D 084 022 1C8 010 01B 084 015 001 01B 084 02A 039 022 001 0B1 018 024 011 035 1C0
02	6F	0x026F	"<CLEAR>
かべに ボタンがある
おしてみますか?"	"<CLEAR>There is a button on
the wall. Press it?"			CLEAR NEWLINE END	EA:988E	D0 54 68 65 72 65 01 69 73 01 61 01 62 75 74 74 6F 6E 01 6F 6E C8 74 68 65 01 77 61 6C 6C 2E 01 50 72 65 73 73 01 69 74 3F C0	1D0 015 084 02C 025 001 084 05F 051 06F 084 015 010 038 1C8 014 01B 022 02F 02E 01C 015 079 1C0
02	70	0x0270	"<CLEAR>
ほのおが とまった!"	<CLEAR>The flames stopped!			CLEAR END	EA:98B8	D0 54 68 65 01 66 6C 61 6D 65 73 01 73 74 6F 70 70 65 64 21 C0	1D0 02D 028 014 084 015 001 023 02E 03E 01F 07A 1C0
02	71	0x0271	"<CLEAR>
かべに ボタンがある
ボタンは おされている"	"<CLEAR>There is a button on the wall.
It has already been pressed."			CLEAR NEWLINE END	EA:98CD	D0 54 68 65 72 65 01 69 73 01 61 01 62 75 74 74 6F 6E 01 6F 6E 01 74 68 65 01 77 61 6C 6C 2E C8 49 74 01 68 61 73 01 61 6C 72 65 61 64 79 01 62 65 65 6E 01 70 72 65 73 73 65 64 2E C0	1D0 015 084 02C 025 001 084 05F 051 06F 084 015 010 038 1C8 084 05F 051 06F 029 001 014 01A 039 022 011 038 1C0
02	72	0x0272	"<CLEAR>
「使用 ふのう
と 書いてある"	"<CLEAR>""OUT OF ORDER"" is written here."			CLEAR END	EA:990A	D0 22 4F 55 54 01 4F 46 01 4F 52 44 45 52 22 01 69 73 01 77 72 69 74 74 65 6E 01 68 65 72 65 2E C0	1D0 07D 123 112 001 02B 028 012 1C8 023 001 098 011 022 010 038 1C0
02	73	0x0273	"<CLEAR>
ろうかで なにか おとがした"	"<CLEAR>You heard something
in the hallway."			CLEAR NEWLINE END	EA:992B	D0 59 6F 75 01 68 65 61 72 64 01 73 6F 6D 65 74 68 69 6E 67 C8 69 6E 01 74 68 65 01 68 61 6C 6C 77 61 79 2E C0	1D0 03A 012 015 084 022 001 024 025 015 001 014 023 084 015 01B 01F 1C0
02	74	0x0274	"<CLEAR>
「じゅんばんに レバーを行かせ
よく見ろ よく聞け そして 頭を使え
・・・と かいてある"	"<CLEAR>""Move the levers in order. Look
closely, listen carefully, and use
your head."" ...is written here."			CLEAR NEWLINE NEWLINE END	EA:9950	D0 22 4D 6F 76 65 01 74 68 65 01 6C 65 76 65 72 73 01 69 6E 01 6F 72 64 65 72 2E 01 4C 6F 6F 6B C8 63 6C 6F 73 65 6C 79 2C 01 6C 69 73 74 65 6E 01 63 61 72 65 66 75 6C 6C 79 2C 01 61 6E 64 01 75 73 65 C8 79 6F 75 72 01 68 65 61 64 2E 22 01 2E 2E 2E 69 73 01 77 72 69 74 74 65 6E 01 68 65 72 65 2E C0	1D0 07D 084 01B 040 03D 084 029 03D 025 001 06B 084 05B 078 03C 0B1 015 01D 1C8 035 017 090 03A 001 035 017 0A6 018 001 01E 01B 022 001 1B9 03C 123 013 1C8 081 081 081 023 001 015 011 022 010 038 1C0
02	75	0x0275	"<CLEAR>
コックスの たましいが
おたけびをあげた!"	"<CLEAR>Cox's soul lets
out a mighty roar!"			CLEAR NEWLINE END	EA:99B4	D0 43 6F 78 27 73 01 73 6F 75 6C 01 6C 65 74 73 C8 6F 75 74 01 61 01 6D 69 67 68 74 79 01 72 6F 61 72 21 C0	1D0 04B 070 049 04E 028 001 01F 02E 01B 011 084 015 1C8 014 01F 018 084 02A 03C 010 084 018 01F 07A 1C0
02	76	0x0276	"<SPEAKER>「・・・あのー お嬢さま
わたしの かんがえを
いって かまいませんか?"	"<SPEAKER>Um... Lady? May
I offer my opinion?"			SPEAKER NEWLINE END	EA:99D8	CC 55 6D 2E 2E 2E 01 4C 61 64 79 3F 01 4D 61 79 C8 49 01 6F 66 66 65 72 01 6D 79 01 6F 70 69 6E 69 6F 6E 3F C0	1CC 081 081 081 010 028 078 001 014 0D8 01A 02E 1C8 03B 01F 01B 028 001 015 03D 084 015 013 03C 1C8 011 03E 022 001 015 02E 011 02E 01D 03D 015 079 1C0
02	77	0x0277	"<CLEAR>
コックスの意見を 聞きますか?"	<CLEAR>Listen to Cox's opinion?			CLEAR END	EA:99FD	D0 4C 69 73 74 65 6E 01 74 6F 01 43 6F 78 27 73 01 6F 70 69 6E 69 6F 6E 3F C0	1D0 04B 070 049 04E 028 131 090 03C 001 0A6 016 02E 01C 015 079 1C0
02	78	0x0278	"<SPEAKER>「6本のレバーを じゅんばんに
行かす やり方は えーと・・・
720通りも ありますよ!<WAIT><SPEAKER>「しらみつぶしに やるより
いい方法が あるかも・・・"	"<SPEAKER>There are, let me
see... 720 different orders
for moving six levers!<WAIT><SPEAKER>There may be
a better way than
trying every combination..."			SPEAKER NEWLINE NEWLINE WAIT SPEAKER NEWLINE NEWLINE END	EA:9A17	CC 54 68 65 72 65 01 61 72 65 2C 01 6C 65 74 01 6D 65 C8 73 65 65 2E 2E 2E 01 37 32 30 01 64 69 66 66 65 72 65 6E 74 01 6F 72 64 65 72 73 C8 66 6F 72 01 6D 6F 76 69 6E 67 01 73 69 78 01 6C 65 76 65 72 73 21 C5 CC 54 68 65 72 65 01 6D 61 79 01 62 65 C8 61 01 62 65 74 74 65 72 01 77 61 79 01 74 68 61 6E C8 74 72 79 69 6E 67 01 65 76 65 72 79 01 63 6F 6D 62 69 6E 61 74 69 6F 6E 2E 2E 2E C0	1CC 008 13A 028 06B 084 05B 078 03C 001 084 01B 040 03D 084 029 03D 025 1C8 0B1 015 01C 001 033 037 0B9 029 001 013 078 023 081 081 081 1C8 009 004 002 12E 037 032 001 010 037 02E 01C 035 07A 1C5 1CC 01B 036 02F 021 084 02B 01B 025 001 033 038 035 037 1C8 011 011 0B9 157 084 015 001 010 038 015 032 081 081 081 1C0
02	79	0x0279	"<CLEAR>
もっと コックスの意見を 聞きますか?"	<CLEAR>Hear more of Cox's opinion?			CLEAR END	EA:9A99	D0 48 65 61 72 01 6D 6F 72 65 01 6F 66 01 43 6F 78 27 73 01 6F 70 69 6E 69 6F 6E 3F C0	1D0 032 03E 023 001 04B 070 049 04E 028 131 090 03C 001 0A6 016 02E 01C 015 079 1C0
02	7A	0x027A	"<SPEAKER>「レバーを しらべましょう
きっと 何か 手がかりが
あると思うんですが・・・"	"<SPEAKER>Let us examine the
levers. I am sure there is
some kind of clue here..."			SPEAKER NEWLINE NEWLINE END	EA:9AB6	CC 4C 65 74 01 75 73 01 65 78 61 6D 69 6E 65 01 74 68 65 C8 6C 65 76 65 72 73 2E 01 49 01 61 6D 01 73 75 72 65 01 74 68 65 72 65 01 69 73 C8 73 6F 6D 65 01 6B 69 6E 64 01 6F 66 01 63 6C 75 65 01 68 65 72 65 2E 2E 2E C0	1CC 06B 084 05B 078 03C 001 01B 036 084 02C 02E 01B 041 012 1C8 016 03E 023 001 093 015 001 177 084 015 015 037 084 015 1C8 010 038 023 10F 012 03D 084 022 01C 084 015 081 081 081 1C0
02	7B	0x027B	"<SPEAKER>「さっき ろうかの方で
何か ゴトッ・・・て
いいませんでした?"	"<SPEAKER>Did you hear
something go clunk in
the hallway just now?"			SPEAKER NEWLINE NEWLINE END	EA:9AFF	CC 44 69 64 01 79 6F 75 01 68 65 61 72 C8 73 6F 6D 65 74 68 69 6E 67 01 67 6F 01 63 6C 75 6E 6B 01 69 6E C8 74 68 65 01 68 61 6C 6C 77 61 79 01 6A 75 73 74 01 6E 6F 77 3F C0	1CC 01A 03E 016 001 03A 012 015 028 0B9 084 022 1C8 093 015 001 084 04B 055 070 081 081 081 022 1C8 011 011 02E 01D 03D 084 022 01B 01F 079 1C0
02	7C	0x027C	"<SPEAKER>「でへへへへ ねえちゃんよー
気持ちええぜえ ごうもんはよー
びりびりっとな うひゃひゃー"	"<SPEAKER>Heh heh heh,
hey, babe! Torture feels
great! Bzzzt! Ah-ha-ha-ha!"			SPEAKER NEWLINE NEWLINE END	EA:9B39	CC 48 65 68 01 68 65 68 01 68 65 68 2C C8 68 65 79 2C 01 62 61 62 65 21 01 54 6F 72 74 75 72 65 01 66 65 65 6C 73 C8 67 72 65 61 74 21 01 42 7A 7A 7A 74 21 01 41 68 2D 68 61 2D 68 61 2D 68 61 21 C0	1CC 084 022 02C 02C 02C 02C 001 027 013 020 03F 03D 035 078 1C8 099 0D3 020 013 013 084 01D 013 001 084 019 012 032 03D 029 035 078 1C8 084 02A 037 084 02A 037 03E 023 024 001 012 02A 03F 02A 03F 078 1C0
02	7D	0x027D	"<SPEAKER>「いいことを おしえてやろう!
とにかく 体力だ!
体力を まんたんにしとけ!"	"<SPEAKER>Here is some advice!
Stamina is everything! Keep
your health topped off!"			SPEAKER NEWLINE NEWLINE END	EA:9B7B	CC 48 65 72 65 01 69 73 01 73 6F 6D 65 01 61 64 76 69 63 65 21 C8 53 74 61 6D 69 6E 61 01 69 73 01 65 76 65 72 79 74 68 69 6E 67 21 01 4B 65 65 70 C8 79 6F 75 72 01 68 65 61 6C 74 68 01 74 6F 70 70 65 64 01 6F 66 66 21 C0	1CC 011 011 019 023 03C 001 014 01B 013 022 033 03A 012 07A 1C8 023 025 015 017 001 0F0 107 084 01F 07A 1C8 0F0 107 03C 001 02E 03D 01F 03D 025 01B 023 018 07A 1C0
02	7E	0x027E	<SPEAKER>「おくすりが ほしいのか?	<SPEAKER>Want some medicine?			SPEAKER END	EA:9BC5	CC 57 61 6E 74 01 73 6F 6D 65 01 6D 65 64 69 63 69 6E 65 3F C0	1CC 014 017 01C 037 084 015 001 02D 01B 011 028 015 079 1C0
02	7F	0x027F	<SPEAKER>「ほらよ! 感謝しな!	<SPEAKER>Here! Be grateful!			SPEAKER END	EA:9BDA	CC 48 65 72 65 21 01 42 65 01 67 72 61 74 65 66 75 6C 21 C0	1CC 02D 036 035 07A 001 0FC 193 01B 024 07A 1C0
02	80	0x0280	"<SPEAKER>「なんだ いっぱい
持ってるじゃねえか!
がめついねえ ねえちゃんよ!"	"<SPEAKER>Hey, you already have
plenty! Greedy, are we, lady?"			SPEAKER NEWLINE END	EA:9BEE	CC 48 65 79 2C 01 79 6F 75 01 61 6C 72 65 61 64 79 01 68 61 76 65 C8 70 6C 65 6E 74 79 21 01 47 72 65 65 64 79 2C 01 61 72 65 01 77 65 2C 01 6C 61 64 79 3F C0	1CC 024 03D 084 01F 001 011 03E 083 029 011 1C8 0D3 03E 022 038 084 01B 03F 027 013 015 07A 1C8 084 015 031 021 011 027 013 001 027 013 020 03F 03D 035 07A 1C0
02	81	0x0281	"<SPEAKER>「強がり いってんのも
いまのうちだぜ ねえちゃん!"	"<SPEAKER>Enjoy acting tough
while you can, lady!"			SPEAKER NEWLINE END	EA:9C23	CC 45 6E 6A 6F 79 01 61 63 74 69 6E 67 01 74 6F 75 67 68 C8 77 68 69 6C 65 01 79 6F 75 01 63 61 6E 2C 01 6C 61 64 79 21 C0	1CC 138 084 015 037 001 011 03E 022 03D 028 032 1C8 011 02E 028 012 020 084 01F 084 01D 001 027 013 020 03F 03D 07A 1C0
02	82	0x0282	<SPEAKER>「・・・・・・・	<SPEAKER>.......			SPEAKER END	EA:9C4C	CC 2E 2E 2E 2E 2E 2E 2E C0	1CC 081 081 081 081 081 081 081 1C0
02	83	0x0283	"<SPEAKER>「けけっ ぼくは 見物人さ
人間が くるしんでるのを
みるのは しぬほど たのしいよ"	"<SPEAKER>Keh-heh! I am just a
spectator. Watching humans suffer
is so much fun I could die!"			SPEAKER NEWLINE NEWLINE END	EA:9C55	CC 4B 65 68 2D 68 65 68 21 01 49 01 61 6D 01 6A 75 73 74 01 61 C8 73 70 65 63 74 61 74 6F 72 2E 01 57 61 74 63 68 69 6E 67 01 68 75 6D 61 6E 73 01 73 75 66 66 65 72 C8 69 73 01 73 6F 01 6D 75 63 68 01 66 75 6E 01 49 01 63 6F 75 6C 64 01 64 69 65 21 C0	1CC 018 018 03E 001 084 02D 017 029 001 090 08B 091 01A 1C8 091 0E3 084 015 001 017 038 01B 03D 084 022 038 028 03C 1C8 02F 038 028 029 001 01B 026 02D 084 023 001 01F 028 01B 011 035 1C0
02	84	0x0284	<SPEAKER>「けっ しなないのか けっ	"<SPEAKER>Keh! You
are not dead yet?"			SPEAKER NEWLINE END	EA:9CA9	CC 4B 65 68 21 01 59 6F 75 C8 61 72 65 01 6E 6F 74 01 64 65 61 64 01 79 65 74 3F C0	1CC 018 03E 001 01B 024 024 011 028 015 001 018 03E 1C0
02	85	0x0285	<SPEAKER>「けけけっ ほれ 歩け 歩け!	"<SPEAKER>Keh-heh-heh!
Come on, walk! Walk!"			SPEAKER NEWLINE END	EA:9CC5	CC 4B 65 68 2D 68 65 68 2D 68 65 68 21 C8 43 6F 6D 65 01 6F 6E 2C 01 77 61 6C 6B 21 01 57 61 6C 6B 21 C0	1CC 018 018 018 03E 001 02D 039 001 0D0 018 001 0D0 018 07A 1C0
02	86	0x0286	"<SPEAKER>「けっ まだ 生きてやがるな!
ふん! まあ いいか よし"	"<SPEAKER>Keh! Still alive, huh?
Hmph! Fine, that will do."			SPEAKER NEWLINE END	EA:9CE8	CC 4B 65 68 21 01 53 74 69 6C 6C 01 61 6C 69 76 65 2C 01 68 75 68 3F C8 48 6D 70 68 21 01 46 69 6E 65 2C 01 74 68 61 74 01 77 69 6C 6C 01 64 6F 2E C0	1CC 018 03E 001 02E 084 01F 001 09B 016 022 033 084 015 038 024 07A 1C8 02B 03D 07A 001 02E 010 001 011 011 015 001 035 01B 1C0
02	87	0x0287	"<SPEAKER>「れんがをー おとしつづけてー
うでが たくましくー
なりましたー もりもりー"	"<SPEAKER>I kept dropping
bricks, and now my arms
are huge! Muscles! Muscles!"			SPEAKER NEWLINE NEWLINE END	EA:9D1A	CC 49 01 6B 65 70 74 01 64 72 6F 70 70 69 6E 67 C8 62 72 69 63 6B 73 2C 01 61 6E 64 01 6E 6F 77 01 6D 79 01 61 72 6D 73 C8 61 72 65 01 68 75 67 65 21 01 4D 75 73 63 6C 65 73 21 01 4D 75 73 63 6C 65 73 21 C0	1CC 039 03D 084 015 03C 078 001 014 023 01B 021 084 021 018 022 078 1C8 012 084 022 084 015 001 01F 017 02E 01B 017 078 1C8 024 037 02E 01B 01F 078 001 032 037 032 037 078 1C0
02	88	0x0288	"<CLEAR>
たるの中には なみなみと
ぶどう色の 水が はいっている<WAIT>
<CLEAR>
この 水を のみますか?"	"<CLEAR>The barrel is filled to the
brim with purple-colored water.<WAIT><CLEAR>Drink the water?"			CLEAR NEWLINE WAIT CLEAR END	EA:9D5F	D0 54 68 65 01 62 61 72 72 65 6C 01 69 73 01 66 69 6C 6C 65 64 01 74 6F 01 74 68 65 C8 62 72 69 6D 01 77 69 74 68 01 70 75 72 70 6C 65 2D 63 6F 6C 6F 72 65 64 01 77 61 74 65 72 2E C5 D0 44 72 69 6E 6B 01 74 68 65 01 77 61 74 65 72 3F C0	1D0 01F 038 028 0A1 025 029 001 024 02F 024 02F 023 1C8 084 02B 084 023 012 19E 028 001 0B2 084 015 001 029 011 03E 022 011 038 1C5 1D0 019 028 001 0B2 03C 001 028 02F 02E 01C 015 079 1C0
02	89	0x0289	"<CLEAR>
レディは ぶどう色の
水を のんだ<WAIT>
<CLEAR>
もっと のみますか?"	<CLEAR>Lady drinks the purple water.<WAIT><CLEAR>Drink some more?			CLEAR WAIT CLEAR END	EA:9DAE	D0 4C 61 64 79 01 64 72 69 6E 6B 73 01 74 68 65 01 70 75 72 70 6C 65 01 77 61 74 65 72 2E C5 D0 44 72 69 6E 6B 01 73 6F 6D 65 01 6D 6F 72 65 3F C0	1D0 06B 084 054 075 029 001 084 02B 084 023 012 19E 028 1C8 0B2 03C 001 028 03D 084 01F 1C5 1D0 032 03E 023 001 028 02F 02E 01C 015 079 1C0
02	8A	0x028A	"<CLEAR>
レディは ぶどう色の
水を のんだ<WAIT>
<CLEAR>
たるは からっぽになった
これなら 持ち上げられそうだ!"	"<CLEAR>Lady drinks the purple water.<WAIT><CLEAR>The barrel is empty now.
It looks light enough to lift!"			CLEAR WAIT CLEAR NEWLINE END	EA:9DDF	D0 4C 61 64 79 01 64 72 69 6E 6B 73 01 74 68 65 01 70 75 72 70 6C 65 01 77 61 74 65 72 2E C5 D0 54 68 65 01 62 61 72 72 65 6C 01 69 73 01 65 6D 70 74 79 01 6E 6F 77 2E C8 49 74 01 6C 6F 6F 6B 73 01 6C 69 67 68 74 01 65 6E 6F 75 67 68 01 74 6F 01 6C 69 66 74 21 C0	1D0 06B 084 054 075 029 001 084 02B 084 023 012 19E 028 1C8 0B2 03C 001 028 03D 084 01F 1C5 1D0 01F 038 029 001 015 036 03E 083 02D 025 024 03E 01F 1C8 019 039 024 036 001 0D3 020 128 084 018 036 039 01E 012 084 01F 07A 1C0
02	8B	0x028B	"<CLEAR>
あしもとが ふらふらする
思うように あるけない"	"<CLEAR>Your feet feel unsteady.
You cannot walk straight."			CLEAR NEWLINE END	EA:9E37	D0 59 6F 75 72 01 66 65 65 74 01 66 65 65 6C 01 75 6E 73 74 65 61 64 79 2E C8 59 6F 75 01 63 61 6E 6E 6F 74 01 77 61 6C 6B 01 73 74 72 61 69 67 68 74 2E C0	1D0 010 01B 032 023 084 015 001 02B 036 02B 036 01C 038 1C8 10F 012 035 012 025 001 010 038 018 024 011 1C0
02	8C	0x028C	"<SPEAKER>「おくすりは いらんかねー
おいしい おくすりじゃよー"	"<SPEAKER>Need any medicine?
Tasty medicine for sale!"			SPEAKER NEWLINE END	EA:9E6B	CC 4E 65 65 64 01 61 6E 79 01 6D 65 64 69 63 69 6E 65 3F C8 54 61 73 74 79 01 6D 65 64 69 63 69 6E 65 01 66 6F 72 01 73 61 6C 65 21 C0	1CC 014 017 01C 037 029 001 011 036 03D 015 027 078 1C8 014 011 01B 011 001 014 017 01C 037 084 01B 03F 035 078 1C0
02	8D	0x028D	"<SPEAKER>「<INSERT_A>は <NUMBER>Yじゃよ
かっていくかね?"	"<SPEAKER><INSERT_A> costs
<NUMBER>Y. Will you buy it?"			SPEAKER INSERT_A NEWLINE NUMBER END	EA:9E98	CC C4 01 63 6F 73 74 73 C8 C2 59 2E 01 57 69 6C 6C 01 79 6F 75 01 62 75 79 01 69 74 3F C0	1CC 1C4 029 001 1C2 00F 084 01B 03F 035 1C8 015 03E 022 011 017 015 027 079 1C0
02	8E	0x028E	<SPEAKER>「どなたが 持つんじゃな?	<SPEAKER>Who will carry it?			SPEAKER END	EA:9EB6	CC 57 68 6F 01 77 69 6C 6C 01 63 61 72 72 79 01 69 74 3F C0	1CC 084 023 024 01F 084 015 001 0D3 021 03D 084 01B 03F 024 079 1C0
02	8F	0x028F	"<SPEAKER>「ほい <INSERT_C>
わたしましたぞ<WAIT><SPEAKER>「もっと おいりようかな?"	<SPEAKER>There you are, <INSERT_C>.<WAIT><SPEAKER>Need anything else?			SPEAKER INSERT_C WAIT SPEAKER END	EA:9ECA	CC 54 68 65 72 65 01 79 6F 75 01 61 72 65 2C 01 CE 2E C5 CC 4E 65 65 64 01 61 6E 79 74 68 69 6E 67 01 65 6C 73 65 3F C0	1CC 02D 011 001 1CE 1C8 03B 01F 01B 02E 01B 01F 084 01E 1C5 1CC 032 03E 023 001 014 011 037 035 012 015 024 079 1C0
02	90	0x0290	"<SPEAKER>「では <INSERT_C>の
かんおけに いれておきますぞ<WAIT><SPEAKER>「もっと おいりようかな?"	"<SPEAKER>I will put it
in <INSERT_C>'s coffin.<WAIT><SPEAKER>Need anything else?"			SPEAKER NEWLINE INSERT_C WAIT SPEAKER END	EA:9EF2	CC 49 01 77 69 6C 6C 01 70 75 74 01 69 74 C8 69 6E 01 CE 27 73 01 63 6F 66 66 69 6E 2E C5 CC 4E 65 65 64 01 61 6E 79 74 68 69 6E 67 01 65 6C 73 65 3F C0	1CC 084 022 029 001 1CE 028 1C8 015 03D 014 018 025 001 011 039 022 014 016 02E 01C 084 01E 1C5 1CC 032 03E 023 001 014 011 037 035 012 015 024 079 1C0
02	91	0x0291	"<SPEAKER>「おや <INSERT_C>は
もう にもつがいっぱいじゃな"	"<SPEAKER>Oh, <INSERT_C>
cannot carry any more."			SPEAKER INSERT_C NEWLINE END	EA:9F25	CC 4F 68 2C 01 CE C8 63 61 6E 6E 6F 74 01 63 61 72 72 79 01 61 6E 79 01 6D 6F 72 65 2E C0	1CC 014 033 001 1CE 029 1C8 032 012 001 025 032 021 084 015 011 03E 083 029 011 084 01B 03F 024 1C0
02	92	0x0292	"<SPEAKER>「ほかの人に おわたし
しようかな?"	<SPEAKER>Give it to someone else?			SPEAKER END	EA:9F43	CC 47 69 76 65 01 69 74 01 74 6F 01 73 6F 6D 65 6F 6E 65 01 65 6C 73 65 3F C0	1CC 02D 015 028 091 025 001 014 03B 01F 01B 1C8 01B 035 012 015 024 079 1C0
02	93	0x0293	<SPEAKER>「おやめに なりますかな	<SPEAKER>Stop shopping?			SPEAKER END	EA:9F5D	CC 53 74 6F 70 01 73 68 6F 70 70 69 6E 67 3F C0	1CC 014 033 031 025 001 024 037 02E 01C 015 024 1C0
02	94	0x0294	"<SPEAKER>「おっと お金が
たりないようじゃな"	"<SPEAKER>Oh, you do not
have enough money."			SPEAKER NEWLINE END	EA:9F6D	CC 4F 68 2C 01 79 6F 75 01 64 6F 01 6E 6F 74 C8 68 61 76 65 01 65 6E 6F 75 67 68 01 6D 6F 6E 65 79 2E C0	1CC 014 03E 023 001 014 094 084 015 1C8 01F 037 024 011 035 012 084 01B 03F 024 1C0
02	95	0x0295	"<SPEAKER>「気を つけて くだされ ふが
ふがふが で 伝説の ふが
大きな ま 魔物が ふがふが<WAIT><SPEAKER>「あわわ おそろしや ふがふがふが"	"<SPEAKER>B-be careful... snort...
The legendary... snort... huge...
m-monster... snort, snort...<WAIT><SPEAKER>Aah! How
terrifying! Snort, snort!"			SPEAKER NEWLINE NEWLINE WAIT SPEAKER NEWLINE END	EA:9F90	CC 42 2D 62 65 01 63 61 72 65 66 75 6C 2E 2E 2E 01 73 6E 6F 72 74 2E 2E 2E C8 54 68 65 01 6C 65 67 65 6E 64 61 72 79 2E 2E 2E 01 73 6E 6F 72 74 2E 2E 2E 01 68 75 67 65 2E 2E 2E C8 6D 2D 6D 6F 6E 73 74 65 72 2E 2E 2E 01 73 6E 6F 72 74 2C 01 73 6E 6F 72 74 2E 2E 2E C5 CC 41 61 68 21 01 48 6F 77 C8 74 65 72 72 69 66 79 69 6E 67 21 01 53 6E 6F 72 74 2C 01 73 6E 6F 72 74 21 C0	1CC 099 03C 001 021 018 022 001 017 084 01F 01A 039 001 02B 084 015 1C8 02B 084 015 02B 084 015 001 084 022 001 092 08F 028 001 02B 084 015 1C8 0AC 016 024 001 02E 001 09A 08B 084 015 001 02B 084 015 02B 084 015 1C5 1CC 010 03B 03B 001 014 01E 03A 01B 033 001 02B 084 015 02B 084 015 02B 084 015 1C0
02	96	0x0296	"<SPEAKER>「はやく 帰ったほうが ええ
この 城には 宝なんて ねえ
それどころか 魔物に かんづ"	"<SPEAKER>Go home. There's
no treasure in this castle.
Worse... the monsters..."			SPEAKER NEWLINE NEWLINE END	EA:A00D	CC 47 6F 01 68 6F 6D 65 2E 01 54 68 65 72 65 27 73 C8 6E 6F 01 74 72 65 61 73 75 72 65 01 69 6E 01 74 68 69 73 01 63 61 73 74 6C 65 2E C8 57 6F 72 73 65 2E 2E 2E 01 74 68 65 01 6D 6F 6E 73 74 65 72 73 2E 2E 2E C0	1CC 029 033 017 001 13D 03E 01F 02D 012 084 015 001 013 013 1C8 019 028 001 08C 025 029 001 095 024 03D 022 001 027 013 1C8 01E 039 084 023 019 03A 015 001 09A 08B 025 001 015 03D 084 021 1C0
02	97	0x0297	"<SPEAKER>「お嬢さん
また ばけものが来ると いかんから
はやく かえんなさい"	"<SPEAKER>Young lady, leave
quickly. That monster
may come back again."			SPEAKER NEWLINE NEWLINE END	EA:A054	CC 59 6F 75 6E 67 01 6C 61 64 79 2C 01 6C 65 61 76 65 C8 71 75 69 63 6B 6C 79 2E 01 54 68 61 74 01 6D 6F 6E 73 74 65 72 C8 6D 61 79 01 63 6F 6D 65 01 62 61 63 6B 01 61 67 61 69 6E 2E C0	1CC 014 0D8 01A 03D 1C8 02E 01F 001 084 029 018 032 028 084 015 097 038 023 001 011 015 03D 015 036 1C8 029 033 017 001 015 013 03D 024 01A 011 1C0
02	98	0x0298	"<CLEAR>
何も いわない
脳ミソが くさっているようだ"	"<CLEAR>It says nothing. Its brain
seems to have rotted away."			CLEAR NEWLINE END	EA:A092	D0 49 74 01 73 61 79 73 01 6E 6F 74 68 69 6E 67 2E 01 49 74 73 01 62 72 61 69 6E C8 73 65 65 6D 73 01 74 6F 01 68 61 76 65 01 72 6F 74 74 65 64 01 61 77 61 79 2E C0	1D0 093 032 001 011 03B 024 011 1C8 1BB 061 050 084 015 001 017 01A 03E 022 011 038 035 012 084 01F 1C0
02	99	0x0299	"<CLEAR>
「ちかみち モンスターにちゅうい
と かいてある"	"<CLEAR>""SHORTCUT BEWARE
OF MONSTERS"""			CLEAR NEWLINE END	EA:A0C9	D0 22 53 48 4F 52 54 43 55 54 01 42 45 57 41 52 45 C8 4F 46 01 4D 4F 4E 53 54 45 52 53 22 C0	1D0 07D 020 015 02F 020 001 064 06F 04E 051 078 025 020 040 012 011 1C8 023 001 015 011 022 010 038 1C0
02	9A	0x029A	"<CLEAR>
「とおまわり きけん
と かいてある"	"<CLEAR>""DETOUR DANGER"""			CLEAR END	EA:A0E8	D0 22 44 45 54 4F 55 52 01 44 41 4E 47 45 52 22 C0	1D0 07D 023 014 02E 03B 037 001 016 018 03D 1C8 023 001 015 011 022 010 038 1C0
02	9B	0x029B	"<SPEAKER>「けけけっ ここんとこ
こっちのみちに 誰も
こなくて たいくつだったよ<WAIT><SPEAKER>「ここを こえたかったら
ぼくを たおしていってごらん"	"<SPEAKER>Keh-heh-heh! Nobody
has used this path lately.
I was getting bored.<WAIT><SPEAKER>If you want to
pass, try defeating me first!"			SPEAKER NEWLINE NEWLINE WAIT SPEAKER NEWLINE END	EA:A0F9	CC 4B 65 68 2D 68 65 68 2D 68 65 68 21 01 4E 6F 62 6F 64 79 C8 68 61 73 01 75 73 65 64 01 74 68 69 73 01 70 61 74 68 01 6C 61 74 65 6C 79 2E C8 49 01 77 61 73 01 67 65 74 74 69 6E 67 01 62 6F 72 65 64 2E C5 CC 49 66 01 79 6F 75 01 77 61 6E 74 01 74 6F C8 70 61 73 73 2C 01 74 72 79 01 64 65 66 65 61 74 69 6E 67 01 6D 65 01 66 69 72 73 74 21 C0	1CC 018 018 018 03E 001 019 019 03D 023 019 1C8 019 03E 020 028 02F 020 025 001 0FA 032 1C8 019 024 017 022 001 01F 011 017 021 084 01F 03E 01F 035 1C5 1CC 019 019 03C 001 019 013 01F 015 03E 01F 036 1C8 084 02D 017 03C 001 01F 014 01B 022 011 03E 022 084 019 036 03D 1C0
02	9C	0x029C	"<SPEAKER>「へえ きみ ベビすけを
やっつけたの? 強いね<WAIT><SPEAKER>「でも ぼくは まけないよ
けけっ かかってこい けけっ"	"<SPEAKER>Oh? You beat
Bebisuke? You are strong.<WAIT><SPEAKER>But I will not
lose! Keh-heh! Come on!"			SPEAKER NEWLINE WAIT SPEAKER NEWLINE END	EA:A16C	CC 4F 68 3F 01 59 6F 75 01 62 65 61 74 C8 42 65 62 69 73 75 6B 65 3F 01 59 6F 75 01 61 72 65 01 73 74 72 6F 6E 67 2E C5 CC 42 75 74 01 49 01 77 69 6C 6C 01 6E 6F 74 C8 6C 6F 73 65 21 01 4B 65 68 2D 68 65 68 21 01 43 6F 6D 65 01 6F 6E 21 C0	1CC 02C 013 001 016 02F 001 084 05E 084 05C 01C 018 03C 1C8 033 03E 021 018 01F 028 079 001 138 011 027 1C5 1CC 084 022 032 001 084 02D 017 029 001 02E 018 024 011 035 1C8 018 018 03E 001 015 015 03E 022 019 011 001 018 018 03E 1C0
02	9D	0x029D	"<SPEAKER>「けけっ と とおっていいよ
べ べつに 戦ってもいいんだけど
ま まあ ゆるしてやるよ けけっ"	"<SPEAKER>K-keh-heh... You may pass.
I-I could still fight, of course,
but I will let you off this time!"			SPEAKER NEWLINE NEWLINE END	EA:A1BC	CC 4B 2D 6B 65 68 2D 68 65 68 2E 2E 2E 01 59 6F 75 01 6D 61 79 01 70 61 73 73 2E C8 49 2D 49 01 63 6F 75 6C 64 01 73 74 69 6C 6C 01 66 69 67 68 74 2C 01 6F 66 01 63 6F 75 72 73 65 2C C8 62 75 74 01 49 01 77 69 6C 6C 01 6C 65 74 01 79 6F 75 01 6F 66 66 01 74 68 69 73 01 74 69 6D 65 21 C0	1CC 018 018 03E 001 023 001 023 014 03E 022 011 011 035 1C8 084 02C 001 084 02C 021 025 001 10D 03E 022 032 011 011 03D 084 01F 018 084 023 1C8 02E 001 02E 010 001 034 038 01B 022 033 038 035 001 018 018 03E 1C0
02	9E	0x029E	"<CLEAR>
のりものそうこ
かんけいしゃ いがい
たちいり きんし<WAIT>
<CLEAR>
のりものせんろは ただいま
かくちょうこうじのため
みかんせいです    ジェイビー"	"<CLEAR>VEHICLE DEPOT AUTHORIZED
PERSONNEL ONLY<WAIT><CLEAR>Vehicle tracks are
currently unfinished due
to expansion work. J.B."			CLEAR NEWLINE WAIT CLEAR NEWLINE NEWLINE END	EA:A21C	D0 56 45 48 49 43 4C 45 01 44 45 50 4F 54 01 41 55 54 48 4F 52 49 5A 45 44 C8 50 45 52 53 4F 4E 4E 45 4C 01 4F 4E 4C 59 C5 D0 56 65 68 69 63 6C 65 01 74 72 61 63 6B 73 01 61 72 65 C8 63 75 72 72 65 6E 74 6C 79 01 75 6E 66 69 6E 69 73 68 65 64 01 64 75 65 C8 74 6F 01 65 78 70 61 6E 73 69 6F 6E 01 77 6F 72 6B 2E 01 4A 2E 42 2E C0	1D0 028 037 032 028 01E 012 019 1C8 015 03D 018 011 01B 03F 001 011 084 015 011 1C8 01F 020 011 037 001 016 03D 01B 1C5 1D0 028 037 032 028 01D 03D 03A 029 001 01F 084 01F 011 02E 1C8 015 017 020 041 012 019 012 084 01B 028 01F 031 1C8 02F 015 03D 01D 011 084 022 01C 001 001 001 001 084 04D 076 043 084 05C 078 1C0
02	9F	0x029F	"<SPEAKER>「ううう う お おねがいだ
お おくすりを め めぐんでくれ"	"<SPEAKER>Ugh... p-please...
S-spare me some medicine..."			SPEAKER NEWLINE END	EA:A28A	CC 55 67 68 2E 2E 2E 01 70 2D 70 6C 65 61 73 65 2E 2E 2E C8 53 2D 73 70 61 72 65 01 6D 65 01 73 6F 6D 65 01 6D 65 64 69 63 69 6E 65 2E 2E 2E C0	1CC 012 012 012 001 012 001 014 001 014 027 084 015 011 084 01F 1C8 014 001 014 017 01C 037 03C 001 031 001 031 084 017 03D 084 022 017 039 1C0
02	A0	0x02A0	<SPEAKER>「あ ありがてえ ありがてえぜ<WAIT><SPEAKER>「グビグビ ゴクゴク	<SPEAKER>Th-thank you... Thank you!<WAIT><SPEAKER>Gulp, gulp...			SPEAKER WAIT SPEAKER END	EA:A2BA	CC 54 68 2D 74 68 61 6E 6B 01 79 6F 75 2E 2E 2E 01 54 68 61 6E 6B 01 79 6F 75 21 C5 CC 47 75 6C 70 2C 01 67 75 6C 70 2E 2E 2E C0	1CC 010 001 010 037 084 015 022 013 001 010 037 084 015 022 013 084 01D 1C5 1CC 084 049 084 05C 084 049 084 05C 001 084 04B 049 084 04B 049 1C0
02	A1	0x02A1	"<CLEAR>
バーボの LPが
24ポイント かいふくした"	<CLEAR>Barbo recovered 24 LP.			CLEAR END	EA:A2E5	D0 42 61 72 62 6F 01 72 65 63 6F 76 65 72 65 64 01 32 34 01 4C 50 2E C0	1D0 084 05B 078 084 05F 028 001 00C 00E 084 015 1C8 004 006 083 05F 043 06F 055 001 015 011 02B 017 01B 01F 1C0
02	A2	0x02A2	"<SPEAKER>「うう な なんとか すこしは
ら らくになったぜ ふうー<WAIT><SPEAKER>「よーし ねえちゃん!
おくれをとりもどすぜい!
とりゃー ガッツ ガッツー!"	"<SPEAKER>Ugh... I feel a
little better now. Whew...<WAIT><SPEAKER>All right, lady!
Time to make up for lost
time! Hyaa! Guts! Guts!"			SPEAKER NEWLINE WAIT SPEAKER NEWLINE NEWLINE END	EA:A2FD	CC 55 67 68 2E 2E 2E 01 49 01 66 65 65 6C 01 61 C8 6C 69 74 74 6C 65 01 62 65 74 74 65 72 01 6E 6F 77 2E 01 57 68 65 77 2E 2E 2E C5 CC 41 6C 6C 01 72 69 67 68 74 2C 01 6C 61 64 79 21 C8 54 69 6D 65 01 74 6F 01 6D 61 6B 65 01 75 70 01 66 6F 72 01 6C 6F 73 74 C8 74 69 6D 65 21 01 48 79 61 61 21 01 47 75 74 73 21 01 47 75 74 73 21 C0	1CC 012 012 001 024 001 024 03D 023 015 001 01C 019 01B 029 1C8 036 001 036 017 025 024 03E 01F 084 01D 001 02B 012 078 1C5 1CC 035 078 01B 001 027 013 020 03F 03D 07A 1C8 014 017 039 03C 023 037 032 084 023 01C 084 01D 011 07A 1C8 023 037 03F 078 001 084 047 070 053 001 084 047 070 053 078 07A 1C0
02	A3	0x02A3	"<SPEAKER>「うう そんな せっしょうな
ね ねえちゃん つ つめたいぜ
うげっ ごほ ごほ うう うー<WAIT><SPEAKER>「くそー 死んで たまるかい"	"<SPEAKER>Ugh... That is cold,
lady... Cough! Cough! Ugh...<WAIT><SPEAKER>Damn it! I
am not dying here!"			SPEAKER NEWLINE WAIT SPEAKER NEWLINE END	EA:A36C	CC 55 67 68 2E 2E 2E 01 54 68 61 74 01 69 73 01 63 6F 6C 64 2C C8 6C 61 64 79 2E 2E 2E 01 43 6F 75 67 68 21 01 43 6F 75 67 68 21 01 55 67 68 2E 2E 2E C5 CC 44 61 6D 6E 01 69 74 21 01 49 C8 61 6D 01 6E 6F 74 01 64 79 69 6E 67 01 68 65 72 65 21 C0	1CC 012 012 001 01E 03D 024 001 01D 03E 01B 041 012 024 1C8 027 001 027 013 020 03F 03D 001 021 001 021 031 01F 011 084 01D 1C8 012 084 018 03E 001 084 019 02D 001 084 019 02D 001 012 012 001 012 078 1C5 1CC 017 01E 078 001 0D6 03D 084 022 001 01F 02E 038 015 011 1C0
02	A4	0x02A4	"<SPEAKER>「げげ! ないの? ひとつも?
なんて むけいかくな・・・
って おれもか・・・<WAIT><SPEAKER>「うげっ ごほ ごほ うう うー
くそー 死んで たまるかい"	"<SPEAKER>What?! None at all?
Talk about poor planning...
Though I guess I cannot talk...<WAIT><SPEAKER>Cough! Cough! Ugh...
Damn it! I am not dying here!"			SPEAKER NEWLINE NEWLINE WAIT SPEAKER NEWLINE END	EA:A3BE	CC 57 68 61 74 3F 21 01 4E 6F 6E 65 01 61 74 01 61 6C 6C 3F C8 54 61 6C 6B 01 61 62 6F 75 74 01 70 6F 6F 72 01 70 6C 61 6E 6E 69 6E 67 2E 2E 2E C8 54 68 6F 75 67 68 01 49 01 67 75 65 73 73 01 49 01 63 61 6E 6E 6F 74 01 74 61 6C 6B 2E 2E 2E C5 CC 43 6F 75 67 68 21 01 43 6F 75 67 68 21 01 55 67 68 2E 2E 2E C8 44 61 6D 6E 01 69 74 21 01 49 01 61 6D 01 6E 6F 74 01 64 79 69 6E 67 01 68 65 72 65 21 C0	1CC 084 018 084 018 07A 001 024 011 028 079 001 02A 023 021 032 079 1C8 024 03D 022 001 030 018 011 015 017 024 081 081 081 1C8 03E 022 001 014 039 032 015 081 081 081 1C5 1CC 012 084 018 03E 001 084 019 02D 001 084 019 02D 001 012 012 001 012 078 1C8 017 01E 078 001 0D6 03D 084 022 001 01F 02E 038 015 011 1C0
02	A5	0x02A5	"<SPEAKER>「おお! おお! おおお! なんと!
あ あんた! に 人間か!
城を ぬ ぬけてきたのか?<WAIT><SPEAKER>「わ わしらは 島のものじゃが
化け物に つかまって この城の
ていれとかを やらされとる<WAIT><SPEAKER>「にげようとしたら 化け物に
食われてしまうんじゃ・・ もう
ずいぶん なかまが やられてしもうた<WAIT><SPEAKER>「あんたも 城の中で たぶん
見たと思うがな<WAIT><SPEAKER>「あの でかい ベビーバロン!"	"<SPEAKER>Oh! Ohhh! What is
this?! Y-you are human! You
escaped from the castle?<WAIT><SPEAKER>We are islanders, but
the monsters captured us and
force us to maintain this castle.<WAIT><SPEAKER>If anyone tries to escape,
the monsters eat them... We
have already lost many friends.<WAIT><SPEAKER>You probably saw
it inside the castle too...<WAIT><SPEAKER>That
enormous Baby Baron!"			SPEAKER NEWLINE NEWLINE WAIT SPEAKER NEWLINE NEWLINE WAIT SPEAKER NEWLINE NEWLINE WAIT SPEAKER NEWLINE WAIT SPEAKER NEWLINE END	EA:A443	CC 4F 68 21 01 4F 68 68 68 21 01 57 68 61 74 01 69 73 C8 74 68 69 73 3F 21 01 59 2D 79 6F 75 01 61 72 65 01 68 75 6D 61 6E 21 01 59 6F 75 C8 65 73 63 61 70 65 64 01 66 72 6F 6D 01 74 68 65 01 63 61 73 74 6C 65 3F C5 CC 57 65 01 61 72 65 01 69 73 6C 61 6E 64 65 72 73 2C 01 62 75 74 C8 74 68 65 01 6D 6F 6E 73 74 65 72 73 01 63 61 70 74 75 72 65 64 01 75 73 01 61 6E 64 C8 66 6F 72 63 65 01 75 73 01 74 6F 01 6D 61 69 6E 74 61 69 6E 01 74 68 69 73 01 63 61 73 74 6C 65 2E C5 CC 49 66 01 61 6E 79 6F 6E 65 01 74 72 69 65 73 01 74 6F 01 65 73 63 61 70 65 2C C8 74 68 65 01 6D 6F 6E 73 74 65 72 73 01 65 61 74 01 74 68 65 6D 2E 2E 2E 01 57 65 C8 68 61 76 65 01 61 6C 72 65 61 64 79 01 6C 6F 73 74 01 6D 61 6E 79 01 66 72 69 65 6E 64 73 2E C5 CC 59 6F 75 01 70 72 6F 62 61 62 6C 79 01 73 61 77 C8 69 74 01 69 6E 73 69 64 65 01 74 68 65 01 63 61 73 74 6C 65 01 74 6F 6F 2E 2E 2E C5 CC 54 68 61 74 C8 65 6E 6F 72 6D 6F 75 73 01 42 61 62 79 01 42 61 72 6F 6E 21 C0	1CC 014 014 07A 001 014 014 07A 001 014 014 014 07A 001 024 03D 023 07A 1C8 010 001 010 03D 01F 07A 001 025 001 091 0E3 015 07A 1C8 08C 03C 001 026 001 026 018 022 016 01F 028 015 079 1C5 1CC 03B 001 03B 01B 036 029 001 08A 028 032 028 084 01B 03F 084 015 1C8 09E 018 08B 025 001 021 015 02E 03E 022 001 019 028 08C 028 1C8 022 011 039 023 015 03C 001 033 036 01A 039 023 038 1C5 1CC 025 084 018 035 012 023 01B 01F 036 001 09E 018 08B 025 1C8 0E4 03B 039 022 01B 02E 012 03D 084 01B 03F 081 081 001 032 012 1C8 084 01C 011 084 02B 03D 001 024 015 02E 084 015 001 033 036 039 022 01B 032 012 01F 1C5 1CC 010 03D 01F 032 001 08C 028 0A1 084 022 001 01F 084 02B 03D 1C8 090 01F 023 10F 012 084 015 024 1C5 1CC 010 028 001 084 022 015 011 001 084 05E 084 05C 078 084 05B 06C 06F 07A 1C0
02	A6	0x02A6	"<SPEAKER>「やつは まちがいなく じごくから
よみがえった 伝説の 化け物に
ちがいないわい!"	"<SPEAKER>That thing must
be the legendary monster
resurrected from hell!"			SPEAKER NEWLINE NEWLINE END	EA:A582	CC 54 68 61 74 01 74 68 69 6E 67 01 6D 75 73 74 C8 62 65 01 74 68 65 01 6C 65 67 65 6E 64 61 72 79 01 6D 6F 6E 73 74 65 72 C8 72 65 73 75 72 72 65 63 74 65 64 01 66 72 6F 6D 01 68 65 6C 6C 21 C0	1CC 033 021 029 001 02E 020 084 015 011 024 017 001 084 01B 084 019 017 015 036 1C8 035 02F 084 015 013 03E 01F 001 092 08F 028 001 09E 018 08B 025 1C8 020 084 015 011 024 011 03B 011 07A 1C0
02	A7	0x02A7	"<SPEAKER>「ぶじで なによりじゃ 娘さん!
あんたは 強そうじゃが
むりは いかんぞ むりは・・・<WAIT><SPEAKER>「きずついたら いつでも
わしらの 家に
泊まってっても ええからな!"	"<SPEAKER>I am glad you are safe,
young lady! You look strong, but
do not push yourself too hard.<WAIT><SPEAKER>If you are hurt,
you may stay at our
house whenever you like!"			SPEAKER NEWLINE NEWLINE WAIT SPEAKER NEWLINE NEWLINE END	EA:A5C3	CC 49 01 61 6D 01 67 6C 61 64 01 79 6F 75 01 61 72 65 01 73 61 66 65 2C C8 79 6F 75 6E 67 01 6C 61 64 79 21 01 59 6F 75 01 6C 6F 6F 6B 01 73 74 72 6F 6E 67 2C 01 62 75 74 C8 64 6F 01 6E 6F 74 01 70 75 73 68 01 79 6F 75 72 73 65 6C 66 01 74 6F 6F 01 68 61 72 64 2E C5 CC 49 66 01 79 6F 75 01 61 72 65 01 68 75 72 74 2C C8 79 6F 75 01 6D 61 79 01 73 74 61 79 01 61 74 01 6F 75 72 C8 68 6F 75 73 65 01 77 68 65 6E 65 76 65 72 01 79 6F 75 01 6C 69 6B 65 21 C0	1CC 084 02B 084 01B 084 022 001 024 025 035 037 084 01B 03F 001 0C0 01A 03D 07A 1C8 010 03D 01F 029 001 138 01E 012 084 01B 03F 084 015 1C8 030 037 029 001 011 015 03D 084 01E 001 030 037 029 081 081 081 1C5 1CC 016 084 01C 021 011 01F 036 001 011 021 084 022 032 1C8 03B 01B 036 028 001 161 025 1C8 121 02E 03E 022 03E 022 032 001 013 013 015 036 024 07A 1C0
02	A8	0x02A8	"<SPEAKER>「ふがふが ふがふが なにも
おかまいできんがのう<WAIT><SPEAKER>「お泊めするくらいなら ふがふが
できますわい<WAIT><SPEAKER>「お泊まりになりますかの?"	"<SPEAKER>Snort, snort... We
cannot offer you much.<WAIT><SPEAKER>But we can at least
give you a place to sleep. Snort.<WAIT><SPEAKER>Would you like to stay?"			SPEAKER NEWLINE WAIT SPEAKER NEWLINE WAIT SPEAKER END	EA:A65B	CC 53 6E 6F 72 74 2C 01 73 6E 6F 72 74 2E 2E 2E 01 57 65 C8 63 61 6E 6E 6F 74 01 6F 66 66 65 72 01 79 6F 75 01 6D 75 63 68 2E C5 CC 42 75 74 01 77 65 01 63 61 6E 01 61 74 01 6C 65 61 73 74 C8 67 69 76 65 01 79 6F 75 01 61 01 70 6C 61 63 65 01 74 6F 01 73 6C 65 65 70 2E 01 53 6E 6F 72 74 2E C5 CC 57 6F 75 6C 64 01 79 6F 75 01 6C 69 6B 65 01 74 6F 01 73 74 61 79 3F C0	1CC 02B 084 015 02B 084 015 001 02B 084 015 02B 084 015 001 024 025 032 1C8 014 015 02E 011 084 022 016 03D 084 015 028 012 1C5 1CC 014 121 031 01C 038 017 036 011 024 036 001 02B 084 015 02B 084 015 1C8 084 022 016 02E 01C 03B 011 1C5 1CC 014 121 02E 037 025 024 037 02E 01C 015 028 079 1C0
02	A9	0x02A9	"<SPEAKER>「くれぐれも けがを
せんように 行かっしゃい"	"<SPEAKER>Travel carefully, and
do not get yourself hurt."			SPEAKER NEWLINE END	EA:A6D6	CC 54 72 61 76 65 6C 01 63 61 72 65 66 75 6C 6C 79 2C 01 61 6E 64 C8 64 6F 01 6E 6F 74 01 67 65 74 01 79 6F 75 72 73 65 6C 66 01 68 75 72 74 2E C0	1CC 017 039 084 017 039 032 001 018 084 015 03C 1C8 01D 03D 035 012 025 001 08D 015 03E 01B 03F 011 1C0
02	AA	0x02AA	"<SPEAKER>「バロン城は 人間を
あざむくために 魔物たちが
かいぞうしたんじゃ<WAIT><SPEAKER>「宝のうわさを 世界に
ながしたのも 魔物たちですわい<WAIT><SPEAKER>「わるぢえは すべて あの
化け物ベビーバロンが
つけとるんじゃ<WAIT><SPEAKER>「強そうな 人間を
島にあつめて かんづめに
して 食っとる"	"<SPEAKER>The monsters remodeled
Baron Castle to deceive humans.<WAIT><SPEAKER>They were also the
ones who spread rumors of
treasure around the world.<WAIT><SPEAKER>All of these
schemes came from that
monster, the Baby Baron.<WAIT><SPEAKER>They lure strong
humans to the island, trap
them here, and eat them."			SPEAKER NEWLINE WAIT SPEAKER NEWLINE NEWLINE WAIT SPEAKER NEWLINE NEWLINE WAIT SPEAKER NEWLINE NEWLINE END	EA:A707	CC 54 68 65 01 6D 6F 6E 73 74 65 72 73 01 72 65 6D 6F 64 65 6C 65 64 C8 42 61 72 6F 6E 01 43 61 73 74 6C 65 01 74 6F 01 64 65 63 65 69 76 65 01 68 75 6D 61 6E 73 2E C5 CC 54 68 65 79 01 77 65 72 65 01 61 6C 73 6F 01 74 68 65 C8 6F 6E 65 73 01 77 68 6F 01 73 70 72 65 61 64 01 72 75 6D 6F 72 73 01 6F 66 C8 74 72 65 61 73 75 72 65 01 61 72 6F 75 6E 64 01 74 68 65 01 77 6F 72 6C 64 2E C5 CC 41 6C 6C 01 6F 66 01 74 68 65 73 65 C8 73 63 68 65 6D 65 73 01 63 61 6D 65 01 66 72 6F 6D 01 74 68 61 74 C8 6D 6F 6E 73 74 65 72 2C 01 74 68 65 01 42 61 62 79 01 42 61 72 6F 6E 2E C5 CC 54 68 65 79 01 6C 75 72 65 01 73 74 72 6F 6E 67 C8 68 75 6D 61 6E 73 01 74 6F 01 74 68 65 01 69 73 6C 61 6E 64 2C 01 74 72 61 70 C8 74 68 65 6D 01 68 65 72 65 2C 01 61 6E 64 01 65 61 74 01 74 68 65 6D 2E C0	1CC 084 05B 06C 06F 08C 029 001 091 0E3 03C 1C8 010 084 01A 030 017 01F 031 025 001 09A 08B 01F 020 084 015 1C8 015 011 084 01E 012 01B 01F 03D 084 01B 03F 1C5 1CC 095 028 012 03B 01A 03C 001 0A9 103 025 1C8 024 084 015 01B 01F 028 032 001 09A 08B 01F 020 084 022 01C 03B 011 1C5 1CC 03B 038 084 020 013 029 001 01C 084 02C 022 001 010 028 1C8 09E 018 08B 084 05E 084 05C 078 084 05B 06C 06F 084 015 1C8 021 018 023 038 03D 084 01B 03F 1C5 1CC 138 01E 012 024 001 091 0E3 03C 1C8 08A 025 010 021 031 022 001 015 03D 084 021 031 025 1C8 01B 022 001 0E4 03E 023 038 1C0
02	AB	0x02AB	"<SPEAKER>「わしらの むすこも 宝に
目がくらんで かんづめに
されて しもうた・・・・"	"<SPEAKER>Our son was blinded
by the treasure too, and
ended up trapped here..."			SPEAKER NEWLINE NEWLINE END	EA:A80C	CC 4F 75 72 01 73 6F 6E 01 77 61 73 01 62 6C 69 6E 64 65 64 C8 62 79 01 74 68 65 01 74 72 65 61 73 75 72 65 01 74 6F 6F 2C 01 61 6E 64 C8 65 6E 64 65 64 01 75 70 01 74 72 61 70 70 65 64 01 68 65 72 65 2E 2E 2E C0	1CC 03B 01B 036 028 001 030 01C 019 032 001 095 025 1C8 0B6 084 015 017 036 03D 084 022 001 015 03D 084 021 031 025 1C8 01A 039 022 001 01B 032 012 01F 081 081 081 081 1C0
02	AC	0x02AC	"<SPEAKER>「あつかましいかも しれんが
むすこの かたきを
うって くだされ<WAIT><SPEAKER>「あの でかい魔物を
ぶちのめして くださらんか
う・う<PAUSE_30> う<PAUSE_30> うー<PAUSE_30> むすこー!"	"<SPEAKER>I know this is much to
ask, but please avenge our son.<WAIT><SPEAKER>Will you defeat
that enormous monster?
U... <PAUSE_30> u... <PAUSE_30>uuugh...<PAUSE_30> My son!"			SPEAKER NEWLINE WAIT SPEAKER NEWLINE NEWLINE PAUSE_30 PAUSE_30 PAUSE_30 END	EA:A853	CC 49 01 6B 6E 6F 77 01 74 68 69 73 01 69 73 01 6D 75 63 68 01 74 6F C8 61 73 6B 2C 01 62 75 74 01 70 6C 65 61 73 65 01 61 76 65 6E 67 65 01 6F 75 72 01 73 6F 6E 2E C5 CC 57 69 6C 6C 01 79 6F 75 01 64 65 66 65 61 74 C8 74 68 61 74 01 65 6E 6F 72 6D 6F 75 73 01 6D 6F 6E 73 74 65 72 3F C8 55 2E 2E 2E 01 CD 01 75 2E 2E 2E 01 CD 75 75 75 67 68 2E 2E 2E CD 01 4D 79 01 73 6F 6E 21 C0	1CC 010 021 015 02E 01B 011 015 032 001 01B 039 03D 084 015 1C8 030 01C 019 028 001 015 01F 016 03C 1C8 012 03E 022 001 017 084 01F 01A 039 1C5 1CC 010 028 001 084 022 015 011 09A 08B 03C 1C8 084 02B 020 028 031 01B 022 001 017 084 01F 01A 036 03D 015 1C8 012 081 012 1CD 001 012 1CD 001 012 078 1CD 001 030 01C 019 078 07A 1C0
02	AD	0x02AD	"<SPEAKER>「わしらは ベビーバロンどもの
こづかいかせぎのために ここで
ものを 高値で 売っとったのです<WAIT><SPEAKER>「やつらの はなしを こみみに
はさんだんじゃが 北の 鉱山で
何かを 掘っとるらしいな<WAIT><SPEAKER>「化け物ベビーバロンが ひっしで
古代の 何かを さがしとる
とか いっとったのう<WAIT><SPEAKER>「え? 北に 行く方法じゃと?<WAIT><SPEAKER>「うーむ それは 地下水道を
通るしか ないな・・・でも
とても むりじゃ!・・・・<WAIT><SPEAKER>「・・・しかし あんたなら
もしかして こえられるかもしれん
・・・・・・よしっ!"	"<SPEAKER>The Baby Barons made
us sell goods at high prices
for their spending money.<WAIT><SPEAKER>I overheard them.
They're digging for something
in the northern mine.<WAIT><SPEAKER>That monster
Baby Baron is desperate
to find something ancient.<WAIT><SPEAKER>What? How
do you go north?<WAIT><SPEAKER>Only through the
underground waterway... but
that's far too dangerous.<WAIT><SPEAKER>Still, maybe you
can do it. ...All right!"			SPEAKER NEWLINE NEWLINE WAIT SPEAKER NEWLINE NEWLINE WAIT SPEAKER NEWLINE NEWLINE WAIT SPEAKER NEWLINE WAIT SPEAKER NEWLINE NEWLINE WAIT SPEAKER NEWLINE END	EA:A8D2	CC 54 68 65 01 42 61 62 79 01 42 61 72 6F 6E 73 01 6D 61 64 65 C8 75 73 01 73 65 6C 6C 01 67 6F 6F 64 73 01 61 74 01 68 69 67 68 01 70 72 69 63 65 73 C8 66 6F 72 01 74 68 65 69 72 01 73 70 65 6E 64 69 6E 67 01 6D 6F 6E 65 79 2E C5 CC 49 01 6F 76 65 72 68 65 61 72 64 01 74 68 65 6D 2E C8 54 68 65 79 27 72 65 01 64 69 67 67 69 6E 67 01 66 6F 72 01 73 6F 6D 65 74 68 69 6E 67 C8 69 6E 01 74 68 65 01 6E 6F 72 74 68 65 72 6E 01 6D 69 6E 65 2E C5 CC 54 68 61 74 01 6D 6F 6E 73 74 65 72 C8 42 61 62 79 01 42 61 72 6F 6E 01 69 73 01 64 65 73 70 65 72 61 74 65 C8 74 6F 01 66 69 6E 64 01 73 6F 6D 65 74 68 69 6E 67 01 61 6E 63 69 65 6E 74 2E C5 CC 57 68 61 74 3F 01 48 6F 77 C8 64 6F 01 79 6F 75 01 67 6F 01 6E 6F 72 74 68 3F C5 CC 4F 6E 6C 79 01 74 68 72 6F 75 67 68 01 74 68 65 C8 75 6E 64 65 72 67 72 6F 75 6E 64 01 77 61 74 65 72 77 61 79 2E 2E 2E 01 62 75 74 C8 74 68 61 74 27 73 01 66 61 72 01 74 6F 6F 01 64 61 6E 67 65 72 6F 75 73 2E C5 CC 53 74 69 6C 6C 2C 01 6D 61 79 62 65 01 79 6F 75 C8 63 61 6E 01 64 6F 01 69 74 2E 01 2E 2E 2E 41 6C 6C 01 72 69 67 68 74 21 C0	1CC 03B 01B 036 029 001 084 05E 084 05C 078 084 05B 06C 06F 084 023 032 028 1C8 019 084 021 015 011 015 01D 084 016 028 01F 031 025 001 019 019 084 022 1C8 032 028 03C 001 105 199 084 022 001 0A2 03E 023 03E 01F 028 084 022 01C 1C5 1CC 033 021 036 028 001 029 024 01B 03C 001 019 02F 02F 025 1C8 029 01A 03D 084 01F 03D 084 01B 03F 084 015 001 09C 028 001 10B 10C 084 022 1C8 093 015 03C 001 11C 03E 023 038 036 01B 011 024 1C5 1CC 09E 018 08B 084 05E 084 05C 078 084 05B 06C 06F 084 015 001 02A 03E 01B 084 022 1C8 096 09F 028 001 093 015 03C 001 01A 084 015 01B 023 038 1C8 023 015 001 011 03E 023 03E 01F 028 012 1C5 1CC 013 079 001 09C 025 001 08D 017 0B9 157 084 01B 03F 023 079 1C5 1CC 012 078 030 001 01E 039 029 001 0D5 0B8 0B2 0C7 03C 1C8 12E 038 01B 015 001 024 011 024 081 081 081 084 022 032 1C8 023 022 032 001 030 037 084 01B 03F 07A 081 081 081 081 1C5 1CC 081 081 081 01B 015 01B 001 010 03D 01F 024 036 1C8 032 01B 015 01B 022 001 019 013 036 039 038 015 032 01B 039 03D 1C8 081 081 081 081 081 081 035 01B 03E 07A 1C0
02	AE	0x02AE	<SPEAKER>「これを さしあげよう!	<SPEAKER>Take this!			SPEAKER END	EA:AA36	CC 54 61 6B 65 01 74 68 69 73 21 C0	1CC 019 039 03C 001 01A 01B 010 084 018 035 012 07A 1C0
02	AF	0x02AF	"<SPEAKER>「地下水道は きけんが いっぱいじゃ!
こううんを いのりますぞ!"	"<SPEAKER>The underground waterway
is full of danger! Good luck!"			SPEAKER NEWLINE END	EA:AA42	CC 54 68 65 01 75 6E 64 65 72 67 72 6F 75 6E 64 01 77 61 74 65 72 77 61 79 C8 69 73 01 66 75 6C 6C 01 6F 66 01 64 61 6E 67 65 72 21 01 47 6F 6F 64 01 6C 75 63 6B 21 C0	1CC 0D5 0B8 0B2 0C7 029 001 016 018 03D 084 015 001 011 03E 083 029 011 084 01B 03F 07A 1C8 019 012 012 03D 03C 001 011 028 037 02E 01C 084 01E 07A 1C0
02	B0	0x02B0	"<SPEAKER>「では にもつをへらして
また 来てくだされ まってますぞ!"	"<SPEAKER>Make some room
in your baggage and come
back. I will be waiting!"			SPEAKER NEWLINE NEWLINE END	EA:AA7A	CC 4D 61 6B 65 01 73 6F 6D 65 01 72 6F 6F 6D C8 69 6E 01 79 6F 75 72 01 62 61 67 67 61 67 65 01 61 6E 64 01 63 6F 6D 65 C8 62 61 63 6B 2E 01 49 01 77 69 6C 6C 01 62 65 01 77 61 69 74 69 6E 67 21 C0	1CC 084 022 029 001 025 032 021 03C 02C 036 01B 022 1C8 02E 01F 001 097 022 017 084 01F 01A 039 001 02E 03E 022 02E 01C 084 01E 07A 1C0
02	B1	0x02B1	"<SPEAKER>「あんたの おかげで
わしらも じゅうろうどうから
かいほうされましたわい<WAIT><SPEAKER>「いまは のんびりと
くらして おりますよ"	"<SPEAKER>Thanks to you, we have
been freed from forced labor.<WAIT><SPEAKER>Now we can
finally live in peace."			SPEAKER NEWLINE WAIT SPEAKER NEWLINE END	EA:AABC	CC 54 68 61 6E 6B 73 01 74 6F 01 79 6F 75 2C 01 77 65 01 68 61 76 65 C8 62 65 65 6E 01 66 72 65 65 64 01 66 72 6F 6D 01 66 6F 72 63 65 64 01 6C 61 62 6F 72 2E C5 CC 4E 6F 77 01 77 65 01 63 61 6E C8 66 69 6E 61 6C 6C 79 01 6C 69 76 65 01 69 6E 01 70 65 61 63 65 2E C0	1CC 010 03D 01F 028 001 014 015 084 018 084 022 1C8 03B 01B 036 032 001 084 01B 040 012 03A 012 084 023 012 015 036 1C8 015 011 02D 012 01A 039 02E 01B 01F 03B 011 1C5 1CC 011 02E 029 001 028 03D 084 02A 037 023 1C8 017 036 01B 022 001 014 037 02E 01C 035 1C0
02	B2	0x02B2	"<SPEAKER>「うわっ! おどろいた!
人間じゃないかっ? えっ?
地下水道を ぬけるって?<WAIT><SPEAKER>「どひゃー そんな むちゃな!"	"<SPEAKER>Whoa! You startled me!
You are human? What? You want
to go through the waterway?<WAIT><SPEAKER>Whoa! That is crazy!"			SPEAKER NEWLINE NEWLINE WAIT SPEAKER END	EA:AB15	CC 57 68 6F 61 21 01 59 6F 75 01 73 74 61 72 74 6C 65 64 01 6D 65 21 C8 59 6F 75 01 61 72 65 01 68 75 6D 61 6E 3F 01 57 68 61 74 3F 01 59 6F 75 01 77 61 6E 74 C8 74 6F 01 67 6F 01 74 68 72 6F 75 67 68 01 74 68 65 01 77 61 74 65 72 77 61 79 3F C5 CC 57 68 6F 61 21 01 54 68 61 74 01 69 73 01 63 72 61 7A 79 21 C0	1CC 012 03B 03E 07A 001 014 084 023 03A 011 01F 07A 1C8 091 0E3 084 01B 03F 024 011 015 03E 079 001 013 03E 079 1C8 0D5 0B8 0B2 0C7 03C 001 026 018 038 03E 022 079 1C5 1CC 084 023 02A 03F 078 001 01E 03D 024 001 030 020 03F 024 07A 1C0
02	B3	0x02B3	"<SPEAKER>「この 地下水道は よごれた水を
きれいにするために いろんな
仕掛けが してあるんだ<WAIT><SPEAKER>「だから なまみの 人間は
とても 通れないと 思うよ"	"<SPEAKER>This waterway has
all kinds of mechanisms
that clean dirty water.<WAIT><SPEAKER>So I doubt a
flesh-and-blood human
could ever get through it."			SPEAKER NEWLINE NEWLINE WAIT SPEAKER NEWLINE NEWLINE END	EA:AB7D	CC 54 68 69 73 01 77 61 74 65 72 77 61 79 01 68 61 73 C8 61 6C 6C 01 6B 69 6E 64 73 01 6F 66 01 6D 65 63 68 61 6E 69 73 6D 73 C8 74 68 61 74 01 63 6C 65 61 6E 01 64 69 72 74 79 01 77 61 74 65 72 2E C5 CC 53 6F 01 49 01 64 6F 75 62 74 01 61 C8 66 6C 65 73 68 2D 61 6E 64 2D 62 6C 6F 6F 64 01 68 75 6D 61 6E C8 63 6F 75 6C 64 01 65 76 65 72 01 67 65 74 01 74 68 72 6F 75 67 68 01 69 74 2E C0	1CC 019 028 001 0D5 0B8 0B2 0C7 029 001 035 084 019 039 01F 0B2 03C 1C8 016 039 011 025 01C 038 01F 031 025 001 011 03A 03D 024 1C8 18F 195 018 084 015 001 01B 022 010 038 03D 084 01F 1C5 1CC 084 01F 015 036 001 024 02E 02F 028 001 091 0E3 029 1C8 023 022 032 001 12E 039 024 011 023 001 10F 012 035 1C0
02	B4	0x02B4	"<CLEAR>
すきとおった水が たまっている"	<CLEAR>Clear water has pooled here.			CLEAR END	EA:ABFF	D0 43 6C 65 61 72 01 77 61 74 65 72 01 68 61 73 01 70 6F 6F 6C 65 64 01 68 65 72 65 2E C0	1D0 01C 016 023 014 03E 01F 0B2 084 015 001 01F 02E 03E 022 011 038 1C0
02	B5	0x02B5	"<CLEAR>
そうさパネルが あります
スイッチを おしてみますか?"	"<CLEAR>There is a control
panel. Press the switch?"			CLEAR NEWLINE END	EA:AC1D	D0 54 68 65 72 65 01 69 73 01 61 01 63 6F 6E 74 72 6F 6C C8 70 61 6E 65 6C 2E 01 50 72 65 73 73 01 74 68 65 01 73 77 69 74 63 68 3F C0	1D0 01E 012 01A 083 05B 059 06A 084 015 001 010 037 02E 01C 1C8 04E 043 070 052 03C 001 014 01B 022 02F 02E 01C 015 079 1C0
02	B6	0x02B6	"<CLEAR>
「水道営 せつぞく かくにん
水を くみあげます"	"<CLEAR>""WATER PIPE CONNECTION
CONFIRMED. PUMPING WATER.""<LINE>"			CLEAR NEWLINE LINE END	EA:AC4A	D0 22 57 41 54 45 52 01 50 49 50 45 01 43 4F 4E 4E 45 43 54 49 4F 4E C8 43 4F 4E 46 49 52 4D 45 44 2E 01 50 55 4D 50 49 4E 47 01 57 41 54 45 52 2E 22 C3 C0	1D0 07D 0B2 0C7 143 001 01D 021 084 01E 017 001 015 017 025 03D 1C8 0B2 03C 001 017 02F 010 084 018 02E 01C 1C3 1C0
02	B7	0x02B7	"<CLEAR>
「水道営が ただしく
つながって いないので
水を くみあげられません"	"<CLEAR>""WATER CANNOT BE
PUMPED. PIPES ARE NOT
CONNECTED CORRECTLY."""			CLEAR NEWLINE NEWLINE END	EA:AC7E	D0 22 57 41 54 45 52 01 43 41 4E 4E 4F 54 01 42 45 C8 50 55 4D 50 45 44 2E 01 50 49 50 45 53 01 41 52 45 01 4E 4F 54 C8 43 4F 4E 4E 45 43 54 45 44 01 43 4F 52 52 45 43 54 4C 59 2E 22 C0	1D0 07D 0B2 0C7 143 084 015 001 01F 084 01F 01B 017 1C8 021 024 084 015 03E 022 001 011 024 011 028 084 022 1C8 0B2 03C 001 017 02F 010 084 018 036 039 02E 01D 03D 1C0
02	B8	0x02B8	"<CLEAR>
そうさパネルの スイッチは
行かなく なってしまった"	"<CLEAR>The control-panel switch
will no longer move."			CLEAR NEWLINE END	EA:ACBC	D0 54 68 65 01 63 6F 6E 74 72 6F 6C 2D 70 61 6E 65 6C 01 73 77 69 74 63 68 C8 77 69 6C 6C 01 6E 6F 01 6C 6F 6E 67 65 72 01 6D 6F 76 65 2E C0	1D0 01E 012 01A 083 05B 059 06A 028 001 04E 043 070 052 029 1C8 0B1 015 024 017 001 024 03E 022 01B 02E 03E 01F 1C0
02	B9	0x02B9	"<SPEAKER>「へへへ ほら 力持ちだろう?
水の中では こんな おもい物でも
持てちゃうよ<WAIT><SPEAKER>「でも ここでは 空気がないから
体力が へっていくんだ<WAIT><SPEAKER>「だから ところどころで かべから
空気が もれているから それを
すうことだな"	"<SPEAKER>Heh heh! Strong,
aren't I? Underwater, even
heavy things are easy to lift.<WAIT><SPEAKER>But there's no air here,
so your health keeps falling.<WAIT><SPEAKER>Air leaks from
some walls. Breathe
it when you find it."			SPEAKER NEWLINE NEWLINE WAIT SPEAKER NEWLINE WAIT SPEAKER NEWLINE NEWLINE END	EA:ACEB	CC 48 65 68 01 68 65 68 21 01 53 74 72 6F 6E 67 2C C8 61 72 65 6E 27 74 01 49 3F 01 55 6E 64 65 72 77 61 74 65 72 2C 01 65 76 65 6E C8 68 65 61 76 79 01 74 68 69 6E 67 73 01 61 72 65 01 65 61 73 79 01 74 6F 01 6C 69 66 74 2E C5 CC 42 75 74 01 74 68 65 72 65 27 73 01 6E 6F 01 61 69 72 01 68 65 72 65 2C C8 73 6F 01 79 6F 75 72 01 68 65 61 6C 74 68 01 6B 65 65 70 73 01 66 61 6C 6C 69 6E 67 2E C5 CC 41 69 72 01 6C 65 61 6B 73 01 66 72 6F 6D C8 73 6F 6D 65 01 77 61 6C 6C 73 2E 01 42 72 65 61 74 68 65 C8 69 74 01 77 68 65 6E 01 79 6F 75 01 66 69 6E 64 01 69 74 2E C0	1CC 02C 02C 02C 001 02D 036 001 107 0D3 020 084 01F 03A 012 079 1C8 0B2 028 0A1 084 022 029 001 019 03D 024 001 014 032 011 08B 084 022 032 1C8 0D3 022 020 03F 012 035 1C5 1CC 084 022 032 001 019 019 084 022 029 001 156 099 084 015 024 011 015 036 1C8 0F0 107 084 015 001 02C 03E 022 011 017 03D 084 01F 1C5 1CC 084 01F 015 036 001 023 019 03A 084 023 019 03A 084 022 001 015 084 02C 015 036 1C8 156 099 084 015 001 032 039 022 011 038 015 036 001 01E 039 03C 1C8 01C 012 019 023 084 01F 024 1C0
02	BA	0x02BA	"<SPEAKER>「ごくらく ごくらくだぜ
ごくらくとは この町の
ことを いうんだなっ"	"<SPEAKER>Paradise! This
place is paradise! Now this
is what I call paradise."			SPEAKER NEWLINE NEWLINE END	EA:ADA8	CC 50 61 72 61 64 69 73 65 21 01 54 68 69 73 C8 70 6C 61 63 65 01 69 73 01 70 61 72 61 64 69 73 65 21 01 4E 6F 77 01 74 68 69 73 C8 69 73 01 77 68 61 74 01 49 01 63 61 6C 6C 01 70 61 72 61 64 69 73 65 2E C0	1CC 084 019 017 036 017 001 084 019 017 036 017 084 01F 084 01D 1C8 084 019 017 036 017 023 029 001 019 028 0C9 028 1C8 019 023 03C 001 011 012 03D 084 01F 024 03E 1C0
02	BB	0x02BB	"<SPEAKER>「おれたちゃ ふだつきの
はんざいしゃさ!<WAIT><SPEAKER>「だけど ここは ムショと
ちがって たいぐうも いいし
一生 ここに いても いいぜ!"	"<SPEAKER>We are
hardened criminals!<WAIT><SPEAKER>But unlike prison,
they treat us well here.
I could stay for life!"			SPEAKER NEWLINE WAIT SPEAKER NEWLINE NEWLINE END	EA:ADED	CC 57 65 01 61 72 65 C8 68 61 72 64 65 6E 65 64 01 63 72 69 6D 69 6E 61 6C 73 21 C5 CC 42 75 74 01 75 6E 6C 69 6B 65 01 70 72 69 73 6F 6E 2C C8 74 68 65 79 01 74 72 65 61 74 01 75 73 01 77 65 6C 6C 01 68 65 72 65 2E C8 49 01 63 6F 75 6C 64 01 73 74 61 79 01 66 6F 72 01 6C 69 66 65 21 C0	1CC 014 039 01F 020 03F 001 02B 084 01F 021 016 028 1C8 029 03D 084 01A 011 01B 03F 01A 07A 1C5 1CC 084 01F 018 084 023 001 019 019 029 001 062 04D 073 023 1C8 020 084 015 03E 022 001 01F 011 084 017 012 032 001 011 011 01B 1C8 0AF 09B 001 019 019 025 001 011 022 032 001 011 011 084 01D 07A 1C0
02	BC	0x02BC	"<SPEAKER>「おれたちゃ この島から ずっと
ずっと はなれた ところの
ろうやから つれてこられたんだ<WAIT><SPEAKER>「いきなり ベビーバロンどもに
さらわれた日にゃあ そら あんた<WAIT><SPEAKER>「いくら ごく悪人の おれでもよ
いっしゅん かあちゃんの かおが
うかぶほど びびりまくったぜ"	"<SPEAKER>They brought us here
from a prison far, far away.<WAIT><SPEAKER>Those Baby Barons
suddenly kidnapped us. Man...<WAIT><SPEAKER>Even a crook like me
got so scared I saw my mother's
face flash before my eyes."			SPEAKER NEWLINE WAIT SPEAKER NEWLINE WAIT SPEAKER NEWLINE NEWLINE END	EA:AE4D	CC 54 68 65 79 01 62 72 6F 75 67 68 74 01 75 73 01 68 65 72 65 C8 66 72 6F 6D 01 61 01 70 72 69 73 6F 6E 01 66 61 72 2C 01 66 61 72 01 61 77 61 79 2E C5 CC 54 68 6F 73 65 01 42 61 62 79 01 42 61 72 6F 6E 73 C8 73 75 64 64 65 6E 6C 79 01 6B 69 64 6E 61 70 70 65 64 01 75 73 2E 01 4D 61 6E 2E 2E 2E C5 CC 45 76 65 6E 01 61 01 63 72 6F 6F 6B 01 6C 69 6B 65 01 6D 65 C8 67 6F 74 01 73 6F 01 73 63 61 72 65 64 01 49 01 73 61 77 01 6D 79 01 6D 6F 74 68 65 72 27 73 C8 66 61 63 65 01 66 6C 61 73 68 01 62 65 66 6F 72 65 01 6D 79 01 65 79 65 73 2E C0	1CC 014 039 01F 020 03F 001 019 028 08A 015 036 001 084 01C 03E 023 1C8 084 01C 03E 023 001 029 024 039 01F 001 023 019 03A 028 1C8 03A 012 033 015 036 001 021 039 022 019 036 039 01F 03D 084 01F 1C5 1CC 011 016 024 037 001 084 05E 084 05C 078 084 05B 06C 06F 084 023 032 025 1C8 01A 036 03B 039 01F 120 025 03F 010 001 01E 036 001 010 03D 01F 1C5 1CC 011 017 036 001 084 019 017 0B5 091 028 001 014 039 084 022 032 035 1C8 011 03E 01B 040 03D 001 015 010 020 03F 03D 028 001 015 014 084 015 1C8 012 015 084 02B 02D 084 023 001 084 02A 084 02A 037 02E 017 03E 01F 084 01D 1C0
02	BD	0x02BD	"<SPEAKER>「あんた しんいりかい?<WAIT><SPEAKER>「しんいりは まず この町を
しきってる ヘブリじいさんに
あいさつしないと だめだぞ!"	"<SPEAKER>You new here?<WAIT><SPEAKER>Newcomers have
to greet old Hebri, the
man who runs this town."			SPEAKER WAIT SPEAKER NEWLINE NEWLINE END	EA:AF02	CC 59 6F 75 01 6E 65 77 01 68 65 72 65 3F C5 CC 4E 65 77 63 6F 6D 65 72 73 01 68 61 76 65 C8 74 6F 01 67 72 65 65 74 01 6F 6C 64 01 48 65 62 72 69 2C 01 74 68 65 C8 6D 61 6E 01 77 68 6F 01 72 75 6E 73 01 74 68 69 73 01 74 6F 77 6E 2E C0	1CC 010 03D 01F 001 01B 03D 011 037 015 011 079 1C5 1CC 01B 03D 011 037 029 001 02E 084 01C 001 019 028 0C9 03C 1C8 01B 016 03E 022 038 001 05E 084 05D 069 084 01B 011 01A 03D 025 1C8 010 011 01A 021 01B 024 011 023 001 084 01F 031 084 01F 084 01E 07A 1C0
02	BE	0x02BE	"<SPEAKER>「おう! しんいりかい? ういー
ここは はんざいしゃに とっちゃ
てんごく みたいな ところよー<WAIT><SPEAKER>「さけは たんまり あるしよー
ばくちも ばっちりだしな
まあ しいていえばだな ういー<WAIT><SPEAKER>「バニーちゃんが いねえこと
ぐらいだなー うーっぷいー!<WAIT><SPEAKER>「どーだい? ねーちゃんよー
バニーちゃんに なるかい?
人気でるぜえ! あんたなら!"	"<SPEAKER>Hey! New here? Hic! For
a criminal, this place is heaven!<WAIT><SPEAKER>Plenty of booze, and
all the gambling you could
want. If anything is missing...<WAIT><SPEAKER>It is bunny girls! Hic!<WAIT><SPEAKER>How about it, babe?
Want to be our bunny
girl? You would be a hit!"			SPEAKER NEWLINE WAIT SPEAKER NEWLINE NEWLINE WAIT SPEAKER WAIT SPEAKER NEWLINE NEWLINE END	EA:AF51	CC 48 65 79 21 01 4E 65 77 01 68 65 72 65 3F 01 48 69 63 21 01 46 6F 72 C8 61 01 63 72 69 6D 69 6E 61 6C 2C 01 74 68 69 73 01 70 6C 61 63 65 01 69 73 01 68 65 61 76 65 6E 21 C5 CC 50 6C 65 6E 74 79 01 6F 66 01 62 6F 6F 7A 65 2C 01 61 6E 64 C8 61 6C 6C 01 74 68 65 01 67 61 6D 62 6C 69 6E 67 01 79 6F 75 01 63 6F 75 6C 64 C8 77 61 6E 74 2E 01 49 66 01 61 6E 79 74 68 69 6E 67 01 69 73 01 6D 69 73 73 69 6E 67 2E 2E 2E C5 CC 49 74 01 69 73 01 62 75 6E 6E 79 01 67 69 72 6C 73 21 01 48 69 63 21 C5 CC 48 6F 77 01 61 62 6F 75 74 01 69 74 2C 01 62 61 62 65 3F C8 57 61 6E 74 01 74 6F 01 62 65 01 6F 75 72 01 62 75 6E 6E 79 C8 67 69 72 6C 3F 01 59 6F 75 01 77 6F 75 6C 64 01 62 65 01 61 01 68 69 74 21 C0	1CC 014 012 07A 001 01B 03D 011 037 015 011 079 001 012 011 078 1C8 019 019 029 001 029 03D 084 01A 011 01B 03F 025 001 023 03E 020 03F 1C8 022 03D 084 019 017 001 02F 01F 011 024 001 023 019 03A 035 078 1C5 1CC 01A 018 029 001 01F 03D 02E 037 001 010 038 01B 035 078 1C8 084 029 017 020 032 001 084 029 03E 020 037 084 01F 01B 024 1C8 02E 010 001 01B 011 022 011 013 084 029 084 01F 024 001 012 011 078 1C5 1CC 084 05B 057 078 020 03F 03D 084 015 001 011 027 013 019 023 1C8 084 017 036 011 084 01F 024 078 001 012 078 03E 083 02B 011 078 07A 1C5 1CC 084 023 078 084 01F 011 079 001 027 078 020 03F 03D 035 078 1C8 084 05B 057 078 020 03F 03D 025 001 024 038 015 011 079 1C8 091 099 084 022 038 084 01D 013 07A 001 010 03D 01F 024 036 07A 1C0
02	BF	0x02BF	"<SPEAKER>「いいか しんいり よく聞けよ!<WAIT><SPEAKER>「おまえが 何をしたかは
しらねえが ここへ来たってことは
どっかの ろうやに いたわけだ<WAIT><SPEAKER>「それを たすけてくれたのは
ジェイビーさまだ! だから
くれぐれも わすれんようにな<WAIT><SPEAKER>「ジェイビーさま あっての
おれたちだって ことをなっ!<WAIT><SPEAKER>「ジェイビーさま ばんざーい!"	"<SPEAKER>Listen up, rookie!<WAIT><SPEAKER>I don't know what you
did, but if you're here, you
were in some prison somewhere.<WAIT><SPEAKER>Lord J.B. rescued
you. Never forget that.<WAIT><SPEAKER>We owe
everything to Lord J.B.!<WAIT><SPEAKER>Long live Lord J.B.!"			SPEAKER WAIT SPEAKER NEWLINE NEWLINE WAIT SPEAKER NEWLINE WAIT SPEAKER NEWLINE WAIT SPEAKER END	EA:B03A	CC 4C 69 73 74 65 6E 01 75 70 2C 01 72 6F 6F 6B 69 65 21 C5 CC 49 01 64 6F 6E 27 74 01 6B 6E 6F 77 01 77 68 61 74 01 79 6F 75 C8 64 69 64 2C 01 62 75 74 01 69 66 01 79 6F 75 27 72 65 01 68 65 72 65 2C 01 79 6F 75 C8 77 65 72 65 01 69 6E 01 73 6F 6D 65 01 70 72 69 73 6F 6E 01 73 6F 6D 65 77 68 65 72 65 2E C5 CC 4C 6F 72 64 01 4A 2E 42 2E 01 72 65 73 63 75 65 64 C8 79 6F 75 2E 01 4E 65 76 65 72 01 66 6F 72 67 65 74 01 74 68 61 74 2E C5 CC 57 65 01 6F 77 65 C8 65 76 65 72 79 74 68 69 6E 67 01 74 6F 01 4C 6F 72 64 01 4A 2E 42 2E 21 C5 CC 4C 6F 6E 67 01 6C 69 76 65 01 4C 6F 72 64 01 4A 2E 42 2E 21 C0	1CC 011 011 015 001 01B 03D 011 037 001 035 017 0A6 018 035 07A 1C5 1CC 014 02E 013 084 015 001 093 03C 01B 01F 015 029 1C8 01B 036 027 013 084 015 001 019 019 02C 097 01F 03E 022 019 023 029 1C8 084 023 03E 015 028 001 03A 012 033 025 001 011 01F 03B 018 084 01F 1C5 1CC 01E 039 03C 001 01F 01C 018 022 017 039 01F 028 029 1C8 084 04D 076 043 084 05C 078 01A 02E 084 01F 07A 001 084 01F 015 036 1C8 017 039 084 017 039 032 001 03B 01C 039 03D 035 012 025 024 1C5 1CC 084 04D 076 043 084 05C 078 01A 02E 001 010 03E 022 028 1C8 014 039 01F 020 084 01F 03E 022 001 019 023 03C 024 03E 07A 1C5 1CC 084 04D 076 043 084 05C 078 01A 02E 001 084 029 03D 084 01A 078 011 07A 1C0
02	C0	0x02C0	"<SPEAKER>「いやー もう こしが
いたくて たまらないよ<WAIT><SPEAKER>「なんたって あさから
ばんまで ぶっとおしで
発掘さぎょう だからな<WAIT><SPEAKER>「でも ジェイビーさまは
いったい 何を ひっしで
さがしてるのかなあ?"	"<SPEAKER>Ahh, my
back is killing me.<WAIT><SPEAKER>We excavate nonstop from
morning until night, after all.<WAIT><SPEAKER>What is Lord J.B. so
desperate to find, anyway?"			SPEAKER NEWLINE WAIT SPEAKER NEWLINE WAIT SPEAKER NEWLINE END	EA:B103	CC 41 68 68 2C 01 6D 79 C8 62 61 63 6B 01 69 73 01 6B 69 6C 6C 69 6E 67 01 6D 65 2E C5 CC 57 65 01 65 78 63 61 76 61 74 65 01 6E 6F 6E 73 74 6F 70 01 66 72 6F 6D C8 6D 6F 72 6E 69 6E 67 01 75 6E 74 69 6C 01 6E 69 67 68 74 2C 01 61 66 74 65 72 01 61 6C 6C 2E C5 CC 57 68 61 74 01 69 73 01 4C 6F 72 64 01 4A 2E 42 2E 01 73 6F C8 64 65 73 70 65 72 61 74 65 01 74 6F 01 66 69 6E 64 2C 01 61 6E 79 77 61 79 3F C0	1CC 011 033 078 001 032 012 001 019 01B 084 015 1C8 011 01F 017 022 001 01F 02E 036 024 011 035 1C5 1CC 024 03D 01F 03E 022 001 010 01A 015 036 1C8 084 029 03D 02E 084 022 001 084 02B 03E 023 014 01B 084 022 1C8 0C8 11C 01A 084 016 041 012 001 084 01F 015 036 024 1C5 1CC 084 022 032 001 084 04D 076 043 084 05C 078 01A 02E 029 1C8 011 03E 01F 011 001 093 03C 001 02A 03E 01B 084 022 1C8 01A 084 015 01B 022 038 028 015 024 010 079 1C0
02	C1	0x02C1	"<SPEAKER>「ぐおわー! ぎゃーす!
おまえを 食べちゃうぞー!"	"<SPEAKER>GROAAR! GYAAH!
I am going to eat you!"			SPEAKER NEWLINE END	EA:B18B	CC 47 52 4F 41 41 52 21 01 47 59 41 41 48 21 C8 49 01 61 6D 01 67 6F 69 6E 67 01 74 6F 01 65 61 74 01 79 6F 75 21 C0	1CC 084 017 014 03B 078 07A 001 084 016 03F 078 01C 07A 1C8 014 02E 013 03C 001 0E4 084 02C 020 03F 012 084 01E 078 07A 1C0
02	C2	0x02C2	"<SPEAKER>「でへへ! おどろいたろう!<WAIT><SPEAKER>「ヘブリの家の中から
体の そしきを 変化させる
まものエキスが でてきたんだ"	"<SPEAKER>Heh heh!
Scared you, huh?<WAIT><SPEAKER>We found Monster
Extract in Hebri's house. It can
alter the tissues of your body."			SPEAKER NEWLINE WAIT SPEAKER NEWLINE NEWLINE END	EA:B1B2	CC 48 65 68 01 68 65 68 21 C8 53 63 61 72 65 64 01 79 6F 75 2C 01 68 75 68 3F C5 CC 57 65 01 66 6F 75 6E 64 01 4D 6F 6E 73 74 65 72 C8 45 78 74 72 61 63 74 01 69 6E 01 48 65 62 72 69 27 73 01 68 6F 75 73 65 2E 01 49 74 01 63 61 6E C8 61 6C 74 65 72 01 74 68 65 01 74 69 73 73 75 65 73 01 6F 66 01 79 6F 75 72 01 62 6F 64 79 2E C0	1CC 084 022 02C 02C 07A 001 014 084 023 03A 011 01F 03A 012 07A 1C5 1CC 05E 084 05D 069 028 161 028 0A1 015 036 1C8 0F0 028 001 01E 01B 016 03C 001 178 09E 01A 01D 038 1C8 02E 032 028 045 048 04E 084 015 001 084 022 022 016 01F 03D 084 01F 1C0
02	C3	0x02C3	"<SPEAKER>「ヘブリの家の きんこの中に
まだ あるはずだよ"	"<SPEAKER>There should
still be some inside the
safe in Hebri's house."			SPEAKER NEWLINE NEWLINE END	EA:B220	CC 54 68 65 72 65 01 73 68 6F 75 6C 64 C8 73 74 69 6C 6C 01 62 65 01 73 6F 6D 65 01 69 6E 73 69 64 65 01 74 68 65 C8 73 61 66 65 01 69 6E 01 48 65 62 72 69 27 73 01 68 6F 75 73 65 2E C0	1CC 05E 084 05D 069 028 161 028 001 016 03D 019 028 0A1 025 1C8 02E 084 01F 001 010 038 029 084 01C 084 01F 035 1C0
02	C4	0x02C4	<SPEAKER>「そうか もう手に入れたか	<SPEAKER>Oh, you already got it.			SPEAKER END	EA:B25E	CC 4F 68 2C 01 79 6F 75 01 61 6C 72 65 61 64 79 01 67 6F 74 01 69 74 2E C0	1CC 01E 012 015 001 032 012 177 025 08E 039 01F 015 1C0
02	C5	0x02C5	"<SPEAKER>「そいつを 使えば
モンスターの かくれがにも
寝入できるかもな!"	"<SPEAKER>Use that stuff
and you might be able to
infiltrate the monsters' hideout!"			SPEAKER NEWLINE NEWLINE END	EA:B277	CC 55 73 65 01 74 68 61 74 01 73 74 75 66 66 C8 61 6E 64 01 79 6F 75 01 6D 69 67 68 74 01 62 65 01 61 62 6C 65 01 74 6F C8 69 6E 66 69 6C 74 72 61 74 65 01 74 68 65 01 6D 6F 6E 73 74 65 72 73 27 01 68 69 64 65 6F 75 74 21 C0	1CC 01E 011 021 03C 001 123 013 084 029 1C8 064 06F 04E 051 078 028 001 015 017 039 084 015 025 032 1C8 14D 08E 084 022 016 038 015 032 024 07A 1C0
02	C6	0x02C6	"<SPEAKER>「うわー ごめんなさーい
おれ リルちゃんを ひとりじめ
したかったんだよー<WAIT><SPEAKER>「もう こんなことは しないから
ゆるしてくれよー!<WAIT><SPEAKER>「それは それとして
あんたたち ひかるビーダマを
持ってないかい?"	"<SPEAKER>Wah! I am sorry!
I wanted Lil all to myself!<WAIT><SPEAKER>I will never do
it again, so forgive me!<WAIT><SPEAKER>Anyway... Do you happen
to have any Shining Marbles?"			SPEAKER NEWLINE WAIT SPEAKER NEWLINE WAIT SPEAKER NEWLINE END	EA:B2C2	CC 57 61 68 21 01 49 01 61 6D 01 73 6F 72 72 79 21 C8 49 01 77 61 6E 74 65 64 01 4C 69 6C 01 61 6C 6C 01 74 6F 01 6D 79 73 65 6C 66 21 C5 CC 49 01 77 69 6C 6C 01 6E 65 76 65 72 01 64 6F C8 69 74 01 61 67 61 69 6E 2C 01 73 6F 01 66 6F 72 67 69 76 65 01 6D 65 21 C5 CC 41 6E 79 77 61 79 2E 2E 2E 01 44 6F 01 79 6F 75 01 68 61 70 70 65 6E C8 74 6F 01 68 61 76 65 01 61 6E 79 01 53 68 69 6E 69 6E 67 01 4D 61 72 62 6C 65 73 3F C0	1CC 012 03B 078 001 084 019 031 03D 024 01A 078 011 1C8 014 039 001 069 06A 020 03F 03D 03C 001 02A 023 037 084 01B 031 1C8 01B 01F 015 03E 01F 03D 084 01F 035 078 1C5 1CC 032 012 001 019 03D 024 019 023 029 001 01B 024 011 015 036 1C8 034 038 01B 022 017 039 035 078 07A 1C5 1CC 01E 039 029 001 01E 039 023 01B 022 1C8 010 03D 01F 01F 020 001 02A 015 038 084 05C 078 084 051 060 03C 1C8 0D3 03E 022 024 011 015 011 079 1C0
02	C7	0x02C7	"<SPEAKER>「なんじゃ? しんいりか?
わしゃ 何も ジェイビーさまから
聞いとらんぞ<WAIT><SPEAKER>「・・・まあ かくにんは あとで
するか・・・よし よく聞くんだ!<WAIT><SPEAKER>「ここでの おまえの
しごとは 発掘さぎょうだ!<WAIT><SPEAKER>「しんいりは まず 鉱山へ行け!
そこで まず おにのように
はたらきまくるんだ! わかったな!"	"<SPEAKER>What? A newcomer? Lord
J.B. never told me anything.<WAIT><SPEAKER>...I will confirm it
later. For now, listen carefully!<WAIT><SPEAKER>Your job
here is excavation!<WAIT><SPEAKER>Newcomers go to
Deathvalley Mine first and
work like demons! Got it?!"			SPEAKER NEWLINE WAIT SPEAKER NEWLINE WAIT SPEAKER NEWLINE WAIT SPEAKER NEWLINE NEWLINE END	EA:B350	CC 57 68 61 74 3F 01 41 01 6E 65 77 63 6F 6D 65 72 3F 01 4C 6F 72 64 C8 4A 2E 42 2E 01 6E 65 76 65 72 01 74 6F 6C 64 01 6D 65 01 61 6E 79 74 68 69 6E 67 2E C5 CC 2E 2E 2E 49 01 77 69 6C 6C 01 63 6F 6E 66 69 72 6D 01 69 74 C8 6C 61 74 65 72 2E 01 46 6F 72 01 6E 6F 77 2C 01 6C 69 73 74 65 6E 01 63 61 72 65 66 75 6C 6C 79 21 C5 CC 59 6F 75 72 01 6A 6F 62 C8 68 65 72 65 01 69 73 01 65 78 63 61 76 61 74 69 6F 6E 21 C5 CC 4E 65 77 63 6F 6D 65 72 73 01 67 6F 01 74 6F C8 44 65 61 74 68 76 61 6C 6C 65 79 01 4D 69 6E 65 01 66 69 72 73 74 01 61 6E 64 C8 77 6F 72 6B 01 6C 69 6B 65 01 64 65 6D 6F 6E 73 21 01 47 6F 74 01 69 74 3F 21 C0	1CC 024 03D 084 01B 03F 079 001 01B 03D 011 037 015 079 1C8 03B 01B 03F 001 093 032 001 084 04D 076 043 084 05C 078 01A 02E 015 036 1C8 0A6 011 023 036 03D 084 01E 1C5 1CC 081 081 081 02E 010 001 015 017 025 03D 029 001 010 023 084 022 1C8 01C 038 015 081 081 081 035 01B 001 035 017 0A6 017 03D 084 01F 07A 1C5 1CC 019 019 084 022 028 001 014 02E 013 028 1C8 01B 084 019 023 029 001 0C8 11C 01A 084 016 041 012 084 01F 07A 1C5 1CC 01B 03D 011 037 029 001 02E 084 01C 001 10B 10C 02C 08D 018 07A 1C8 01E 019 084 022 001 02E 084 01C 001 014 025 028 035 012 025 1C8 029 01F 036 016 02E 017 038 03D 084 01F 07A 001 03B 015 03E 01F 024 07A 1C0
02	C8	0x02C8	"<SPEAKER>「よし 鉱山に のぼる ケーブルの
きっぷを やるぞい! ほれ!"	"<SPEAKER>All right. Here
is a cable-car ticket
up to Deathvalley Mine!"			SPEAKER NEWLINE NEWLINE END	EA:B422	CC 41 6C 6C 01 72 69 67 68 74 2E 01 48 65 72 65 C8 69 73 01 61 01 63 61 62 6C 65 2D 63 61 72 01 74 69 63 6B 65 74 C8 75 70 01 74 6F 01 44 65 61 74 68 76 61 6C 6C 65 79 01 4D 69 6E 65 21 C0	1CC 035 01B 001 10B 10C 025 001 028 084 02D 038 001 04A 078 084 05D 06A 028 1C8 016 03E 083 02B 03C 001 033 038 084 01E 011 07A 001 02D 039 07A 1C0
02	C9	0x02C9	<SPEAKER>「わかったら さっさと 行けい!	"<SPEAKER>If you
understand, get moving!"			SPEAKER NEWLINE END	EA:B461	CC 49 66 01 79 6F 75 C8 75 6E 64 65 72 73 74 61 6E 64 2C 01 67 65 74 01 6D 6F 76 69 6E 67 21 C0	1CC 03B 015 03E 01F 036 001 01A 03E 01A 023 001 08D 018 011 07A 1C0
02	CA	0x02CA	"<SPEAKER>「きっぷが ほしけりゃ
にもつを どうにかして
またくるんだな!"	"<SPEAKER>If you want the
ticket, make room in your
baggage and come back!"			SPEAKER NEWLINE NEWLINE END	EA:B481	CC 49 66 01 79 6F 75 01 77 61 6E 74 01 74 68 65 C8 74 69 63 6B 65 74 2C 01 6D 61 6B 65 01 72 6F 6F 6D 01 69 6E 01 79 6F 75 72 C8 62 61 67 67 61 67 65 01 61 6E 64 01 63 6F 6D 65 01 62 61 63 6B 21 C0	1CC 016 03E 083 02B 084 015 001 02D 01B 018 037 03F 1C8 025 032 021 03C 001 084 023 012 025 015 01B 022 1C8 02E 01F 017 038 03D 084 01F 024 07A 1C0
02	CB	0x02CB	"<SPEAKER>「ここは ムショと ちがって
はたらいたら はたらいたぶんだけ
たのしく すごせるところだ<WAIT><SPEAKER>「ジェイビーさまに 感謝の
気持ちを わすれずになっ!"	"<SPEAKER>This place is not like
prison. The harder you work, the
more you get to enjoy yourself.<WAIT><SPEAKER>Never forget to
be grateful to Lord J.B.!"			SPEAKER NEWLINE NEWLINE WAIT SPEAKER NEWLINE END	EA:B4C3	CC 54 68 69 73 01 70 6C 61 63 65 01 69 73 01 6E 6F 74 01 6C 69 6B 65 C8 70 72 69 73 6F 6E 2E 01 54 68 65 01 68 61 72 64 65 72 01 79 6F 75 01 77 6F 72 6B 2C 01 74 68 65 C8 6D 6F 72 65 01 79 6F 75 01 67 65 74 01 74 6F 01 65 6E 6A 6F 79 01 79 6F 75 72 73 65 6C 66 2E C5 CC 4E 65 76 65 72 01 66 6F 72 67 65 74 01 74 6F C8 62 65 01 67 72 61 74 65 66 75 6C 01 74 6F 01 4C 6F 72 64 01 4A 2E 42 2E 21 C0	1CC 019 019 029 001 062 04D 073 023 001 020 084 015 03E 022 1C8 029 01F 036 011 01F 036 001 029 01F 036 011 01F 084 02B 03D 084 01F 018 1C8 01F 028 01B 017 001 01C 084 019 01D 038 023 019 03A 084 01F 1C5 1CC 084 04D 076 043 084 05C 078 01A 02E 025 001 0FC 193 028 1C8 099 0D3 020 03C 001 03B 01C 039 084 01C 025 024 03E 07A 1C0
02	CC	0x02CC	"<CLEAR>
レディは きんこを しらべた"	<CLEAR>Lady examines the safe.			CLEAR END	EA:B547	D0 4C 61 64 79 01 65 78 61 6D 69 6E 65 73 01 74 68 65 01 73 61 66 65 2E C0	1D0 06B 084 054 075 029 001 016 03D 019 03C 001 01B 036 084 02C 01F 1C0
02	CD	0x02CD	"<CLEAR>
きんこが ある
あかないようだ・・・"	"<CLEAR>There is a safe here.
It will not open..."			CLEAR NEWLINE END	EA:B560	D0 54 68 65 72 65 01 69 73 01 61 01 73 61 66 65 01 68 65 72 65 2E C8 49 74 01 77 69 6C 6C 01 6E 6F 74 01 6F 70 65 6E 2E 2E 2E C0	1D0 016 03D 019 084 015 001 010 038 1C8 010 015 024 011 035 012 084 01F 081 081 081 1C0
02	CE	0x02CE	"<SPEAKER>「おお 話は すべて聞いたぜ
ジェイビーを たおしてくれるなら
武器を ちょうたつするぜ<WAIT><SPEAKER>「鉱山には 使える武器が
たんまりあるから
掘り出すたびに 店にならべておくぜ"	"<SPEAKER>I heard everything.
If you'll fight J.B.,
I'll supply weapons.<WAIT><SPEAKER>This mine has plenty.
Whenever we dig one up,
I'll put it in the shop."			SPEAKER NEWLINE NEWLINE WAIT SPEAKER NEWLINE NEWLINE END	EA:B58B	CC 49 01 68 65 61 72 64 01 65 76 65 72 79 74 68 69 6E 67 2E C8 49 66 01 79 6F 75 27 6C 6C 01 66 69 67 68 74 01 4A 2E 42 2E 2C C8 49 27 6C 6C 01 73 75 70 70 6C 79 01 77 65 61 70 6F 6E 73 2E C5 CC 54 68 69 73 01 6D 69 6E 65 01 68 61 73 01 70 6C 65 6E 74 79 2E C8 57 68 65 6E 65 76 65 72 01 77 65 01 64 69 67 01 6F 6E 65 01 75 70 2C C8 49 27 6C 6C 01 70 75 74 01 69 74 01 69 6E 01 74 68 65 01 73 68 6F 70 2E C0	1CC 014 014 001 0A0 029 001 01C 084 02C 022 0A6 011 01F 084 01D 1C8 084 04D 076 043 084 05C 078 03C 001 01F 014 01B 022 017 039 038 024 036 1C8 0CB 12A 03C 001 020 041 012 01F 021 01C 038 084 01D 1C5 1CC 10B 10C 025 029 001 123 013 038 0CB 12A 084 015 1C8 01F 03D 02E 037 010 038 015 036 1C8 11C 037 106 01C 01F 084 02A 025 001 129 025 024 036 084 02C 022 014 017 084 01D 1C0
02	CF	0x02CF	"<SPEAKER>「お! それは けられた昔に
多大なラッキーを もたらすという
伝説の あかいハイヒール!<WAIT><SPEAKER>「ねえちゃん! たのむ!
そいつで おれを けってくれないか?"	"<SPEAKER>Whoa! The legendary
Red High Heels! A kick from
them brings amazing luck!<WAIT><SPEAKER>Lady, please!
Kick me with them!"			SPEAKER NEWLINE NEWLINE WAIT SPEAKER NEWLINE END	EA:B613	CC 57 68 6F 61 21 01 54 68 65 01 6C 65 67 65 6E 64 61 72 79 C8 52 65 64 01 48 69 67 68 01 48 65 65 6C 73 21 01 41 01 6B 69 63 6B 01 66 72 6F 6D C8 74 68 65 6D 01 62 72 69 6E 67 73 01 61 6D 61 7A 69 6E 67 01 6C 75 63 6B 21 C5 CC 4C 61 64 79 2C 01 70 6C 65 61 73 65 21 C8 4B 69 63 6B 01 6D 65 01 77 69 74 68 01 74 68 65 6D 21 C0	1CC 014 07A 001 01E 039 029 001 018 036 039 01F 0A7 025 1C8 0CE 0AC 024 068 070 048 078 03C 001 032 01F 036 01C 023 011 012 1C8 092 08F 028 001 010 015 011 05B 043 05C 078 06A 07A 1C5 1CC 027 013 020 03F 03D 07A 001 01F 028 030 07A 1C8 01E 011 021 084 022 001 014 039 03C 001 018 03E 022 017 039 024 011 015 079 1C0
02	D0	0x02D0	<SPEAKER>「イエー やったぜ!	<SPEAKER>YEAH! I did it!			SPEAKER END	EA:B680	CC 59 45 41 48 21 01 49 01 64 69 64 01 69 74 21 C0	1CC 043 045 078 001 033 03E 01F 084 01D 07A 1C0
02	D1	0x02D1	"<SPEAKER>「ねえちゃん たのむよ!
おれとあんたの なかじゃねえか!
えんりょはいらねえぜ!"	"<SPEAKER>Come on, lady!
Please! We are pals,
right? Do not hold back!"			SPEAKER NEWLINE NEWLINE END	EA:B691	CC 43 6F 6D 65 01 6F 6E 2C 01 6C 61 64 79 21 C8 50 6C 65 61 73 65 21 01 57 65 01 61 72 65 01 70 61 6C 73 2C C8 72 69 67 68 74 3F 01 44 6F 01 6E 6F 74 01 68 6F 6C 64 01 62 61 63 6B 21 C0	1CC 027 013 020 03F 03D 001 01F 028 030 035 07A 1C8 014 039 023 010 03D 01F 028 001 024 015 084 01B 03F 027 013 015 07A 1C8 013 03D 037 041 029 011 036 027 013 084 01D 07A 1C0
02	D2	0x02D2	"<SPEAKER>「いてー!
でもきもちいいー!<WAIT><SPEAKER>「さて いい思いを
させてもらった ところで
おれいに これをやるよ!"	"<SPEAKER>OW! But that felt great!<WAIT><SPEAKER>Well, after a
treat like that, I owe
you something. Take this!"			SPEAKER WAIT SPEAKER NEWLINE NEWLINE END	EA:B6CF	CC 4F 57 21 01 42 75 74 01 74 68 61 74 01 66 65 6C 74 01 67 72 65 61 74 21 C5 CC 57 65 6C 6C 2C 01 61 66 74 65 72 01 61 C8 74 72 65 61 74 01 6C 69 6B 65 01 74 68 61 74 2C 01 49 01 6F 77 65 C8 79 6F 75 01 73 6F 6D 65 74 68 69 6E 67 2E 01 54 61 6B 65 01 74 68 69 73 21 C0	1CC 011 022 078 07A 1C8 084 022 032 016 032 020 011 011 078 07A 1C5 1CC 01A 022 001 011 011 10F 011 03C 1C8 01A 01D 022 032 036 03E 01F 001 023 019 03A 084 022 1C8 014 039 011 025 001 019 039 03C 033 038 035 07A 1C0
02	D3	0x02D3	"<SPEAKER>「お! それは・・・
ねえちゃん こっちに来て
そのクツを よく見せてくれねえか?"	"<SPEAKER>Whoa! Those are... Lady,
come over here and let me get
a good look at those shoes!"			SPEAKER NEWLINE NEWLINE END	EA:B729	CC 57 68 6F 61 21 01 54 68 6F 73 65 01 61 72 65 2E 2E 2E 01 4C 61 64 79 2C C8 63 6F 6D 65 01 6F 76 65 72 01 68 65 72 65 01 61 6E 64 01 6C 65 74 01 6D 65 01 67 65 74 C8 61 01 67 6F 6F 64 01 6C 6F 6F 6B 01 61 74 01 74 68 6F 73 65 01 73 68 6F 65 73 21 C0	1CC 014 07A 001 01E 039 029 081 081 081 1C8 027 013 020 03F 03D 001 019 03E 020 025 097 022 1C8 01E 028 049 053 03C 001 035 017 090 01D 022 017 039 027 013 015 079 1C0
02	D4	0x02D4	"<SPEAKER>「いや レディさん!
ほんとに 感謝してますよ<WAIT><SPEAKER>「ほかの 囚人も なんとか
あのジェイビーの いきのねを
とめたいと 思っとるんですが<WAIT><SPEAKER>「わしらでは さかだちしても
たちうち できん あいてですわ!<WAIT><SPEAKER>「だから・・・レディさん!
かんづめに された なかまの
かたきを うってくだせえ!<WAIT><SPEAKER>「かたきを うってくれるんなら
しにものぐるいで うもれた武器を
掘り出します! どうかたのんます!"	"<SPEAKER>Lady, thank you so much!<WAIT><SPEAKER>The other prisoners
want J.B. stopped too, but
we don't stand a chance.<WAIT><SPEAKER>We couldn't beat him
even standing on our heads!<WAIT><SPEAKER>So please, Lady! Avenge
our friends sealed in cans!<WAIT><SPEAKER>If you will, we'll
dig up weapons like our
lives depend on it! Please!"			SPEAKER WAIT SPEAKER NEWLINE NEWLINE WAIT SPEAKER NEWLINE WAIT SPEAKER NEWLINE WAIT SPEAKER NEWLINE NEWLINE END	EA:B77D	CC 4C 61 64 79 2C 01 74 68 61 6E 6B 01 79 6F 75 01 73 6F 01 6D 75 63 68 21 C5 CC 54 68 65 01 6F 74 68 65 72 01 70 72 69 73 6F 6E 65 72 73 C8 77 61 6E 74 01 4A 2E 42 2E 01 73 74 6F 70 70 65 64 01 74 6F 6F 2C 01 62 75 74 C8 77 65 01 64 6F 6E 27 74 01 73 74 61 6E 64 01 61 01 63 68 61 6E 63 65 2E C5 CC 57 65 01 63 6F 75 6C 64 6E 27 74 01 62 65 61 74 01 68 69 6D C8 65 76 65 6E 01 73 74 61 6E 64 69 6E 67 01 6F 6E 01 6F 75 72 01 68 65 61 64 73 21 C5 CC 53 6F 01 70 6C 65 61 73 65 2C 01 4C 61 64 79 21 01 41 76 65 6E 67 65 C8 6F 75 72 01 66 72 69 65 6E 64 73 01 73 65 61 6C 65 64 01 69 6E 01 63 61 6E 73 21 C5 CC 49 66 01 79 6F 75 01 77 69 6C 6C 2C 01 77 65 27 6C 6C C8 64 69 67 01 75 70 01 77 65 61 70 6F 6E 73 01 6C 69 6B 65 01 6F 75 72 C8 6C 69 76 65 73 01 64 65 70 65 6E 64 01 6F 6E 01 69 74 21 01 50 6C 65 61 73 65 21 C0	1CC 011 033 001 06B 084 054 075 01A 03D 07A 1C8 02D 03D 023 025 001 0FC 193 01B 022 02E 01C 035 1C5 1CC 02D 015 028 001 113 091 032 001 024 03D 023 015 1C8 010 028 084 04D 076 043 084 05C 078 028 001 011 016 028 027 03C 1C8 023 031 01F 011 023 001 10F 03E 023 038 03D 084 022 01C 084 015 1C5 1CC 03B 01B 036 084 022 029 001 01A 015 084 01F 020 01B 022 032 1C8 01F 020 012 020 001 084 022 016 03D 001 010 011 022 084 022 01C 03B 07A 1C5 1CC 084 01F 015 036 081 081 081 06B 084 054 075 01A 03D 07A 1C8 015 03D 084 021 031 025 001 01A 039 01F 001 024 015 02E 028 1C8 015 01F 016 03C 001 012 03E 022 017 084 01F 01D 013 07A 1C5 1CC 015 01F 016 03C 001 012 03E 022 017 039 038 03D 024 036 1C8 01B 025 032 028 084 017 038 011 084 022 001 012 032 039 01F 0CB 12A 03C 1C8 11C 037 106 01B 02E 01C 07A 001 084 023 012 015 01F 028 03D 02E 01C 07A 1C0
02	D5	0x02D5	"<SPEAKER>「え? 岩場を のぼる くつ?<WAIT><SPEAKER>「うん 鉱山で 使ってたけど
あれは ガスがないと
やくに たたないよ!<WAIT><SPEAKER>「それでも いいなら
使ってくださいよ ヘヘ おれ
今 はいてるんですよ"	"<SPEAKER>Huh? Boots for
climbing rocky ground?<WAIT><SPEAKER>We used them in
Deathvalley Mine, but they
are useless without gas.<WAIT><SPEAKER>If you still want
them, go ahead. Heh heh...
I am wearing them now."			SPEAKER NEWLINE WAIT SPEAKER NEWLINE NEWLINE WAIT SPEAKER NEWLINE NEWLINE END	EA:B88F	CC 48 75 68 3F 01 42 6F 6F 74 73 01 66 6F 72 C8 63 6C 69 6D 62 69 6E 67 01 72 6F 63 6B 79 01 67 72 6F 75 6E 64 3F C5 CC 57 65 01 75 73 65 64 01 74 68 65 6D 01 69 6E C8 44 65 61 74 68 76 61 6C 6C 65 79 01 4D 69 6E 65 2C 01 62 75 74 01 74 68 65 79 C8 61 72 65 01 75 73 65 6C 65 73 73 01 77 69 74 68 6F 75 74 01 67 61 73 2E C5 CC 49 66 01 79 6F 75 01 73 74 69 6C 6C 01 77 61 6E 74 C8 74 68 65 6D 2C 01 67 6F 01 61 68 65 61 64 2E 01 48 65 68 01 68 65 68 2E 2E 2E C8 49 01 61 6D 01 77 65 61 72 69 6E 67 01 74 68 65 6D 01 6E 6F 77 2E C0	1CC 013 079 001 158 0A5 03C 001 028 084 02D 038 001 017 021 079 1C5 1CC 012 03D 001 10B 10C 084 022 001 123 03E 022 01F 018 084 023 1C8 010 039 029 001 084 047 04E 084 015 024 011 023 1C8 033 017 025 001 01F 01F 024 011 035 07A 1C5 1CC 01E 039 084 022 032 001 011 011 024 036 1C8 123 03E 022 017 084 01F 01A 011 035 001 05E 05E 001 014 039 1C8 150 001 029 011 022 038 03D 084 022 01C 035 1C0
02	D6	0x02D6	"<SPEAKER>「ちょっと くさいかも
しれないけど はい どーぞ!"	"<SPEAKER>They might smell
a little, but here you go!"			SPEAKER NEWLINE END	EA:B940	CC 54 68 65 79 01 6D 69 67 68 74 01 73 6D 65 6C 6C C8 61 01 6C 69 74 74 6C 65 2C 01 62 75 74 01 68 65 72 65 01 79 6F 75 01 67 6F 21 C0	1CC 020 041 03E 023 001 017 01A 011 015 032 1C8 01B 039 024 011 018 084 023 001 029 011 001 084 023 078 084 01E 07A 1C0
02	D7	0x02D7	<SPEAKER>「さっそく はいてみますかい?	"<SPEAKER>Want to put
them on right away?"			SPEAKER NEWLINE END	EA:B96D	CC 57 61 6E 74 01 74 6F 01 70 75 74 C8 74 68 65 6D 01 6F 6E 01 72 69 67 68 74 01 61 77 61 79 3F C0	1CC 01A 03E 01E 017 001 029 011 022 02F 02E 01C 015 011 079 1C0
02	D8	0x02D8	"<SPEAKER>「ロケットぐつを 装備して
ガスの 噴き出ている ところに
のれば ガスを ほきゅうできるよ<WAIT><SPEAKER>「そして Aっと さけべば
すこしくらいの 高さなら
ジャンプできるよ<WAIT><SPEAKER>「でも すぐ ガスが
なくなっちゃうけどね!"	"<SPEAKER>Equip the Rocket
Boots and stand where gas
is blowing out to refuel.<WAIT><SPEAKER>Then shout A
and you can jump over
small changes in height.<WAIT><SPEAKER>The gas runs
out pretty fast, though!"			SPEAKER NEWLINE NEWLINE WAIT SPEAKER NEWLINE NEWLINE WAIT SPEAKER NEWLINE END	EA:B98E	CC 45 71 75 69 70 01 74 68 65 01 52 6F 63 6B 65 74 C8 42 6F 6F 74 73 01 61 6E 64 01 73 74 61 6E 64 01 77 68 65 72 65 01 67 61 73 C8 69 73 01 62 6C 6F 77 69 6E 67 01 6F 75 74 01 74 6F 01 72 65 66 75 65 6C 2E C5 CC 54 68 65 6E 01 73 68 6F 75 74 01 41 C8 61 6E 64 01 79 6F 75 01 63 61 6E 01 6A 75 6D 70 01 6F 76 65 72 C8 73 6D 61 6C 6C 01 63 68 61 6E 67 65 73 01 69 6E 01 68 65 69 67 68 74 2E C5 CC 54 68 65 01 67 61 73 01 72 75 6E 73 C8 6F 75 74 01 70 72 65 74 74 79 01 66 61 73 74 2C 01 74 68 6F 75 67 68 21 C0	1CC 06C 04A 070 055 084 017 021 03C 001 0C2 0C4 01B 022 1C8 084 047 04E 028 001 117 016 106 022 011 038 001 023 019 03A 025 1C8 028 039 084 029 001 084 047 04E 03C 001 02D 016 040 012 084 022 016 038 035 1C5 1CC 01E 01B 022 001 16E 03E 023 001 01A 018 084 02C 084 029 1C8 01C 019 01B 017 036 011 028 001 105 01A 024 036 1C8 084 04D 071 06F 083 05D 084 022 016 038 035 1C5 1CC 084 022 032 001 01C 084 017 001 084 047 04E 084 015 1C8 024 017 024 03E 020 03F 012 018 084 023 027 07A 1C0
02	D9	0x02D9	"<SPEAKER>「こうみえても おれは あしが
ちいさいんですよ だから
レディさんにしか あわないよ<WAIT><SPEAKER>「だから レディさんの
にもつを せいりして
また 来てくださいよ"	"<SPEAKER>I may not look
it, but my feet are small.
They will only fit Lady.<WAIT><SPEAKER>Make some room in
Lady's baggage and come back."			SPEAKER NEWLINE NEWLINE WAIT SPEAKER NEWLINE END	EA:BA38	CC 49 01 6D 61 79 01 6E 6F 74 01 6C 6F 6F 6B C8 69 74 2C 01 62 75 74 01 6D 79 01 66 65 65 74 01 61 72 65 01 73 6D 61 6C 6C 2E C8 54 68 65 79 01 77 69 6C 6C 01 6F 6E 6C 79 01 66 69 74 01 4C 61 64 79 2E C5 CC 4D 61 6B 65 01 73 6F 6D 65 01 72 6F 6F 6D 01 69 6E C8 4C 61 64 79 27 73 01 62 61 67 67 61 67 65 01 61 6E 64 01 63 6F 6D 65 01 62 61 63 6B 2E C0	1CC 019 012 02F 013 022 032 001 014 039 029 001 010 01B 084 015 1C8 020 011 01A 011 03D 084 022 01C 035 001 084 01F 015 036 1C8 06B 084 054 075 01A 03D 025 01B 015 001 010 03B 024 011 035 1C5 1CC 084 01F 015 036 001 06B 084 054 075 01A 03D 028 1C8 025 032 021 03C 001 01D 011 037 01B 022 1C8 02E 01F 001 097 022 017 084 01F 01A 011 035 1C0
02	DA	0x02DA	"<CLEAR>
ドドヘイは
ロケットぐつを装備した"	"<CLEAR>Dodohei equipped
the Rocket Boots."			CLEAR NEWLINE END	EA:BAAD	D0 44 6F 64 6F 68 65 69 01 65 71 75 69 70 70 65 64 C8 74 68 65 01 52 6F 63 6B 65 74 01 42 6F 6F 74 73 2E C0	1D0 084 055 084 055 05E 043 029 1C8 06C 04A 070 055 084 017 021 03C 0C2 0C4 01B 01F 1C0
02	DB	0x02DB	"<SPEAKER>「ヘブリのやろう! 魔物が
変身していたんですよ!<WAIT><SPEAKER>「レディさんを 鉱山に行かせて
そのあと すぐに ジェイビーに
ほうこくしていたんでさあ<WAIT><SPEAKER>「いやはや すっかりだまされましたわ
あ そうそう うしろのきんこに
まものエキスが ありやすよ<WAIT><SPEAKER>「そいつをのんで こんどは
魔物どもの すみかに
寝入して やりやしょうよ!"	"<SPEAKER>That bastard Hebri
was a monster in disguise!<WAIT><SPEAKER>He sent you to
Deathvalley Mine, then
immediately reported it to J.B.<WAIT><SPEAKER>He really fooled all of
us. Oh, right. There is Monster
Extract in the safe behind me.<WAIT><SPEAKER>Drink it, then infiltrate
the monsters' home this time!"			SPEAKER NEWLINE WAIT SPEAKER NEWLINE NEWLINE WAIT SPEAKER NEWLINE NEWLINE WAIT SPEAKER NEWLINE END	EA:BAD1	CC 54 68 61 74 01 62 61 73 74 61 72 64 01 48 65 62 72 69 C8 77 61 73 01 61 01 6D 6F 6E 73 74 65 72 01 69 6E 01 64 69 73 67 75 69 73 65 21 C5 CC 48 65 01 73 65 6E 74 01 79 6F 75 01 74 6F C8 44 65 61 74 68 76 61 6C 6C 65 79 01 4D 69 6E 65 2C 01 74 68 65 6E C8 69 6D 6D 65 64 69 61 74 65 6C 79 01 72 65 70 6F 72 74 65 64 01 69 74 01 74 6F 01 4A 2E 42 2E C5 CC 48 65 01 72 65 61 6C 6C 79 01 66 6F 6F 6C 65 64 01 61 6C 6C 01 6F 66 C8 75 73 2E 01 4F 68 2C 01 72 69 67 68 74 2E 01 54 68 65 72 65 01 69 73 01 4D 6F 6E 73 74 65 72 C8 45 78 74 72 61 63 74 01 69 6E 01 74 68 65 01 73 61 66 65 01 62 65 68 69 6E 64 01 6D 65 2E C5 CC 44 72 69 6E 6B 01 69 74 2C 01 74 68 65 6E 01 69 6E 66 69 6C 74 72 61 74 65 C8 74 68 65 01 6D 6F 6E 73 74 65 72 73 27 01 68 6F 6D 65 01 74 68 69 73 01 74 69 6D 65 21 C0	1CC 05E 084 05D 069 028 033 03A 012 07A 001 09A 08B 084 015 1C8 178 1BA 01B 022 011 01F 03D 084 022 01C 035 07A 1C5 1CC 06B 084 054 075 01A 03D 03C 001 10B 10C 025 08D 015 01D 022 1C8 01E 028 010 023 001 01C 084 017 025 001 084 04D 076 043 084 05C 078 025 1C8 02D 012 019 017 01B 022 011 01F 03D 084 022 01A 010 1C5 1CC 011 033 029 033 001 01C 03E 015 037 084 01F 02E 01A 039 02E 01B 01F 03B 1C8 010 001 01E 012 01E 012 001 012 01B 03A 028 016 03D 019 025 1C8 02E 032 028 045 048 04E 084 015 001 010 037 033 01C 035 1C5 1CC 01E 011 021 03C 028 03D 084 022 001 019 03D 084 023 029 1C8 09A 08B 084 023 032 028 001 01C 02F 015 025 1C8 14D 08E 01B 022 001 033 037 033 01B 041 012 035 07A 1C0
02	DC	0x02DC	"<SPEAKER>「あんた 見かけん かおだな
ヘブリじいさんに あいさつ
しといたほうが いいよ"	"<SPEAKER>I do not recognize
you. You should go introduce
yourself to old Hebri."			SPEAKER NEWLINE NEWLINE END	EA:BBD8	CC 49 01 64 6F 01 6E 6F 74 01 72 65 63 6F 67 6E 69 7A 65 C8 79 6F 75 2E 01 59 6F 75 01 73 68 6F 75 6C 64 01 67 6F 01 69 6E 74 72 6F 64 75 63 65 C8 79 6F 75 72 73 65 6C 66 01 74 6F 01 6F 6C 64 01 48 65 62 72 69 2E C0	1CC 010 03D 01F 001 090 015 018 03D 001 015 014 084 01F 024 1C8 05E 084 05D 069 084 01B 011 01A 03D 025 001 010 011 01A 021 1C8 01B 023 011 01F 02D 012 084 015 001 011 011 035 1C0
02	DD	0x02DD	"<SPEAKER>「レ レディさん!
なかまの かたきを
うってくだせえ!"	"<SPEAKER>L-Lady! Please
avenge our friends!"			SPEAKER NEWLINE END	EA:BC20	CC 4C 2D 4C 61 64 79 21 01 50 6C 65 61 73 65 C8 61 76 65 6E 67 65 01 6F 75 72 01 66 72 69 65 6E 64 73 21 C0	1CC 06B 001 06B 084 054 075 01A 03D 07A 1C8 024 015 02E 028 001 015 01F 016 03C 1C8 012 03E 022 017 084 01F 01D 013 07A 1C0
02	DE	0x02DE	"<SPEAKER>「ねーちゃん しんいりか?
かわいい かおして なに
わるさ したんだい?"	"<SPEAKER>Hey, are you new here?
With a cute face like that, what
did you do to get locked up?"			SPEAKER NEWLINE NEWLINE END	EA:BC44	CC 48 65 79 2C 01 61 72 65 01 79 6F 75 01 6E 65 77 01 68 65 72 65 3F C8 57 69 74 68 01 61 01 63 75 74 65 01 66 61 63 65 01 6C 69 6B 65 01 74 68 61 74 2C 01 77 68 61 74 C8 64 69 64 01 79 6F 75 01 64 6F 01 74 6F 01 67 65 74 01 6C 6F 63 6B 65 64 01 75 70 3F C0	1CC 027 078 020 03F 03D 001 01B 03D 011 037 015 079 1C8 015 03B 011 011 001 015 014 01B 022 001 024 025 1C8 03B 038 01A 001 01B 01F 03D 084 01F 011 079 1C0
02	DF	0x02DF	"<SPEAKER>「あの ジャンボやろうを
ぶちのめすためなら
なんでも てつだいますぜ!"	"<SPEAKER>If it helps smash
that jumbo bastard, I
will do anything I can!"			SPEAKER NEWLINE NEWLINE END	EA:BC9A	CC 49 66 01 69 74 01 68 65 6C 70 73 01 73 6D 61 73 68 C8 74 68 61 74 01 6A 75 6D 62 6F 01 62 61 73 74 61 72 64 2C 01 49 C8 77 69 6C 6C 01 64 6F 01 61 6E 79 74 68 69 6E 67 01 49 01 63 61 6E 21 C0	1CC 010 028 001 084 04D 071 06F 084 05F 033 03A 012 03C 1C8 084 02B 020 028 031 01C 01F 031 024 036 1C8 024 03D 084 022 032 001 022 021 084 01F 011 02E 01C 084 01D 07A 1C0
02	E0	0x02E0	"<SPEAKER>「お! ドドヘイかい?・・・
なんだ・・・ しんいりか・・<WAIT><SPEAKER>「いや なに ともだちの
ドドヘイが 鉱山から 何日も
もどってこないんだよ<WAIT><SPEAKER>「まあ あいつは タフだから
とまりこみで ガンガン
やってるとは 思うけどね"	"<SPEAKER>Oh, Dodohei? ...
Oh. Just a newcomer...<WAIT><SPEAKER>A friend of mine
named Dodohei has not come
back from the mine for days.<WAIT><SPEAKER>He is tough, so I
figure he is just working
nonstop and sleeping there."			SPEAKER NEWLINE WAIT SPEAKER NEWLINE NEWLINE WAIT SPEAKER NEWLINE NEWLINE END	EA:BCDB	CC 4F 68 2C 01 44 6F 64 6F 68 65 69 3F 01 2E 2E 2E C8 4F 68 2E 01 4A 75 73 74 01 61 01 6E 65 77 63 6F 6D 65 72 2E 2E 2E C5 CC 41 01 66 72 69 65 6E 64 01 6F 66 01 6D 69 6E 65 C8 6E 61 6D 65 64 01 44 6F 64 6F 68 65 69 01 68 61 73 01 6E 6F 74 01 63 6F 6D 65 C8 62 61 63 6B 01 66 72 6F 6D 01 74 68 65 01 6D 69 6E 65 01 66 6F 72 01 64 61 79 73 2E C5 CC 48 65 01 69 73 01 74 6F 75 67 68 2C 01 73 6F 01 49 C8 66 69 67 75 72 65 01 68 65 01 69 73 01 6A 75 73 74 01 77 6F 72 6B 69 6E 67 C8 6E 6F 6E 73 74 6F 70 01 61 6E 64 01 73 6C 65 65 70 69 6E 67 01 74 68 65 72 65 2E C0	1CC 014 07A 001 084 055 084 055 05E 043 015 011 079 081 081 081 1C8 024 03D 084 01F 081 081 081 001 01B 03D 011 037 015 081 081 1C5 1CC 011 033 001 024 025 001 023 032 084 01F 020 028 1C8 084 055 084 055 05E 043 084 015 001 10B 10C 015 036 001 093 120 032 1C8 032 084 023 03E 022 019 024 011 03D 084 01F 035 1C5 1CC 02E 010 001 010 011 021 029 001 051 05D 084 01F 015 036 1C8 023 02E 037 019 02F 084 022 001 084 047 06F 084 047 06F 1C8 033 03E 022 038 023 029 001 10F 012 018 084 023 027 1C0
02	E1	0x02E1	"<SPEAKER>「なかまの かんづめは
とりあえず この町に はこんで
まいそう してやりました<WAIT><SPEAKER>「それにしても かんづめだなんて
あの ジャンボベビーのやろう
人間を なめやがって!"	"<SPEAKER>We brought our
canned friends back to
town and buried them.<WAIT><SPEAKER>Still, canning people like
that... That jumbo baby bastard
treats humans like garbage!"			SPEAKER NEWLINE NEWLINE WAIT SPEAKER NEWLINE NEWLINE END	EA:BD97	CC 57 65 01 62 72 6F 75 67 68 74 01 6F 75 72 C8 63 61 6E 6E 65 64 01 66 72 69 65 6E 64 73 01 62 61 63 6B 01 74 6F C8 74 6F 77 6E 01 61 6E 64 01 62 75 72 69 65 64 01 74 68 65 6D 2E C5 CC 53 74 69 6C 6C 2C 01 63 61 6E 6E 69 6E 67 01 70 65 6F 70 6C 65 01 6C 69 6B 65 C8 74 68 61 74 2E 2E 2E 01 54 68 61 74 01 6A 75 6D 62 6F 01 62 61 62 79 01 62 61 73 74 61 72 64 C8 74 72 65 61 74 73 01 68 75 6D 61 6E 73 01 6C 69 6B 65 01 67 61 72 62 61 67 65 21 C0	1CC 024 015 02E 028 001 015 03D 084 021 031 029 1C8 023 037 010 013 084 01C 001 019 028 0C9 025 001 029 019 03D 084 022 1C8 02E 011 01E 012 001 01B 022 033 037 02E 01B 01F 1C5 1CC 01E 039 025 01B 022 032 001 015 03D 084 021 031 084 01F 024 03D 022 1C8 010 028 001 084 04D 071 06F 084 05F 084 05E 084 05C 078 028 033 03A 012 1C8 091 0E3 03C 001 024 031 033 084 015 03E 022 07A 1C0
02	E2	0x02E2	"<SPEAKER>「おう しんいりか?・・・
ちょっと 部屋の すみまで
来いや!"	"<SPEAKER>Oh, a newcomer? Come
over to the corner of the room."			SPEAKER NEWLINE END	EA:BE2C	CC 4F 68 2C 01 61 01 6E 65 77 63 6F 6D 65 72 3F 01 43 6F 6D 65 C8 6F 76 65 72 01 74 6F 01 74 68 65 01 63 6F 72 6E 65 72 01 6F 66 01 74 68 65 01 72 6F 6F 6D 2E C0	1CC 014 012 001 01B 03D 011 037 015 079 081 081 081 1C8 020 041 03E 023 001 0DA 0B3 028 001 01C 02F 02E 084 022 1C8 097 011 033 07A 1C0
02	E3	0x02E3	"<SPEAKER>「いまでも かんづめの ゆめを
見ることがあるんだよ<WAIT><SPEAKER>「いつか ちびっちまいそうだから
ねるまえには いつも トイレに
行っておくんだ"	"<SPEAKER>I still dream
about being canned.<WAIT><SPEAKER>I am afraid I will wet
myself someday, so I always
use the toilet before bed."			SPEAKER NEWLINE WAIT SPEAKER NEWLINE NEWLINE END	EA:BE62	CC 49 01 73 74 69 6C 6C 01 64 72 65 61 6D C8 61 62 6F 75 74 01 62 65 69 6E 67 01 63 61 6E 6E 65 64 2E C5 CC 49 01 61 6D 01 61 66 72 61 69 64 01 49 01 77 69 6C 6C 01 77 65 74 C8 6D 79 73 65 6C 66 01 73 6F 6D 65 64 61 79 2C 01 73 6F 01 49 01 61 6C 77 61 79 73 C8 75 73 65 01 74 68 65 01 74 6F 69 6C 65 74 01 62 65 66 6F 72 65 01 62 65 64 2E C0	1CC 011 02E 084 022 032 001 015 03D 084 021 031 028 001 034 031 03C 1C8 090 038 019 023 084 015 010 038 03D 084 01F 035 1C5 1CC 011 021 015 001 020 084 02A 03E 020 02E 011 01E 012 084 01F 015 036 1C8 027 038 02E 013 025 029 001 011 021 032 001 055 043 06B 025 1C8 08D 03E 022 014 017 03D 084 01F 1C0
02	E4	0x02E4	"<SPEAKER>「お おれはよー・・・ こ 鉱山の
中で と とんでもないものを
見ちまったんだ<WAIT><SPEAKER>「な なかまが うおお・・・"	"<SPEAKER>I-I saw something
horrible inside Deathvalley Mine.<WAIT><SPEAKER>O-our friends... Ugh..."			SPEAKER NEWLINE WAIT SPEAKER END	EA:BED4	CC 49 2D 49 01 73 61 77 01 73 6F 6D 65 74 68 69 6E 67 C8 68 6F 72 72 69 62 6C 65 01 69 6E 73 69 64 65 01 44 65 61 74 68 76 61 6C 6C 65 79 01 4D 69 6E 65 2E C5 CC 4F 2D 6F 75 72 01 66 72 69 65 6E 64 73 2E 2E 2E 01 55 67 68 2E 2E 2E C0	1CC 014 001 014 039 029 035 078 081 081 081 001 019 001 10B 10C 028 1C8 0A1 084 022 001 023 001 023 03D 084 022 032 024 011 032 028 03C 1C8 090 020 02E 03E 01F 03D 084 01F 1C5 1CC 024 001 024 015 02E 084 015 001 012 014 014 081 081 081 1C0
02	E5	0x02E5	"<SPEAKER>「や やっぱり いえねえ・・
誰も しんようできねえ!"	"<SPEAKER>I-I cannot say it after
all... I cannot trust anyone!"			SPEAKER NEWLINE END	EA:BF22	CC 49 2D 49 01 63 61 6E 6E 6F 74 01 73 61 79 01 69 74 01 61 66 74 65 72 C8 61 6C 6C 2E 2E 2E 01 49 01 63 61 6E 6E 6F 74 01 74 72 75 73 74 01 61 6E 79 6F 6E 65 21 C0	1CC 033 001 033 03E 083 029 037 001 011 013 027 013 081 081 1C8 0FA 032 001 01B 03D 035 012 084 022 016 027 013 07A 1C0
02	E6	0x02E6	"<SPEAKER>「おれは シャバでも さかばの
マスターを やってたんだ<WAIT><SPEAKER>「お嬢さんには うーん・・・
ロリフル パンチという
カクテルが にあいかな<WAIT><SPEAKER>「ナタ・デ・モモ入りだよ"	"<SPEAKER>Back on the
outside, I ran a bar.<WAIT><SPEAKER>For you, miss...
Hmm... A cocktail called a
Loliful Punch would suit you.<WAIT><SPEAKER>It has nata-de-momo in it."			SPEAKER NEWLINE WAIT SPEAKER NEWLINE NEWLINE WAIT SPEAKER END	EA:BF59	CC 42 61 63 6B 01 6F 6E 01 74 68 65 C8 6F 75 74 73 69 64 65 2C 01 49 01 72 61 6E 01 61 01 62 61 72 2E C5 CC 46 6F 72 01 79 6F 75 2C 01 6D 69 73 73 2E 2E 2E C8 48 6D 6D 2E 2E 2E 01 41 01 63 6F 63 6B 74 61 69 6C 01 63 61 6C 6C 65 64 01 61 C8 4C 6F 6C 69 66 75 6C 01 50 75 6E 63 68 01 77 6F 75 6C 64 01 73 75 69 74 01 79 6F 75 2E C5 CC 49 74 01 68 61 73 01 6E 61 74 61 2D 64 65 2D 6D 6F 6D 6F 01 69 6E 01 69 74 2E C0	1CC 014 039 029 001 04D 071 084 05B 084 022 032 001 01A 015 084 029 028 1C8 060 04E 051 078 03C 001 033 03E 022 01F 03D 084 01F 1C5 1CC 014 0D8 01A 03D 025 029 001 012 078 03D 081 081 081 1C8 06C 069 05D 06A 001 083 05B 06F 052 023 011 012 1C8 047 049 054 06A 084 015 001 025 010 011 015 024 1C5 1CC 056 051 081 084 054 081 064 064 08E 037 084 01F 035 1C0
02	E7	0x02E7	"<SPEAKER>「ないしょだけどよ おれは
あの ジャンボ ベビーバロンが
だいっきれえ なんだよ<WAIT><SPEAKER>「なんだかんだ たいぐうは
よくしてくれるんだけどよ<WAIT><SPEAKER>「いまいち しんようが
できねえんだよ ういー"	"<SPEAKER>Keep this quiet, but I
hate that jumbo Baby Baron.<WAIT><SPEAKER>Sure, they treat us
pretty well, all things considered.<WAIT><SPEAKER>But I just
cannot trust him. Hic."			SPEAKER NEWLINE WAIT SPEAKER NEWLINE WAIT SPEAKER NEWLINE END	EA:BFE3	CC 4B 65 65 70 01 74 68 69 73 01 71 75 69 65 74 2C 01 62 75 74 01 49 C8 68 61 74 65 01 74 68 61 74 01 6A 75 6D 62 6F 01 42 61 62 79 01 42 61 72 6F 6E 2E C5 CC 53 75 72 65 2C 01 74 68 65 79 01 74 72 65 61 74 01 75 73 C8 70 72 65 74 74 79 01 77 65 6C 6C 2C 01 61 6C 6C 01 74 68 69 6E 67 73 01 63 6F 6E 73 69 64 65 72 65 64 2E C5 CC 42 75 74 01 49 01 6A 75 73 74 C8 63 61 6E 6E 6F 74 01 74 72 75 73 74 01 68 69 6D 2E 01 48 69 63 2E C0	1CC 024 011 01B 041 084 01F 018 084 023 035 001 014 039 029 1C8 010 028 001 084 04D 071 06F 084 05F 001 084 05E 084 05C 078 084 05B 06C 06F 084 015 1C8 084 01F 011 03E 016 039 013 001 024 03D 084 01F 035 1C5 1CC 024 03D 084 01F 015 03D 084 01F 001 01F 011 084 017 012 029 1C8 035 017 01B 022 017 039 038 03D 084 01F 018 084 023 035 1C5 1CC 011 02E 011 020 001 01B 03D 035 012 084 015 1C8 084 022 016 027 013 03D 084 01F 035 001 012 011 078 1C0
02	E8	0x02E8	"<CLEAR>
へんじがない
にんぎょうのようだ"	"<CLEAR>No response. It
seems to be a doll."			CLEAR NEWLINE END	EA:C073	D0 4E 6F 01 72 65 73 70 6F 6E 73 65 2E 01 49 74 C8 73 65 65 6D 73 01 74 6F 01 62 65 01 61 01 64 6F 6C 6C 2E C0	1D0 02C 03D 084 01B 084 015 024 011 1C8 025 03D 084 016 041 012 028 035 012 084 01F 1C0
02	E9	0x02E9	"<SPEAKER>「その子は さかばの
アイドル にんぎょうの
リルちゃんって いうんだ"	"<SPEAKER>That is Lil, the
tavern's mascot doll."			SPEAKER NEWLINE END	EA:C098	CC 54 68 61 74 01 69 73 01 4C 69 6C 2C 01 74 68 65 C8 74 61 76 65 72 6E 27 73 01 6D 61 73 63 6F 74 01 64 6F 6C 6C 2E C0	1CC 01E 028 0D2 029 001 01A 015 084 029 028 1C8 042 043 084 055 06A 001 025 03D 084 016 041 012 028 1C8 069 06A 020 03F 03D 03E 022 001 011 012 03D 084 01F 1C0
02	EA	0x02EA	"<SPEAKER>「おれたち 鉱山へ さぎょうに
行くまえには かならず
リルちゃんに チューしていくんだ<WAIT><SPEAKER>「まあ さぎょう あんぜんの
おまじない みたいな もんよ"	"<SPEAKER>Before we go
work in the mine, we
always give Lil a kiss.<WAIT><SPEAKER>It is sort of a
good-luck charm for a
safe day on the job."			SPEAKER NEWLINE NEWLINE WAIT SPEAKER NEWLINE NEWLINE END	EA:C0C0	CC 42 65 66 6F 72 65 01 77 65 01 67 6F C8 77 6F 72 6B 01 69 6E 01 74 68 65 01 6D 69 6E 65 2C 01 77 65 C8 61 6C 77 61 79 73 01 67 69 76 65 01 4C 69 6C 01 61 01 6B 69 73 73 2E C5 CC 49 74 01 69 73 01 73 6F 72 74 01 6F 66 01 61 C8 67 6F 6F 64 2D 6C 75 63 6B 01 63 68 61 72 6D 01 66 6F 72 01 61 C8 73 61 66 65 01 64 61 79 01 6F 6E 01 74 68 65 01 6A 6F 62 2E C0	1CC 014 039 01F 020 001 10B 10C 02C 001 01A 084 016 041 012 025 1C8 08D 017 02E 013 025 029 001 015 024 036 084 01C 1C8 069 06A 020 03F 03D 025 001 052 072 078 01B 022 011 017 03D 084 01F 1C5 1CC 02E 010 001 01A 084 016 041 012 001 010 03D 084 01D 03D 028 1C8 014 02E 084 01B 024 011 001 02F 01F 011 024 001 032 03D 035 1C0
02	EB	0x02EB	"<SPEAKER>「くわー! さぎょうの あとの
さけは うまいなー グピグピ<WAIT><SPEAKER>「そうそう なんか 鉱山の
下の ほうで 何かが
みつかった とか いってたな<WAIT><SPEAKER>「くわしいことは よく
わからんけどな グピグピ"	"<SPEAKER>Ahh! Booze after a day's
work is the best! Glug, glug.<WAIT><SPEAKER>Oh, right. They said they
found something down in the
lower part of Deathvalley Mine.<WAIT><SPEAKER>I do not
know the details. Glug."			SPEAKER NEWLINE WAIT SPEAKER NEWLINE NEWLINE WAIT SPEAKER NEWLINE END	EA:C137	CC 41 68 68 21 01 42 6F 6F 7A 65 01 61 66 74 65 72 01 61 01 64 61 79 27 73 C8 77 6F 72 6B 01 69 73 01 74 68 65 01 62 65 73 74 21 01 47 6C 75 67 2C 01 67 6C 75 67 2E C5 CC 4F 68 2C 01 72 69 67 68 74 2E 01 54 68 65 79 01 73 61 69 64 01 74 68 65 79 C8 66 6F 75 6E 64 01 73 6F 6D 65 74 68 69 6E 67 01 64 6F 77 6E 01 69 6E 01 74 68 65 C8 6C 6F 77 65 72 01 70 61 72 74 01 6F 66 01 44 65 61 74 68 76 61 6C 6C 65 79 01 4D 69 6E 65 2E C5 CC 49 01 64 6F 01 6E 6F 74 C8 6B 6E 6F 77 01 74 68 65 01 64 65 74 61 69 6C 73 2E 01 47 6C 75 67 2E C0	1CC 017 03B 078 07A 001 01A 084 016 041 012 028 001 010 023 028 1C8 01A 018 029 001 012 02E 011 024 078 001 084 049 083 05C 084 049 083 05C 1C5 1CC 01E 012 01E 012 001 024 03D 015 001 10B 10C 028 1C8 0B8 028 001 02D 012 084 022 001 093 015 084 015 1C8 02F 021 015 03E 01F 001 023 015 001 011 03E 022 01F 024 1C5 1CC 017 03B 01B 011 019 023 029 001 035 017 1C8 03B 015 036 03D 018 084 023 024 001 084 049 083 05C 084 049 083 05C 1C0
02	EC	0x02EC	"<SPEAKER>「さかばの マスターってのは
何が おこっても つねに
れいせいでいないとね!"	"<SPEAKER>A bartender must stay
calm no matter what happens!"			SPEAKER NEWLINE END	EA:C1E8	CC 41 01 62 61 72 74 65 6E 64 65 72 01 6D 75 73 74 01 73 74 61 79 C8 63 61 6C 6D 01 6E 6F 01 6D 61 74 74 65 72 01 77 68 61 74 01 68 61 70 70 65 6E 73 21 C0	1CC 01A 015 084 029 028 001 060 04E 051 078 03E 022 028 029 1C8 093 084 015 001 014 019 03E 022 032 001 021 027 025 1C8 039 011 01D 011 084 022 011 024 011 023 027 07A 1C0
02	ED	0x02ED	"<SPEAKER>「な! な! やっぱり
おれの いったとおりだろ!<WAIT><SPEAKER>「あの ジャンボベビーのやつ!<WAIT><SPEAKER>「きっと 世界中の
人間を かんづめにして
食べる つもりだぞ!"	"<SPEAKER>See?! See?! I told you so!<WAIT><SPEAKER>That jumbo baby bastard!<WAIT><SPEAKER>I bet he plans to
can up every human in
the world and eat them!"			SPEAKER WAIT SPEAKER WAIT SPEAKER NEWLINE NEWLINE END	EA:C21C	CC 53 65 65 3F 21 01 53 65 65 3F 21 01 49 01 74 6F 6C 64 01 79 6F 75 01 73 6F 21 C5 CC 54 68 61 74 01 6A 75 6D 62 6F 01 62 61 62 79 01 62 61 73 74 61 72 64 21 C5 CC 49 01 62 65 74 01 68 65 01 70 6C 61 6E 73 01 74 6F C8 63 61 6E 01 75 70 01 65 76 65 72 79 01 68 75 6D 61 6E 01 69 6E C8 74 68 65 01 77 6F 72 6C 64 01 61 6E 64 01 65 61 74 01 74 68 65 6D 21 C0	1CC 024 07A 001 024 07A 001 033 03E 083 029 037 1C8 014 039 028 001 011 03E 01F 023 014 037 084 01F 03A 07A 1C5 1CC 010 028 001 084 04D 071 06F 084 05F 084 05E 084 05C 078 028 033 021 07A 1C5 1CC 016 03E 023 001 0A9 103 0A1 028 1C8 091 0E3 03C 001 015 03D 084 021 031 025 01B 022 1C8 0E4 084 02C 038 001 021 032 037 084 01F 084 01E 07A 1C0
02	EE	0x02EE	"<SPEAKER>「くそー! どさくさに
まぎれて リルちゃんが
ぬすまれてしまった!<WAIT><SPEAKER>「ジェイビーも にくたらしいけど
リルちゃんを ぬすんだやつは
100倍 にくたらしいぞ!<WAIT><SPEAKER>「おれの リルちゃんを
かえせよー かえせよー!"	"<SPEAKER>Damn it! In all the
confusion, someone stole Lil!<WAIT><SPEAKER>J.B. makes me mad,
but whoever stole Lil makes
me a hundred times madder!<WAIT><SPEAKER>Give me back
my Lil! Give her back!"			SPEAKER NEWLINE WAIT SPEAKER NEWLINE NEWLINE WAIT SPEAKER NEWLINE END	EA:C293	CC 44 61 6D 6E 01 69 74 21 01 49 6E 01 61 6C 6C 01 74 68 65 C8 63 6F 6E 66 75 73 69 6F 6E 2C 01 73 6F 6D 65 6F 6E 65 01 73 74 6F 6C 65 01 4C 69 6C 21 C5 CC 4A 2E 42 2E 01 6D 61 6B 65 73 01 6D 65 01 6D 61 64 2C C8 62 75 74 01 77 68 6F 65 76 65 72 01 73 74 6F 6C 65 01 4C 69 6C 01 6D 61 6B 65 73 C8 6D 65 01 61 01 68 75 6E 64 72 65 64 01 74 69 6D 65 73 01 6D 61 64 64 65 72 21 C5 CC 47 69 76 65 01 6D 65 01 62 61 63 6B C8 6D 79 01 4C 69 6C 21 01 47 69 76 65 01 68 65 72 01 62 61 63 6B 21 C0	1CC 017 01E 078 07A 001 084 023 01A 017 01A 025 1C8 02E 084 016 039 022 001 069 06A 020 03F 03D 084 015 1C8 026 01C 02E 039 022 01B 02E 03E 01F 07A 1C5 1CC 084 04D 076 043 084 05C 078 032 001 025 017 01F 036 01B 011 018 084 023 1C8 069 06A 020 03F 03D 03C 001 026 01C 03D 084 01F 033 021 029 1C8 003 002 002 17F 001 025 017 01F 036 01B 011 084 01E 07A 1C5 1CC 014 039 028 001 069 06A 020 03F 03D 03C 1C8 015 013 01D 035 078 001 015 013 01D 035 078 07A 1C0
02	EF	0x02EF	"<SPEAKER>「うわっ! それは おれの
リルちゃん! うわーい!"	"<SPEAKER>Whoa! That
is my Lil! Yaaay!"			SPEAKER NEWLINE END	EA:C336	CC 57 68 6F 61 21 01 54 68 61 74 C8 69 73 01 6D 79 01 4C 69 6C 21 01 59 61 61 61 79 21 C0	1CC 012 03B 03E 07A 001 01E 039 029 001 014 039 028 1C8 069 06A 020 03F 03D 07A 001 012 03B 078 011 07A 1C0
02	F0	0x02F0	"<CLEAR>
おっさんは リルちゃんを
だきしめて よろこんでいる"	"<CLEAR>The man hugs Lil
tightly, overjoyed."			CLEAR NEWLINE END	EA:C354	D0 54 68 65 01 6D 61 6E 01 68 75 67 73 01 4C 69 6C C8 74 69 67 68 74 6C 79 2C 01 6F 76 65 72 6A 6F 79 65 64 2E C0	1D0 014 03E 01A 03D 029 001 069 06A 020 03F 03D 03C 1C8 084 01F 016 01B 031 022 001 035 03A 019 03D 084 022 011 038 1C0
02	F1	0x02F1	"<SPEAKER>「いやー! どうも ありがとう
カジノで もらった物だけど
これを うけとってくれよ!"	"<SPEAKER>Thank you so much!
I got this at the casino,
but I want you to have it!"			SPEAKER NEWLINE NEWLINE END	EA:C37A	CC 54 68 61 6E 6B 01 79 6F 75 01 73 6F 01 6D 75 63 68 21 C8 49 01 67 6F 74 01 74 68 69 73 01 61 74 01 74 68 65 01 63 61 73 69 6E 6F 2C C8 62 75 74 01 49 01 77 61 6E 74 01 79 6F 75 01 74 6F 01 68 61 76 65 01 69 74 21 C0	1CC 011 033 078 07A 001 084 023 012 032 001 010 037 084 015 023 012 1C8 047 084 04D 05A 084 022 001 032 036 03E 01F 08B 084 01F 018 084 023 1C8 019 039 03C 001 012 018 023 03E 022 017 039 035 07A 1C0
02	F2	0x02F2	<SPEAKER>「ためしに はめてみるかい?	"<SPEAKER>Want to
try putting it on?"			SPEAKER NEWLINE END	EA:C3C3	CC 57 61 6E 74 01 74 6F C8 74 72 79 01 70 75 74 74 69 6E 67 01 69 74 01 6F 6E 3F C0	1CC 01F 031 01B 025 001 029 031 022 02F 038 015 011 079 1C0
02	F3	0x02F3	"<SPEAKER>「おれは もう リルちゃんを
はなさないぞ! ねぐらに
持ってかえって かくしておこう!"	"<SPEAKER>I will never let Lil go
again! I will take her back
to my room and hide her!"			SPEAKER NEWLINE NEWLINE END	EA:C3DF	CC 49 01 77 69 6C 6C 01 6E 65 76 65 72 01 6C 65 74 01 4C 69 6C 01 67 6F C8 61 67 61 69 6E 21 01 49 01 77 69 6C 6C 01 74 61 6B 65 01 68 65 72 01 62 61 63 6B C8 74 6F 01 6D 79 01 72 6F 6F 6D 01 61 6E 64 01 68 69 64 65 01 68 65 72 21 C0	1CC 014 039 029 001 032 012 001 069 06A 020 03F 03D 03C 1C8 029 024 01A 024 011 084 01E 07A 001 027 084 017 036 025 1C8 0D3 03E 022 015 013 03E 022 001 015 017 01B 022 014 019 012 07A 1C0
02	F4	0x02F4	"<SPEAKER>「グピグピ グピグピ
あんな でかい 魔物に
かてるわけ ないよ グピ<WAIT><SPEAKER>「どうせ 食われちまうなら
そのまえに 思うぞんぶん
のむぞ! グピグピグピグピ!"	"<SPEAKER>Glug, glug... There
is no way we can beat
a monster that huge.<WAIT><SPEAKER>If I am going to be
eaten anyway, I will drink all
I want first! Glug, glug, glug!"			SPEAKER NEWLINE NEWLINE WAIT SPEAKER NEWLINE NEWLINE END	EA:C42D	CC 47 6C 75 67 2C 01 67 6C 75 67 2E 2E 2E 01 54 68 65 72 65 C8 69 73 01 6E 6F 01 77 61 79 01 77 65 01 63 61 6E 01 62 65 61 74 C8 61 01 6D 6F 6E 73 74 65 72 01 74 68 61 74 01 68 75 67 65 2E C5 CC 49 66 01 49 01 61 6D 01 67 6F 69 6E 67 01 74 6F 01 62 65 C8 65 61 74 65 6E 01 61 6E 79 77 61 79 2C 01 49 01 77 69 6C 6C 01 64 72 69 6E 6B 01 61 6C 6C C8 49 01 77 61 6E 74 01 66 69 72 73 74 21 01 47 6C 75 67 2C 01 67 6C 75 67 2C 01 67 6C 75 67 21 C0	1CC 084 049 083 05C 084 049 083 05C 001 084 049 083 05C 084 049 083 05C 1C8 010 03D 024 001 084 022 015 011 001 09A 08B 025 1C8 015 022 038 03B 018 001 024 011 035 001 084 049 083 05C 1C5 1CC 084 023 012 01D 001 0E4 03B 039 020 02E 012 024 036 1C8 01E 028 02E 013 025 001 10F 012 084 01E 03D 084 02B 03D 1C8 028 030 084 01E 07A 001 084 049 083 05C 084 049 083 05C 084 049 083 05C 084 049 083 05C 07A 1C0
02	F5	0x02F5	"<SPEAKER>「へっへっへっ ここの 商品は
ぜんぶ デスバレー鉱山で
発掘 したものなんだ<WAIT><SPEAKER>「モンスターどもは いらない
みたいだから なかまうちで
売り買いしてるのさ"	"<SPEAKER>Heh heh! Everything
in this shop was excavated
from Deathvalley Mine.<WAIT><SPEAKER>The monsters do not
seem to want it, so we buy
and sell it among ourselves."			SPEAKER NEWLINE NEWLINE WAIT SPEAKER NEWLINE NEWLINE END	EA:C4C1	CC 48 65 68 01 68 65 68 21 01 45 76 65 72 79 74 68 69 6E 67 C8 69 6E 01 74 68 69 73 01 73 68 6F 70 01 77 61 73 01 65 78 63 61 76 61 74 65 64 C8 66 72 6F 6D 01 44 65 61 74 68 76 61 6C 6C 65 79 01 4D 69 6E 65 2E C5 CC 54 68 65 01 6D 6F 6E 73 74 65 72 73 01 64 6F 01 6E 6F 74 C8 73 65 65 6D 01 74 6F 01 77 61 6E 74 01 69 74 2C 01 73 6F 01 77 65 01 62 75 79 C8 61 6E 64 01 73 65 6C 6C 01 69 74 01 61 6D 6F 6E 67 01 6F 75 72 73 65 6C 76 65 73 2E C0	1CC 02C 03E 02C 03E 02C 03E 001 019 019 028 001 109 12B 029 1C8 084 01D 03D 084 02B 001 084 054 04E 084 05B 06B 078 10B 10C 084 022 1C8 0C8 11C 001 01B 01F 032 028 024 03D 084 01F 1C5 1CC 064 06F 04E 051 078 084 023 032 029 001 011 036 024 011 1C8 02F 01F 011 084 01F 015 036 001 024 015 02E 012 020 084 022 1C8 0A2 037 0A8 011 01B 022 038 028 01A 1C0
02	F6	0x02F6	"<SPEAKER>「レディさん! おれたち
ひっしで 武器を
発掘しますから<WAIT><SPEAKER>「なんとか ジェイビーを
ぶちのめして くだせえ!"	"<SPEAKER>Lady! We will dig up
weapons as fast as we can.<WAIT><SPEAKER>Please, somehow,
take down J.B.!"			SPEAKER NEWLINE WAIT SPEAKER NEWLINE END	EA:C555	CC 4C 61 64 79 21 01 57 65 01 77 69 6C 6C 01 64 69 67 01 75 70 C8 77 65 61 70 6F 6E 73 01 61 73 01 66 61 73 74 01 61 73 01 77 65 01 63 61 6E 2E C5 CC 50 6C 65 61 73 65 2C 01 73 6F 6D 65 68 6F 77 2C C8 74 61 6B 65 01 64 6F 77 6E 01 4A 2E 42 2E 21 C0	1CC 06B 084 054 075 01A 03D 07A 001 014 039 01F 020 1C8 02A 03E 01B 084 022 001 0CB 12A 03C 1C8 0C8 11C 01B 02E 01C 015 036 1C5 1CC 024 03D 023 015 001 084 04D 076 043 084 05C 078 03C 1C8 084 02B 020 028 031 01B 022 001 017 084 01F 01D 013 07A 1C0
02	F7	0x02F7	"<SPEAKER>「武器を 探していたら
くろい まるいたまを
みつけたんだよ<WAIT><SPEAKER>「でも さわると 手に
くろい物が ついちゃったから
やすくしとくよ"	"<SPEAKER>While looking for weapons,
I found a round black ball.<WAIT><SPEAKER>Black stuff rubs off
on your hands when you touch
it, so I will sell it cheap."			SPEAKER NEWLINE WAIT SPEAKER NEWLINE NEWLINE END	EA:C5A8	CC 57 68 69 6C 65 01 6C 6F 6F 6B 69 6E 67 01 66 6F 72 01 77 65 61 70 6F 6E 73 2C C8 49 01 66 6F 75 6E 64 01 61 01 72 6F 75 6E 64 01 62 6C 61 63 6B 01 62 61 6C 6C 2E C5 CC 42 6C 61 63 6B 01 73 74 75 66 66 01 72 75 62 73 01 6F 66 66 C8 6F 6E 01 79 6F 75 72 01 68 61 6E 64 73 01 77 68 65 6E 01 79 6F 75 01 74 6F 75 63 68 C8 69 74 2C 01 73 6F 01 49 01 77 69 6C 6C 01 73 65 6C 6C 01 69 74 01 63 68 65 61 70 2E C0	1CC 0CB 12A 03C 001 184 01B 022 011 01F 036 1C8 017 03A 011 001 02E 038 011 01F 02E 03C 1C8 02F 021 018 01F 03D 084 01F 035 1C5 1CC 084 022 032 001 01A 03B 038 023 001 177 025 1C8 017 03A 011 08B 084 015 001 021 011 020 03F 03E 01F 015 036 1C8 033 01C 017 01B 023 017 035 1C0
02	F8	0x02F8	"<SPEAKER>「へい いらっしゃい! ここは
ギャラリー クルーナだ"	"<SPEAKER>Welcome! This
is Gallery Kruna."			SPEAKER NEWLINE END	EA:C630	CC 57 65 6C 63 6F 6D 65 21 01 54 68 69 73 C8 69 73 01 47 61 6C 6C 65 72 79 01 4B 72 75 6E 61 2E C0	1CC 02C 011 001 011 036 03E 01B 03F 011 07A 001 019 019 029 1C8 084 048 071 068 069 078 001 049 06A 078 056 084 01F 1C0
02	F9	0x02F9	"<SPEAKER>「へい いらっしゃい! ここは
ギャラリー クルーナ2だ"	"<SPEAKER>Welcome! This
is Gallery Kruna 2."			SPEAKER NEWLINE END	EA:C651	CC 57 65 6C 63 6F 6D 65 21 01 54 68 69 73 C8 69 73 01 47 61 6C 6C 65 72 79 01 4B 72 75 6E 61 01 32 2E C0	1CC 02C 011 001 011 036 03E 01B 03F 011 07A 001 019 019 029 1C8 084 048 071 068 069 078 001 049 06A 078 056 004 084 01F 1C0
02	FA	0x02FA	"<SPEAKER>「でも まだ 品物がなくてね・・・
へへへ 発掘 がんばらなきゃ・・・"	"<SPEAKER>We do not have
any stock yet... Heh heh.
Better keep excavating..."			SPEAKER NEWLINE NEWLINE END	EA:C674	CC 57 65 01 64 6F 01 6E 6F 74 01 68 61 76 65 C8 61 6E 79 01 73 74 6F 63 6B 01 79 65 74 2E 2E 2E 01 48 65 68 01 68 65 68 2E C8 42 65 74 74 65 72 01 6B 65 65 70 01 65 78 63 61 76 61 74 69 6E 67 2E 2E 2E C0	1CC 084 022 032 001 02E 084 01F 001 12B 08B 084 015 024 017 022 027 081 081 081 1C8 02C 02C 02C 001 0C8 11C 001 084 015 03D 084 029 036 024 016 03F 081 081 081 1C0
02	FB	0x02FB	"<SPEAKER>「ようこそ! ここは
カジノだ!<WAIT><SPEAKER>「ここでは コインしか
使えないから キャッシャーで
金を コインに かえてくれ!"	"<SPEAKER>Welcome to the casino!<WAIT><SPEAKER>Only coins work here,
so exchange your money
for coins at the cashier."			SPEAKER WAIT SPEAKER NEWLINE NEWLINE END	EA:C6B8	CC 57 65 6C 63 6F 6D 65 01 74 6F 01 74 68 65 01 63 61 73 69 6E 6F 21 C5 CC 4F 6E 6C 79 01 63 6F 69 6E 73 01 77 6F 72 6B 01 68 65 72 65 2C C8 73 6F 01 65 78 63 68 61 6E 67 65 01 79 6F 75 72 01 6D 6F 6E 65 79 C8 66 6F 72 01 63 6F 69 6E 73 01 61 74 01 74 68 65 01 63 61 73 68 69 65 72 2E C0	1CC 035 012 019 01E 07A 001 019 019 029 1C8 047 084 04D 05A 084 01F 07A 1C5 1CC 019 019 084 022 029 001 04B 043 06F 01B 015 1C8 123 013 024 011 015 036 001 048 071 070 04D 071 078 084 022 1C8 094 03C 001 04B 043 06F 025 001 015 013 022 017 039 07A 1C0
02	FC	0x02FC	"<SPEAKER>「コインが たまれば
ゴージャスな しなものと
交換できますぜ!"	"<SPEAKER>Save up enough
coins and you can trade
them for luxurious prizes!"			SPEAKER NEWLINE NEWLINE END	EA:C718	CC 53 61 76 65 01 75 70 01 65 6E 6F 75 67 68 C8 63 6F 69 6E 73 01 61 6E 64 01 79 6F 75 01 63 61 6E 01 74 72 61 64 65 C8 74 68 65 6D 01 66 6F 72 01 6C 75 78 75 72 69 6F 75 73 01 70 72 69 7A 65 73 21 C0	1CC 04B 043 06F 084 015 001 01F 02E 039 084 029 1C8 084 04B 078 084 04D 071 04E 024 001 01B 024 032 028 023 1C8 114 116 084 022 016 02E 01C 084 01D 07A 1C0
02	FD	0x02FD	"<SPEAKER>「ここにいると なんだか
かんづめにされる こわさも
わすれちまうんだなあ"	"<SPEAKER>Being here almost
makes me forget how
scary it is to be canned."			SPEAKER NEWLINE NEWLINE END	EA:C75B	CC 42 65 69 6E 67 01 68 65 72 65 01 61 6C 6D 6F 73 74 C8 6D 61 6B 65 73 01 6D 65 01 66 6F 72 67 65 74 01 68 6F 77 C8 73 63 61 72 79 01 69 74 01 69 73 01 74 6F 01 62 65 01 63 61 6E 6E 65 64 2E C0	1CC 019 019 025 011 038 023 001 024 03D 084 01F 015 1C8 015 03D 084 021 031 025 01A 039 038 001 019 03B 01A 032 1C8 03B 01C 039 020 02E 012 03D 084 01F 024 010 1C0
02	FE	0x02FE	"<SPEAKER>「スロットの中には
目おしできる物と
できない物があるよ<WAIT><SPEAKER>「でも かくりつは
変わらないから すきなほうを
えらんで やるといいよ"	"<SPEAKER>Some slot machines
let you time your
stops, and some do not.<WAIT><SPEAKER>The odds are the
same either way, so just
play whichever you prefer."			SPEAKER NEWLINE NEWLINE WAIT SPEAKER NEWLINE NEWLINE END	EA:C79C	CC 53 6F 6D 65 01 73 6C 6F 74 01 6D 61 63 68 69 6E 65 73 C8 6C 65 74 01 79 6F 75 01 74 69 6D 65 01 79 6F 75 72 C8 73 74 6F 70 73 2C 01 61 6E 64 01 73 6F 6D 65 01 64 6F 01 6E 6F 74 2E C5 CC 54 68 65 01 6F 64 64 73 01 61 72 65 01 74 68 65 C8 73 61 6D 65 01 65 69 74 68 65 72 01 77 61 79 2C 01 73 6F 01 6A 75 73 74 C8 70 6C 61 79 01 77 68 69 63 68 65 76 65 72 01 79 6F 75 01 70 72 65 66 65 72 2E C0	1CC 04E 06C 070 055 028 0A1 025 029 1C8 0B6 014 01B 084 022 016 038 08B 023 1C8 084 022 016 024 011 08B 084 015 010 038 035 1C5 1CC 084 022 032 001 015 017 037 021 029 1C8 178 03B 036 024 011 015 036 001 01C 016 024 02D 012 03C 1C8 013 036 03D 084 022 001 033 038 023 011 011 035 1C0
02	FF	0x02FF	"<SPEAKER>「かいてんしてる リールを
よーく 見るんだ! とにかく
見て 見て 見まくるんだ!<WAIT><SPEAKER>「そうすれば いずれ リールの
絵が 見えるようになるぞ!"	"<SPEAKER>Watch the spinning
reels closely! Just watch
and watch and watch!<WAIT><SPEAKER>Eventually, you will start
seeing the pictures on the reels!"			SPEAKER NEWLINE NEWLINE WAIT SPEAKER NEWLINE END	EA:C820	CC 57 61 74 63 68 01 74 68 65 01 73 70 69 6E 6E 69 6E 67 C8 72 65 65 6C 73 01 63 6C 6F 73 65 6C 79 21 01 4A 75 73 74 01 77 61 74 63 68 C8 61 6E 64 01 77 61 74 63 68 01 61 6E 64 01 77 61 74 63 68 21 C5 CC 45 76 65 6E 74 75 61 6C 6C 79 2C 01 79 6F 75 01 77 69 6C 6C 01 73 74 61 72 74 C8 73 65 65 69 6E 67 01 74 68 65 01 70 69 63 74 75 72 65 73 01 6F 6E 01 74 68 65 01 72 65 65 6C 73 21 C0	1CC 015 011 022 03D 01B 022 038 001 069 078 06A 03C 1C8 035 078 017 001 090 038 03D 084 01F 07A 001 023 025 015 017 1C8 090 022 001 090 022 001 090 02E 017 038 03D 084 01F 07A 1C5 1CC 01E 012 01C 039 084 029 001 011 084 01C 039 001 069 078 06A 028 1C8 191 084 015 001 090 013 038 035 012 025 024 038 084 01E 07A 1C0
03	00	0x0300	"<SPEAKER>「おれは なかまから 巨匠と
よばれるほど スロットは
とくいなんだ!<WAIT><SPEAKER>「けどよー きょうは ちょっと
ちょうしが わるいぜ!"	"<SPEAKER>My friends call
me the Master because
I am so good at slots!<WAIT><SPEAKER>But I am a little
off my game today!"			SPEAKER NEWLINE NEWLINE WAIT SPEAKER NEWLINE END	EA:C8A1	CC 4D 79 01 66 72 69 65 6E 64 73 01 63 61 6C 6C C8 6D 65 01 74 68 65 01 4D 61 73 74 65 72 01 62 65 63 61 75 73 65 C8 49 01 61 6D 01 73 6F 01 67 6F 6F 64 01 61 74 01 73 6C 6F 74 73 21 C5 CC 42 75 74 01 49 01 61 6D 01 61 01 6C 69 74 74 6C 65 C8 6F 66 66 01 6D 79 01 67 61 6D 65 01 74 6F 64 61 79 21 C0	1CC 014 039 029 001 024 015 02E 015 036 001 0CC 19A 023 1C8 035 084 029 039 038 02D 084 023 001 04E 06C 070 055 029 1C8 023 017 011 024 03D 084 01F 07A 1C5 1CC 018 084 023 035 078 001 016 041 012 029 001 020 041 03E 023 1C8 020 041 012 01B 084 015 001 03B 038 011 084 01D 07A 1C0
03	01	0x0301	"<SPEAKER>「うおー! 来た来た!
れんちゃん はいったでー!"	"<SPEAKER>Whoa! Here it comes!
I am on a winning streak!"			SPEAKER NEWLINE END	EA:C905	CC 57 68 6F 61 21 01 48 65 72 65 01 69 74 01 63 6F 6D 65 73 21 C8 49 01 61 6D 01 6F 6E 01 61 01 77 69 6E 6E 69 6E 67 01 73 74 72 65 61 6B 21 C0	1CC 012 014 078 07A 001 097 01F 097 01F 07A 1C8 039 03D 020 03F 03D 001 029 011 03E 01F 084 022 078 07A 1C0
03	02	0x0302	"<SPEAKER>「ケ セラ セラー!
なるように なるぜー!<WAIT><SPEAKER>「たとえー 魔物がー
せめて来てもー おれはー<WAIT><SPEAKER>「ばくちをー やりつづけますー!"	"<SPEAKER>Que sera, sera!
Whatever will be, will be!<WAIT><SPEAKER>Even if monsters
come charging in...<WAIT><SPEAKER>I will keep gambling!"			SPEAKER NEWLINE WAIT SPEAKER NEWLINE WAIT SPEAKER END	EA:C935	CC 51 75 65 01 73 65 72 61 2C 01 73 65 72 61 21 C8 57 68 61 74 65 76 65 72 01 77 69 6C 6C 01 62 65 2C 01 77 69 6C 6C 01 62 65 21 C5 CC 45 76 65 6E 01 69 66 01 6D 6F 6E 73 74 65 72 73 C8 63 6F 6D 65 01 63 68 61 72 67 69 6E 67 01 69 6E 2E 2E 2E C5 CC 49 01 77 69 6C 6C 01 6B 65 65 70 01 67 61 6D 62 6C 69 6E 67 21 C0	1CC 04A 001 04F 068 001 04F 068 078 07A 1C8 024 038 035 012 025 001 024 038 084 01D 078 07A 1C5 1CC 01F 023 013 078 001 09A 08B 084 015 078 1C8 01D 031 022 097 022 032 078 001 014 039 029 078 1C5 1CC 084 029 017 020 03C 078 001 033 037 021 084 021 018 02E 01C 078 07A 1C0
03	03	0x0303	"<SPEAKER>「リバータウンにいる
情報屋の ボブを
知っているか?"	"<SPEAKER>Do you know Bob, the
information broker in Rivertown?"			SPEAKER NEWLINE END	EA:C99E	CC 44 6F 01 79 6F 75 01 6B 6E 6F 77 01 42 6F 62 2C 01 74 68 65 C8 69 6E 66 6F 72 6D 61 74 69 6F 6E 01 62 72 6F 6B 65 72 01 69 6E 01 52 69 76 65 72 74 6F 77 6E 3F C0	1CC 069 084 05B 078 051 044 06F 025 011 038 1C8 0AD 0AE 0B3 028 001 084 05F 084 05D 03C 1C8 15C 03E 022 011 038 015 079 1C0
03	04	0x0304	"<SPEAKER>「そうか おたがい
こまった時は ボブだのみってわけか
役にたつ男だよ! あいつは!"	"<SPEAKER>I see. So when either
of us is stuck, we turn
to Bob. He is dependable!"			SPEAKER NEWLINE NEWLINE END	EA:C9D5	CC 49 01 73 65 65 2E 01 53 6F 01 77 68 65 6E 01 65 69 74 68 65 72 C8 6F 66 01 75 73 01 69 73 01 73 74 75 63 6B 2C 01 77 65 01 74 75 72 6E C8 74 6F 01 42 6F 62 2E 01 48 65 01 69 73 01 64 65 70 65 6E 64 61 62 6C 65 21 C0	1CC 01E 012 015 001 014 01F 084 015 011 1C8 019 02E 03E 01F 164 029 001 084 05F 084 05D 084 01F 028 02F 03E 022 03B 018 015 1C8 15E 025 01F 021 190 084 01F 035 07A 001 010 011 021 029 07A 1C0
03	05	0x0305	"<SPEAKER>「こまった時の ボブだのみ
と いってな<WAIT><SPEAKER>「いろいろと オレたちに
じょげんとか してくれる
やつなんだよ<WAIT><SPEAKER>「いちど 会っといた方がいいよ"	"<SPEAKER>They say, ""When
in trouble, ask Bob.""<WAIT><SPEAKER>He gives us
all kinds of advice.<WAIT><SPEAKER>You should
meet him at least once."			SPEAKER NEWLINE WAIT SPEAKER NEWLINE WAIT SPEAKER NEWLINE END	EA:CA1E	CC 54 68 65 79 01 73 61 79 2C 01 22 57 68 65 6E C8 69 6E 01 74 72 6F 75 62 6C 65 2C 01 61 73 6B 01 42 6F 62 2E 22 C5 CC 48 65 01 67 69 76 65 73 01 75 73 C8 61 6C 6C 01 6B 69 6E 64 73 01 6F 66 01 61 64 76 69 63 65 2E C5 CC 59 6F 75 01 73 68 6F 75 6C 64 C8 6D 65 65 74 01 68 69 6D 01 61 74 01 6C 65 61 73 74 01 6F 6E 63 65 2E C0	1CC 019 02E 03E 01F 164 028 001 084 05F 084 05D 084 01F 028 02F 1C8 023 001 011 03E 022 024 1C5 1CC 011 03A 011 03A 023 001 046 06B 01F 020 025 1C8 084 01B 041 084 018 03D 023 015 001 01B 022 017 039 038 1C8 033 021 024 03D 084 01F 035 1C5 1CC 011 020 084 023 001 11E 03E 023 011 01F 0B9 084 015 011 011 035 1C0
03	06	0x0306	"<SPEAKER>「カプリ キャッチャーの
しょうひんは ときどき
いれかえてるからね<WAIT><SPEAKER>「たまに ものすごい
ゴージャスな しょうひんを
いれることも あるんだ"	"<SPEAKER>We change the
prizes in the Capri Catcher
from time to time.<WAIT><SPEAKER>Sometimes we put
in something really luxurious!"			SPEAKER NEWLINE NEWLINE WAIT SPEAKER NEWLINE END	EA:CA8B	CC 57 65 01 63 68 61 6E 67 65 01 74 68 65 C8 70 72 69 7A 65 73 01 69 6E 01 74 68 65 01 43 61 70 72 69 01 43 61 74 63 68 65 72 C8 66 72 6F 6D 01 74 69 6D 65 01 74 6F 01 74 69 6D 65 2E C5 CC 53 6F 6D 65 74 69 6D 65 73 01 77 65 01 70 75 74 C8 69 6E 01 73 6F 6D 65 74 68 69 6E 67 01 72 65 61 6C 6C 79 01 6C 75 78 75 72 69 6F 75 73 21 C0	1CC 047 083 05D 069 001 048 071 070 052 071 078 028 1C8 01B 041 012 02A 03D 029 001 023 016 084 023 016 1C8 011 039 015 013 022 038 015 036 027 1C5 1CC 01F 02E 025 001 032 028 01C 084 019 011 1C8 084 04B 078 084 04D 071 04E 024 001 01B 041 012 02A 03D 03C 1C8 011 039 038 019 023 032 001 010 038 03D 084 01F 1C0
03	07	0x0307	"<SPEAKER>「これは カプリキャッチャー<WAIT><SPEAKER>「ケースの中の しょうひんを
きかいの うでを 使って
うまく キャッチできれば・・・<WAIT><SPEAKER>「しょうひんは あんたのもの!"	"<SPEAKER>This is the Capri Catcher.<WAIT><SPEAKER>Use the machine's
arm to grab a prize
inside the case and...<WAIT><SPEAKER>If you catch
it, it is yours!"			SPEAKER WAIT SPEAKER NEWLINE NEWLINE WAIT SPEAKER NEWLINE END	EA:CAFA	CC 54 68 69 73 01 69 73 01 74 68 65 01 43 61 70 72 69 01 43 61 74 63 68 65 72 2E C5 CC 55 73 65 01 74 68 65 01 6D 61 63 68 69 6E 65 27 73 C8 61 72 6D 01 74 6F 01 67 72 61 62 01 61 01 70 72 69 7A 65 C8 69 6E 73 69 64 65 01 74 68 65 01 63 61 73 65 01 61 6E 64 2E 2E 2E C5 CC 49 66 01 79 6F 75 01 63 61 74 63 68 C8 69 74 2C 01 69 74 01 69 73 01 79 6F 75 72 73 21 C0	1CC 019 039 029 001 047 083 05D 069 048 071 070 052 071 078 1C5 1CC 04A 078 04E 028 0A1 028 001 01B 041 012 02A 03D 03C 1C8 016 015 011 028 001 012 084 022 03C 001 123 03E 022 1C8 012 02E 017 001 048 071 070 052 084 022 016 039 084 029 081 081 081 1C5 1CC 01B 041 012 02A 03D 029 001 010 03D 01F 028 032 028 07A 1C0
03	08	0x0308	"<SPEAKER>「カプリキャッチャーの
せつめいを きくかい?"	"<SPEAKER>Want an explanation
of the Capri Catcher?"			SPEAKER NEWLINE END	EA:CB73	CC 57 61 6E 74 01 61 6E 01 65 78 70 6C 61 6E 61 74 69 6F 6E C8 6F 66 01 74 68 65 01 43 61 70 72 69 01 43 61 74 63 68 65 72 3F C0	1CC 047 083 05D 069 048 071 070 052 071 078 028 1C8 01D 021 031 011 03C 001 016 017 015 011 079 1C0
03	09	0x0309	"<SPEAKER>「きかいの うでの うごきは
まず みどりボタンで ↗
つぎに あかボタンで ↖<WAIT><SPEAKER>「ボタンを はなせば うでは
その いちの ま下の物を
つかむって わけさ"	"<SPEAKER>Move the arm diagonally
right with the green button first,
then diagonally left with the red.<WAIT><SPEAKER>Release the button
and the arm grabs whatever
is directly below it."			SPEAKER NEWLINE NEWLINE WAIT SPEAKER NEWLINE NEWLINE END	EA:CB9E	CC 4D 6F 76 65 01 74 68 65 01 61 72 6D 01 64 69 61 67 6F 6E 61 6C 6C 79 C8 72 69 67 68 74 01 77 69 74 68 01 74 68 65 01 67 72 65 65 6E 01 62 75 74 74 6F 6E 01 66 69 72 73 74 2C C8 74 68 65 6E 01 64 69 61 67 6F 6E 61 6C 6C 79 01 6C 65 66 74 01 77 69 74 68 01 74 68 65 01 72 65 64 2E C5 CC 52 65 6C 65 61 73 65 01 74 68 65 01 62 75 74 74 6F 6E C8 61 6E 64 01 74 68 65 01 61 72 6D 01 67 72 61 62 73 01 77 68 61 74 65 76 65 72 C8 69 73 01 64 69 72 65 63 74 6C 79 01 62 65 6C 6F 77 01 69 74 2E C0	1CC 016 015 011 028 001 012 084 022 028 001 012 084 019 016 029 1C8 02E 084 01C 001 02F 084 023 037 084 05F 051 06F 084 022 001 1A3 1C8 021 084 016 025 001 010 015 084 05F 051 06F 084 022 001 1A1 1C5 1CC 084 05F 051 06F 03C 001 029 024 01D 084 029 001 012 084 022 029 1C8 01E 028 001 011 020 028 001 02E 0B8 028 08B 03C 1C8 021 015 030 03E 022 001 03B 018 01A 1C0
03	0A	0x030A	"<SPEAKER>「お 来たな?
それじゃ しょうひんを わたすぜ!"	"<SPEAKER>Oh, you came
back! Here is your prize!"			SPEAKER NEWLINE END	EA:CC42	CC 4F 68 2C 01 79 6F 75 01 63 61 6D 65 C8 62 61 63 6B 21 01 48 65 72 65 01 69 73 01 79 6F 75 72 01 70 72 69 7A 65 21 C0	1CC 014 001 097 01F 024 079 1C8 01E 039 084 01B 03F 001 01B 041 012 02A 03D 03C 001 03B 01F 01C 084 01D 07A 1C0
03	0B	0x030B	"<SPEAKER>「なんだ まだ
にもつが いっぱいじゃねーか!"	<SPEAKER>Your baggage is still full!			SPEAKER END	EA:CC6A	CC 59 6F 75 72 01 62 61 67 67 61 67 65 01 69 73 01 73 74 69 6C 6C 01 66 75 6C 6C 21 C0	1CC 024 03D 084 01F 001 02E 084 01F 1C8 025 032 021 084 015 001 011 03E 083 029 011 084 01B 03F 027 078 015 07A 1C0
03	0C	0x030C	"<CLEAR>
カプリキャッチャーは
1回 コイン2枚です
あそびますか?"	"<CLEAR>The Capri Catcher costs
2 coins per play. Play?"			CLEAR NEWLINE END	EA:CC87	D0 54 68 65 01 43 61 70 72 69 01 43 61 74 63 68 65 72 01 63 6F 73 74 73 C8 32 01 63 6F 69 6E 73 01 70 65 72 01 70 6C 61 79 2E 01 50 6C 61 79 3F C0	1D0 047 083 05D 069 048 071 070 052 071 078 029 1C8 003 169 001 04B 043 06F 004 115 084 022 01C 1C8 010 01E 084 02A 02E 01C 015 079 1C0
03	0D	0x030D	"<CLEAR>
カプリキャッチャーは
1回 コイン2枚です
でも コインが ありませんね・・・"	"<CLEAR>The Capri Catcher costs 2 coins
per play, but you have no coins."			CLEAR NEWLINE END	EA:CCB8	D0 54 68 65 01 43 61 70 72 69 01 43 61 74 63 68 65 72 01 63 6F 73 74 73 01 32 01 63 6F 69 6E 73 C8 70 65 72 01 70 6C 61 79 2C 01 62 75 74 01 79 6F 75 01 68 61 76 65 01 6E 6F 01 63 6F 69 6E 73 2E C0	1D0 047 083 05D 069 048 071 070 052 071 078 029 1C8 003 169 001 04B 043 06F 004 115 084 022 01C 1C8 084 022 032 001 04B 043 06F 084 015 001 010 037 02E 01D 03D 027 081 081 081 1C0
03	0E	0x030E	"<CLEAR>
カプリキャッチャーは
1回 コイン2枚です
でも コインが たりませんね・・・"	"<CLEAR>The Capri Catcher costs
2 coins per play, but
you do not have enough."			CLEAR NEWLINE NEWLINE END	EA:CCFA	D0 54 68 65 01 43 61 70 72 69 01 43 61 74 63 68 65 72 01 63 6F 73 74 73 C8 32 01 63 6F 69 6E 73 01 70 65 72 01 70 6C 61 79 2C 01 62 75 74 C8 79 6F 75 01 64 6F 01 6E 6F 74 01 68 61 76 65 01 65 6E 6F 75 67 68 2E C0	1D0 047 083 05D 069 048 071 070 052 071 078 029 1C8 003 169 001 04B 043 06F 004 115 084 022 01C 1C8 084 022 032 001 04B 043 06F 084 015 001 01F 037 02E 01D 03D 027 081 081 081 1C0
03	0F	0x030F	"<CLEAR>
カプリキャッチャーから
<INSERT_A>が でてきた"	"<CLEAR><INSERT_A> came
out of the Capri Catcher!"			CLEAR INSERT_A NEWLINE END	EA:CD41	D0 C4 01 63 61 6D 65 C8 6F 75 74 01 6F 66 01 74 68 65 01 43 61 70 72 69 01 43 61 74 63 68 65 72 21 C0	1D0 047 083 05D 069 048 071 070 052 071 078 015 036 1C8 1C4 084 015 001 084 022 022 016 01F 1C0
03	10	0x0310	"<SPEAKER>「おやっ お嬢ちゃん
おこまりのようだね? それじゃあ
しょうひんは おれが あずかるよ"	"<SPEAKER>Oh, little lady,
you seem stuck. I will
hold the prize for you."			SPEAKER NEWLINE NEWLINE END	EA:CD63	CC 4F 68 2C 01 6C 69 74 74 6C 65 01 6C 61 64 79 2C C8 79 6F 75 01 73 65 65 6D 01 73 74 75 63 6B 2E 01 49 01 77 69 6C 6C C8 68 6F 6C 64 01 74 68 65 01 70 72 69 7A 65 01 66 6F 72 01 79 6F 75 2E C0	1CC 014 033 03E 001 014 0D8 020 03F 03D 1C8 014 019 02E 037 028 035 012 084 01F 027 079 001 01E 039 084 01B 03F 010 1C8 01B 041 012 02A 03D 029 001 014 039 084 015 001 010 084 01C 015 038 035 1C0
03	11	0x0311	"<SPEAKER>「にもつを なんとかして
とりに来てくれよ! はやく来ないと
おれがいただいちまうぞ!"	"<SPEAKER>Make room in your
baggage and come get it! Hurry,
or I might keep it for myself!"			SPEAKER NEWLINE NEWLINE END	EA:CDA4	CC 4D 61 6B 65 01 72 6F 6F 6D 01 69 6E 01 79 6F 75 72 C8 62 61 67 67 61 67 65 01 61 6E 64 01 63 6F 6D 65 01 67 65 74 01 69 74 21 01 48 75 72 72 79 2C C8 6F 72 01 49 01 6D 69 67 68 74 01 6B 65 65 70 01 69 74 01 66 6F 72 01 6D 79 73 65 6C 66 21 C0	1CC 025 032 021 03C 001 024 03D 023 015 01B 022 1C8 023 037 025 097 022 017 039 035 07A 001 029 033 017 097 024 011 023 1C8 014 039 084 015 011 01F 084 01F 011 020 02E 012 084 01E 07A 1C0
03	12	0x0312	"<CLEAR>
ざんねんでした"	<CLEAR>Too bad!			CLEAR END	EA:CDF6	D0 54 6F 6F 01 62 61 64 21 C0	1D0 084 01A 03D 027 03D 084 022 01B 01F 1C0
03	13	0x0313	"<CLEAR>
もういちど あそびますか?"	<CLEAR>Play again?			CLEAR END	EA:CE00	D0 50 6C 61 79 01 61 67 61 69 6E 3F C0	1D0 032 012 011 020 084 023 001 010 01E 084 02A 02E 01C 015 079 1C0
03	14	0x0314	"<CLEAR>
スロットマシンがあります
あそびますか?"	<CLEAR>There is a slot machine. Play?			CLEAR END	EA:CE0D	D0 54 68 65 72 65 01 69 73 01 61 01 73 6C 6F 74 01 6D 61 63 68 69 6E 65 2E 01 50 6C 61 79 3F C0	1D0 04E 06C 070 055 060 04D 06F 084 015 010 037 02E 01C 1C8 010 01E 084 02A 02E 01C 015 079 1C0
03	15	0x0315	"<CLEAR>
スロットマシンがあります
でも コインが ありませんね・・・"	"<CLEAR>There is a slot machine,
but you have no coins."			CLEAR NEWLINE END	EA:CE2D	D0 54 68 65 72 65 01 69 73 01 61 01 73 6C 6F 74 01 6D 61 63 68 69 6E 65 2C C8 62 75 74 01 79 6F 75 01 68 61 76 65 01 6E 6F 01 63 6F 69 6E 73 2E C0	1D0 04E 06C 070 055 060 04D 06F 084 015 010 037 02E 01C 1C8 084 022 032 001 04B 043 06F 084 015 001 010 037 02E 01D 03D 027 081 081 081 1C0
03	16	0x0316	"<SPEAKER>「なんで みんな こんな物に
むちゅうに なるんでしょうねえ・・・
さっぱり わかりませんよ・・・"	"<SPEAKER>Why does everyone get
so obsessed with these things?
I just do not understand it..."			SPEAKER NEWLINE NEWLINE END	EA:CE5E	CC 57 68 79 01 64 6F 65 73 01 65 76 65 72 79 6F 6E 65 01 67 65 74 C8 73 6F 01 6F 62 73 65 73 73 65 64 01 77 69 74 68 01 74 68 65 73 65 01 74 68 69 6E 67 73 3F C8 49 01 6A 75 73 74 01 64 6F 01 6E 6F 74 01 75 6E 64 65 72 73 74 61 6E 64 01 69 74 2E 2E 2E C0	1CC 024 03D 084 022 001 02F 03D 024 001 019 03D 024 08B 025 1C8 030 020 040 012 025 001 024 038 03D 084 022 01B 041 012 027 013 081 081 081 1C8 01A 03E 083 029 037 001 03B 015 037 02E 01D 03D 035 081 081 081 1C0
03	17	0x0317	"<SPEAKER>「お お嬢さま!
話しかけないでくだされ!
いま だいじな所ですじゃ!"	"<SPEAKER>L-Lady! Please do not talk
to me! This is a critical moment!"			SPEAKER NEWLINE END	EA:CEB3	CC 4C 2D 4C 61 64 79 21 01 50 6C 65 61 73 65 01 64 6F 01 6E 6F 74 01 74 61 6C 6B C8 74 6F 01 6D 65 21 01 54 68 69 73 01 69 73 01 61 01 63 72 69 74 69 63 61 6C 01 6D 6F 6D 65 6E 74 21 C0	1CC 014 001 014 0D8 01A 02E 07A 1C8 0A0 01B 015 018 024 011 084 022 017 084 01F 01A 039 07A 1C8 011 02E 001 084 01F 011 084 01B 024 12F 084 022 01C 084 01B 03F 07A 1C0
03	18	0x0318	"<SPEAKER>「観光名所 デスランド鉱山の
ペナントは センスがよくて
人気ばつぐんだよ!<WAIT><SPEAKER>「買ってくのは おっさんや
囚人ばっかだけどな!
お嬢ちゃんは 何か用かい?"	"<SPEAKER>The Deathvalley
Mine pennant is stylish
and extremely popular!<WAIT><SPEAKER>Though only old
men and prisoners ever buy
one. Need something, kid?"			SPEAKER NEWLINE NEWLINE WAIT SPEAKER NEWLINE NEWLINE END	EA:CEF1	CC 54 68 65 01 44 65 61 74 68 76 61 6C 6C 65 79 C8 4D 69 6E 65 01 70 65 6E 6E 61 6E 74 01 69 73 01 73 74 79 6C 69 73 68 C8 61 6E 64 01 65 78 74 72 65 6D 65 6C 79 01 70 6F 70 75 6C 61 72 21 C5 CC 54 68 6F 75 67 68 01 6F 6E 6C 79 01 6F 6C 64 C8 6D 65 6E 01 61 6E 64 01 70 72 69 73 6F 6E 65 72 73 01 65 76 65 72 01 62 75 79 C8 6F 6E 65 2E 01 4E 65 65 64 01 73 6F 6D 65 74 68 69 6E 67 2C 01 6B 69 64 3F C0	1CC 149 14A 0CD 12F 001 084 054 04E 068 06F 084 055 10B 10C 028 1C8 083 05E 056 06F 055 029 001 04F 06F 04E 084 015 035 017 022 1C8 091 099 084 029 021 084 017 03D 084 01F 035 07A 1C5 1CC 0A8 03E 022 017 028 029 001 014 03E 01A 03D 033 1C8 113 091 084 029 03E 015 084 01F 018 084 023 024 07A 1C8 014 0D8 020 03F 03D 029 001 093 015 112 015 011 079 1C0
03	19	0x0319	"<CLEAR>
ペナントが はってある"	<CLEAR>A pennant is hanging here.			CLEAR END	EA:CF77	D0 41 01 70 65 6E 6E 61 6E 74 01 69 73 01 68 61 6E 67 69 6E 67 01 68 65 72 65 2E C0	1D0 083 05E 056 06F 055 084 015 001 029 03E 022 010 038 1C0
03	1A	0x031A	"<SPEAKER>「なんだ まだ さぎょうは
おわってない はずだぞ!
早く 鉱山に もどれ!"	"<SPEAKER>Your work is
not finished yet! Get
back to Deathvalley Mine!"			SPEAKER NEWLINE NEWLINE END	EA:CF93	CC 59 6F 75 72 01 77 6F 72 6B 01 69 73 C8 6E 6F 74 01 66 69 6E 69 73 68 65 64 01 79 65 74 21 01 47 65 74 C8 62 61 63 6B 01 74 6F 01 44 65 61 74 68 76 61 6C 6C 65 79 01 4D 69 6E 65 21 C0	1CC 024 03D 084 01F 001 02E 084 01F 001 01A 084 016 041 012 029 1C8 014 03B 03E 022 024 011 001 029 084 01C 084 01F 084 01E 07A 1C8 144 017 001 10B 10C 025 001 032 084 023 039 07A 1C0
03	1B	0x031B	"<SPEAKER>「お! しんいりだな!
しっかり はたらけよ!"	"<SPEAKER>Oh, a
newcomer! Work hard!"			SPEAKER NEWLINE END	EA:CFD1	CC 4F 68 2C 01 61 C8 6E 65 77 63 6F 6D 65 72 21 01 57 6F 72 6B 01 68 61 72 64 21 C0	1CC 014 07A 001 01B 03D 011 037 084 01F 024 07A 1C8 01B 03E 015 037 001 029 01F 036 018 035 07A 1C0
03	1C	0x031C	"<SPEAKER>「なんだ おまえ きっぷを
持ってないな! わるいが
通すわけには いかんな"	"<SPEAKER>You do not have
a ticket. Sorry, but I
cannot let you through."			SPEAKER NEWLINE NEWLINE END	EA:CFED	CC 59 6F 75 01 64 6F 01 6E 6F 74 01 68 61 76 65 C8 61 01 74 69 63 6B 65 74 2E 01 53 6F 72 72 79 2C 01 62 75 74 01 49 C8 63 61 6E 6E 6F 74 01 6C 65 74 01 79 6F 75 01 74 68 72 6F 75 67 68 2E C0	1CC 024 03D 084 01F 001 014 02E 013 001 016 03E 083 02B 03C 1C8 0D3 03E 022 024 011 024 07A 001 03B 038 011 084 015 1C8 12E 01C 03B 018 025 029 001 011 015 03D 024 1C0
03	1D	0x031D	"<SPEAKER>「がんばって はたらけば
カジノの券が もらえるからな!"	"<SPEAKER>Work hard and you
can earn a casino ticket!"			SPEAKER NEWLINE END	EA:D02D	CC 57 6F 72 6B 01 68 61 72 64 01 61 6E 64 01 79 6F 75 C8 63 61 6E 01 65 61 72 6E 01 61 01 63 61 73 69 6E 6F 01 74 69 63 6B 65 74 21 C0	1CC 084 015 03D 084 029 03E 022 001 029 01F 036 018 084 029 1C8 047 084 04D 05A 028 0E1 084 015 001 032 036 013 038 015 036 024 07A 1C0
03	1E	0x031E	"<SPEAKER>「さぎょうを さぼったら
いたいめにあうぞ!
早く 鉱山に もどれ!"	"<SPEAKER>Slack off and
you will regret it! Get
back to Deathvalley Mine!"			SPEAKER NEWLINE NEWLINE END	EA:D05A	CC 53 6C 61 63 6B 01 6F 66 66 01 61 6E 64 C8 79 6F 75 01 77 69 6C 6C 01 72 65 67 72 65 74 01 69 74 21 01 47 65 74 C8 62 61 63 6B 01 74 6F 01 44 65 61 74 68 76 61 6C 6C 65 79 01 4D 69 6E 65 21 C0	1CC 01A 084 016 041 012 03C 001 01A 084 02D 03E 01F 036 1C8 011 01F 011 031 025 010 012 084 01E 07A 1C8 144 017 001 10B 10C 025 001 032 084 023 039 07A 1C0
03	1F	0x031F	"<SPEAKER>「しんいりだな! ちゃんと
ヘブリじいさんに
あいさつに いったか?"	"<SPEAKER>You are new,
right? Did you introduce
yourself to old Hebri?"			SPEAKER NEWLINE NEWLINE END	EA:D09B	CC 59 6F 75 01 61 72 65 01 6E 65 77 2C C8 72 69 67 68 74 3F 01 44 69 64 01 79 6F 75 01 69 6E 74 72 6F 64 75 63 65 C8 79 6F 75 72 73 65 6C 66 01 74 6F 01 6F 6C 64 01 48 65 62 72 69 3F C0	1CC 01B 03D 011 037 084 01F 024 07A 001 020 03F 03D 023 1C8 05E 084 05D 069 084 01B 011 01A 03D 025 1C8 010 011 01A 021 025 001 011 03E 01F 015 079 1C0
03	20	0x0320	"<SPEAKER>「へへへ ごくろうさん
きょうも 一日
あんぜんになっ! げへへへ"	"<SPEAKER>Heh heh, good work. Stay
safe out there today! Geh-heh-heh!"			SPEAKER NEWLINE END	EA:D0D9	CC 48 65 68 01 68 65 68 2C 01 67 6F 6F 64 01 77 6F 72 6B 2E 01 53 74 61 79 C8 73 61 66 65 01 6F 75 74 01 74 68 65 72 65 01 74 6F 64 61 79 21 01 47 65 68 2D 68 65 68 2D 68 65 68 21 C0	1CC 02C 02C 02C 001 084 019 017 03A 012 01A 03D 1C8 016 041 012 032 001 0AF 120 1C8 010 03D 084 01D 03D 025 024 03E 07A 001 084 018 02C 02C 02C 1C0
03	21	0x0321	"<SPEAKER>「まってたぜ こむすめよ!<WAIT><SPEAKER>「よくも 地下水道で おれの
おとうとを やっつけてくれたな!<WAIT><SPEAKER>「おとうとの かたき! うがーっ!"	"<SPEAKER>I have been
waiting, little girl!<WAIT><SPEAKER>How dare you
beat my little brother in
the underground waterway!<WAIT><SPEAKER>This is for
my brother! GRAAH!"			SPEAKER NEWLINE WAIT SPEAKER NEWLINE NEWLINE WAIT SPEAKER NEWLINE END	EA:D116	CC 49 01 68 61 76 65 01 62 65 65 6E C8 77 61 69 74 69 6E 67 2C 01 6C 69 74 74 6C 65 01 67 69 72 6C 21 C5 CC 48 6F 77 01 64 61 72 65 01 79 6F 75 C8 62 65 61 74 01 6D 79 01 6C 69 74 74 6C 65 01 62 72 6F 74 68 65 72 01 69 6E C8 74 68 65 01 75 6E 64 65 72 67 72 6F 75 6E 64 01 77 61 74 65 72 77 61 79 21 C5 CC 54 68 69 73 01 69 73 01 66 6F 72 C8 6D 79 01 62 72 6F 74 68 65 72 21 01 47 52 41 41 48 21 C0	1CC 02E 03E 022 01F 084 01D 001 019 030 01C 031 035 07A 1C5 1CC 035 017 032 001 0D5 0B8 0B2 0C7 084 022 001 014 039 028 1C8 014 023 012 023 03C 001 033 03E 021 018 022 017 039 01F 024 07A 1C5 1CC 014 023 012 023 028 001 015 01F 016 07A 001 012 084 015 078 03E 07A 1C0
03	22	0x0322	<SPEAKER>「おまえら しんじんだなっ	"<SPEAKER>You must
be the new workers."			SPEAKER NEWLINE END	EA:D19B	CC 59 6F 75 01 6D 75 73 74 C8 62 65 01 74 68 65 01 6E 65 77 01 77 6F 72 6B 65 72 73 2E C0	1CC 014 02E 013 036 001 01B 03D 084 01B 03D 084 01F 024 03E 1C0
03	23	0x0323	"<SPEAKER>「そこの かべに トロッコの
うんてんの やりかたが
かいてあるから よーく読めっ"	"<SPEAKER>The wall over there
explains how to drive a
mine cart. Read it carefully!"			SPEAKER NEWLINE NEWLINE END	EA:D1B9	CC 54 68 65 01 77 61 6C 6C 01 6F 76 65 72 01 74 68 65 72 65 C8 65 78 70 6C 61 69 6E 73 01 68 6F 77 01 74 6F 01 64 72 69 76 65 01 61 C8 6D 69 6E 65 01 63 61 72 74 2E 01 52 65 61 64 01 69 74 01 63 61 72 65 66 75 6C 6C 79 21 C0	1CC 01E 019 028 001 015 084 02C 025 001 055 06C 070 04B 028 1C8 012 03D 022 03D 028 001 033 037 015 01F 084 015 1C8 015 011 022 010 038 015 036 001 035 078 017 118 031 03E 1C0
03	24	0x0324	"<CLEAR>
さぎょう員の みなさんへ<WAIT>
<CLEAR>
トロッコに のると
じどうてきに かそくされます<WAIT>
<CLEAR>
ブレーキは てもとの
きいろい Bボタンを
おすと かかります<WAIT>
<CLEAR>
ただし ブレーキをおし続けると
ブレーキが かねつして
しばらく きかなくなります<WAIT>
<CLEAR>
方向てんかん するときは
まがりたい 方向へ
十字ボタンを おしてください<WAIT>
<CLEAR>
ただし 方向てんかんが
できない せんろも あります"	"<CLEAR>NOTICE TO ALL WORKERS<WAIT><CLEAR>The mine cart accelerates
automatically when you board it.<WAIT><CLEAR>Press the yellow B button
to apply the brake.<WAIT><CLEAR>Holding the brake too
long will overheat it,
disabling it for a while.<WAIT><CLEAR>At a junction, press
the D-pad toward the
direction you want to go.<WAIT><CLEAR>Some tracks do not allow
you to change direction."			CLEAR WAIT CLEAR NEWLINE WAIT CLEAR NEWLINE WAIT CLEAR NEWLINE NEWLINE WAIT CLEAR NEWLINE NEWLINE WAIT CLEAR NEWLINE END	EA:D204	D0 4E 4F 54 49 43 45 01 54 4F 01 41 4C 4C 01 57 4F 52 4B 45 52 53 C5 D0 54 68 65 01 6D 69 6E 65 01 63 61 72 74 01 61 63 63 65 6C 65 72 61 74 65 73 C8 61 75 74 6F 6D 61 74 69 63 61 6C 6C 79 01 77 68 65 6E 01 79 6F 75 01 62 6F 61 72 64 01 69 74 2E C5 D0 50 72 65 73 73 01 74 68 65 01 79 65 6C 6C 6F 77 01 42 01 62 75 74 74 6F 6E C8 74 6F 01 61 70 70 6C 79 01 74 68 65 01 62 72 61 6B 65 2E C5 D0 48 6F 6C 64 69 6E 67 01 74 68 65 01 62 72 61 6B 65 01 74 6F 6F C8 6C 6F 6E 67 01 77 69 6C 6C 01 6F 76 65 72 68 65 61 74 01 69 74 2C C8 64 69 73 61 62 6C 69 6E 67 01 69 74 01 66 6F 72 01 61 01 77 68 69 6C 65 2E C5 D0 41 74 01 61 01 6A 75 6E 63 74 69 6F 6E 2C 01 70 72 65 73 73 C8 74 68 65 01 44 2D 70 61 64 01 74 6F 77 61 72 64 01 74 68 65 C8 64 69 72 65 63 74 69 6F 6E 01 79 6F 75 01 77 61 6E 74 01 74 6F 01 67 6F 2E C5 D0 53 6F 6D 65 01 74 72 61 63 6B 73 01 64 6F 01 6E 6F 74 01 61 6C 6C 6F 77 C8 79 6F 75 01 74 6F 01 63 68 61 6E 67 65 01 64 69 72 65 63 74 69 6F 6E 2E C0	1D0 01A 084 016 041 012 1B3 028 001 02F 024 01A 03D 02C 1C5 1D0 055 06C 070 04B 025 001 028 038 023 1C8 084 01B 084 023 012 022 016 025 001 015 01E 017 01A 039 02E 01C 1C5 1D0 084 05D 06B 078 048 029 001 022 032 023 028 1C8 016 011 03A 011 001 16F 084 05F 051 06F 03C 1C8 014 01C 023 001 015 015 037 02E 01C 1C5 1D0 01F 084 01F 01B 001 084 05D 06B 078 048 03C 014 01B 0F9 018 038 023 1C8 084 05D 06B 078 048 084 015 001 015 027 021 01B 022 1C8 01B 084 029 036 017 001 016 015 024 017 024 037 02E 01C 1C5 1D0 0B9 1AB 022 03D 015 03D 001 01C 038 023 016 029 1C8 02E 084 015 037 01F 011 001 0B9 1AB 02C 1C8 130 153 084 05F 051 06F 03C 001 014 01B 022 017 084 01F 01A 011 1C5 1D0 01F 084 01F 01B 001 0B9 1AB 022 03D 015 03D 084 015 1C8 084 022 016 024 011 001 01D 03D 03A 032 001 010 037 02E 01C 1C0
03	25	0x0325	"<SPEAKER>「おう 地下神殿で
モンスターどもが 集まってたぜ!<WAIT><SPEAKER>「なんだか どんちゃんさわぎを
はじめるみたいだよ<WAIT><SPEAKER>「オレも 行こうかなあ"	"<SPEAKER>The monsters
were gathering at the
underground temple!<WAIT><SPEAKER>Sounds like they
are about to throw
some kind of huge party.<WAIT><SPEAKER>Maybe I will go too."			SPEAKER NEWLINE NEWLINE WAIT SPEAKER NEWLINE NEWLINE WAIT SPEAKER END	EA:D346	CC 54 68 65 01 6D 6F 6E 73 74 65 72 73 C8 77 65 72 65 01 67 61 74 68 65 72 69 6E 67 01 61 74 01 74 68 65 C8 75 6E 64 65 72 67 72 6F 75 6E 64 01 74 65 6D 70 6C 65 21 C5 CC 53 6F 75 6E 64 73 01 6C 69 6B 65 01 74 68 65 79 C8 61 72 65 01 61 62 6F 75 74 01 74 6F 01 74 68 72 6F 77 C8 73 6F 6D 65 01 6B 69 6E 64 01 6F 66 01 68 75 67 65 01 70 61 72 74 79 2E C5 CC 4D 61 79 62 65 01 49 01 77 69 6C 6C 01 67 6F 01 74 6F 6F 2E C0	1CC 014 012 001 0D5 0B8 0DC 175 084 022 1C8 064 06F 04E 051 078 084 023 032 084 015 001 1AC 02E 03E 022 01F 084 01D 07A 1C5 1CC 024 03D 084 01F 015 001 084 023 03D 020 03F 03D 01A 03B 084 016 03C 1C8 029 084 01B 031 038 02F 01F 011 084 01F 035 1C5 1CC 046 06B 032 001 08D 019 012 015 024 010 1C0
03	26	0x0326	"<SPEAKER>「この鉱山の さらに北には
モンスターどもの 村があるんだ<WAIT><SPEAKER>「ふしぎなことに やつらの家には
人間は 入れないんだ<WAIT><SPEAKER>「きっと とびらに 魔物の
たましいでも やどっているんだな<WAIT><SPEAKER>「とびら自体が もんばんってわけだ"	"<SPEAKER>North of Deathvalley
Mine is a village where
the monsters live.<WAIT><SPEAKER>Strangely, humans
cannot enter their houses.<WAIT><SPEAKER>Maybe monster souls
dwell in the doors themselves.<WAIT><SPEAKER>The door
itself is the guard."			SPEAKER NEWLINE NEWLINE WAIT SPEAKER NEWLINE WAIT SPEAKER NEWLINE WAIT SPEAKER NEWLINE END	EA:D3D2	CC 4E 6F 72 74 68 01 6F 66 01 44 65 61 74 68 76 61 6C 6C 65 79 C8 4D 69 6E 65 01 69 73 01 61 01 76 69 6C 6C 61 67 65 01 77 68 65 72 65 C8 74 68 65 01 6D 6F 6E 73 74 65 72 73 01 6C 69 76 65 2E C5 CC 53 74 72 61 6E 67 65 6C 79 2C 01 68 75 6D 61 6E 73 C8 63 61 6E 6E 6F 74 01 65 6E 74 65 72 01 74 68 65 69 72 01 68 6F 75 73 65 73 2E C5 CC 4D 61 79 62 65 01 6D 6F 6E 73 74 65 72 01 73 6F 75 6C 73 C8 64 77 65 6C 6C 01 69 6E 01 74 68 65 01 64 6F 6F 72 73 01 74 68 65 6D 73 65 6C 76 65 73 2E C5 CC 54 68 65 01 64 6F 6F 72 C8 69 74 73 65 6C 66 01 69 73 01 74 68 65 01 67 75 61 72 64 2E C0	1CC 019 028 10B 10C 028 001 01A 036 025 09C 025 029 1C8 064 06F 04E 051 078 084 023 032 028 001 1B0 084 015 010 038 03D 084 01F 1C5 1CC 02B 01B 084 016 024 019 023 025 001 033 021 036 028 161 025 029 1C8 091 0E3 029 001 08E 039 024 011 03D 084 01F 1C5 1CC 016 03E 023 001 023 084 02A 036 025 001 09A 08B 028 1C8 01F 02E 01B 011 084 022 032 001 033 084 023 03E 022 011 038 03D 084 01F 024 1C5 1CC 023 084 02A 036 0E2 0F0 084 015 001 032 03D 084 029 03D 03E 022 03B 018 084 01F 1C0
03	27	0x0327	"<SPEAKER>「ここは かみんじょ
つかれたときは ねるのが
いちばんさねっ!<WAIT><SPEAKER>「ちょっくら ねてくかね?"	"<SPEAKER>This is the nap
room. When you are
tired, sleep is best!<WAIT><SPEAKER>Want to
take a quick nap?"			SPEAKER NEWLINE NEWLINE WAIT SPEAKER NEWLINE END	EA:D494	CC 54 68 69 73 01 69 73 01 74 68 65 01 6E 61 70 C8 72 6F 6F 6D 2E 01 57 68 65 6E 01 79 6F 75 01 61 72 65 C8 74 69 72 65 64 2C 01 73 6C 65 65 70 01 69 73 01 62 65 73 74 21 C5 CC 57 61 6E 74 01 74 6F C8 74 61 6B 65 01 61 01 71 75 69 63 6B 01 6E 61 70 3F C0	1CC 019 019 029 001 015 02F 03D 084 01B 041 1C8 021 015 039 01F 023 016 029 001 027 038 028 084 015 1C8 011 020 084 029 03D 01A 027 03E 07A 1C5 1CC 020 041 03E 017 036 001 027 022 017 015 027 079 1C0
03	28	0x0328	<SPEAKER>「つかれは とれたかい?	<SPEAKER>Feeling rested?			SPEAKER END	EA:D4E9	CC 46 65 65 6C 69 6E 67 01 72 65 73 74 65 64 3F C0	1CC 021 015 039 029 001 023 039 01F 015 011 079 1C0
03	29	0x0329	<SPEAKER>「ふみんふきゅうは よくないぞ	"<SPEAKER>Going without
sleep is bad for you."			SPEAKER NEWLINE END	EA:D4FA	CC 47 6F 69 6E 67 01 77 69 74 68 6F 75 74 C8 73 6C 65 65 70 01 69 73 01 62 61 64 01 66 6F 72 01 79 6F 75 2E C0	1CC 02B 02F 03D 02B 016 040 012 029 001 035 017 024 011 084 01E 1C0
03	2A	0x032A	"<SPEAKER>「ひさしぶりだな ねーちゃん!<WAIT><SPEAKER>「おれだよ! へっ わかんねえとは
まだまだ けいけんぶそくだぜ!"	"<SPEAKER>Long time no see, lady!<WAIT><SPEAKER>It is me! Hah! If
you cannot tell, you still
need more experience!"			SPEAKER WAIT SPEAKER NEWLINE NEWLINE END	EA:D51F	CC 4C 6F 6E 67 01 74 69 6D 65 01 6E 6F 01 73 65 65 2C 01 6C 61 64 79 21 C5 CC 49 74 01 69 73 01 6D 65 21 01 48 61 68 21 01 49 66 C8 79 6F 75 01 63 61 6E 6E 6F 74 01 74 65 6C 6C 2C 01 79 6F 75 01 73 74 69 6C 6C C8 6E 65 65 64 01 6D 6F 72 65 01 65 78 70 65 72 69 65 6E 63 65 21 C0	1CC 02A 01A 01B 084 02B 037 084 01F 024 001 027 078 020 03F 03D 07A 1C5 1CC 014 039 084 01F 035 07A 001 02C 03E 001 03B 015 03D 027 013 023 029 1C8 02E 084 01F 02E 084 01F 001 018 011 018 03D 084 02B 01E 017 084 01F 084 01D 07A 1C0
03	2B	0x032B	"<SPEAKER>「あんとき おまえさんが
おくすりを くれたんで
命びろいを したよ・・・<WAIT><SPEAKER>「あのあと おれは 町に
もどったんだよ とりあえずな
そしたら みつけちまったんだ!<WAIT><SPEAKER>「地下水道へ ぬける道をな<WAIT><SPEAKER>「おいっ! あんたの なかまを
さらった あの ばかでかい
ベビーバロンな ありゃ ワルだぜ!<WAIT><SPEAKER>「おれは 囚人に ばけて
この 鉱山で お宝を
あさってたんだが まいったよ<WAIT><SPEAKER>「囚人どもに 何かを
ほらせてんのは いいけどよ<WAIT><SPEAKER>「使いものに ならなくなった
囚人を なんと かんづめに
してやがるんだ かんづめによ!<WAIT><SPEAKER>「やつは なにを さがしてんだ?<WAIT><SPEAKER>「古代の装置の 復活?<WAIT><SPEAKER>「なんて こったい! あんな
でかくて わるぢえの まわるやつが
これいじょう ふえたら まずいぜ!<WAIT><SPEAKER>「くーっ! さきの ことは
ともかく あんたは なかまを
たすけるのが さきだな!"	"<SPEAKER>That medicine you
gave me saved my life.<WAIT><SPEAKER>After that I went to
town, and found something!<WAIT><SPEAKER>A way into the sewer.<WAIT><SPEAKER>That huge Baby
Baron who took your
friend is bad news!<WAIT><SPEAKER>I posed as a prisoner
to hunt treasure in this mine,
and learned something ugly.<WAIT><SPEAKER>Making prisoners
dig is one thing...<WAIT><SPEAKER>When they can't work,
he seals them in cans! Cans!<WAIT><SPEAKER>What is he searching for?<WAIT><SPEAKER>Reviving an ancient device?<WAIT><SPEAKER>Damn! More huge,
clever monsters like him
would be a disaster!<WAIT><SPEAKER>Forget that for now.
Rescue your friend first!"			SPEAKER NEWLINE WAIT SPEAKER NEWLINE WAIT SPEAKER WAIT SPEAKER NEWLINE NEWLINE WAIT SPEAKER NEWLINE NEWLINE WAIT SPEAKER NEWLINE WAIT SPEAKER NEWLINE WAIT SPEAKER WAIT SPEAKER WAIT SPEAKER NEWLINE NEWLINE WAIT SPEAKER NEWLINE END	EA:D57C	CC 54 68 61 74 01 6D 65 64 69 63 69 6E 65 01 79 6F 75 C8 67 61 76 65 01 6D 65 01 73 61 76 65 64 01 6D 79 01 6C 69 66 65 2E C5 CC 41 66 74 65 72 01 74 68 61 74 01 49 01 77 65 6E 74 01 74 6F C8 74 6F 77 6E 2C 01 61 6E 64 01 66 6F 75 6E 64 01 73 6F 6D 65 74 68 69 6E 67 21 C5 CC 41 01 77 61 79 01 69 6E 74 6F 01 74 68 65 01 73 65 77 65 72 2E C5 CC 54 68 61 74 01 68 75 67 65 01 42 61 62 79 C8 42 61 72 6F 6E 01 77 68 6F 01 74 6F 6F 6B 01 79 6F 75 72 C8 66 72 69 65 6E 64 01 69 73 01 62 61 64 01 6E 65 77 73 21 C5 CC 49 01 70 6F 73 65 64 01 61 73 01 61 01 70 72 69 73 6F 6E 65 72 C8 74 6F 01 68 75 6E 74 01 74 72 65 61 73 75 72 65 01 69 6E 01 74 68 69 73 01 6D 69 6E 65 2C C8 61 6E 64 01 6C 65 61 72 6E 65 64 01 73 6F 6D 65 74 68 69 6E 67 01 75 67 6C 79 2E C5 CC 4D 61 6B 69 6E 67 01 70 72 69 73 6F 6E 65 72 73 C8 64 69 67 01 69 73 01 6F 6E 65 01 74 68 69 6E 67 2E 2E 2E C5 CC 57 68 65 6E 01 74 68 65 79 01 63 61 6E 27 74 01 77 6F 72 6B 2C C8 68 65 01 73 65 61 6C 73 01 74 68 65 6D 01 69 6E 01 63 61 6E 73 21 01 43 61 6E 73 21 C5 CC 57 68 61 74 01 69 73 01 68 65 01 73 65 61 72 63 68 69 6E 67 01 66 6F 72 3F C5 CC 52 65 76 69 76 69 6E 67 01 61 6E 01 61 6E 63 69 65 6E 74 01 64 65 76 69 63 65 3F C5 CC 44 61 6D 6E 21 01 4D 6F 72 65 01 68 75 67 65 2C C8 63 6C 65 76 65 72 01 6D 6F 6E 73 74 65 72 73 01 6C 69 6B 65 01 68 69 6D C8 77 6F 75 6C 64 01 62 65 01 61 01 64 69 73 61 73 74 65 72 21 C5 CC 46 6F 72 67 65 74 01 74 68 61 74 01 66 6F 72 01 6E 6F 77 2E C8 52 65 73 63 75 65 01 79 6F 75 72 01 66 72 69 65 6E 64 01 66 69 72 73 74 21 C0	1CC 010 03D 023 016 001 014 02E 013 01A 03D 084 015 1C8 014 017 01C 037 03C 001 017 039 01F 03D 084 022 1C8 0EE 084 02A 03A 011 03C 001 01B 01F 035 081 081 081 1C5 1CC 010 028 010 023 001 014 039 029 001 0C9 025 1C8 032 084 023 03E 01F 03D 084 01F 035 001 023 037 010 013 084 01C 024 1C8 01E 01B 01F 036 001 02F 021 018 020 02E 03E 01F 03D 084 01F 07A 1C5 1CC 0D5 0B8 0B2 0C7 02C 001 026 018 038 0C7 03C 024 1C5 1CC 014 011 03E 07A 001 010 03D 01F 028 001 024 015 02E 03C 1C8 01A 036 03E 01F 001 010 028 001 084 029 015 084 022 015 011 1C8 084 05E 084 05C 078 084 05B 06C 06F 024 001 010 037 03F 001 06D 06A 084 01F 084 01D 07A 1C5 1CC 014 039 029 001 113 091 025 001 084 029 018 022 1C8 019 028 001 10B 10C 084 022 001 014 095 03C 1C8 010 01A 03E 022 01F 03D 084 01F 084 015 001 02E 011 03E 01F 035 1C5 1CC 113 091 084 023 032 025 001 093 015 03C 1C8 02D 036 01D 022 03D 028 029 001 011 011 018 084 023 035 1C5 1CC 123 011 032 028 025 001 024 036 024 017 024 03E 01F 1C8 113 091 03C 001 024 03D 023 001 015 03D 084 021 031 025 1C8 01B 022 033 084 015 038 03D 084 01F 001 015 03D 084 021 031 025 035 07A 1C5 1CC 033 021 029 001 024 025 03C 001 01A 084 015 01B 022 03D 084 01F 079 1C5 1CC 096 09F 028 0C2 19F 028 001 18B 0B4 079 1C5 1CC 024 03D 022 001 019 03E 01F 011 07A 001 010 03D 024 1C8 084 022 015 017 022 001 03B 038 084 020 013 028 001 02E 03B 038 033 021 084 015 1C8 019 039 011 084 01B 041 012 001 02B 013 01F 036 001 02E 084 01C 011 084 01D 07A 1C5 1CC 017 078 03E 07A 001 01A 016 028 001 019 023 029 1C8 023 032 015 017 001 010 03D 01F 029 001 024 015 02E 03C 1C8 01F 01C 018 038 028 084 015 001 01A 016 084 01F 024 07A 1C0
03	2C	0x032C	"<SPEAKER>「おくすりの おれい
と いっちゃあ なんだが
これを やるぜい!"	"<SPEAKER>Consider this thanks
for the medicine. Take it!"			SPEAKER NEWLINE END	EA:D77A	CC 43 6F 6E 73 69 64 65 72 01 74 68 69 73 01 74 68 61 6E 6B 73 C8 66 6F 72 01 74 68 65 01 6D 65 64 69 63 69 6E 65 2E 01 54 61 6B 65 01 69 74 21 C0	1CC 014 017 01C 037 028 001 014 039 011 1C8 023 001 011 03E 020 03F 010 001 024 03D 084 01F 084 015 1C8 019 039 03C 001 033 038 084 01D 011 07A 1C0
03	2D	0x032D	<SPEAKER>「装備させてやろうか?	"<SPEAKER>Want me to
equip it for you?"			SPEAKER NEWLINE END	EA:D7AB	CC 57 61 6E 74 01 6D 65 01 74 6F C8 65 71 75 69 70 01 69 74 01 66 6F 72 01 79 6F 75 3F C0	1CC 0C2 0C4 01A 01D 022 033 03A 012 015 079 1C0
03	2E	0x032E	"<SPEAKER>「ねーちゃん あんたなら
あの 化け物の たくらみを
たたきつぶせるぜ!"	"<SPEAKER>Lady, you can smash that
monster's whole scheme to pieces!"			SPEAKER NEWLINE END	EA:D7C9	CC 4C 61 64 79 2C 01 79 6F 75 01 63 61 6E 01 73 6D 61 73 68 01 74 68 61 74 C8 6D 6F 6E 73 74 65 72 27 73 01 77 68 6F 6C 65 01 73 63 68 65 6D 65 01 74 6F 01 70 69 65 63 65 73 21 C0	1CC 027 078 020 03F 03D 001 010 03D 01F 024 036 1C8 010 028 001 09E 018 08B 028 001 01F 017 036 02F 03C 1C8 01F 01F 016 021 084 02B 01D 038 084 01D 07A 1C0
03	2F	0x032F	"<SPEAKER>「おっと そりゃ ふつごうだな
にもつを なんとかして またこいよ"	"<SPEAKER>That is inconvenient. Make
room in your baggage and return."			SPEAKER NEWLINE END	EA:D805	CC 54 68 61 74 01 69 73 01 69 6E 63 6F 6E 76 65 6E 69 65 6E 74 2E 01 4D 61 6B 65 C8 72 6F 6F 6D 01 69 6E 01 79 6F 75 72 01 62 61 67 67 61 67 65 01 61 6E 64 01 72 65 74 75 72 6E 2E C0	1CC 014 03E 023 001 01E 037 03F 001 02B 021 084 019 012 084 01F 024 1C8 025 032 021 03C 001 024 03D 023 015 01B 022 001 02E 01F 019 011 035 1C0
03	30	0x0330	"<SPEAKER>「ここの ボスの モグきちは
発掘より トロッコの
かいぞうに ねっしんなんだ<WAIT><SPEAKER>「いま 研究してるのは
ひのたまが とびだす
おそろしい トロッコなんだ"	"<SPEAKER>The boss here, Mogukichi,
cares more about modifying
mine carts than digging.<WAIT><SPEAKER>Right now he
is building a terrifying
cart that shoots fireballs!"			SPEAKER NEWLINE NEWLINE WAIT SPEAKER NEWLINE NEWLINE END	EA:D842	CC 54 68 65 01 62 6F 73 73 01 68 65 72 65 2C 01 4D 6F 67 75 6B 69 63 68 69 2C C8 63 61 72 65 73 01 6D 6F 72 65 01 61 62 6F 75 74 01 6D 6F 64 69 66 79 69 6E 67 C8 6D 69 6E 65 01 63 61 72 74 73 01 74 68 61 6E 01 64 69 67 67 69 6E 67 2E C5 CC 52 69 67 68 74 01 6E 6F 77 01 68 65 C8 69 73 01 62 75 69 6C 64 69 6E 67 01 61 01 74 65 72 72 69 66 79 69 6E 67 C8 63 61 72 74 01 74 68 61 74 01 73 68 6F 6F 74 73 01 66 69 72 65 62 61 6C 6C 73 21 C0	1CC 019 019 028 001 084 05F 04E 028 001 064 084 049 016 020 029 1C8 0C8 11C 035 037 001 055 06C 070 04B 028 1C8 015 011 084 01E 012 025 001 027 03E 01B 03D 024 03D 084 01F 1C5 1CC 011 02E 001 0E5 0E7 01B 022 038 028 029 1C8 02A 028 01F 02E 084 015 001 023 084 02A 084 01F 01C 1C8 014 01E 03A 01B 011 001 055 06C 070 04B 024 03D 084 01F 1C0
03	31	0x0331	"<CLEAR>
レディは 石板を 見た
古代文字が かいてある<WAIT>
<CLEAR>
しかし レディは 古代文字が
読めない!"	"<CLEAR>Lady examines the stone tablet.
Ancient writing is carved on it.<WAIT><CLEAR>But Lady cannot
read ancient writing!<LINE>"			CLEAR NEWLINE WAIT CLEAR NEWLINE LINE END	EA:D8D4	D0 4C 61 64 79 01 65 78 61 6D 69 6E 65 73 01 74 68 65 01 73 74 6F 6E 65 01 74 61 62 6C 65 74 2E C8 41 6E 63 69 65 6E 74 01 77 72 69 74 69 6E 67 01 69 73 01 63 61 72 76 65 64 01 6F 6E 01 69 74 2E C5 D0 42 75 74 01 4C 61 64 79 01 63 61 6E 6E 6F 74 C8 72 65 61 64 01 61 6E 63 69 65 6E 74 01 77 72 69 74 69 6E 67 21 C3 C0	1D0 06B 084 054 075 029 001 09D 147 03C 001 090 01F 1C8 096 09F 152 153 084 015 001 015 011 022 010 038 1C5 1D0 01B 015 01B 001 06B 084 054 075 029 001 096 09F 152 153 084 015 1C8 118 031 024 011 07A 1C3 1C0
03	32	0x0332	"<CLEAR>
ヨシオが 読んでくれた!"	<CLEAR>Yoshio reads it aloud!<LINE><LINE>			CLEAR LINE LINE END	EA:D93E	D0 59 6F 73 68 69 6F 01 72 65 61 64 73 01 69 74 01 61 6C 6F 75 64 21 C3 C3 C0	1D0 067 04D 046 084 015 001 118 03D 084 022 017 039 01F 07A 1C3 1C3 1C0
03	33	0x0333	"<CLEAR>
ヨシオの たましいが
おたけびを あげた!"	"<CLEAR>Yoshio's soul lets
out a mighty roar!"			CLEAR NEWLINE END	EA:D958	D0 59 6F 73 68 69 6F 27 73 01 73 6F 75 6C 01 6C 65 74 73 C8 6F 75 74 01 61 01 6D 69 67 68 74 79 01 72 6F 61 72 21 C0	1D0 067 04D 046 028 001 01F 02E 01B 011 084 015 1C8 014 01F 018 084 02A 03C 001 010 084 018 01F 07A 1C0
03	34	0x0334	"<SPEAKER>「うおおー・・・
お嬢さま・・・
わしに 読ませてくだされ・・・"	"<SPEAKER>Oooooh... Lady...
Please, let me read it..."			SPEAKER NEWLINE END	EA:D97F	CC 4F 6F 6F 6F 6F 68 2E 2E 2E 01 4C 61 64 79 2E 2E 2E C8 50 6C 65 61 73 65 2C 01 6C 65 74 01 6D 65 01 72 65 61 64 01 69 74 2E 2E 2E C0	1CC 012 014 014 078 081 081 081 1C8 014 0D8 01A 02E 081 081 081 1C8 03B 01B 025 001 118 02E 01D 022 017 084 01F 01A 039 081 081 081 1C0
03	35	0x0335	"<SPEAKER>「えーと・・・ん?・・・
石板の 上の方は
かけてますな・・では 読みます<WAIT><SPEAKER>「・・・よって 装置を
封印することに きめた・・・
ふたたび 行かさんと するとき<WAIT><SPEAKER>「ちゅうじつなる わが しもべ
ガヌビスに 白き ボールを ささげ
わが名を しめすべし・・・さすれば<WAIT><SPEAKER>「装置は ふたたび 命を
えるであろう・・・・・・・ただし
黒き ボールを ささげたときは<WAIT><SPEAKER>「装置は 二度と 目を
さますことは ないだろう・・・<WAIT><SPEAKER>「・・・以上ですな・・・・・
この 石板は 持っていた方が
よさそうですな! お嬢さま!"	"<SPEAKER>Let me see... Hmm...
The top of the tablet is
broken. Very well. I will read it.<WAIT><SPEAKER>""...Thus, I have decided
to seal the device away. If
one should awaken it again...<WAIT><SPEAKER>offer a white ball to
Ganubis, my faithful servant,
and reveal my name. Then...<WAIT><SPEAKER>the device shall
live once more. But if
a black ball is offered...<WAIT><SPEAKER>the device shall
never awaken again...""<WAIT><SPEAKER>...That is all. My lady, we
should keep this tablet with us."			SPEAKER NEWLINE NEWLINE WAIT SPEAKER NEWLINE NEWLINE WAIT SPEAKER NEWLINE NEWLINE WAIT SPEAKER NEWLINE NEWLINE WAIT SPEAKER NEWLINE WAIT SPEAKER NEWLINE END	EA:D9AC	CC 4C 65 74 01 6D 65 01 73 65 65 2E 2E 2E 01 48 6D 6D 2E 2E 2E C8 54 68 65 01 74 6F 70 01 6F 66 01 74 68 65 01 74 61 62 6C 65 74 01 69 73 C8 62 72 6F 6B 65 6E 2E 01 56 65 72 79 01 77 65 6C 6C 2E 01 49 01 77 69 6C 6C 01 72 65 61 64 01 69 74 2E C5 CC 22 2E 2E 2E 54 68 75 73 2C 01 49 01 68 61 76 65 01 64 65 63 69 64 65 64 C8 74 6F 01 73 65 61 6C 01 74 68 65 01 64 65 76 69 63 65 01 61 77 61 79 2E 01 49 66 C8 6F 6E 65 01 73 68 6F 75 6C 64 01 61 77 61 6B 65 6E 01 69 74 01 61 67 61 69 6E 2E 2E 2E C5 CC 6F 66 66 65 72 01 61 01 77 68 69 74 65 01 62 61 6C 6C 01 74 6F C8 47 61 6E 75 62 69 73 2C 01 6D 79 01 66 61 69 74 68 66 75 6C 01 73 65 72 76 61 6E 74 2C C8 61 6E 64 01 72 65 76 65 61 6C 01 6D 79 01 6E 61 6D 65 2E 01 54 68 65 6E 2E 2E 2E C5 CC 74 68 65 01 64 65 76 69 63 65 01 73 68 61 6C 6C C8 6C 69 76 65 01 6F 6E 63 65 01 6D 6F 72 65 2E 01 42 75 74 01 69 66 C8 61 01 62 6C 61 63 6B 01 62 61 6C 6C 01 69 73 01 6F 66 66 65 72 65 64 2E 2E 2E C5 CC 74 68 65 01 64 65 76 69 63 65 01 73 68 61 6C 6C C8 6E 65 76 65 72 01 61 77 61 6B 65 6E 01 61 67 61 69 6E 2E 2E 2E 22 C5 CC 2E 2E 2E 54 68 61 74 01 69 73 01 61 6C 6C 2E 01 4D 79 01 6C 61 64 79 2C 01 77 65 C8 73 68 6F 75 6C 64 01 6B 65 65 70 01 74 68 69 73 01 74 61 62 6C 65 74 01 77 69 74 68 01 75 73 2E C0	1CC 013 078 023 081 081 081 03D 079 081 081 081 1C8 09D 147 028 001 128 028 0B9 029 1C8 015 018 022 02E 01C 024 081 081 084 022 029 001 118 02F 02E 01C 1C5 1CC 081 081 081 035 03E 022 001 0C2 19F 03C 1C8 134 133 01C 038 019 023 025 001 016 031 01F 081 081 081 1C8 02B 01F 01F 084 02A 001 0B1 015 01A 03D 023 001 01C 038 023 016 1C5 1CC 020 040 012 084 01B 021 024 038 001 03B 084 015 001 01B 032 084 02C 1C8 084 047 058 084 05C 04E 025 001 141 016 001 084 05F 078 06A 03C 001 01A 01A 084 018 1C8 03B 084 015 0CD 03C 001 01B 031 01C 084 02C 01B 081 081 081 01A 01C 039 084 029 1C5 1CC 0C2 19F 029 001 02B 01F 01F 084 02A 001 0EE 03C 1C8 013 038 084 022 010 03A 012 081 081 081 081 081 081 081 01F 084 01F 01B 1C8 180 016 001 084 05F 078 06A 03C 001 01A 01A 084 018 01F 023 016 029 1C5 1CC 0C2 19F 029 001 189 13E 023 001 0B6 03C 1C8 01A 02E 01C 019 023 029 001 024 011 084 01F 03A 012 081 081 081 1C5 1CC 081 081 081 0F4 128 084 022 01C 024 081 081 081 081 081 1C8 019 028 001 09D 147 029 001 0D3 03E 022 011 01F 0B9 084 015 1C8 035 01A 01E 012 084 022 01C 024 07A 001 014 0D8 01A 02E 07A 1C0
03	36	0x0336	"<CLEAR>
レディは 石板を見ようとした"	<CLEAR>Lady tries to examine the tablet.			CLEAR END	EA:DB4E	D0 4C 61 64 79 01 74 72 69 65 73 01 74 6F 01 65 78 61 6D 69 6E 65 01 74 68 65 01 74 61 62 6C 65 74 2E C0	1D0 06B 084 054 075 029 001 09D 147 03C 090 035 012 023 01B 01F 1C0
03	37	0x0337	"<CLEAR>
ヨシオの たましいが
おたけびを あげた!"	"<CLEAR>Yoshio's soul lets
out a mighty roar!<LINE>"			CLEAR NEWLINE LINE END	EA:DB71	D0 59 6F 73 68 69 6F 27 73 01 73 6F 75 6C 01 6C 65 74 73 C8 6F 75 74 01 61 01 6D 69 67 68 74 79 01 72 6F 61 72 21 C3 C0	1D0 067 04D 046 028 001 01F 02E 01B 011 084 015 1C8 014 01F 018 084 02A 03C 001 010 084 018 01F 07A 1C3 1C0
03	38	0x0338	"<SPEAKER>「お嬢さま! まず コックスの
ぐあいを たしかめましょうぞ!"	"<SPEAKER>Lady! First, let
us check on Cox!"			SPEAKER NEWLINE END	EA:DB99	CC 4C 61 64 79 21 01 46 69 72 73 74 2C 01 6C 65 74 C8 75 73 01 63 68 65 63 6B 01 6F 6E 01 43 6F 78 21 C0	1CC 014 0D8 01A 02E 07A 001 02E 084 01C 001 04B 070 049 04E 028 1C8 084 017 010 011 03C 001 01F 01B 015 031 02E 01B 041 012 084 01E 07A 1C0
03	39	0x0339	"<CLEAR>
レディは コックスを しらべた<WAIT>
<CLEAR>
かすかだが まだ いきを している<WAIT>
<CLEAR>
レディは コックスを たすけた"	<CLEAR>Lady checks Cox.<WAIT><CLEAR>He is faintly breathing.<WAIT><CLEAR>Lady helps Cox.			CLEAR WAIT CLEAR WAIT CLEAR END	EA:DBBC	D0 4C 61 64 79 01 63 68 65 63 6B 73 01 43 6F 78 2E C5 D0 48 65 01 69 73 01 66 61 69 6E 74 6C 79 01 62 72 65 61 74 68 69 6E 67 2E C5 D0 4C 61 64 79 01 68 65 6C 70 73 01 43 6F 78 2E C0	1D0 06B 084 054 075 029 001 04B 070 049 04E 03C 001 01B 036 084 02C 01F 1C5 1D0 015 01C 015 084 01F 084 015 001 02E 084 01F 001 011 016 03C 001 01B 022 011 038 1C5 1D0 06B 084 054 075 029 001 04B 070 049 04E 03C 001 01F 01C 018 01F 1C0
03	3A	0x033A	"<CLEAR>
コックスが パーティーに くわわった"	<CLEAR>Cox joined the party.<LINE><LINE>			CLEAR LINE LINE END	EA:DBF9	D0 43 6F 78 01 6A 6F 69 6E 65 64 01 74 68 65 01 70 61 72 74 79 2E C3 C3 C0	1D0 04B 070 049 04E 084 015 001 083 05B 078 054 075 078 025 001 017 03B 03B 03E 01F 1C3 1C3 1C0
03	3B	0x033B	"<SPEAKER>「うおおおいっ! はあ はあ
お おまえら に 人間かっ!<WAIT><SPEAKER>「くわーっ! たすかったあ
お おれたち だまされてたんだ<WAIT><SPEAKER>「た たしかに 町では
さけとか ばくちとか
あそびほうだい だったけどよ<WAIT><SPEAKER>「あげくの はてに
かんづめに されるなんて
と とんでもねえぜ<WAIT><SPEAKER>「あ あいつらの
はなしを きいたんだけどよ<WAIT><SPEAKER>「この 鉱山の むこうに
ひみつの きちとか いろいろ
作ってる らしいんだよ"	"<SPEAKER>H-heyyy! Pant,
pant... Y-you are humans?!<WAIT><SPEAKER>Whew! We are
saved! W-we were tricked!<WAIT><SPEAKER>Sure, back in town
we had all the booze
and gambling we wanted...<WAIT><SPEAKER>But getting sealed in
cans at the end? That is insane!<WAIT><SPEAKER>I-I overheard them talking.<WAIT><SPEAKER>Apparently they are
building secret bases and all kinds
of things beyond Deathvalley Mine."			SPEAKER NEWLINE WAIT SPEAKER NEWLINE WAIT SPEAKER NEWLINE NEWLINE WAIT SPEAKER NEWLINE WAIT SPEAKER WAIT SPEAKER NEWLINE NEWLINE END	EA:DC12	CC 48 2D 68 65 79 79 79 21 01 50 61 6E 74 2C C8 70 61 6E 74 2E 2E 2E 01 59 2D 79 6F 75 01 61 72 65 01 68 75 6D 61 6E 73 3F 21 C5 CC 57 68 65 77 21 01 57 65 01 61 72 65 C8 73 61 76 65 64 21 01 57 2D 77 65 01 77 65 72 65 01 74 72 69 63 6B 65 64 21 C5 CC 53 75 72 65 2C 01 62 61 63 6B 01 69 6E 01 74 6F 77 6E C8 77 65 01 68 61 64 01 61 6C 6C 01 74 68 65 01 62 6F 6F 7A 65 C8 61 6E 64 01 67 61 6D 62 6C 69 6E 67 01 77 65 01 77 61 6E 74 65 64 2E 2E 2E C5 CC 42 75 74 01 67 65 74 74 69 6E 67 01 73 65 61 6C 65 64 01 69 6E C8 63 61 6E 73 01 61 74 01 74 68 65 01 65 6E 64 3F 01 54 68 61 74 01 69 73 01 69 6E 73 61 6E 65 21 C5 CC 49 2D 49 01 6F 76 65 72 68 65 61 72 64 01 74 68 65 6D 01 74 61 6C 6B 69 6E 67 2E C5 CC 41 70 70 61 72 65 6E 74 6C 79 01 74 68 65 79 01 61 72 65 C8 62 75 69 6C 64 69 6E 67 01 73 65 63 72 65 74 01 62 61 73 65 73 01 61 6E 64 01 61 6C 6C 01 6B 69 6E 64 73 C8 6F 66 01 74 68 69 6E 67 73 01 62 65 79 6F 6E 64 01 44 65 61 74 68 76 61 6C 6C 65 79 01 4D 69 6E 65 2E C0	1CC 012 014 014 014 011 03E 07A 001 029 010 001 029 010 1C8 014 001 014 02E 013 036 001 025 001 091 0E3 015 03E 07A 1C5 1CC 017 03B 078 03E 07A 001 01F 01C 015 03E 01F 010 1C8 014 001 014 039 01F 020 001 084 01F 02E 01A 039 022 01F 03D 084 01F 1C5 1CC 01F 001 01F 01B 015 025 001 0C9 084 022 029 1C8 01A 018 023 015 001 084 029 017 020 023 015 1C8 010 01E 084 02A 02D 012 084 01F 011 001 084 01F 03E 01F 018 084 023 035 1C5 1CC 010 084 018 017 028 001 029 022 025 1C8 015 03D 084 021 031 025 001 01A 039 038 024 03D 022 1C8 023 001 023 03D 084 022 032 027 013 084 01D 1C5 1CC 010 001 010 011 021 036 028 1C8 029 024 01B 03C 001 016 011 01F 03D 084 01F 018 084 023 035 1C5 1CC 019 028 001 10B 10C 028 001 030 019 012 025 1C8 02A 02F 021 028 001 016 020 023 015 001 011 03A 011 03A 1C8 0F6 03E 022 038 001 036 01B 011 03D 084 01F 035 1C0
03	3C	0x033C	"<SPEAKER>「このまま ほっといたら
えれえことに なっちまうぜ!
みんな かんづめに なっちまうよ!<WAIT><SPEAKER>「とほほ・・・ ねえちゃん!
なんとかしてよ!"	"<SPEAKER>If nobody stops
them, this will get bad!
Everyone will end up in cans!<WAIT><SPEAKER>Ugh... Lady,
please do something!"			SPEAKER NEWLINE NEWLINE WAIT SPEAKER NEWLINE END	EA:DD59	CC 49 66 01 6E 6F 62 6F 64 79 01 73 74 6F 70 73 C8 74 68 65 6D 2C 01 74 68 69 73 01 77 69 6C 6C 01 67 65 74 01 62 61 64 21 C8 45 76 65 72 79 6F 6E 65 01 77 69 6C 6C 01 65 6E 64 01 75 70 01 69 6E 01 63 61 6E 73 21 C5 CC 55 67 68 2E 2E 2E 01 4C 61 64 79 2C C8 70 6C 65 61 73 65 01 64 6F 01 73 6F 6D 65 74 68 69 6E 67 21 C0	1CC 019 028 02E 02E 001 02D 03E 023 011 01F 036 1C8 013 039 013 019 023 025 001 024 03E 020 02E 012 084 01D 07A 1C8 02F 03D 024 001 015 03D 084 021 031 025 001 024 03E 020 02E 012 035 07A 1C5 1CC 023 02D 02D 081 081 081 001 027 013 020 03F 03D 07A 1C8 024 03D 023 015 01B 022 035 07A 1C0
03	3D	0x033D	"<CLEAR>
大きな かんづめが ある<WAIT>
<CLEAR>
ジェイビーじるしの かんづめは
人間いがいの ざいりょうは
使っていないようだ"	"<CLEAR>There is a huge can here.<WAIT><CLEAR>J.B.-brand canned goods appear
to contain no ingredients
other than human beings."			CLEAR WAIT CLEAR NEWLINE NEWLINE END	EA:DDC4	D0 54 68 65 72 65 01 69 73 01 61 01 68 75 67 65 01 63 61 6E 01 68 65 72 65 2E C5 D0 4A 2E 42 2E 2D 62 72 61 6E 64 01 63 61 6E 6E 65 64 01 67 6F 6F 64 73 01 61 70 70 65 61 72 C8 74 6F 01 63 6F 6E 74 61 69 6E 01 6E 6F 01 69 6E 67 72 65 64 69 65 6E 74 73 C8 6F 74 68 65 72 01 74 68 61 6E 01 68 75 6D 61 6E 01 62 65 69 6E 67 73 2E C0	1D0 0AC 016 024 001 015 03D 084 021 031 084 015 001 010 038 1C5 1D0 084 04D 076 043 084 05C 078 084 01B 038 01B 028 001 015 03D 084 021 031 029 1C8 091 0E3 011 084 015 011 028 001 084 01A 011 037 041 012 029 1C8 123 03E 022 011 024 011 035 012 084 01F 1C0
03	3E	0x033E	"<CLEAR>
きけん! 火の玉トロッコ
とくべつ さぎょう員 いがい
むだんじょうしゃ きんし<WAIT>
<CLEAR>
そうさばんの あかいボタンで
火の玉 はっしゃ
玉かずは むせいげん"	"<CLEAR>DANGER! FIREBALL MINE CART
AUTHORIZED WORKERS ONLY<WAIT><CLEAR>Press the red button on
the control panel to fire.
Ammunition is unlimited."			CLEAR NEWLINE WAIT CLEAR NEWLINE NEWLINE END	EA:DE32	D0 44 41 4E 47 45 52 21 01 46 49 52 45 42 41 4C 4C 01 4D 49 4E 45 01 43 41 52 54 C8 41 55 54 48 4F 52 49 5A 45 44 01 57 4F 52 4B 45 52 53 01 4F 4E 4C 59 C5 D0 50 72 65 73 73 01 74 68 65 01 72 65 64 01 62 75 74 74 6F 6E 01 6F 6E C8 74 68 65 01 63 6F 6E 74 72 6F 6C 01 70 61 6E 65 6C 01 74 6F 01 66 69 72 65 2E C8 41 6D 6D 75 6E 69 74 69 6F 6E 01 69 73 01 75 6E 6C 69 6D 69 74 65 64 2E C0	1D0 016 018 03D 07A 001 110 028 127 055 06C 070 04B 1C8 023 017 084 02C 021 001 01A 084 016 041 012 1B3 001 011 084 015 011 1C8 030 084 01F 03D 084 01B 041 012 01B 03F 001 016 03D 01B 1C5 1D0 01E 012 01A 084 029 03D 028 001 010 015 011 084 05F 051 06F 084 022 1C8 110 028 127 001 029 03E 01B 03F 1C8 127 015 084 01C 029 001 030 01D 011 084 018 03D 1C0
03	3F	0x033F	"<CLEAR>
この あかい ランプが
てんめつ しているときは
トロッコに のれません"	"<CLEAR>You cannot board the mine cart
while this red lamp is flashing."			CLEAR NEWLINE END	EA:DEB3	D0 59 6F 75 01 63 61 6E 6E 6F 74 01 62 6F 61 72 64 01 74 68 65 01 6D 69 6E 65 01 63 61 72 74 C8 77 68 69 6C 65 01 74 68 69 73 01 72 65 64 01 6C 61 6D 70 01 69 73 01 66 6C 61 73 68 69 6E 67 2E C0	1D0 019 028 001 010 015 011 001 068 06F 083 05D 084 015 1C8 022 03D 031 021 001 01B 022 011 038 023 016 029 1C8 055 06C 070 04B 025 001 028 039 02E 01D 03D 1C0
03	40	0x0340	"<SPEAKER>「ぬおー
噴火のショックで
こしが ぬけてしまうとは"	"<SPEAKER>Gwaaah... I cannot
believe the shock of the
eruption made my legs give out!"			SPEAKER NEWLINE NEWLINE END	EA:DEF4	CC 47 77 61 61 61 68 2E 2E 2E 01 49 01 63 61 6E 6E 6F 74 C8 62 65 6C 69 65 76 65 01 74 68 65 01 73 68 6F 63 6B 01 6F 66 01 74 68 65 C8 65 72 75 70 74 69 6F 6E 01 6D 61 64 65 01 6D 79 01 6C 65 67 73 01 67 69 76 65 01 6F 75 74 21 C0	1CC 026 014 078 1C8 117 110 028 04D 073 070 049 084 022 1C8 019 01B 084 015 001 026 018 022 01B 02E 012 023 029 1C0
03	41	0x0341	"<SPEAKER>「しかし 人間め どうせ お前らの
村や 町も 落岩で埋まっちまったに
きまってる! ざまーみろ!"	"<SPEAKER>You humans are done
too! Your towns must be
buried in lava by now! Ha!"			SPEAKER NEWLINE NEWLINE END	EA:DF41	CC 59 6F 75 01 68 75 6D 61 6E 73 01 61 72 65 01 64 6F 6E 65 C8 74 6F 6F 21 01 59 6F 75 72 01 74 6F 77 6E 73 01 6D 75 73 74 01 62 65 C8 62 75 72 69 65 64 01 69 6E 01 6C 61 76 61 01 62 79 01 6E 6F 77 21 01 48 61 21 C0	1CC 01B 015 01B 001 091 0E3 031 001 084 023 012 01D 001 014 0C3 036 028 1C8 1B0 033 001 0C9 032 001 119 158 084 022 1A8 02E 03E 020 02E 03E 01F 025 1C8 016 02E 03E 022 038 07A 001 084 01A 02E 078 02F 03A 07A 1C0
03	42	0x0342	"<CLEAR>
レディは イッキュウから
スプリングを むしりとった!"	<CLEAR>Lady tears the Spring off Ikkyu!			CLEAR END	EA:DF89	D0 4C 61 64 79 01 74 65 61 72 73 01 74 68 65 01 53 70 72 69 6E 67 01 6F 66 66 01 49 6B 6B 79 75 21 C0	1D0 06B 084 054 075 029 001 043 070 048 072 044 015 036 1C8 04E 083 05D 069 06F 084 049 03C 001 030 01B 037 023 03E 01F 07A 1C0
03	43	0x0343	"<SPEAKER>「ぬおー なにしやがる!
それで 町にもどる気だな!
ちょっといたい やめて おねがい"	"<SPEAKER>Gwaaah! What are you
doing?! You plan to use that to
return to town! Ow! Stop! Please!"			SPEAKER NEWLINE NEWLINE END	EA:DFAB	CC 47 77 61 61 61 68 21 01 57 68 61 74 01 61 72 65 01 79 6F 75 C8 64 6F 69 6E 67 3F 21 01 59 6F 75 01 70 6C 61 6E 01 74 6F 01 75 73 65 01 74 68 61 74 01 74 6F C8 72 65 74 75 72 6E 01 74 6F 01 74 6F 77 6E 21 01 4F 77 21 01 53 74 6F 70 21 01 50 6C 65 61 73 65 21 C0	1CC 026 014 078 001 024 025 01B 033 084 015 038 07A 1C8 01E 039 084 022 001 0C9 025 032 084 023 038 099 084 01F 024 07A 1C8 020 041 03E 023 011 01F 011 001 033 031 022 001 014 027 084 015 011 1C0
03	44	0x0344	"<SPEAKER>「ぬおー なにしやがる!
それで 町にもどる気だったな!
でも ちょっと いいきみだぜ!"	"<SPEAKER>Gwaaah! What are you
doing? You meant to use that to
return to town! Serves you right!"			SPEAKER NEWLINE NEWLINE END	EA:E003	CC 47 77 61 61 61 68 21 01 57 68 61 74 01 61 72 65 01 79 6F 75 C8 64 6F 69 6E 67 3F 01 59 6F 75 01 6D 65 61 6E 74 01 74 6F 01 75 73 65 01 74 68 61 74 01 74 6F C8 72 65 74 75 72 6E 01 74 6F 01 74 6F 77 6E 21 01 53 65 72 76 65 73 01 79 6F 75 01 72 69 67 68 74 21 C0	1CC 026 014 078 001 024 025 01B 033 084 015 038 07A 1C8 01E 039 084 022 001 0C9 025 032 084 023 038 099 084 01F 03E 01F 024 07A 1C8 084 022 032 001 020 041 03E 023 001 011 011 016 02F 084 01F 084 01D 07A 1C0
03	45	0x0345	"<SPEAKER>「な なんだよ!
見るんじゃねえよ!
いい物やるから あっち行けよ!"	"<SPEAKER>W-what?! Stop staring at
me! I will give you something
good, so just go away!"			SPEAKER NEWLINE NEWLINE END	EA:E05B	CC 57 2D 77 68 61 74 3F 21 01 53 74 6F 70 01 73 74 61 72 69 6E 67 01 61 74 C8 6D 65 21 01 49 01 77 69 6C 6C 01 67 69 76 65 01 79 6F 75 01 73 6F 6D 65 74 68 69 6E 67 C8 67 6F 6F 64 2C 01 73 6F 01 6A 75 73 74 01 67 6F 01 61 77 61 79 21 C0	1CC 024 001 024 03D 084 01F 035 07A 1C8 090 038 03D 084 01B 03F 027 013 035 07A 1C8 011 011 08B 033 038 015 036 001 010 03E 020 08D 018 035 07A 1C0
03	46	0x0346	"<SPEAKER>「おれさまが びっくりして
こしをぬかしたことは
ヒ<PAUSE_30>ミ<PAUSE_30>ツ<PAUSE_30>だぞ! いいな!"	"<SPEAKER>The fact that I was
so startled my legs gave
out is a se<PAUSE_30>-cr<PAUSE_30>-et!<PAUSE_30> Got it?!"			SPEAKER NEWLINE NEWLINE PAUSE_30 PAUSE_30 PAUSE_30 END	EA:E0AA	CC 54 68 65 01 66 61 63 74 01 74 68 61 74 01 49 01 77 61 73 C8 73 6F 01 73 74 61 72 74 6C 65 64 01 6D 79 01 6C 65 67 73 01 67 61 76 65 C8 6F 75 74 01 69 73 01 61 01 73 65 CD 2D 63 72 CD 2D 65 74 21 CD 01 47 6F 74 01 69 74 3F 21 C0	1CC 014 039 01A 02E 084 015 001 084 02A 03E 017 037 01B 022 1C8 019 01B 03C 026 015 01B 01F 019 023 029 1C8 05C 1CD 061 1CD 053 1CD 084 01F 084 01E 07A 001 011 011 024 07A 1C0
03	47	0x0347	"<SPEAKER>「なんだよ!
にもつをへらして来い!"	"<SPEAKER>What?! Make room
in your baggage and return!"			SPEAKER NEWLINE END	EA:E0F7	CC 57 68 61 74 3F 21 01 4D 61 6B 65 01 72 6F 6F 6D C8 69 6E 01 79 6F 75 72 01 62 61 67 67 61 67 65 01 61 6E 64 01 72 65 74 75 72 6E 21 C0	1CC 024 03D 084 01F 035 07A 1C8 025 032 021 03C 02C 036 01B 022 097 011 07A 1C0
03	48	0x0348	"<SPEAKER>「ここは モンスター村だ!<WAIT><SPEAKER>「ぬぬ おまえら 人間だな!
このさきは 行かせんぞ!<WAIT><SPEAKER>「う<PAUSE_30> う<PAUSE_30> うがっ<PAUSE_30> うっ<PAUSE_30> うっ!<WAIT><SPEAKER>「だが こんな時に じびょうの
悪魔びょうの ほっさがっ!
ぐわーっ!"	"<SPEAKER>This is Monster Village!<WAIT><SPEAKER>Grr... You are humans!
You are not going any farther!<WAIT><SPEAKER>U<PAUSE_30>... u<PAUSE_30>... gwa<PAUSE_30>... ugh<PAUSE_30>...!<WAIT><SPEAKER>Of all times,
my chronic Devil Disease
is acting up! Gwaaah!"			SPEAKER WAIT SPEAKER NEWLINE WAIT SPEAKER PAUSE_30 PAUSE_30 PAUSE_30 PAUSE_30 WAIT SPEAKER NEWLINE NEWLINE END	EA:E125	CC 54 68 69 73 01 69 73 01 4D 6F 6E 73 74 65 72 01 56 69 6C 6C 61 67 65 21 C5 CC 47 72 72 2E 2E 2E 01 59 6F 75 01 61 72 65 01 68 75 6D 61 6E 73 21 C8 59 6F 75 01 61 72 65 01 6E 6F 74 01 67 6F 69 6E 67 01 61 6E 79 01 66 61 72 74 68 65 72 21 C5 CC 55 CD 2E 2E 2E 01 75 CD 2E 2E 2E 01 67 77 61 CD 2E 2E 2E 01 75 67 68 CD 2E 2E 2E 21 C5 CC 4F 66 01 61 6C 6C 01 74 69 6D 65 73 2C C8 6D 79 01 63 68 72 6F 6E 69 63 01 44 65 76 69 6C 01 44 69 73 65 61 73 65 C8 69 73 01 61 63 74 69 6E 67 01 75 70 21 01 47 77 61 61 61 68 21 C0	1CC 019 019 029 001 064 06F 04E 051 078 1B0 084 01F 07A 1C5 1CC 026 026 001 014 02E 013 036 001 091 0E3 084 01F 024 07A 1C8 019 028 01A 016 029 001 08D 015 01D 03D 084 01E 07A 1C5 1CC 012 1CD 001 012 1CD 001 012 084 015 03E 1CD 001 012 03E 1CD 001 012 03E 07A 1C5 1CC 084 01F 084 015 001 019 03D 024 164 025 001 084 01B 084 02A 041 012 028 1C8 0B5 09A 084 02A 041 012 028 001 02D 03E 01A 084 015 03E 07A 1C8 084 017 03B 078 03E 07A 1C0
03	49	0x0349	"<CLEAR>
げんしドジーは 死んでしまった"	<CLEAR>Primitive Dozy died.			CLEAR END	EA:E1D2	D0 50 72 69 6D 69 74 69 76 65 01 44 6F 7A 79 01 64 69 65 64 2E C0	1D0 084 018 03D 01B 084 055 084 04D 078 029 001 0D6 03D 084 022 01B 02E 03E 01F 1C0
03	4A	0x034A	"<SPEAKER>「さっきの じしんは 大きかったな!
ゲムコさまの びんぼうゆすりかな?"	"<SPEAKER>That was a big
earthquake! Maybe Lord
Gemco was shaking his leg?"			SPEAKER NEWLINE NEWLINE END	EA:E1E8	CC 54 68 61 74 01 77 61 73 01 61 01 62 69 67 C8 65 61 72 74 68 71 75 61 6B 65 21 01 4D 61 79 62 65 01 4C 6F 72 64 C8 47 65 6D 63 6F 01 77 61 73 01 73 68 61 6B 69 6E 67 01 68 69 73 01 6C 65 67 3F C0	1CC 01A 03E 016 028 001 084 01B 01B 03D 029 001 0AC 016 015 03E 01F 024 07A 1C8 084 04A 062 04B 01A 02E 028 001 084 02A 03D 084 02D 012 034 01C 037 015 024 079 1C0
03	4B	0x034B	"<SPEAKER>「ううう ゲムコさま・・・
まっかっかな お体
つぶらなひとみ かれんなほほえみ<WAIT><SPEAKER>「心のそこから あああ
おしたい申しあげていたのに・・・"	"<SPEAKER>Ohhh, Lord Gemco...
Your crimson body, your
round eyes, your lovely smile...<WAIT><SPEAKER>I adored you from
the bottom of my heart..."			SPEAKER NEWLINE NEWLINE WAIT SPEAKER NEWLINE END	EA:E22A	CC 4F 68 68 68 2C 01 4C 6F 72 64 01 47 65 6D 63 6F 2E 2E 2E C8 59 6F 75 72 01 63 72 69 6D 73 6F 6E 01 62 6F 64 79 2C 01 79 6F 75 72 C8 72 6F 75 6E 64 01 65 79 65 73 2C 01 79 6F 75 72 01 6C 6F 76 65 6C 79 01 73 6D 69 6C 65 2E 2E 2E C5 CC 49 01 61 64 6F 72 65 64 01 79 6F 75 01 66 72 6F 6D C8 74 68 65 01 62 6F 74 74 6F 6D 01 6F 66 01 6D 79 01 68 65 61 72 74 2E 2E 2E C0	1CC 012 012 012 001 084 04A 062 04B 01A 02E 081 081 081 1C8 02E 03E 015 03E 015 024 001 014 0F0 1C8 021 084 02B 036 024 02A 023 02F 001 015 039 03D 024 02D 02D 013 02F 1C5 1CC 0D4 028 01E 019 015 036 001 010 010 010 1C8 014 01B 01F 011 126 01B 010 084 018 022 011 01F 028 025 081 081 081 1C0
03	4C	0x034C	"<CLEAR>
大きな ベビーバロンの 像がある<WAIT>
<CLEAR>
「キングバロンの後続昔にして
魔物大王 ジェイビー
と かいてある"	"<CLEAR>There is a huge
Baby Baron statue.<WAIT><CLEAR>""J.B., Demon King and successor
to King Baron"" is inscribed on it."			CLEAR NEWLINE WAIT CLEAR NEWLINE END	EA:E2A5	D0 54 68 65 72 65 01 69 73 01 61 01 68 75 67 65 C8 42 61 62 79 01 42 61 72 6F 6E 01 73 74 61 74 75 65 2E C5 D0 22 4A 2E 42 2E 2C 01 44 65 6D 6F 6E 01 4B 69 6E 67 01 61 6E 64 01 73 75 63 63 65 73 73 6F 72 C8 74 6F 01 4B 69 6E 67 01 42 61 72 6F 6E 22 01 69 73 01 69 6E 73 63 72 69 62 65 64 01 6F 6E 01 69 74 2E C0	1D0 0AC 016 024 001 084 05E 084 05C 078 084 05B 06C 06F 028 001 159 084 015 010 038 1C5 1D0 07D 048 06F 084 049 084 05B 06C 06F 028 1A6 1A5 0A7 025 01B 022 1C8 09A 08B 0AC 155 001 084 04D 076 043 084 05C 078 1C8 023 001 015 011 022 010 038 1C0
03	4D	0x034D	"<CLEAR>
魔物の死体がある
噴火の時 落岩にやられたようだ<WAIT>
<CLEAR>
死体のまわりに
まものエキスが とびちっている
持っていきますか?"	"<CLEAR>There is a monster corpse.
The lava must have killed
it during the eruption.<WAIT><CLEAR>Monster Extract is splattered
around the body. Take some?"			CLEAR NEWLINE NEWLINE WAIT CLEAR NEWLINE END	EA:E30D	D0 54 68 65 72 65 01 69 73 01 61 01 6D 6F 6E 73 74 65 72 01 63 6F 72 70 73 65 2E C8 54 68 65 01 6C 61 76 61 01 6D 75 73 74 01 68 61 76 65 01 6B 69 6C 6C 65 64 C8 69 74 01 64 75 72 69 6E 67 01 74 68 65 01 65 72 75 70 74 69 6F 6E 2E C5 D0 4D 6F 6E 73 74 65 72 01 45 78 74 72 61 63 74 01 69 73 01 73 70 6C 61 74 74 65 72 65 64 C8 61 72 6F 75 6E 64 01 74 68 65 01 62 6F 64 79 2E 01 54 61 6B 65 01 73 6F 6D 65 3F C0	1D0 09A 08B 028 0D6 0F0 084 015 010 038 1C8 117 110 028 164 001 119 158 025 033 036 039 01F 035 012 084 01F 1C5 1D0 0D6 0F0 028 02E 03B 037 025 1C8 02E 032 028 045 048 04E 084 015 001 023 084 02A 020 03E 022 011 038 1C8 0D3 03E 022 011 016 02E 01C 015 079 1C0
03	4E	0x034E	"<SPEAKER>「うわー まいったよー!
すごい 噴火だったね
死ぬかと おもっちゃったよ"	"<SPEAKER>Whoa, what a disaster!
That eruption was incredible.
I thought I was going to die!"			SPEAKER NEWLINE NEWLINE END	EA:E396	CC 57 68 6F 61 2C 01 77 68 61 74 01 61 01 64 69 73 61 73 74 65 72 21 C8 54 68 61 74 01 65 72 75 70 74 69 6F 6E 01 77 61 73 01 69 6E 63 72 65 64 69 62 6C 65 2E C8 49 01 74 68 6F 75 67 68 74 01 49 01 77 61 73 01 67 6F 69 6E 67 01 74 6F 01 64 69 65 21 C0	1CC 012 03B 078 001 02E 011 03E 01F 035 078 07A 1C8 01C 084 019 011 001 117 110 084 01F 03E 01F 027 1C8 0D6 026 015 023 001 014 032 03E 020 03F 03E 01F 035 1C0
03	4F	0x034F	"<SPEAKER>「うえーん うえーん
かわいそうな ゲムコさまー!"	"<SPEAKER>Waaah! Waaah!
Poor Lord Gemco!"			SPEAKER NEWLINE END	EA:E3EA	CC 57 61 61 61 68 21 01 57 61 61 61 68 21 C8 50 6F 6F 72 01 4C 6F 72 64 01 47 65 6D 63 6F 21 C0	1CC 012 013 078 03D 001 012 013 078 03D 1C8 015 03B 011 01E 012 024 001 084 04A 062 04B 01A 02E 078 07A 1C0
03	50	0x0350	"<SPEAKER>「だから いわんこっちゃない!<WAIT><SPEAKER>「わしは あの火山は ちかぢか
噴火すると よげん したんじゃ<WAIT><SPEAKER>「それなのに ゲムコのやつが
わしの よげんを むし しおって<WAIT><SPEAKER>「よりに よって 火山の中に
基地を つくりおった・・・<WAIT><SPEAKER>「こうなった からには
ざまあみろ と いいたいわい!"	"<SPEAKER>See?! I warned everyone!<WAIT><SPEAKER>I predicted the volcano
would erupt before long.<WAIT><SPEAKER>But Gemco ignored
my prediction completely.<WAIT><SPEAKER>Of all places, he built
his base inside the volcano...<WAIT><SPEAKER>After this, all I can
say is: serves him right!"			SPEAKER WAIT SPEAKER NEWLINE WAIT SPEAKER NEWLINE WAIT SPEAKER NEWLINE WAIT SPEAKER NEWLINE END	EA:E40A	CC 53 65 65 3F 21 01 49 01 77 61 72 6E 65 64 01 65 76 65 72 79 6F 6E 65 21 C5 CC 49 01 70 72 65 64 69 63 74 65 64 01 74 68 65 01 76 6F 6C 63 61 6E 6F C8 77 6F 75 6C 64 01 65 72 75 70 74 01 62 65 66 6F 72 65 01 6C 6F 6E 67 2E C5 CC 42 75 74 01 47 65 6D 63 6F 01 69 67 6E 6F 72 65 64 C8 6D 79 01 70 72 65 64 69 63 74 69 6F 6E 01 63 6F 6D 70 6C 65 74 65 6C 79 2E C5 CC 4F 66 01 61 6C 6C 01 70 6C 61 63 65 73 2C 01 68 65 01 62 75 69 6C 74 C8 68 69 73 01 62 61 73 65 01 69 6E 73 69 64 65 01 74 68 65 01 76 6F 6C 63 61 6E 6F 2E 2E 2E C5 CC 41 66 74 65 72 01 74 68 69 73 2C 01 61 6C 6C 01 49 01 63 61 6E C8 73 61 79 01 69 73 3A 01 73 65 72 76 65 73 01 68 69 6D 01 72 69 67 68 74 21 C0	1CC 084 01F 015 036 001 011 03B 03D 019 03E 020 03F 024 011 07A 1C5 1CC 03B 01B 029 001 010 028 110 10C 029 001 020 015 084 020 015 1C8 117 110 01C 038 023 001 035 084 018 03D 001 01B 01F 03D 084 01B 03F 1C5 1CC 01E 039 024 028 025 001 084 04A 062 04B 028 033 021 084 015 1C8 03B 01B 028 001 035 084 018 03D 03C 001 030 01B 001 01B 014 03E 022 1C5 1CC 035 037 025 001 035 03E 022 001 110 10C 028 0A1 025 1C8 125 0D5 03C 001 021 017 037 014 03E 01F 081 081 081 1C5 1CC 019 012 024 03E 01F 001 015 036 025 029 1C8 084 01A 02E 010 02F 03A 001 023 001 011 011 01F 011 03B 011 07A 1C0
03	51	0x0351	"<SPEAKER>「え? なんと・・・・
ゲムコが・・・・そうか
そりゃ ゆかいじゃわい!<WAIT><SPEAKER>「よし! これで 火山の
新しい ボスは
わしに きまりじゃな!<WAIT><SPEAKER>「そうと きまったら さっそく
めいれいじゃ! おまえたちは
スノーバレーへ 行けい!<WAIT><SPEAKER>「そこで いっこくもはやく
ボールを さがすのじゃ!"	"<SPEAKER>What? Gemco is... I
see. Well, that is delightful!<WAIT><SPEAKER>Excellent! That makes me
the new boss of the volcano!<WAIT><SPEAKER>Then my first order
is this: go to Snow Valley!<WAIT><SPEAKER>Find the ball there
as quickly as possible!"			SPEAKER NEWLINE WAIT SPEAKER NEWLINE WAIT SPEAKER NEWLINE WAIT SPEAKER NEWLINE END	EA:E4EC	CC 57 68 61 74 3F 01 47 65 6D 63 6F 01 69 73 2E 2E 2E 01 49 C8 73 65 65 2E 01 57 65 6C 6C 2C 01 74 68 61 74 01 69 73 01 64 65 6C 69 67 68 74 66 75 6C 21 C5 CC 45 78 63 65 6C 6C 65 6E 74 21 01 54 68 61 74 01 6D 61 6B 65 73 01 6D 65 C8 74 68 65 01 6E 65 77 01 62 6F 73 73 01 6F 66 01 74 68 65 01 76 6F 6C 63 61 6E 6F 21 C5 CC 54 68 65 6E 01 6D 79 01 66 69 72 73 74 01 6F 72 64 65 72 C8 69 73 01 74 68 69 73 3A 01 67 6F 01 74 6F 01 53 6E 6F 77 01 56 61 6C 6C 65 79 21 C5 CC 46 69 6E 64 01 74 68 65 01 62 61 6C 6C 01 74 68 65 72 65 C8 61 73 01 71 75 69 63 6B 6C 79 01 61 73 01 70 6F 73 73 69 62 6C 65 21 C0	1CC 013 079 001 024 03D 023 081 081 081 081 1C8 084 04A 062 04B 084 015 081 081 081 081 01E 012 015 1C8 01E 037 03F 001 034 015 011 084 01B 03F 03B 011 07A 1C5 1CC 035 01B 07A 001 019 039 084 022 001 110 10C 028 1C8 197 01B 011 001 084 05F 04E 029 1C8 03B 01B 025 001 016 02E 037 084 01B 03F 024 07A 1C5 1CC 01E 012 023 001 016 02E 03E 01F 036 001 01A 03E 01E 017 1C8 031 011 039 011 084 01B 03F 07A 001 014 02E 013 01F 020 029 1C8 04E 05A 078 084 05B 06B 078 02C 001 08D 018 011 07A 1C5 1CC 01E 019 084 022 001 011 03E 019 017 032 029 033 017 1C8 084 05F 078 06A 03C 001 01A 084 015 01C 028 084 01B 03F 07A 1C0
03	52	0x0352	"<SPEAKER>「トロッコも おまえたちが
落岩炉を 復活させたから
もう のれるはずじゃ!"	"<SPEAKER>You restored the
lava furnace, so the mine
cart should work again!"			SPEAKER NEWLINE NEWLINE END	EA:E5B5	CC 59 6F 75 01 72 65 73 74 6F 72 65 64 01 74 68 65 C8 6C 61 76 61 01 66 75 72 6E 61 63 65 2C 01 73 6F 01 74 68 65 01 6D 69 6E 65 C8 63 61 72 74 01 73 68 6F 75 6C 64 01 77 6F 72 6B 01 61 67 61 69 6E 21 C0	1CC 055 06C 070 04B 032 001 014 02E 013 01F 020 084 015 1C8 119 158 11D 03C 001 18B 0B4 01A 01D 01F 015 036 1C8 032 012 001 028 039 038 029 084 01C 084 01B 03F 07A 1C0
03	53	0x0353	"<SPEAKER>「大変だ! いまの 噴火で
火山の 基地が こわれたらしい<WAIT><SPEAKER>「トロッコも 行かないと
いうことは 火山の おくの
落岩炉も こわれたんだ!<WAIT><SPEAKER>「ふんだり けったりだ!"	"<SPEAKER>Disaster! The
eruption seems to have
wrecked the volcano base!<WAIT><SPEAKER>If the mine cart will
not move, the lava furnace
deep inside must be broken too!<WAIT><SPEAKER>When it rains, it pours!"			SPEAKER NEWLINE NEWLINE WAIT SPEAKER NEWLINE NEWLINE WAIT SPEAKER END	EA:E5F9	CC 44 69 73 61 73 74 65 72 21 01 54 68 65 C8 65 72 75 70 74 69 6F 6E 01 73 65 65 6D 73 01 74 6F 01 68 61 76 65 C8 77 72 65 63 6B 65 64 01 74 68 65 01 76 6F 6C 63 61 6E 6F 01 62 61 73 65 21 C5 CC 49 66 01 74 68 65 01 6D 69 6E 65 01 63 61 72 74 01 77 69 6C 6C C8 6E 6F 74 01 6D 6F 76 65 2C 01 74 68 65 01 6C 61 76 61 01 66 75 72 6E 61 63 65 C8 64 65 65 70 01 69 6E 73 69 64 65 01 6D 75 73 74 01 62 65 01 62 72 6F 6B 65 6E 01 74 6F 6F 21 C5 CC 57 68 65 6E 01 69 74 01 72 61 69 6E 73 2C 01 69 74 01 70 6F 75 72 73 21 C0	1CC 0AC 178 084 01F 07A 001 011 02E 028 001 117 110 084 022 1C8 110 10C 028 001 125 0D5 084 015 001 019 03B 039 01F 036 01B 011 1C5 1CC 055 06C 070 04B 032 001 0B1 015 024 011 023 1C8 011 012 019 023 029 001 110 10C 028 001 014 017 028 1C8 119 158 11D 032 001 019 03B 039 01F 03D 084 01F 07A 1C5 1CC 02B 03D 084 01F 037 001 018 03E 01F 037 084 01F 07A 1C0
03	54	0x0354	"<SPEAKER>「スノーバレーは しょくりょうを
ほぞんするための 基地なんだ<WAIT><SPEAKER>「だから かんづめや れいとうの
人間が いっぱいあるんだよ"	"<SPEAKER>Snow Valley is a base
for preserving food supplies.<WAIT><SPEAKER>So it is packed with
canned and frozen humans."			SPEAKER NEWLINE WAIT SPEAKER NEWLINE END	EA:E6A5	CC 53 6E 6F 77 01 56 61 6C 6C 65 79 01 69 73 01 61 01 62 61 73 65 C8 66 6F 72 01 70 72 65 73 65 72 76 69 6E 67 01 66 6F 6F 64 01 73 75 70 70 6C 69 65 73 2E C5 CC 53 6F 01 69 74 01 69 73 01 70 61 63 6B 65 64 01 77 69 74 68 C8 63 61 6E 6E 65 64 01 61 6E 64 01 66 72 6F 7A 65 6E 01 68 75 6D 61 6E 73 2E C0	1CC 04E 05A 078 084 05B 06B 078 029 001 01B 041 017 037 041 012 03C 1C8 02D 084 01E 03D 01C 038 01F 031 028 001 125 0D5 024 03D 084 01F 1C5 1CC 084 01F 015 036 001 015 03D 084 021 031 033 001 039 011 023 012 028 1C8 091 0E3 084 015 001 011 03E 083 029 011 010 038 03D 084 01F 035 1C0
03	55	0x0355	"<SPEAKER>「ゲムコさま からの
れんらくも とだえたんだ!<WAIT><SPEAKER>「きっと 基地の中で
らくばんが おきて
とじこめられたに ちがいない!<WAIT><SPEAKER>「これは かなり ひさんな
じょうきょうだぞ!"	"<SPEAKER>We have lost
contact with Lord Gemco!<WAIT><SPEAKER>There must have
been a cave-in inside
the base, trapping him!<WAIT><SPEAKER>This is a serious disaster!"			SPEAKER NEWLINE WAIT SPEAKER NEWLINE NEWLINE WAIT SPEAKER END	EA:E70A	CC 57 65 01 68 61 76 65 01 6C 6F 73 74 C8 63 6F 6E 74 61 63 74 01 77 69 74 68 01 4C 6F 72 64 01 47 65 6D 63 6F 21 C5 CC 54 68 65 72 65 01 6D 75 73 74 01 68 61 76 65 C8 62 65 65 6E 01 61 01 63 61 76 65 2D 69 6E 01 69 6E 73 69 64 65 C8 74 68 65 01 62 61 73 65 2C 01 74 72 61 70 70 69 6E 67 01 68 69 6D 21 C5 CC 54 68 69 73 01 69 73 01 61 01 73 65 72 69 6F 75 73 01 64 69 73 61 73 74 65 72 21 C0	1CC 084 04A 062 04B 01A 02E 001 015 036 028 1C8 039 03D 036 017 032 001 023 084 01F 013 01F 03D 084 01F 07A 1C5 1CC 016 03E 023 001 125 0D5 028 0A1 084 022 1C8 036 017 084 029 03D 084 015 001 014 016 022 1C8 023 084 01B 019 031 036 039 01F 025 001 020 084 015 011 024 011 07A 1C5 1CC 019 039 029 001 015 024 037 001 02A 01A 03D 024 1C8 084 01B 041 012 016 041 012 084 01F 084 01E 07A 1C0
03	56	0x0356	"<SPEAKER>「ゲムコさまは ちゃんと
じょうぶつして じごくへ
いけたのかなー?"	"<SPEAKER>I wonder if Lord
Gemco passed on properly
and made it to hell."			SPEAKER NEWLINE NEWLINE END	EA:E78D	CC 49 01 77 6F 6E 64 65 72 01 69 66 01 4C 6F 72 64 C8 47 65 6D 63 6F 01 70 61 73 73 65 64 01 6F 6E 01 70 72 6F 70 65 72 6C 79 C8 61 6E 64 01 6D 61 64 65 01 69 74 01 74 6F 01 68 65 6C 6C 2E C0	1CC 084 04A 062 04B 01A 02E 029 001 020 03F 03D 023 1C8 084 01B 041 012 084 02B 021 01B 022 001 084 01B 084 019 017 02C 1C8 011 018 01F 028 015 024 078 079 1C0
03	57	0x0357	"<SPEAKER>「この 噴火で ゲムコさまの
たちばも かなり あぶなく
なってしまうな<WAIT><SPEAKER>「ジェイビーさまは きっと
ゆるさないと 思うよ"	"<SPEAKER>This eruption
puts Lord Gemco in a
very dangerous position.<WAIT><SPEAKER>I doubt Lord
J.B. will forgive him."			SPEAKER NEWLINE NEWLINE WAIT SPEAKER NEWLINE END	EA:E7CD	CC 54 68 69 73 01 65 72 75 70 74 69 6F 6E C8 70 75 74 73 01 4C 6F 72 64 01 47 65 6D 63 6F 01 69 6E 01 61 C8 76 65 72 79 01 64 61 6E 67 65 72 6F 75 73 01 70 6F 73 69 74 69 6F 6E 2E C5 CC 49 01 64 6F 75 62 74 01 4C 6F 72 64 C8 4A 2E 42 2E 01 77 69 6C 6C 01 66 6F 72 67 69 76 65 01 68 69 6D 2E C0	1CC 019 028 001 117 110 084 022 001 084 04A 062 04B 01A 02E 028 1C8 01F 020 084 029 032 001 015 024 037 001 010 084 02B 024 017 1C8 024 03E 022 01B 02E 012 024 1C5 1CC 084 04D 076 043 084 05C 078 01A 02E 029 001 016 03E 023 1C8 034 038 01A 024 011 023 001 10F 012 035 1C0
03	58	0x0358	"<SPEAKER>「みんな スノーバレーの
ボールを さがしに
行っちゃったよ<WAIT><SPEAKER>「まったく ジェイビーさまも
人づかい いや
魔物づかいが あらいよ"	"<SPEAKER>Everyone went to Snow
Valley to search for the ball.<WAIT><SPEAKER>Honestly, Lord J.B. really
works his monsters to the bone."			SPEAKER NEWLINE WAIT SPEAKER NEWLINE END	EA:E82F	CC 45 76 65 72 79 6F 6E 65 01 77 65 6E 74 01 74 6F 01 53 6E 6F 77 C8 56 61 6C 6C 65 79 01 74 6F 01 73 65 61 72 63 68 01 66 6F 72 01 74 68 65 01 62 61 6C 6C 2E C5 CC 48 6F 6E 65 73 74 6C 79 2C 01 4C 6F 72 64 01 4A 2E 42 2E 01 72 65 61 6C 6C 79 C8 77 6F 72 6B 73 01 68 69 73 01 6D 6F 6E 73 74 65 72 73 01 74 6F 01 74 68 65 01 62 6F 6E 65 2E C0	1CC 02F 03D 024 001 04E 05A 078 084 05B 06B 078 028 1C8 084 05F 078 06A 03C 001 01A 084 015 01B 025 1C8 08D 03E 020 03F 03E 01F 035 1C5 1CC 02E 03E 01F 017 001 084 04D 076 043 084 05C 078 01A 02E 032 1C8 091 084 021 015 011 001 011 033 1C8 09A 08B 084 021 015 011 084 015 001 010 036 011 035 1C0
03	59	0x0359	"<SPEAKER>「どうも われわれの
りょういきに 人間が
寝入 したらしいんだ<WAIT><SPEAKER>「さっき ジェイビーさまが 来て
そう いっていたよ! みつけたら
すぐに つかまえろって!<WAIT><SPEAKER>「つかまえたら かんづめを
いっぱい くれるって!"	"<SPEAKER>Apparently humans
have invaded our territory.<WAIT><SPEAKER>Lord J.B. came by
and told us. He ordered
us to catch them on sight!<WAIT><SPEAKER>He said whoever catches
them gets lots of canned food!"			SPEAKER NEWLINE WAIT SPEAKER NEWLINE NEWLINE WAIT SPEAKER NEWLINE END	EA:E8A1	CC 41 70 70 61 72 65 6E 74 6C 79 01 68 75 6D 61 6E 73 C8 68 61 76 65 01 69 6E 76 61 64 65 64 01 6F 75 72 01 74 65 72 72 69 74 6F 72 79 2E C5 CC 4C 6F 72 64 01 4A 2E 42 2E 01 63 61 6D 65 01 62 79 C8 61 6E 64 01 74 6F 6C 64 01 75 73 2E 01 48 65 01 6F 72 64 65 72 65 64 C8 75 73 01 74 6F 01 63 61 74 63 68 01 74 68 65 6D 01 6F 6E 01 73 69 67 68 74 21 C5 CC 48 65 01 73 61 69 64 01 77 68 6F 65 76 65 72 01 63 61 74 63 68 65 73 C8 74 68 65 6D 01 67 65 74 73 01 6C 6F 74 73 01 6F 66 01 63 61 6E 6E 65 64 01 66 6F 6F 64 21 C0	1CC 084 023 012 032 001 03B 039 03B 039 028 1C8 037 041 012 011 016 025 001 091 0E3 084 015 1C8 14D 08E 001 01B 01F 036 01B 011 03D 084 01F 1C5 1CC 01A 03E 016 001 084 04D 076 043 084 05C 078 01A 02E 084 015 001 097 022 1C8 01E 012 001 011 03E 022 011 01F 035 07A 001 02F 021 018 01F 036 1C8 01C 084 017 025 001 021 015 02E 013 03A 03E 022 07A 1C5 1CC 021 015 02E 013 01F 036 001 015 03D 084 021 031 03C 1C8 011 03E 083 029 011 001 017 039 038 03E 022 07A 1C0
03	5A	0x035A	"<SPEAKER>「ジェイビーさまが さっき
また 来たんだよ!<WAIT><SPEAKER>「それで ベビオのやつが
スノーバレーの まるい たまの
はなしを ほうこくしたんだ<WAIT><SPEAKER>「そしたら ジェイビーさまは
けっそうを かえて
とびだして いったよ!"	"<SPEAKER>Lord J.B. came
by again just now!<WAIT><SPEAKER>Then Bebio reported
the round ball in Snow Valley.<WAIT><SPEAKER>Lord J.B. went pale and
rushed straight out of here!"			SPEAKER NEWLINE WAIT SPEAKER NEWLINE WAIT SPEAKER NEWLINE END	EA:E94E	CC 4C 6F 72 64 01 4A 2E 42 2E 01 63 61 6D 65 C8 62 79 01 61 67 61 69 6E 01 6A 75 73 74 01 6E 6F 77 21 C5 CC 54 68 65 6E 01 42 65 62 69 6F 01 72 65 70 6F 72 74 65 64 C8 74 68 65 01 72 6F 75 6E 64 01 62 61 6C 6C 01 69 6E 01 53 6E 6F 77 01 56 61 6C 6C 65 79 2E C5 CC 4C 6F 72 64 01 4A 2E 42 2E 01 77 65 6E 74 01 70 61 6C 65 01 61 6E 64 C8 72 75 73 68 65 64 01 73 74 72 61 69 67 68 74 01 6F 75 74 01 6F 66 01 68 65 72 65 21 C0	1CC 084 04D 076 043 084 05C 078 01A 02E 084 015 001 01A 03E 016 1C8 02E 01F 001 097 01F 03D 084 01F 035 07A 1C5 1CC 01E 039 084 022 001 084 05E 084 05C 046 028 033 021 084 015 1C8 04E 05A 078 084 05B 06B 078 028 001 02E 038 011 001 01F 02E 028 1C8 029 024 01B 03C 001 02D 012 019 017 01B 01F 03D 084 01F 1C5 1CC 01E 01B 01F 036 001 084 04D 076 043 084 05C 078 01A 02E 029 1C8 018 03E 01E 012 03C 001 015 013 022 1C8 023 084 02A 084 01F 01B 022 001 011 03E 01F 035 07A 1C0
03	5B	0x035B	"<SPEAKER>「そういえば ジェイビーさまは
ボールが どうしたとか
いってたけど あれかなあ<WAIT><SPEAKER>「おれの ともだちが ひがしの
スノーバレーの 基地に
いるんだけどね<WAIT><SPEAKER>「そいつが かべの中に
まるい たまを
みつけたとか いっていたんだ<WAIT><SPEAKER>「それの ことかなあ・・まあ
ちがっていたら おこられるから
べつに いいけどね!"	"<SPEAKER>Come to think of
it, Lord J.B. mentioned some
kind of ball. Maybe this is it.<WAIT><SPEAKER>A friend of mine
is stationed at the Snow
Valley base to the east.<WAIT><SPEAKER>He said he found a
round ball inside a wall there.<WAIT><SPEAKER>Maybe that is the one...
Well, if I am wrong I will
get yelled at, so never mind!"			SPEAKER NEWLINE NEWLINE WAIT SPEAKER NEWLINE NEWLINE WAIT SPEAKER NEWLINE WAIT SPEAKER NEWLINE NEWLINE END	EA:E9DB	CC 43 6F 6D 65 01 74 6F 01 74 68 69 6E 6B 01 6F 66 C8 69 74 2C 01 4C 6F 72 64 01 4A 2E 42 2E 01 6D 65 6E 74 69 6F 6E 65 64 01 73 6F 6D 65 C8 6B 69 6E 64 01 6F 66 01 62 61 6C 6C 2E 01 4D 61 79 62 65 01 74 68 69 73 01 69 73 01 69 74 2E C5 CC 41 01 66 72 69 65 6E 64 01 6F 66 01 6D 69 6E 65 C8 69 73 01 73 74 61 74 69 6F 6E 65 64 01 61 74 01 74 68 65 01 53 6E 6F 77 C8 56 61 6C 6C 65 79 01 62 61 73 65 01 74 6F 01 74 68 65 01 65 61 73 74 2E C5 CC 48 65 01 73 61 69 64 01 68 65 01 66 6F 75 6E 64 01 61 C8 72 6F 75 6E 64 01 62 61 6C 6C 01 69 6E 73 69 64 65 01 61 01 77 61 6C 6C 01 74 68 65 72 65 2E C5 CC 4D 61 79 62 65 01 74 68 61 74 01 69 73 01 74 68 65 01 6F 6E 65 2E 2E 2E C8 57 65 6C 6C 2C 01 69 66 01 49 01 61 6D 01 77 72 6F 6E 67 01 49 01 77 69 6C 6C C8 67 65 74 01 79 65 6C 6C 65 64 01 61 74 2C 01 73 6F 01 6E 65 76 65 72 01 6D 69 6E 64 21 C0	1CC 01E 012 011 013 084 029 001 084 04D 076 043 084 05C 078 01A 02E 029 1C8 084 05F 078 06A 084 015 001 084 023 012 01B 01F 023 015 1C8 011 03E 022 01F 018 084 023 001 010 039 015 024 010 1C5 1CC 014 039 028 001 023 032 084 01F 020 084 015 001 02A 084 015 01B 028 1C8 04E 05A 078 084 05B 06B 078 028 001 125 0D5 025 1C8 011 038 03D 084 01F 018 084 023 027 1C5 1CC 01E 011 021 084 015 001 015 084 02C 028 0A1 025 1C8 02E 038 011 001 01F 02E 03C 1C8 02F 021 018 01F 023 015 001 011 03E 022 011 01F 03D 084 01F 1C5 1CC 01E 039 028 001 019 023 015 024 010 081 081 02E 010 1C8 020 084 015 03E 022 011 01F 036 001 014 019 036 039 038 015 036 1C8 084 02C 021 025 001 011 011 018 084 023 027 07A 1C0
03	5C	0x035C	"<SPEAKER>「ん? なんだ おまえらは?
いま しっちゃか めっちゃか
だから あとに してくれ!<WAIT><SPEAKER>「・・・ん? もしかして
おまえたち 火山へ ゲムコさまを
たすけに 行ってくれるのか?<WAIT><SPEAKER>「そうかそうかそうか えらいぞ!<WAIT><SPEAKER>「いま ちょうど 誰を
行かせるかを はなしあって
いたところなんだよ"	"<SPEAKER>Hm? Who are you?
Everything is chaos right
now, so come back later!<WAIT><SPEAKER>...Wait. Are you
going to the volcano
to rescue Lord Gemco?<WAIT><SPEAKER>You are?
Excellent! Excellent!<WAIT><SPEAKER>We were just discussing
whom we should send!"			SPEAKER NEWLINE NEWLINE WAIT SPEAKER NEWLINE NEWLINE WAIT SPEAKER NEWLINE WAIT SPEAKER NEWLINE END	EA:EAF5	CC 48 6D 3F 01 57 68 6F 01 61 72 65 01 79 6F 75 3F C8 45 76 65 72 79 74 68 69 6E 67 01 69 73 01 63 68 61 6F 73 01 72 69 67 68 74 C8 6E 6F 77 2C 01 73 6F 01 63 6F 6D 65 01 62 61 63 6B 01 6C 61 74 65 72 21 C5 CC 2E 2E 2E 57 61 69 74 2E 01 41 72 65 01 79 6F 75 C8 67 6F 69 6E 67 01 74 6F 01 74 68 65 01 76 6F 6C 63 61 6E 6F C8 74 6F 01 72 65 73 63 75 65 01 4C 6F 72 64 01 47 65 6D 63 6F 3F C5 CC 59 6F 75 01 61 72 65 3F C8 45 78 63 65 6C 6C 65 6E 74 21 01 45 78 63 65 6C 6C 65 6E 74 21 C5 CC 57 65 01 77 65 72 65 01 6A 75 73 74 01 64 69 73 63 75 73 73 69 6E 67 C8 77 68 6F 6D 01 77 65 01 73 68 6F 75 6C 64 01 73 65 6E 64 21 C0	1CC 03D 079 001 024 03D 084 01F 001 014 02E 013 036 029 079 1C8 011 02E 001 01B 03E 020 03F 015 001 031 03E 020 03F 015 1C8 084 01F 015 036 001 010 023 025 001 01B 022 017 039 07A 1C5 1CC 081 081 081 03D 079 001 032 01B 015 01B 022 1C8 014 02E 013 01F 020 001 110 10C 02C 001 084 04A 062 04B 01A 02E 03C 1C8 01F 01C 018 025 001 08D 03E 022 017 039 038 028 015 079 1C5 1CC 01E 012 015 01E 012 015 01E 012 015 001 013 036 011 084 01E 07A 1C5 1CC 011 02E 001 020 041 012 084 023 001 0FA 03C 1C8 08D 015 01D 038 015 03C 001 029 024 01B 010 03E 022 1C8 011 01F 023 019 03A 024 03D 084 01F 035 1C0
03	5D	0x035D	"<SPEAKER>「ジェイビーさまが 探している
その ボールが みつかれば
いよいよ おれたちも むふふ<WAIT><SPEAKER>「古代の装置を 使って
大きな 体に
生まれかわれるぞ!<WAIT><SPEAKER>「そしたら おれは まいにち
人間を 食うもんね!"	"<SPEAKER>Once we find the ball
Lord J.B. is searching for, our
time will finally come. Heh heh...<WAIT><SPEAKER>We can use the
ancient device to be reborn
with enormous bodies!<WAIT><SPEAKER>Then I will
eat humans every day!"			SPEAKER NEWLINE NEWLINE WAIT SPEAKER NEWLINE NEWLINE WAIT SPEAKER NEWLINE END	EA:EBC5	CC 4F 6E 63 65 01 77 65 01 66 69 6E 64 01 74 68 65 01 62 61 6C 6C C8 4C 6F 72 64 01 4A 2E 42 2E 01 69 73 01 73 65 61 72 63 68 69 6E 67 01 66 6F 72 2C 01 6F 75 72 C8 74 69 6D 65 01 77 69 6C 6C 01 66 69 6E 61 6C 6C 79 01 63 6F 6D 65 2E 01 48 65 68 01 68 65 68 2E 2E 2E C5 CC 57 65 01 63 61 6E 01 75 73 65 01 74 68 65 C8 61 6E 63 69 65 6E 74 01 64 65 76 69 63 65 01 74 6F 01 62 65 01 72 65 62 6F 72 6E C8 77 69 74 68 01 65 6E 6F 72 6D 6F 75 73 01 62 6F 64 69 65 73 21 C5 CC 54 68 65 6E 01 49 01 77 69 6C 6C C8 65 61 74 01 68 75 6D 61 6E 73 01 65 76 65 72 79 01 64 61 79 21 C0	1CC 084 04D 076 043 084 05C 078 01A 02E 084 015 001 184 01B 022 011 038 1C8 01E 028 001 084 05F 078 06A 084 015 001 02F 021 015 039 084 029 1C8 011 035 011 035 001 014 039 01F 020 032 001 030 02B 02B 1C5 1CC 096 09F 028 0C2 19F 03C 001 123 03E 022 1C8 0AC 016 024 001 0F0 025 1C8 09B 02E 039 015 03B 039 038 084 01E 07A 1C5 1CC 01E 01B 01F 036 001 014 039 029 001 02E 011 025 020 1C8 091 0E3 03C 001 0E4 012 032 03D 027 07A 1C0
03	5E	0x035E	"<SPEAKER>「寝入した 人間どもも
さがさねば ならんし<WAIT><SPEAKER>「ゲムコさまも たすけださねば
ならんし 落岩炉も
こわれとるし まいってるんじゃ<WAIT><SPEAKER>「ほとほと 自然さいがいは
しまつに おえんよ!"	"<SPEAKER>We still have invading
humans to track down.<WAIT><SPEAKER>We must rescue
Lord Gemco, and the lava
furnace is broken too.<WAIT><SPEAKER>Natural disasters
are nothing but trouble!"			SPEAKER NEWLINE WAIT SPEAKER NEWLINE NEWLINE WAIT SPEAKER NEWLINE END	EA:EC84	CC 57 65 01 73 74 69 6C 6C 01 68 61 76 65 01 69 6E 76 61 64 69 6E 67 C8 68 75 6D 61 6E 73 01 74 6F 01 74 72 61 63 6B 01 64 6F 77 6E 2E C5 CC 57 65 01 6D 75 73 74 01 72 65 73 63 75 65 C8 4C 6F 72 64 01 47 65 6D 63 6F 2C 01 61 6E 64 01 74 68 65 01 6C 61 76 61 C8 66 75 72 6E 61 63 65 01 69 73 01 62 72 6F 6B 65 6E 01 74 6F 6F 2E C5 CC 4E 61 74 75 72 61 6C 01 64 69 73 61 73 74 65 72 73 C8 61 72 65 01 6E 6F 74 68 69 6E 67 01 62 75 74 01 74 72 6F 75 62 6C 65 21 C0	1CC 14D 08E 01B 01F 001 091 0E3 084 023 032 032 1C8 01A 084 015 01A 027 084 029 001 024 036 03D 01B 1C5 1CC 084 04A 062 04B 01A 02E 032 001 01F 01C 018 084 01F 01A 027 084 029 1C8 024 036 03D 01B 001 119 158 11D 032 1C8 019 03B 039 023 038 01B 001 02E 011 03E 022 038 03D 084 01B 03F 1C5 1CC 02D 023 02D 023 001 0E2 166 01A 011 084 015 011 029 1C8 01B 02E 021 025 001 014 013 03D 035 07A 1C0
03	5F	0x035F	"<SPEAKER>「おお おまえたち! よくやった!
さっそく ほうびの ひとつも
用意せにゃ ならんのだが<WAIT><SPEAKER>「おまえたちも すぐに
スノーバレーの ほうに
行ってくれんか?<WAIT><SPEAKER>「ジェイビーさまの めいれいで
ボールを 探さねば ならんのだ<WAIT><SPEAKER>「とにかく ねこの 手も
かりたい くらいじゃ!"	"<SPEAKER>Ah, you two!
Well done! I ought to
prepare some reward, but...<WAIT><SPEAKER>Could you head to
Snow Valley right away as well?<WAIT><SPEAKER>Lord J.B. ordered
us to find the ball there.<WAIT><SPEAKER>We need every
hand we can get!"			SPEAKER NEWLINE NEWLINE WAIT SPEAKER NEWLINE WAIT SPEAKER NEWLINE WAIT SPEAKER NEWLINE END	EA:ED1E	CC 41 68 2C 01 79 6F 75 01 74 77 6F 21 C8 57 65 6C 6C 01 64 6F 6E 65 21 01 49 01 6F 75 67 68 74 01 74 6F C8 70 72 65 70 61 72 65 01 73 6F 6D 65 01 72 65 77 61 72 64 2C 01 62 75 74 2E 2E 2E C5 CC 43 6F 75 6C 64 01 79 6F 75 01 68 65 61 64 01 74 6F C8 53 6E 6F 77 01 56 61 6C 6C 65 79 01 72 69 67 68 74 01 61 77 61 79 01 61 73 01 77 65 6C 6C 3F C5 CC 4C 6F 72 64 01 4A 2E 42 2E 01 6F 72 64 65 72 65 64 C8 75 73 01 74 6F 01 66 69 6E 64 01 74 68 65 01 62 61 6C 6C 01 74 68 65 72 65 2E C5 CC 57 65 01 6E 65 65 64 01 65 76 65 72 79 C8 68 61 6E 64 01 77 65 01 63 61 6E 01 67 65 74 21 C0	1CC 014 014 001 014 02E 013 01F 020 07A 001 035 017 033 03E 01F 07A 1C8 01A 03E 01E 017 001 02D 012 084 02A 028 001 02A 023 021 032 1C8 112 131 01D 025 03F 001 024 036 03D 028 084 01F 084 015 1C5 1CC 014 02E 013 01F 020 032 001 01C 084 017 025 1C8 04E 05A 078 084 05B 06B 078 028 001 02D 012 025 1C8 08D 03E 022 017 039 03D 015 079 1C5 1CC 084 04D 076 043 084 05C 078 01A 02E 028 001 031 011 039 011 084 022 1C8 084 05F 078 06A 03C 001 184 01A 027 084 029 001 024 036 03D 028 084 01F 1C5 1CC 023 025 015 017 001 027 019 028 001 177 032 1C8 015 037 01F 011 001 017 036 011 084 01B 03F 07A 1C0
03	60	0x0360	"<SPEAKER>「いいか 落岩炉は ゲムコさまが
とじこめられてる 部屋の
さらに おくに ある<WAIT><SPEAKER>「きっと 噴火の しんどうで
ボルトが ぬけてしまったに
ちがいない!<WAIT><SPEAKER>「ボルトを はめれば
落岩炉は なおるはずだ
たのんだぞ! おまえたち!"	"<SPEAKER>Listen. The lava
furnace is beyond the room
where Lord Gemco is trapped.<WAIT><SPEAKER>The eruption must
have shaken a bolt loose.<WAIT><SPEAKER>Put the bolt back in
and the furnace should work
again. I am counting on you!"			SPEAKER NEWLINE NEWLINE WAIT SPEAKER NEWLINE WAIT SPEAKER NEWLINE NEWLINE END	EA:EDDF	CC 4C 69 73 74 65 6E 2E 01 54 68 65 01 6C 61 76 61 C8 66 75 72 6E 61 63 65 01 69 73 01 62 65 79 6F 6E 64 01 74 68 65 01 72 6F 6F 6D C8 77 68 65 72 65 01 4C 6F 72 64 01 47 65 6D 63 6F 01 69 73 01 74 72 61 70 70 65 64 2E C5 CC 54 68 65 01 65 72 75 70 74 69 6F 6E 01 6D 75 73 74 C8 68 61 76 65 01 73 68 61 6B 65 6E 01 61 01 62 6F 6C 74 01 6C 6F 6F 73 65 2E C5 CC 50 75 74 01 74 68 65 01 62 6F 6C 74 01 62 61 63 6B 01 69 6E C8 61 6E 64 01 74 68 65 01 66 75 72 6E 61 63 65 01 73 68 6F 75 6C 64 01 77 6F 72 6B C8 61 67 61 69 6E 2E 01 49 01 61 6D 01 63 6F 75 6E 74 69 6E 67 01 6F 6E 01 79 6F 75 21 C0	1CC 011 011 015 001 119 158 11D 029 001 084 04A 062 04B 01A 02E 084 015 1C8 023 084 01B 019 031 036 039 022 038 001 0DA 0B3 028 1C8 01A 036 025 001 014 017 025 001 010 038 1C5 1CC 016 03E 023 001 117 110 028 001 01B 03D 084 023 012 084 022 1C8 084 05F 06A 055 084 015 001 026 018 022 01B 02E 03E 01F 025 1C8 020 084 015 011 024 011 07A 1C5 1CC 084 05F 06A 055 03C 001 029 031 039 084 029 1C8 119 158 11D 029 001 024 014 038 029 084 01C 084 01F 1C8 01F 028 03D 084 01F 084 01E 07A 001 014 02E 013 01F 020 07A 1C0
03	61	0x0361	"<SPEAKER>「ごくろうだったな! え?
ゲムコさまが・・・そうか・・<WAIT><SPEAKER>「いたしかた あるまい・・・"	"<SPEAKER>Good work! What?
Lord Gemco is... I see...<WAIT><SPEAKER>There was
nothing anyone could do..."			SPEAKER NEWLINE WAIT SPEAKER NEWLINE END	EA:EEA5	CC 47 6F 6F 64 01 77 6F 72 6B 21 01 57 68 61 74 3F C8 4C 6F 72 64 01 47 65 6D 63 6F 01 69 73 2E 2E 2E 01 49 01 73 65 65 2E 2E 2E C5 CC 54 68 65 72 65 01 77 61 73 C8 6E 6F 74 68 69 6E 67 01 61 6E 79 6F 6E 65 01 63 6F 75 6C 64 01 64 6F 2E 2E 2E C0	1CC 084 019 017 03A 012 084 01F 03E 01F 024 07A 001 013 079 1C8 084 04A 062 04B 01A 02E 084 015 081 081 081 01E 012 015 081 081 1C5 1CC 011 01F 01B 015 01F 001 010 038 02E 011 081 081 081 1C0
03	62	0x0362	"<SPEAKER>「われら 魔物も 自然には
勝てんのかも しれんな・・・"	"<SPEAKER>Perhaps even we monsters
cannot defeat nature itself..."			SPEAKER NEWLINE END	EA:EEF7	CC 50 65 72 68 61 70 73 01 65 76 65 6E 01 77 65 01 6D 6F 6E 73 74 65 72 73 C8 63 61 6E 6E 6F 74 01 64 65 66 65 61 74 01 6E 61 74 75 72 65 01 69 74 73 65 6C 66 2E 2E 2E C0	1CC 03B 039 036 001 09A 08B 032 001 0E2 166 025 029 1C8 192 022 03D 028 015 032 001 01B 039 03D 024 081 081 081 1C0
03	63	0x0363	"<SPEAKER>「いやいやいやいや
こりゃまたどうも<WAIT><SPEAKER>「ありをりはべり いまそかり
またまたどうも"	"<SPEAKER>Well, well, well,
well. How do you do?<WAIT><SPEAKER>Ari, ori, haberi,
imasokari... How do you do again."			SPEAKER NEWLINE WAIT SPEAKER NEWLINE END	EA:EF30	CC 57 65 6C 6C 2C 01 77 65 6C 6C 2C 01 77 65 6C 6C 2C C8 77 65 6C 6C 2E 01 48 6F 77 01 64 6F 01 79 6F 75 01 64 6F 3F C5 CC 41 72 69 2C 01 6F 72 69 2C 01 68 61 62 65 72 69 2C C8 69 6D 61 73 6F 6B 61 72 69 2E 2E 2E 01 48 6F 77 01 64 6F 01 79 6F 75 01 64 6F 01 61 67 61 69 6E 2E C0	1CC 011 033 011 033 011 033 011 033 1C8 019 037 03F 02E 01F 084 023 012 032 1C5 1CC 010 037 03C 037 029 084 02C 037 001 011 02E 01E 015 037 1C8 02E 01F 02E 01F 084 023 012 032 1C0
03	64	0x0364	"<CLEAR>
しょうかせんが ある
レバーを 行かせば
水を ながせそうだ<WAIT>
<CLEAR>
レバーを 行かしますか?"	"<CLEAR>There is a fire-suppression
valve. Moving the lever
should release water.<WAIT><CLEAR>Move the lever?"			CLEAR NEWLINE NEWLINE WAIT CLEAR END	EA:EF8D	D0 54 68 65 72 65 01 69 73 01 61 01 66 69 72 65 2D 73 75 70 70 72 65 73 73 69 6F 6E C8 76 61 6C 76 65 2E 01 4D 6F 76 69 6E 67 01 74 68 65 01 6C 65 76 65 72 C8 73 68 6F 75 6C 64 01 72 65 6C 65 61 73 65 01 77 61 74 65 72 2E C5 D0 4D 6F 76 65 01 74 68 65 01 6C 65 76 65 72 3F C0	1D0 01B 041 012 015 01D 03D 084 015 001 010 038 1C8 06B 084 05B 078 03C 001 0B1 015 01D 084 029 1C8 0B2 03C 001 024 084 015 01D 01E 012 084 01F 1C5 1D0 06B 084 05B 078 03C 001 0B1 015 01B 02E 01C 015 079 1C0
03	65	0x0365	"<CLEAR>
レバーを 行かした"	<CLEAR>You moved the lever.			CLEAR END	EA:EFE9	D0 59 6F 75 01 6D 6F 76 65 64 01 74 68 65 01 6C 65 76 65 72 2E C0	1D0 06B 084 05B 078 03C 001 0B1 015 01B 01F 1C0
03	66	0x0366	"<CLEAR>
しょうかせんが ある
すでに 作行した後だ"	"<CLEAR>There is a fire-suppression valve.
It has already been activated."			CLEAR NEWLINE END	EA:EFFF	D0 54 68 65 72 65 01 69 73 01 61 01 66 69 72 65 2D 73 75 70 70 72 65 73 73 69 6F 6E 01 76 61 6C 76 65 2E C8 49 74 01 68 61 73 01 61 6C 72 65 61 64 79 01 62 65 65 6E 01 61 63 74 69 76 61 74 65 64 2E C0	1D0 01B 041 012 015 01D 03D 084 015 001 010 038 1C8 01C 084 022 025 001 0F6 0B1 01B 01F 1A6 084 01F 1C0
03	67	0x0367	"<SPEAKER>「う う ・・たすけに・・
来て くれたのですね! で でも
わたしは もう だ だめです<WAIT><SPEAKER>「噴火の ねつに やられて
もう たすからないでしょう・・<WAIT><SPEAKER>「も もう 目も かすんで
あなたが み みえません・・・<WAIT><SPEAKER>「あなたは 誰? タコぼう?<WAIT><SPEAKER>「ごほ ごほ で でも
もう いいんです・・・わたしは
もともと 生きては いなかった<WAIT><SPEAKER>「化石だった わたしに あの
ジャンボ ベビーバロンが・・・<WAIT><SPEAKER>「じゃあくな たましいを
ふきこんだのです・・・
う う でも・・<WAIT><SPEAKER>「ひとつだけ いって おきます<WAIT><SPEAKER>「あ あいつは 装置を
復活させて あなたたちを
大きな体に するつもりですが・・・<WAIT><SPEAKER>「あの装置で 大きくなると
力は 強くなりますが・・・
体は むしばまれていくのです・・・<WAIT><SPEAKER>「・・魔物は 自然のままで
いいのです・・・う う う・・<WAIT><SPEAKER>「あいつに
だま<PAUSE_30> さ<PAUSE_30> れ<PAUSE_30> ないで・・"	"<SPEAKER>Y-you came to save
me... But I... I am finished.<WAIT><SPEAKER>The heat from
the eruption got me. I do
not think I can be saved...<WAIT><SPEAKER>My vision is fading
now. I cannot even see you...<WAIT><SPEAKER>Who are you? Tako-bo?<WAIT><SPEAKER>Cough, cough... But
it is all right. I was never
truly alive to begin with.<WAIT><SPEAKER>I was a fossil, until
that jumbo Baby Baron...<WAIT><SPEAKER>put an evil soul
inside me... Ugh... But...<WAIT><SPEAKER>there is one
thing I must tell you.<WAIT><SPEAKER>He plans to restore
the device and make
your bodies enormous...<WAIT><SPEAKER>The device does
make you stronger, but
your body slowly decays...<WAIT><SPEAKER>Monsters should remain
as nature made them... Ugh...<WAIT><SPEAKER>Do not... be<PAUSE_30>
de<PAUSE_30>ceived<PAUSE_30> by him..."			SPEAKER NEWLINE WAIT SPEAKER NEWLINE NEWLINE WAIT SPEAKER NEWLINE WAIT SPEAKER WAIT SPEAKER NEWLINE NEWLINE WAIT SPEAKER NEWLINE WAIT SPEAKER NEWLINE WAIT SPEAKER NEWLINE WAIT SPEAKER NEWLINE NEWLINE WAIT SPEAKER NEWLINE NEWLINE WAIT SPEAKER NEWLINE WAIT SPEAKER PAUSE_30 NEWLINE PAUSE_30 PAUSE_30 END	EA:F042	CC 59 2D 79 6F 75 01 63 61 6D 65 01 74 6F 01 73 61 76 65 C8 6D 65 2E 2E 2E 01 42 75 74 01 49 2E 2E 2E 01 49 01 61 6D 01 66 69 6E 69 73 68 65 64 2E C5 CC 54 68 65 01 68 65 61 74 01 66 72 6F 6D C8 74 68 65 01 65 72 75 70 74 69 6F 6E 01 67 6F 74 01 6D 65 2E 01 49 01 64 6F C8 6E 6F 74 01 74 68 69 6E 6B 01 49 01 63 61 6E 01 62 65 01 73 61 76 65 64 2E 2E 2E C5 CC 4D 79 01 76 69 73 69 6F 6E 01 69 73 01 66 61 64 69 6E 67 C8 6E 6F 77 2E 01 49 01 63 61 6E 6E 6F 74 01 65 76 65 6E 01 73 65 65 01 79 6F 75 2E 2E 2E C5 CC 57 68 6F 01 61 72 65 01 79 6F 75 3F 01 54 61 6B 6F 2D 62 6F 3F C5 CC 43 6F 75 67 68 2C 01 63 6F 75 67 68 2E 2E 2E 01 42 75 74 C8 69 74 01 69 73 01 61 6C 6C 01 72 69 67 68 74 2E 01 49 01 77 61 73 01 6E 65 76 65 72 C8 74 72 75 6C 79 01 61 6C 69 76 65 01 74 6F 01 62 65 67 69 6E 01 77 69 74 68 2E C5 CC 49 01 77 61 73 01 61 01 66 6F 73 73 69 6C 2C 01 75 6E 74 69 6C C8 74 68 61 74 01 6A 75 6D 62 6F 01 42 61 62 79 01 42 61 72 6F 6E 2E 2E 2E C5 CC 70 75 74 01 61 6E 01 65 76 69 6C 01 73 6F 75 6C C8 69 6E 73 69 64 65 01 6D 65 2E 2E 2E 01 55 67 68 2E 2E 2E 01 42 75 74 2E 2E 2E C5 CC 74 68 65 72 65 01 69 73 01 6F 6E 65 C8 74 68 69 6E 67 01 49 01 6D 75 73 74 01 74 65 6C 6C 01 79 6F 75 2E C5 CC 48 65 01 70 6C 61 6E 73 01 74 6F 01 72 65 73 74 6F 72 65 C8 74 68 65 01 64 65 76 69 63 65 01 61 6E 64 01 6D 61 6B 65 C8 79 6F 75 72 01 62 6F 64 69 65 73 01 65 6E 6F 72 6D 6F 75 73 2E 2E 2E C5 CC 54 68 65 01 64 65 76 69 63 65 01 64 6F 65 73 C8 6D 61 6B 65 01 79 6F 75 01 73 74 72 6F 6E 67 65 72 2C 01 62 75 74 C8 79 6F 75 72 01 62 6F 64 79 01 73 6C 6F 77 6C 79 01 64 65 63 61 79 73 2E 2E 2E C5 CC 4D 6F 6E 73 74 65 72 73 01 73 68 6F 75 6C 64 01 72 65 6D 61 69 6E C8 61 73 01 6E 61 74 75 72 65 01 6D 61 64 65 01 74 68 65 6D 2E 2E 2E 01 55 67 68 2E 2E 2E C5 CC 44 6F 01 6E 6F 74 2E 2E 2E 01 62 65 CD C8 64 65 CD 63 65 69 76 65 64 CD 01 62 79 01 68 69 6D 2E 2E 2E C0	1CC 012 001 012 001 081 081 01F 01C 018 025 081 081 1C8 097 022 001 017 039 01F 028 084 022 01C 027 07A 001 084 022 001 084 022 032 1C8 03B 01F 01B 029 001 032 012 001 084 01F 001 084 01F 031 084 022 01C 1C5 1CC 117 110 028 001 027 021 025 001 033 036 039 022 1C8 032 012 001 01F 01C 015 036 024 011 084 022 01B 041 012 081 081 1C5 1CC 032 001 032 012 001 0B6 032 001 015 01C 03D 084 022 1C8 010 024 01F 084 015 001 02F 001 02F 013 02E 01D 03D 081 081 081 1C5 1CC 010 024 01F 029 001 0FA 079 001 051 04B 084 02D 012 079 1C5 1CC 084 019 02D 001 084 019 02D 001 084 022 001 084 022 032 1C8 032 012 001 011 011 03D 084 022 01C 081 081 081 03B 01F 01B 029 1C8 032 023 032 023 001 09B 016 022 029 001 011 024 015 03E 01F 1C5 1CC 09E 09D 084 01F 03E 01F 001 03B 01F 01B 025 001 010 028 1C8 084 04D 071 06F 084 05F 001 084 05E 084 05C 078 084 05B 06C 06F 084 015 081 081 081 1C5 1CC 084 01B 03F 010 017 024 001 01F 02E 01B 011 03C 1C8 02B 016 019 03D 084 01F 028 084 022 01C 081 081 081 1C8 012 001 012 001 084 022 032 081 081 1C5 1CC 02A 023 021 084 01F 018 001 011 03E 022 001 014 016 02E 01C 1C5 1CC 010 001 010 011 021 029 001 0C2 19F 03C 1C8 18B 0B4 01A 01D 022 001 010 024 01F 01F 020 03C 1C8 0AC 016 024 0F0 025 001 01C 038 021 032 037 084 022 01C 084 015 081 081 081 1C5 1CC 010 028 0C2 19F 084 022 001 0AC 016 017 024 038 023 1C8 107 029 001 138 017 024 037 02E 01C 084 015 081 081 081 1C8 0F0 029 001 030 01B 084 029 02E 039 022 011 017 028 084 022 01C 081 081 081 1C5 1CC 081 081 09A 08B 029 001 0E2 166 028 02E 02E 084 022 1C8 011 011 028 084 022 01C 081 081 081 012 001 012 001 012 081 081 1C5 1CC 010 011 021 025 1C8 084 01F 02E 1CD 001 01A 1CD 001 039 1CD 001 024 011 084 022 081 081 1C0
03	68	0x0368	"<CLEAR>
ゲムコは 行かなくなった・・・"	<CLEAR>Gemco stops moving...			CLEAR END	EA:F2B0	D0 47 65 6D 63 6F 01 73 74 6F 70 73 01 6D 6F 76 69 6E 67 2E 2E 2E C0	1D0 084 04A 062 04B 029 001 0B1 015 024 017 024 03E 01F 081 081 081 1C0
03	69	0x0369	"<CLEAR>
大きな トマトンの 化石がある"	<CLEAR>There is a huge Tomaton fossil.			CLEAR END	EA:F2C7	D0 54 68 65 72 65 01 69 73 01 61 01 68 75 67 65 01 54 6F 6D 61 74 6F 6E 01 66 6F 73 73 69 6C 2E C0	1D0 0AC 016 024 001 055 060 055 06F 028 001 09E 09D 084 015 010 038 1C0
03	6A	0x036A	"<CLEAR>
↘ ロッテンブロー教会
  神官しゅぎょう場"	"<CLEAR>SE: ROTTENBLOW CHURCH
PRIEST TRAINING GROUNDS"			CLEAR NEWLINE END	EA:F2E8	D0 53 45 3A 01 52 4F 54 54 45 4E 42 4C 4F 57 01 43 48 55 52 43 48 C8 50 52 49 45 53 54 01 54 52 41 49 4E 49 4E 47 01 47 52 4F 55 4E 44 53 C0	1D0 1A0 001 06C 070 054 06F 084 05D 06C 078 122 11E 1C8 001 001 0DC 136 01B 040 084 016 041 012 0A5 1C0
03	6B	0x036B	"<SPEAKER>「うわー たすけてくれよー
なんでも しゃべるよー"	"<SPEAKER>Aah! Help me!
I will tell you anything!"			SPEAKER NEWLINE END	EA:F317	CC 41 61 68 21 01 48 65 6C 70 01 6D 65 21 C8 49 01 77 69 6C 6C 01 74 65 6C 6C 01 79 6F 75 01 61 6E 79 74 68 69 6E 67 21 C0	1CC 012 03B 078 001 01F 01C 018 022 017 039 035 078 1C8 024 03D 084 022 032 001 01B 03F 084 02C 038 035 078 1C0
03	6C	0x036C	"<SPEAKER>「ジェイビーさまは
ここから 白い ボールを
掘り出したんだ<WAIT><SPEAKER>「すごく うれしそうだったよ"	"<SPEAKER>Lord J.B. dug a
white ball out of this place.<WAIT><SPEAKER>He looked incredibly happy."			SPEAKER NEWLINE WAIT SPEAKER END	EA:F340	CC 4C 6F 72 64 01 4A 2E 42 2E 01 64 75 67 01 61 C8 77 68 69 74 65 01 62 61 6C 6C 01 6F 75 74 01 6F 66 01 74 68 69 73 01 70 6C 61 63 65 2E C5 CC 48 65 01 6C 6F 6F 6B 65 64 01 69 6E 63 72 65 64 69 62 6C 79 01 68 61 70 70 79 2E C0	1CC 084 04D 076 043 084 05C 078 01A 02E 029 1C8 019 019 015 036 001 141 011 001 084 05F 078 06A 03C 1C8 11C 037 106 01B 01F 03D 084 01F 1C5 1CC 01C 084 019 017 001 012 039 01B 01E 012 084 01F 03E 01F 035 1C0
03	6D	0x036D	"<CLEAR>
かべに 何か
掘り出したような あながある"	"<CLEAR>There is a hole in the wall
where something was dug out."			CLEAR NEWLINE END	EA:F38C	D0 54 68 65 72 65 01 69 73 01 61 01 68 6F 6C 65 01 69 6E 01 74 68 65 01 77 61 6C 6C C8 77 68 65 72 65 01 73 6F 6D 65 74 68 69 6E 67 01 77 61 73 01 64 75 67 01 6F 75 74 2E C0	1D0 015 084 02C 025 001 093 015 1C8 11C 037 106 01B 01F 035 012 024 001 010 024 084 015 010 038 1C0
03	6E	0x036E	"<CLEAR>
レバーがある
おしても ぜんぜん行かない<WAIT>
<CLEAR>
もっと 強い力で おせば
行かせるかもしれない・・・"	"<CLEAR>There is a lever. It
will not move at all.<WAIT><CLEAR>With greater strength, you
might be able to move it..."			CLEAR NEWLINE WAIT CLEAR NEWLINE END	EA:F3C6	D0 54 68 65 72 65 01 69 73 01 61 01 6C 65 76 65 72 2E 01 49 74 C8 77 69 6C 6C 01 6E 6F 74 01 6D 6F 76 65 01 61 74 01 61 6C 6C 2E C5 D0 57 69 74 68 01 67 72 65 61 74 65 72 01 73 74 72 65 6E 67 74 68 2C 01 79 6F 75 C8 6D 69 67 68 74 01 62 65 01 61 62 6C 65 01 74 6F 01 6D 6F 76 65 01 69 74 2E 2E 2E C0	1D0 06B 084 05B 078 084 015 010 038 1C8 014 01B 022 032 001 084 01D 03D 084 01D 03D 0B1 015 024 011 1C5 1D0 032 03E 023 001 138 011 107 084 022 001 014 01D 084 029 1C8 0B1 015 01D 038 015 032 01B 039 024 011 081 081 081 1C0
03	6F	0x036F	"<CLEAR>
レバーがある
ひいても ぜんぜん行かない"	"<CLEAR>There is a lever. It will
not move when pulled."			CLEAR NEWLINE END	EA:F42A	D0 54 68 65 72 65 01 69 73 01 61 01 6C 65 76 65 72 2E 01 49 74 01 77 69 6C 6C C8 6E 6F 74 01 6D 6F 76 65 01 77 68 65 6E 01 70 75 6C 6C 65 64 2E C0	1D0 06B 084 05B 078 084 015 010 038 1C8 02A 011 022 032 001 084 01D 03D 084 01D 03D 0B1 015 024 011 1C0
03	70	0x0370	"<CLEAR>
「ジェイビーじるし こうそく
かんづめ せいぞうき マーク・ワン
・・・と かいてある<WAIT>
<CLEAR>
きかいは ひどくこわれて とまっている
あちこちに しゅうりした あとがある
<WAIT>
<CLEAR>
使いすぎて もう なおせないほど
ボロボロに こわれてしまったようだ"	"<CLEAR>'J.B. HIGH-SPEED CANNER
MARK ONE' is written here.<WAIT><CLEAR>The machine is badly damaged.
Repairs cover it everywhere.<LINE><WAIT><CLEAR>It was used so much that
it finally broke beyond repair.<LINE>"			CLEAR NEWLINE WAIT CLEAR NEWLINE LINE WAIT CLEAR NEWLINE LINE END	EA:F45B	D0 27 4A 2E 42 2E 01 48 49 47 48 2D 53 50 45 45 44 01 43 41 4E 4E 45 52 C8 4D 41 52 4B 01 4F 4E 45 27 01 69 73 01 77 72 69 74 74 65 6E 01 68 65 72 65 2E C5 D0 54 68 65 01 6D 61 63 68 69 6E 65 01 69 73 01 62 61 64 6C 79 01 64 61 6D 61 67 65 64 2E C8 52 65 70 61 69 72 73 01 63 6F 76 65 72 01 69 74 01 65 76 65 72 79 77 68 65 72 65 2E C3 C5 D0 49 74 01 77 61 73 01 75 73 65 64 01 73 6F 01 6D 75 63 68 01 74 68 61 74 C8 69 74 01 66 69 6E 61 6C 6C 79 01 62 72 6F 6B 65 01 62 65 79 6F 6E 64 01 72 65 70 61 69 72 2E C3 C0	1D0 07D 084 04D 076 043 084 05C 078 084 01B 038 01B 001 019 012 01E 017 1C8 015 03D 084 021 031 001 01D 011 084 01E 012 016 001 060 078 049 081 06D 06F 1C8 081 081 081 023 001 015 011 022 010 038 1C5 1D0 016 015 011 029 001 02A 084 023 017 019 03B 039 022 001 023 02E 03E 022 011 038 1C8 010 020 019 020 025 001 01B 040 012 037 01B 01F 001 010 023 084 015 010 038 1C3 1C5 1D0 123 011 01C 084 016 022 001 032 012 001 024 014 01D 024 011 02D 084 023 1C8 084 05F 06C 084 05F 06C 025 001 019 03B 039 022 01B 02E 03E 01F 035 012 084 01F 1C3 1C0
03	71	0x0371	"<CLEAR>
↘ ラムスの塔"	<CLEAR>SE: RAMUS TOWER			CLEAR END	EA:F507	D0 53 45 3A 01 52 41 4D 55 53 01 54 4F 57 45 52 C0	1D0 1A0 001 068 062 04E 028 154 1C0
03	72	0x0372	"<CLEAR>
↘ なげきの岬"	<CLEAR>SE: CAPE OF LAMENT			CLEAR END	EA:F518	D0 53 45 3A 01 43 41 50 45 01 4F 46 01 4C 41 4D 45 4E 54 C0	1D0 1A0 001 024 084 018 016 028 1A7 1C0
03	73	0x0373	"<SPEAKER>「あたしは ようせい マミリィ
あいことばは キミソバ
たまごの おそばじゃ ないわよ"	"<SPEAKER>I am Mamiry the fairy!
The password is KIMISOBA. And
no, I do not mean egg soba!"			SPEAKER NEWLINE NEWLINE END	EA:F52C	CC 49 01 61 6D 01 4D 61 6D 69 72 79 01 74 68 65 01 66 61 69 72 79 21 C8 54 68 65 01 70 61 73 73 77 6F 72 64 01 69 73 01 4B 49 4D 49 53 4F 42 41 2E 01 41 6E 64 C8 6E 6F 2C 01 49 01 64 6F 01 6E 6F 74 01 6D 65 61 6E 01 65 67 67 01 73 6F 62 61 21 C0	1CC 010 01F 01B 029 001 035 012 01D 011 001 060 061 069 075 1C8 010 011 019 023 084 029 029 001 048 061 050 084 05B 1C8 01F 02E 084 019 028 001 014 01E 084 029 084 01B 03F 001 024 011 03B 035 1C0
03	74	0x0374	"<SPEAKER>「ここは デスランド島の
もっとも みなみにある
なげきの岬と よばれるところ<WAIT><SPEAKER>「はるか 苦から 人は
この 岬の むこうにある
バロンロックを めざした<WAIT><SPEAKER>「キングバロンの装置を
手に入れ 領士を
かくだいするためじゃ<WAIT><SPEAKER>「じゃが 海からの 強い風は
人間を よせつけんかった・・・"	"<SPEAKER>This is the Cape of
Lament, at the southernmost
tip of Deathland Island.<WAIT><SPEAKER>Since ancient times,
people have aimed for Baron
Rock beyond this cape.<WAIT><SPEAKER>They wanted King Baron's
device to expand their territories.<WAIT><SPEAKER>But the fierce winds off
the sea kept humans away..."			SPEAKER NEWLINE NEWLINE WAIT SPEAKER NEWLINE NEWLINE WAIT SPEAKER NEWLINE WAIT SPEAKER NEWLINE END	EA:F57E	CC 54 68 69 73 01 69 73 01 74 68 65 01 43 61 70 65 01 6F 66 C8 4C 61 6D 65 6E 74 2C 01 61 74 01 74 68 65 01 73 6F 75 74 68 65 72 6E 6D 6F 73 74 C8 74 69 70 01 6F 66 01 44 65 61 74 68 6C 61 6E 64 01 49 73 6C 61 6E 64 2E C5 CC 53 69 6E 63 65 01 61 6E 63 69 65 6E 74 01 74 69 6D 65 73 2C C8 70 65 6F 70 6C 65 01 68 61 76 65 01 61 69 6D 65 64 01 66 6F 72 01 42 61 72 6F 6E C8 52 6F 63 6B 01 62 65 79 6F 6E 64 01 74 68 69 73 01 63 61 70 65 2E C5 CC 54 68 65 79 01 77 61 6E 74 65 64 01 4B 69 6E 67 01 42 61 72 6F 6E 27 73 C8 64 65 76 69 63 65 01 74 6F 01 65 78 70 61 6E 64 01 74 68 65 69 72 01 74 65 72 72 69 74 6F 72 69 65 73 2E C5 CC 42 75 74 01 74 68 65 01 66 69 65 72 63 65 01 77 69 6E 64 73 01 6F 66 66 C8 74 68 65 01 73 65 61 01 6B 65 70 74 01 68 75 6D 61 6E 73 01 61 77 61 79 2E 2E 2E C0	1CC 019 019 029 001 084 054 04E 068 06F 084 055 08A 028 1C8 032 03E 023 032 001 02F 024 02F 025 010 038 1C8 024 084 018 016 028 1A7 023 001 035 084 029 039 038 023 019 03A 1C5 1CC 029 038 015 001 104 015 036 001 091 029 1C8 019 028 001 1A7 028 001 030 019 012 025 010 038 1C8 084 05B 06C 06F 06C 070 049 03C 001 031 084 01A 01B 01F 1C5 1CC 048 06F 084 049 084 05B 06C 06F 028 0C2 19F 03C 1C8 177 025 08E 039 001 176 1B4 03C 1C8 015 017 084 01F 011 01C 038 01F 031 084 01B 03F 1C5 1CC 084 01B 03F 084 015 001 162 015 036 028 001 138 011 168 029 1C8 091 0E3 03C 001 035 01D 021 018 03D 015 03E 01F 081 081 081 1C0
03	75	0x0375	"<SPEAKER>「わしは やぼうにとりつかれた
あわれな昔たちを とむらう
ほこらの あるじじゃよ 何か用かな?"	"<SPEAKER>I keep this shrine
for souls ruined by ambition.
Do you need something?"			SPEAKER NEWLINE NEWLINE END	EA:F685	CC 49 01 6B 65 65 70 01 74 68 69 73 01 73 68 72 69 6E 65 C8 66 6F 72 01 73 6F 75 6C 73 01 72 75 69 6E 65 64 01 62 79 01 61 6D 62 69 74 69 6F 6E 2E C8 44 6F 01 79 6F 75 01 6E 65 65 64 01 73 6F 6D 65 74 68 69 6E 67 3F C0	1CC 03B 01B 029 001 033 084 02D 012 025 023 037 021 015 039 01F 1C8 010 03B 039 024 0A7 01F 020 03C 001 023 030 036 012 1C8 02D 019 036 028 001 010 038 084 01B 084 01B 03F 035 001 093 015 112 015 024 079 1C0
03	76	0x0376	"<SPEAKER>「ここは ラムスの塔・・・<WAIT><SPEAKER>「200年まえ ときの ラムス王が
キングバロンの 古代装置を
手に入れるため 建てた塔・・・"	"<SPEAKER>This is Ramus Tower...<WAIT><SPEAKER>King Ramus built it
200 years ago to obtain
King Baron's ancient device..."			SPEAKER WAIT SPEAKER NEWLINE NEWLINE END	EA:F6CE	CC 54 68 69 73 01 69 73 01 52 61 6D 75 73 01 54 6F 77 65 72 2E 2E 2E C5 CC 4B 69 6E 67 01 52 61 6D 75 73 01 62 75 69 6C 74 01 69 74 C8 32 30 30 01 79 65 61 72 73 01 61 67 6F 01 74 6F 01 6F 62 74 61 69 6E C8 4B 69 6E 67 01 42 61 72 6F 6E 27 73 01 61 6E 63 69 65 6E 74 01 64 65 76 69 63 65 2E 2E 2E C0	1CC 019 019 029 001 068 062 04E 028 154 081 081 081 1C5 1CC 004 002 002 0CA 02E 013 001 023 016 028 001 068 062 04E 155 084 015 1C8 048 06F 084 049 084 05B 06C 06F 028 001 096 09F 0C2 19F 03C 1C8 177 025 08E 039 038 01F 031 001 15A 022 01F 154 081 081 081 1C0
03	77	0x0377	"<SPEAKER>「バロンロックのまわりは
海から ふきあげる 強い風で
船は ちかづけません<WAIT><SPEAKER>「ラムス王は ここに 高い塔を
建てて 空から バロンロックへ
行く 方法を さぐりました・・・<WAIT><SPEAKER>「わたしたち かがくしゃを
ここに とじこめて くる日も
くる日も 研究ばかり・・・<WAIT><SPEAKER>「とうとう わたしたちは ここで
死んでしまったのです・・・"	"<SPEAKER>Ships cannot approach
Baron Rock because of the
fierce winds rising from the sea.<WAIT><SPEAKER>King Ramus built this
tall tower to seek a route
through the sky to Baron Rock.<WAIT><SPEAKER>He locked us scientists
inside and forced us to
research day after day...<WAIT><SPEAKER>Eventually, we died here..."			SPEAKER NEWLINE NEWLINE WAIT SPEAKER NEWLINE NEWLINE WAIT SPEAKER NEWLINE NEWLINE WAIT SPEAKER END	EA:F732	CC 53 68 69 70 73 01 63 61 6E 6E 6F 74 01 61 70 70 72 6F 61 63 68 C8 42 61 72 6F 6E 01 52 6F 63 6B 01 62 65 63 61 75 73 65 01 6F 66 01 74 68 65 C8 66 69 65 72 63 65 01 77 69 6E 64 73 01 72 69 73 69 6E 67 01 66 72 6F 6D 01 74 68 65 01 73 65 61 2E C5 CC 4B 69 6E 67 01 52 61 6D 75 73 01 62 75 69 6C 74 01 74 68 69 73 C8 74 61 6C 6C 01 74 6F 77 65 72 01 74 6F 01 73 65 65 6B 01 61 01 72 6F 75 74 65 C8 74 68 72 6F 75 67 68 01 74 68 65 01 73 6B 79 01 74 6F 01 42 61 72 6F 6E 01 52 6F 63 6B 2E C5 CC 48 65 01 6C 6F 63 6B 65 64 01 75 73 01 73 63 69 65 6E 74 69 73 74 73 C8 69 6E 73 69 64 65 01 61 6E 64 01 66 6F 72 63 65 64 01 75 73 01 74 6F C8 72 65 73 65 61 72 63 68 01 64 61 79 01 61 66 74 65 72 01 64 61 79 2E 2E 2E C5 CC 45 76 65 6E 74 75 61 6C 6C 79 2C 01 77 65 01 64 69 65 64 01 68 65 72 65 2E 2E 2E C0	1CC 084 05B 06C 06F 06C 070 049 028 02E 03B 037 029 1C8 162 015 036 001 02B 016 010 084 018 038 001 138 011 168 084 022 1C8 19B 029 001 020 015 084 021 018 02E 01D 03D 1C5 1CC 068 062 04E 155 029 001 019 019 025 001 105 011 154 03C 1C8 15A 022 022 001 156 015 036 001 084 05B 06C 06F 06C 070 049 02C 1C8 08D 017 001 0B9 157 03C 001 01A 084 017 037 02E 01B 01F 081 081 081 1C5 1CC 03B 01F 01B 01F 020 001 015 084 015 017 01B 03F 03C 1C8 019 019 025 001 023 084 01B 019 031 022 001 017 038 120 032 1C8 017 038 120 032 001 0E5 0E7 084 029 015 037 081 081 081 1C5 1CC 023 012 023 012 001 03B 01F 01B 01F 020 029 001 019 019 084 022 1C8 0D6 03D 084 022 01B 02E 03E 01F 028 084 022 01C 081 081 081 1C0
03	78	0x0378	"<SPEAKER>「ラムス王は あらゆることを
こころみました・・・<WAIT><SPEAKER>「魔術や 呪術にまで たよったり
きかいの つばさ まで
作ることを めいじました・・・<WAIT><SPEAKER>「けれども どれひとつ
うまくは いきませんでした・・・"	"<SPEAKER>King Ramus
tried everything...<WAIT><SPEAKER>He turned to magic
and sorcery, and even ordered
us to build mechanical wings...<WAIT><SPEAKER>But nothing ever worked..."			SPEAKER NEWLINE WAIT SPEAKER NEWLINE NEWLINE WAIT SPEAKER END	EA:F83E	CC 4B 69 6E 67 01 52 61 6D 75 73 C8 74 72 69 65 64 01 65 76 65 72 79 74 68 69 6E 67 2E 2E 2E C5 CC 48 65 01 74 75 72 6E 65 64 01 74 6F 01 6D 61 67 69 63 C8 61 6E 64 01 73 6F 72 63 65 72 79 2C 01 61 6E 64 01 65 76 65 6E 01 6F 72 64 65 72 65 64 C8 75 73 01 74 6F 01 62 75 69 6C 64 01 6D 65 63 68 61 6E 69 63 61 6C 01 77 69 6E 67 73 2E 2E 2E C5 CC 42 75 74 01 6E 6F 74 68 69 6E 67 01 65 76 65 72 01 77 6F 72 6B 65 64 2E 2E 2E C0	1CC 068 062 04E 155 029 001 010 036 034 038 019 023 03C 1C8 019 019 03A 02F 02E 01B 01F 081 081 081 1C5 1CC 09A 16A 033 001 12D 16A 025 02E 084 022 001 01F 035 03E 01F 037 1C8 016 015 011 028 001 021 084 029 01A 001 02E 084 022 1C8 0F6 038 019 023 03C 001 031 011 084 01B 02E 01B 01F 081 081 081 1C5 1CC 018 039 084 023 032 001 084 023 039 02A 023 021 1C8 012 02E 017 029 001 011 016 02E 01D 03D 084 022 01B 01F 081 081 081 1C0
03	79	0x0379	"<SPEAKER>「おお 神よ われらの さまよえる
たましいを 主のもとへ
おくりとどけたまえ<WAIT><SPEAKER>「ラムス王の ねがいが
かなえられぬかぎり われらは
やすらかに ねむれないのです"	"<SPEAKER>O God, carry our
wandering souls to our Lord.<WAIT><SPEAKER>Until King Ramus's wish is
fulfilled, we cannot rest in peace."			SPEAKER NEWLINE WAIT SPEAKER NEWLINE END	EA:F8CC	CC 4F 01 47 6F 64 2C 01 63 61 72 72 79 01 6F 75 72 C8 77 61 6E 64 65 72 69 6E 67 01 73 6F 75 6C 73 01 74 6F 01 6F 75 72 01 4C 6F 72 64 2E C5 CC 55 6E 74 69 6C 01 4B 69 6E 67 01 52 61 6D 75 73 27 73 01 77 69 73 68 01 69 73 C8 66 75 6C 66 69 6C 6C 65 64 2C 01 77 65 01 63 61 6E 6E 6F 74 01 72 65 73 74 01 69 6E 01 70 65 61 63 65 2E C0	1CC 014 014 001 0DC 035 001 03B 039 036 028 001 01A 02E 035 013 038 1C8 01F 02E 01B 011 03C 001 12C 028 032 023 02C 1C8 014 017 037 023 084 023 018 01F 02E 013 1C5 1CC 068 062 04E 155 028 001 027 084 015 011 084 015 1C8 015 024 013 036 039 026 015 084 016 037 001 03B 039 036 029 1C8 033 01C 036 015 025 001 027 030 039 024 011 028 084 022 01C 1C0
03	7A	0x037A	"<SPEAKER>「われらの 王の ねがいは
バロンロックまで 空を
とんで行くことだった・・・"	"<SPEAKER>Our king's wish was
to fly through the sky all
the way to Baron Rock..."			SPEAKER NEWLINE NEWLINE END	EA:F93B	CC 4F 75 72 01 6B 69 6E 67 27 73 01 77 69 73 68 01 77 61 73 C8 74 6F 01 66 6C 79 01 74 68 72 6F 75 67 68 01 74 68 65 01 73 6B 79 01 61 6C 6C C8 74 68 65 01 77 61 79 01 74 6F 01 42 61 72 6F 6E 01 52 6F 63 6B 2E 2E 2E C0	1CC 03B 039 036 028 001 155 028 001 027 084 015 011 029 1C8 084 05B 06C 06F 06C 070 049 02E 084 022 001 156 03C 1C8 023 03D 084 022 08D 017 019 023 084 01F 03E 01F 081 081 081 1C0
03	7B	0x037B	"<SPEAKER>「いちど どこかの商人が
大空をとぶ じゅうたんを
持ってきたのですが・・・<WAIT><SPEAKER>「魔法の 力は すでに
きえうせて とぶことは
できませんでした・・・"	"<SPEAKER>Once, a merchant
brought us a carpet that
could fly through the sky.<WAIT><SPEAKER>But its magic had already
faded, so it could no longer fly..."			SPEAKER NEWLINE NEWLINE WAIT SPEAKER NEWLINE END	EA:F984	CC 4F 6E 63 65 2C 01 61 01 6D 65 72 63 68 61 6E 74 C8 62 72 6F 75 67 68 74 01 75 73 01 61 01 63 61 72 70 65 74 01 74 68 61 74 C8 63 6F 75 6C 64 01 66 6C 79 01 74 68 72 6F 75 67 68 01 74 68 65 01 73 6B 79 2E C5 CC 42 75 74 01 69 74 73 01 6D 61 67 69 63 01 68 61 64 01 61 6C 72 65 61 64 79 C8 66 61 64 65 64 2C 01 73 6F 01 69 74 01 63 6F 75 6C 64 01 6E 6F 01 6C 6F 6E 67 65 72 01 66 6C 79 2E 2E 2E C0	1CC 011 020 084 023 001 084 023 019 015 028 109 091 084 015 1C8 0AC 156 03C 023 084 02B 001 084 01B 040 012 01F 03D 03C 1C8 0D3 03E 022 016 01F 028 084 022 01C 084 015 081 081 081 1C5 1CC 09A 157 028 001 107 029 001 01C 084 022 025 1C8 016 013 012 01D 022 001 023 084 02B 019 023 029 1C8 084 022 016 02E 01D 03D 084 022 01B 01F 081 081 081 1C0
03	7C	0x037C	"<SPEAKER>「この塔は 14階まである<WAIT><SPEAKER>「最上階の ラムス王が
大空へ まいあがり
バロンロックに わたったとき<WAIT><SPEAKER>「われらは かいほうされるのだ"	"<SPEAKER>This tower
has fourteen floors.<WAIT><SPEAKER>When King Ramus reaches
the top, takes to the sky,
and crosses to Baron Rock...<WAIT><SPEAKER>we will
finally be released."			SPEAKER NEWLINE WAIT SPEAKER NEWLINE NEWLINE WAIT SPEAKER NEWLINE END	EA:FA09	CC 54 68 69 73 01 74 6F 77 65 72 C8 68 61 73 01 66 6F 75 72 74 65 65 6E 01 66 6C 6F 6F 72 73 2E C5 CC 57 68 65 6E 01 4B 69 6E 67 01 52 61 6D 75 73 01 72 65 61 63 68 65 73 C8 74 68 65 01 74 6F 70 2C 01 74 61 6B 65 73 01 74 6F 01 74 68 65 01 73 6B 79 2C C8 61 6E 64 01 63 72 6F 73 73 65 73 01 74 6F 01 42 61 72 6F 6E 01 52 6F 63 6B 2E 2E 2E C5 CC 77 65 01 77 69 6C 6C C8 66 69 6E 61 6C 6C 79 01 62 65 01 72 65 6C 65 61 73 65 64 2E C0	1CC 019 028 154 029 001 003 006 15F 02E 084 022 010 038 1C5 1CC 18A 128 15F 028 001 068 062 04E 155 084 015 1C8 0AC 156 02C 001 02E 011 010 084 015 037 1C8 084 05B 06C 06F 06C 070 049 025 001 03B 01F 03E 01F 023 016 1C5 1CC 03B 039 036 029 001 015 011 02D 012 01A 039 038 028 084 01F 1C0
03	7D	0x037D	"<SPEAKER>「この塔の中には
ラムス王の 集めたものが
たくさん まだ あります<WAIT><SPEAKER>「その中に 空をとぶものは
ないのでしょうか?"	"<SPEAKER>Many things collected
by King Ramus still
remain inside this tower.<WAIT><SPEAKER>Could one of them
be something that can fly?"			SPEAKER NEWLINE NEWLINE WAIT SPEAKER NEWLINE END	EA:FA99	CC 4D 61 6E 79 01 74 68 69 6E 67 73 01 63 6F 6C 6C 65 63 74 65 64 C8 62 79 01 4B 69 6E 67 01 52 61 6D 75 73 01 73 74 69 6C 6C C8 72 65 6D 61 69 6E 01 69 6E 73 69 64 65 01 74 68 69 73 01 74 6F 77 65 72 2E C5 CC 43 6F 75 6C 64 01 6F 6E 65 01 6F 66 01 74 68 65 6D C8 62 65 01 73 6F 6D 65 74 68 69 6E 67 01 74 68 61 74 01 63 61 6E 01 66 6C 79 3F C0	1CC 019 028 154 028 0A1 025 029 1C8 068 062 04E 155 028 001 1AC 031 01F 032 028 084 015 1C8 01F 017 01A 03D 001 02E 084 01F 001 010 037 02E 01C 1C5 1CC 01E 028 0A1 025 001 156 03C 023 084 02B 032 028 029 1C8 024 011 028 084 022 01B 041 012 015 079 1C0
03	7E	0x037E	"<CLEAR>
かべに スイッチがあります
おしますか?"	"<CLEAR>There is a switch on
the wall. Press it?"			CLEAR NEWLINE END	EA:FB0C	D0 54 68 65 72 65 01 69 73 01 61 01 73 77 69 74 63 68 01 6F 6E C8 74 68 65 01 77 61 6C 6C 2E 01 50 72 65 73 73 01 69 74 3F C0	1D0 015 084 02C 025 001 04E 043 070 052 084 015 010 037 02E 01C 1C8 014 01B 02E 01C 015 079 1C0
03	7F	0x037F	"<CLEAR>
かべに スイッチがある
スイッチは おされている"	"<CLEAR>There is a switch on the wall.
It has already been pressed."			CLEAR NEWLINE END	EA:FB36	D0 54 68 65 72 65 01 69 73 01 61 01 73 77 69 74 63 68 01 6F 6E 01 74 68 65 01 77 61 6C 6C 2E C8 49 74 01 68 61 73 01 61 6C 72 65 61 64 79 01 62 65 65 6E 01 70 72 65 73 73 65 64 2E C0	1D0 015 084 02C 025 001 04E 043 070 052 084 015 010 038 1C8 04E 043 070 052 029 001 014 01A 039 022 011 038 1C0
03	80	0x0380	"<SPEAKER>「わが名は ラムス・・・
わが のぞみは 大空に まい
バロンロックまで ゆくこと・・<WAIT><SPEAKER>「わしは 待った・・・・
200年も・・・だが 誰ひとり
空とぶ道具を 持っていなかった<WAIT><SPEAKER>「このままでは 死んでも
死にきれん! なんとか わしを
バロンロックまで つれていってくれ!<WAIT><SPEAKER>「あうううう ぐいああああ!
バ<PAUSE_30> ロ<PAUSE_30> ン<PAUSE_30> ロ<PAUSE_30> ッ<PAUSE_30> クううう <PAUSE_30>ええ<PAUSE_30>
いいい ぐううう ぐあああ!"	"<SPEAKER>My name is Ramus...
My wish is to soar through
the sky and reach Baron Rock...<WAIT><SPEAKER>I waited two
hundred years... but no
one brought a way to fly.<WAIT><SPEAKER>I cannot rest,
even in death! Please
take me to Baron Rock!<WAIT><SPEAKER>Auuuugh! Gyaaah! Ba<PAUSE_30>-ron<PAUSE_30>
Ro<PAUSE_30>-ck<PAUSE_30>!<PAUSE_30> Aaaah<PAUSE_30>!<PAUSE_30> Guuuh! GRAAAH!"			SPEAKER NEWLINE NEWLINE WAIT SPEAKER NEWLINE NEWLINE WAIT SPEAKER NEWLINE NEWLINE WAIT SPEAKER PAUSE_30 PAUSE_30 NEWLINE PAUSE_30 PAUSE_30 PAUSE_30 PAUSE_30 PAUSE_30 END	EA:FB73	CC 4D 79 01 6E 61 6D 65 01 69 73 01 52 61 6D 75 73 2E 2E 2E C8 4D 79 01 77 69 73 68 01 69 73 01 74 6F 01 73 6F 61 72 01 74 68 72 6F 75 67 68 C8 74 68 65 01 73 6B 79 01 61 6E 64 01 72 65 61 63 68 01 42 61 72 6F 6E 01 52 6F 63 6B 2E 2E 2E C5 CC 49 01 77 61 69 74 65 64 01 74 77 6F C8 68 75 6E 64 72 65 64 01 79 65 61 72 73 2E 2E 2E 01 62 75 74 01 6E 6F C8 6F 6E 65 01 62 72 6F 75 67 68 74 01 61 01 77 61 79 01 74 6F 01 66 6C 79 2E C5 CC 49 01 63 61 6E 6E 6F 74 01 72 65 73 74 2C C8 65 76 65 6E 01 69 6E 01 64 65 61 74 68 21 01 50 6C 65 61 73 65 C8 74 61 6B 65 01 6D 65 01 74 6F 01 42 61 72 6F 6E 01 52 6F 63 6B 21 C5 CC 41 75 75 75 75 67 68 21 01 47 79 61 61 61 68 21 01 42 61 CD 2D 72 6F 6E CD C8 52 6F CD 2D 63 6B CD 21 CD 01 41 61 61 61 68 CD 21 CD 01 47 75 75 75 68 21 01 47 52 41 41 41 48 21 C0	1CC 03B 084 015 0CD 029 001 068 062 04E 081 081 081 1C8 03B 084 015 001 028 084 01E 02F 029 001 0AC 156 025 001 02E 011 1C8 084 05B 06C 06F 06C 070 049 02E 084 022 001 034 017 019 023 081 081 1C5 1CC 03B 01B 029 001 16B 03E 01F 081 081 081 081 1C8 004 002 002 0CA 032 081 081 081 084 01F 084 015 001 0FA 02A 023 037 1C8 156 023 084 02B 0C7 124 03C 001 0D3 03E 022 011 024 015 03E 01F 1C5 1CC 019 028 02E 02E 084 022 029 001 0D6 03D 084 022 032 1C8 0D6 025 016 039 03D 07A 001 024 03D 023 015 001 03B 01B 03C 1C8 084 05B 06C 06F 06C 070 049 02E 084 022 001 021 039 022 011 03E 022 017 039 07A 1C5 1CC 010 012 012 012 012 001 084 017 011 010 010 010 010 07A 1C8 084 05B 1CD 001 06C 1CD 001 06F 1CD 001 06C 1CD 001 070 1CD 001 049 012 012 012 001 1CD 013 013 1CD 1C8 011 011 011 001 084 017 012 012 012 001 084 017 010 010 010 07A 1C0
03	81	0x0381	"<CLEAR>
古代の いぶつが ある<WAIT>
<CLEAR>
古い 石像や 家具のようだ"	"<CLEAR>There are ancient relics here.<WAIT><CLEAR>They look like old
statues and furniture."			CLEAR WAIT CLEAR NEWLINE END	EA:FC7D	D0 54 68 65 72 65 01 61 72 65 01 61 6E 63 69 65 6E 74 01 72 65 6C 69 63 73 01 68 65 72 65 2E C5 D0 54 68 65 79 01 6C 6F 6F 6B 01 6C 69 6B 65 01 6F 6C 64 C8 73 74 61 74 75 65 73 01 61 6E 64 01 66 75 72 6E 69 74 75 72 65 2E C0	1D0 096 09F 028 001 011 084 02B 021 084 015 001 010 038 1C5 1D0 096 011 001 09D 159 033 001 161 124 028 035 012 084 01F 1C0
03	82	0x0382	"<CLEAR>
「光の道は ガヌビスの道
しるしなき昔の 寝入を ゆるさず"	"<CLEAR>""THE PATH OF LIGHT IS
GANUBIS'S PATH. THOSE WITHOUT
THE MARK MAY NOT ENTER."""			CLEAR NEWLINE NEWLINE END	EA:FCC8	D0 22 54 48 45 01 50 41 54 48 01 4F 46 01 4C 49 47 48 54 01 49 53 C8 47 41 4E 55 42 49 53 27 53 01 50 41 54 48 2E 01 54 48 4F 53 45 01 57 49 54 48 4F 55 54 C8 54 48 45 01 4D 41 52 4B 01 4D 41 59 01 4E 4F 54 01 45 4E 54 45 52 2E 22 C0	1D0 07D 14A 028 0C7 029 001 084 047 058 084 05C 04E 028 0C7 1C8 01B 038 01B 024 016 0A7 028 001 14D 08E 03C 001 034 038 01A 084 01C 1C0
03	83	0x0383	"<CLEAR>
ガラスに ひびが はいっている!"	<CLEAR>The glass is cracked!			CLEAR END	EA:FD16	D0 54 68 65 01 67 6C 61 73 73 01 69 73 01 63 72 61 63 6B 65 64 21 C0	1D0 084 047 068 04E 025 001 02A 084 02A 084 015 001 029 011 03E 022 011 038 07A 1C0
03	84	0x0384	"<CLEAR>
石板が かべに 埋めこんである"	"<CLEAR>A stone tablet is
embedded in the wall."			CLEAR NEWLINE END	EA:FD2D	D0 41 01 73 74 6F 6E 65 01 74 61 62 6C 65 74 01 69 73 C8 65 6D 62 65 64 64 65 64 01 69 6E 01 74 68 65 01 77 61 6C 6C 2E C0	1D0 09D 147 084 015 001 015 084 02C 025 001 1A8 031 019 03D 084 022 010 038 1C0
03	85	0x0385	"<CLEAR>
石板には 古代文字が かかれている
ヨシオが 読んでくれた"	"<CLEAR>Ancient writing covers the
tablet. Yoshio reads it aloud.<LINE>"			CLEAR NEWLINE LINE END	EA:FD56	D0 41 6E 63 69 65 6E 74 01 77 72 69 74 69 6E 67 01 63 6F 76 65 72 73 01 74 68 65 C8 74 61 62 6C 65 74 2E 01 59 6F 73 68 69 6F 01 72 65 61 64 73 01 69 74 01 61 6C 6F 75 64 2E C3 C0	1D0 09D 147 025 029 001 096 09F 152 153 084 015 001 015 015 039 022 011 038 1C8 067 04D 046 084 015 001 118 03D 084 022 017 039 01F 1C3 1C0
03	86	0x0386	"<CLEAR>
石板には 古代文字が かかれている
ヨシオの たましいが おたけびをあげた!"	"<CLEAR>Ancient writing covers the tablet.
Yoshio's soul gives a mighty roar!<LINE>"			CLEAR NEWLINE LINE END	EA:FD92	D0 41 6E 63 69 65 6E 74 01 77 72 69 74 69 6E 67 01 63 6F 76 65 72 73 01 74 68 65 01 74 61 62 6C 65 74 2E C8 59 6F 73 68 69 6F 27 73 01 73 6F 75 6C 01 67 69 76 65 73 01 61 01 6D 69 67 68 74 79 01 72 6F 61 72 21 C3 C0	1D0 09D 147 025 029 001 096 09F 152 153 084 015 001 015 015 039 022 011 038 1C8 067 04D 046 028 001 01F 02E 01B 011 084 015 001 014 01F 018 084 02A 03C 010 084 018 01F 07A 1C3 1C0
03	87	0x0387	"<SPEAKER>「いつの日か おとずれる
いだいなる 後続昔へ<WAIT><SPEAKER>「巨大な 魔物どもに
とうとう かこまれてしまった<WAIT><SPEAKER>「ここで みずから つくった
化け物どもに 食われてしまっては
<ICON_170><ICON_171><ICON_172><ICON_173><ICON_1AF><ICON_174>の 名がすたる・・・<WAIT><SPEAKER>「・・・ここから 下は
かけてますな"	"<SPEAKER>To the great successor
who will one day come here...<WAIT><SPEAKER>I have finally
been surrounded by the
giant monsters I created.<WAIT><SPEAKER>If I am eaten by
my own creations, my very
name will be disgraced...<WAIT><SPEAKER>...The tablet
is broken below here."			SPEAKER NEWLINE WAIT SPEAKER NEWLINE NEWLINE WAIT SPEAKER NEWLINE NEWLINE WAIT SPEAKER NEWLINE END	EA:FDDA	CC 54 6F 01 74 68 65 01 67 72 65 61 74 01 73 75 63 63 65 73 73 6F 72 C8 77 68 6F 01 77 69 6C 6C 01 6F 6E 65 01 64 61 79 01 63 6F 6D 65 01 68 65 72 65 2E 2E 2E C5 CC 49 01 68 61 76 65 01 66 69 6E 61 6C 6C 79 C8 62 65 65 6E 01 73 75 72 72 6F 75 6E 64 65 64 01 62 79 01 74 68 65 C8 67 69 61 6E 74 01 6D 6F 6E 73 74 65 72 73 01 49 01 63 72 65 61 74 65 64 2E C5 CC 49 66 01 49 01 61 6D 01 65 61 74 65 6E 01 62 79 C8 6D 79 01 6F 77 6E 01 63 72 65 61 74 69 6F 6E 73 2C 01 6D 79 01 76 65 72 79 C8 6E 61 6D 65 01 77 69 6C 6C 01 62 65 01 64 69 73 67 72 61 63 65 64 2E 2E 2E C5 CC 2E 2E 2E 54 68 65 01 74 61 62 6C 65 74 C8 69 73 01 62 72 6F 6B 65 6E 01 62 65 6C 6F 77 01 68 65 72 65 2E C0	1CC 011 021 028 120 015 001 014 023 084 01C 039 038 1C8 011 084 01F 011 024 038 001 1A6 1A5 0A7 02C 1C5 1CC 0CC 0AC 024 001 09A 08B 084 023 032 025 1C8 023 012 023 012 001 015 019 02E 039 022 01B 02E 03E 01F 1C5 1CC 019 019 084 022 001 02F 084 01C 015 036 001 021 017 03E 01F 1C8 09E 018 08B 084 023 032 025 001 0E4 03B 039 022 01B 02E 03E 022 029 1C8 170 171 172 173 1AF 174 028 001 0CD 084 015 01C 01F 038 081 081 081 1C5 1CC 081 081 081 019 019 015 036 001 0B8 029 1C8 015 018 022 02E 01C 024 1C0
03	88	0x0388	"<CLEAR>
ボールをささげる 台がある
石板とおなじ 古代文字が
しるされている<WAIT>
<CLEAR>
「ボールをささげ わが名を しめすべし"	"<CLEAR>There is a pedestal for offering
a ball. It bears the same
ancient writing as the tablet.<WAIT><CLEAR>""OFFER THE BALL AND
REVEAL MY NAME."""			CLEAR NEWLINE NEWLINE WAIT CLEAR NEWLINE END	EA:FEBC	D0 54 68 65 72 65 01 69 73 01 61 01 70 65 64 65 73 74 61 6C 01 66 6F 72 01 6F 66 66 65 72 69 6E 67 C8 61 01 62 61 6C 6C 2E 01 49 74 01 62 65 61 72 73 01 74 68 65 01 73 61 6D 65 C8 61 6E 63 69 65 6E 74 01 77 72 69 74 69 6E 67 01 61 73 01 74 68 65 01 74 61 62 6C 65 74 2E C5 D0 22 4F 46 46 45 52 01 54 48 45 01 42 41 4C 4C 01 41 4E 44 C8 52 45 56 45 41 4C 01 4D 59 01 4E 41 4D 45 2E 22 C0	1D0 084 05F 078 06A 03C 01A 01A 084 018 038 001 1B7 084 015 010 038 1C8 09D 147 023 014 024 084 01B 001 096 09F 152 153 084 015 1C8 01B 038 01A 039 022 011 038 1C5 1D0 07D 084 05F 078 06A 03C 01A 01A 084 018 001 03B 084 015 0CD 03C 001 01B 031 01C 084 02C 01B 1C0
03	89	0x0389	"<CLEAR>
ヨシオの たましいが おたけびをあげた!"	"<CLEAR>Yoshio's soul lets
out a mighty roar!"			CLEAR NEWLINE END	EA:FF3D	D0 59 6F 73 68 69 6F 27 73 01 73 6F 75 6C 01 6C 65 74 73 C8 6F 75 74 01 61 01 6D 69 67 68 74 79 01 72 6F 61 72 21 C0	1D0 067 04D 046 028 001 01F 02E 01B 011 084 015 001 014 01F 018 084 02A 03C 010 084 018 01F 07A 1C0
03	8A	0x038A	"<SPEAKER>「うおおー・・・
お嬢さま・・・
わしの意見を 聞いてくだされ・・・"	"<SPEAKER>Oooooh... Lady...
Please listen to my opinion..."			SPEAKER NEWLINE END	EA:FF64	CC 4F 6F 6F 6F 6F 68 2E 2E 2E 01 4C 61 64 79 2E 2E 2E C8 50 6C 65 61 73 65 01 6C 69 73 74 65 6E 01 74 6F 01 6D 79 01 6F 70 69 6E 69 6F 6E 2E 2E 2E C0	1CC 012 014 014 078 081 081 081 1C8 014 0D8 01A 02E 081 081 081 1C8 03B 01B 028 131 090 03C 001 0A6 011 022 017 084 01F 01A 039 081 081 081 1C0
03	8B	0x038B	"<CLEAR>
ヨシオの意見を 聞きますか?"	<CLEAR>Listen to Yoshio's opinion?			CLEAR END	EA:FF96	D0 4C 69 73 74 65 6E 01 74 6F 01 59 6F 73 68 69 6F 27 73 01 6F 70 69 6E 69 6F 6E 3F C0	1D0 067 04D 046 028 131 090 03C 001 0A6 016 02E 01C 015 079 1C0
03	8C	0x038C	"<SPEAKER>「なんらかの方法で 誰かの名前を
あらわし しかるのちに ここに
ボールをおけ ということでしょうな"	"<SPEAKER>It says to show
someone's name somehow,
then place the ball here."			SPEAKER NEWLINE NEWLINE END	EA:FFB3	CC 49 74 01 73 61 79 73 01 74 6F 01 73 68 6F 77 C8 73 6F 6D 65 6F 6E 65 27 73 01 6E 61 6D 65 01 73 6F 6D 65 68 6F 77 2C C8 74 68 65 6E 01 70 6C 61 63 65 01 74 68 65 01 62 61 6C 6C 01 68 65 72 65 2E C0	1CC 024 03D 036 015 028 0B9 157 084 022 001 0FA 015 028 0CD 0C3 03C 1C8 010 036 03B 01B 001 01B 015 038 028 020 025 001 019 019 025 1C8 084 05F 078 06A 03C 014 018 001 023 011 012 019 023 084 022 01B 041 012 024 1C0
03	8D	0x038D	"<CLEAR>
もっと ヨシオの意見を 聞きますか?"	<CLEAR>Hear more of Yoshio's opinion?			CLEAR END	E9:4000	D0 48 65 61 72 01 6D 6F 72 65 01 6F 66 01 59 6F 73 68 69 6F 27 73 01 6F 70 69 6E 69 6F 6E 3F C0	1D0 032 03E 023 001 067 04D 046 028 131 090 03C 001 0A6 016 02E 01C 015 079 1C0
03	8E	0x038E	"<SPEAKER>「このばあい 誰か というのは
とうぜん キングバロンでしょう<WAIT><SPEAKER>「もんだいは いかにして
ということですが・・・"	"<SPEAKER>In this case, that someone
must obviously be King Baron.<WAIT><SPEAKER>The question
is how to display it..."			SPEAKER NEWLINE WAIT SPEAKER NEWLINE END	E9:4020	CC 49 6E 01 74 68 69 73 01 63 61 73 65 2C 01 74 68 61 74 01 73 6F 6D 65 6F 6E 65 C8 6D 75 73 74 01 6F 62 76 69 6F 75 73 6C 79 01 62 65 01 4B 69 6E 67 01 42 61 72 6F 6E 2E C5 CC 54 68 65 01 71 75 65 73 74 69 6F 6E C8 69 73 01 68 6F 77 01 74 6F 01 64 69 73 70 6C 61 79 01 69 74 2E 2E 2E C0	1CC 019 028 084 029 010 011 001 0FA 015 001 023 011 012 028 029 1C8 023 012 084 01D 03D 001 048 06F 084 049 084 05B 06C 06F 084 022 01B 041 012 1C5 1CC 032 03D 084 01F 011 029 001 011 015 025 01B 022 1C8 023 011 012 019 023 084 022 01C 084 015 081 081 081 1C0
03	8F	0x038F	"<SPEAKER>「ゆかの もようは
古代文字を モチーフに
しておるようです<WAIT><SPEAKER>「さてと・・・ どこかに
古代文字で キングバロンと
かいて ありませんでしたかな?"	"<SPEAKER>The floor pattern
seems to use ancient
characters as its motif.<WAIT><SPEAKER>Now then... Was King
Baron written in ancient
characters somewhere?"			SPEAKER NEWLINE NEWLINE WAIT SPEAKER NEWLINE NEWLINE END	E9:4080	CC 54 68 65 01 66 6C 6F 6F 72 01 70 61 74 74 65 72 6E C8 73 65 65 6D 73 01 74 6F 01 75 73 65 01 61 6E 63 69 65 6E 74 C8 63 68 61 72 61 63 74 65 72 73 01 61 73 01 69 74 73 01 6D 6F 74 69 66 2E C5 CC 4E 6F 77 01 74 68 65 6E 2E 2E 2E 01 57 61 73 01 4B 69 6E 67 C8 42 61 72 6F 6E 01 77 72 69 74 74 65 6E 01 69 6E 01 61 6E 63 69 65 6E 74 C8 63 68 61 72 61 63 74 65 72 73 01 73 6F 6D 65 77 68 65 72 65 3F C0	1CC 034 015 028 001 032 035 012 029 1C8 096 09F 152 153 03C 001 064 052 078 05D 025 1C8 01B 022 014 038 035 012 084 022 01C 1C5 1CC 01A 022 023 081 081 081 001 084 023 019 015 025 1C8 096 09F 152 153 084 022 001 048 06F 084 049 084 05B 06C 06F 023 1C8 015 011 022 001 010 037 02E 01D 03D 084 022 01B 01F 015 024 079 1C0
03	90	0x0390	"<SPEAKER>「ドラゴンの石像が 6つ
おちておりますな<WAIT><SPEAKER>「キングバロンという 名前も
古代文字でかけば 6文字
はたして ぐうぜんでしょうかな?"	"<SPEAKER>There are
six dragon statues.<WAIT><SPEAKER>King Baron is six
symbols in the ancient script
too. Coincidence, I wonder?"			SPEAKER NEWLINE WAIT SPEAKER NEWLINE NEWLINE END	E9:4106	CC 54 68 65 72 65 01 61 72 65 C8 73 69 78 01 64 72 61 67 6F 6E 01 73 74 61 74 75 65 73 2E C5 CC 4B 69 6E 67 01 42 61 72 6F 6E 01 69 73 01 73 69 78 C8 73 79 6D 62 6F 6C 73 01 69 6E 01 74 68 65 01 61 6E 63 69 65 6E 74 01 73 63 72 69 70 74 C8 74 6F 6F 2E 01 43 6F 69 6E 63 69 64 65 6E 63 65 2C 01 49 01 77 6F 6E 64 65 72 3F C0	1CC 084 055 068 084 04B 06F 028 09D 159 084 015 001 008 021 1C8 014 020 022 014 037 02E 01C 024 1C5 1CC 048 06F 084 049 084 05B 06C 06F 023 011 012 001 0CD 0C3 032 1C8 096 09F 152 153 084 022 015 018 084 029 001 008 152 153 1C8 029 01F 01B 022 001 084 017 012 084 01D 03D 084 022 01B 041 012 015 024 079 1C0
03	91	0x0391	"<SPEAKER>「石板には ガヌビスに
名前を しめせ・・・
と ありましたな<WAIT><SPEAKER>「さいだんの上に ずらっと
ならんでいるのが その
ガヌビスの像です<WAIT><SPEAKER>「像から見て 読めるように・・・
というふうに とるべきでしょうな"	"<SPEAKER>The tablet said to
reveal the name to Ganubis.<WAIT><SPEAKER>Those statues
lined across the altar are
the figures of Ganubis.<WAIT><SPEAKER>So I think the
name must be arranged so
the statues can read it."			SPEAKER NEWLINE WAIT SPEAKER NEWLINE NEWLINE WAIT SPEAKER NEWLINE NEWLINE END	E9:4172	CC 54 68 65 01 74 61 62 6C 65 74 01 73 61 69 64 01 74 6F C8 72 65 76 65 61 6C 01 74 68 65 01 6E 61 6D 65 01 74 6F 01 47 61 6E 75 62 69 73 2E C5 CC 54 68 6F 73 65 01 73 74 61 74 75 65 73 C8 6C 69 6E 65 64 01 61 63 72 6F 73 73 01 74 68 65 01 61 6C 74 61 72 01 61 72 65 C8 74 68 65 01 66 69 67 75 72 65 73 01 6F 66 01 47 61 6E 75 62 69 73 2E C5 CC 53 6F 01 49 01 74 68 69 6E 6B 01 74 68 65 C8 6E 61 6D 65 01 6D 75 73 74 01 62 65 01 61 72 72 61 6E 67 65 64 01 73 6F C8 74 68 65 01 73 74 61 74 75 65 73 01 63 61 6E 01 72 65 61 64 01 69 74 2E C0	1CC 09D 147 025 029 001 084 047 058 084 05C 04E 025 1C8 0CD 0C3 03C 001 01B 031 01D 081 081 081 1C8 023 001 010 037 02E 01B 01F 024 1C5 1CC 01A 011 084 01F 03D 028 128 025 001 084 01C 036 03E 023 1C8 024 036 03D 084 022 011 038 028 084 015 001 01E 028 1C8 084 047 058 084 05C 04E 028 159 084 022 01C 1C5 1CC 159 015 036 090 022 001 118 031 038 035 012 025 081 081 081 1C8 023 011 012 02B 012 025 001 023 038 084 02C 016 084 022 01B 041 012 024 1C0
03	92	0x0392	"<CLEAR>
ヨシオは はなしつかれて
かたで いきをしている
<WAIT>
<CLEAR>
すこし 休ませてあげないと
いけないようだ・・・"	"<CLEAR>Yoshio is exhausted from
talking and breathing heavily.<LINE><WAIT><CLEAR>You should let him
rest for a while...<LINE>"			CLEAR NEWLINE LINE WAIT CLEAR NEWLINE LINE END	E9:4226	D0 59 6F 73 68 69 6F 01 69 73 01 65 78 68 61 75 73 74 65 64 01 66 72 6F 6D C8 74 61 6C 6B 69 6E 67 01 61 6E 64 01 62 72 65 61 74 68 69 6E 67 01 68 65 61 76 69 6C 79 2E C3 C5 D0 59 6F 75 01 73 68 6F 75 6C 64 01 6C 65 74 01 68 69 6D C8 72 65 73 74 01 66 6F 72 01 61 01 77 68 69 6C 65 2E 2E 2E C3 C0	1D0 067 04D 046 029 001 029 024 01B 021 015 039 022 1C8 015 01F 084 022 001 011 016 03C 01B 022 011 038 1C3 1C5 1D0 01C 019 01B 001 140 02E 01D 022 010 084 018 024 011 023 1C8 011 018 024 011 035 012 084 01F 081 081 081 1C3 1C0
03	93	0x0393	"<CLEAR>
ボールをささげる 台がある
ホワイトボールが ささげられている"	"<CLEAR>There is a pedestal for offering
a ball. A White Ball rests on it."			CLEAR NEWLINE END	E9:4289	D0 54 68 65 72 65 01 69 73 01 61 01 70 65 64 65 73 74 61 6C 01 66 6F 72 01 6F 66 66 65 72 69 6E 67 C8 61 01 62 61 6C 6C 2E 01 41 01 57 68 69 74 65 01 42 61 6C 6C 01 72 65 73 74 73 01 6F 6E 01 69 74 2E C0	1D0 084 05F 078 06A 03C 01A 01A 084 018 038 001 1B7 084 015 010 038 1C8 05F 06D 043 055 084 05F 078 06A 084 015 001 01A 01A 084 018 036 039 022 011 038 1C0
03	94	0x0394	"<SPEAKER>「やあ しばらくです お嬢さん
そのせつは どうも
お世話になりまして・・・<WAIT><SPEAKER>「わたし ラムスの塔の神官です<WAIT><SPEAKER>「ラムス王が ゆめを はたされたので
わたしも 塔の呪いから
解きはなたれたのですが・・・<WAIT><SPEAKER>「なんだか お嬢さんの
これからが 気になって 気になって
おちつかないんですよ<WAIT><SPEAKER>「で ラムス王に たのんで
天に めされる前に ここまで
はこんでもらったんです<WAIT><SPEAKER>「あんな みがってな人でも
200年も つかえてみると
けっこう いいとこ あるもんです<WAIT><SPEAKER>「おかげで わたしも お嬢さんに
おんがえしが できるというものです
させてくれますよね?<WAIT><SPEAKER>「では そういうことで
今後とも よろしく
えー オホン それでは"	"<SPEAKER>Ah, young lady! Been a
while. Thank you for before...<WAIT><SPEAKER>I'm the priest
from Ramus Tower.<WAIT><SPEAKER>King Ramus
fulfilled his dream, so the
tower's curse freed me.<WAIT><SPEAKER>But I couldn't stop
worrying about what awaited you.<WAIT><SPEAKER>So I asked King
Ramus to bring me here
before he went to heaven.<WAIT><SPEAKER>He was selfish, but
after 200 years of serving
him, I saw his good side too.<WAIT><SPEAKER>Now I can repay my
debt to you. You'll let me, right?<WAIT><SPEAKER>Then it's settled.
I look forward to helping
you. Ahem... Now then..."			SPEAKER NEWLINE WAIT SPEAKER NEWLINE WAIT SPEAKER NEWLINE NEWLINE WAIT SPEAKER NEWLINE WAIT SPEAKER NEWLINE NEWLINE WAIT SPEAKER NEWLINE NEWLINE WAIT SPEAKER NEWLINE WAIT SPEAKER NEWLINE NEWLINE END	E9:42CD	CC 41 68 2C 01 79 6F 75 6E 67 01 6C 61 64 79 21 01 42 65 65 6E 01 61 C8 77 68 69 6C 65 2E 01 54 68 61 6E 6B 01 79 6F 75 01 66 6F 72 01 62 65 66 6F 72 65 2E 2E 2E C5 CC 49 27 6D 01 74 68 65 01 70 72 69 65 73 74 C8 66 72 6F 6D 01 52 61 6D 75 73 01 54 6F 77 65 72 2E C5 CC 4B 69 6E 67 01 52 61 6D 75 73 C8 66 75 6C 66 69 6C 6C 65 64 01 68 69 73 01 64 72 65 61 6D 2C 01 73 6F 01 74 68 65 C8 74 6F 77 65 72 27 73 01 63 75 72 73 65 01 66 72 65 65 64 01 6D 65 2E C5 CC 42 75 74 01 49 01 63 6F 75 6C 64 6E 27 74 01 73 74 6F 70 C8 77 6F 72 72 79 69 6E 67 01 61 62 6F 75 74 01 77 68 61 74 01 61 77 61 69 74 65 64 01 79 6F 75 2E C5 CC 53 6F 01 49 01 61 73 6B 65 64 01 4B 69 6E 67 C8 52 61 6D 75 73 01 74 6F 01 62 72 69 6E 67 01 6D 65 01 68 65 72 65 C8 62 65 66 6F 72 65 01 68 65 01 77 65 6E 74 01 74 6F 01 68 65 61 76 65 6E 2E C5 CC 48 65 01 77 61 73 01 73 65 6C 66 69 73 68 2C 01 62 75 74 C8 61 66 74 65 72 01 32 30 30 01 79 65 61 72 73 01 6F 66 01 73 65 72 76 69 6E 67 C8 68 69 6D 2C 01 49 01 73 61 77 01 68 69 73 01 67 6F 6F 64 01 73 69 64 65 01 74 6F 6F 2E C5 CC 4E 6F 77 01 49 01 63 61 6E 01 72 65 70 61 79 01 6D 79 C8 64 65 62 74 01 74 6F 01 79 6F 75 2E 01 59 6F 75 27 6C 6C 01 6C 65 74 01 6D 65 2C 01 72 69 67 68 74 3F C5 CC 54 68 65 6E 01 69 74 27 73 01 73 65 74 74 6C 65 64 2E C8 49 01 6C 6F 6F 6B 01 66 6F 72 77 61 72 64 01 74 6F 01 68 65 6C 70 69 6E 67 C8 79 6F 75 2E 01 41 68 65 6D 2E 2E 2E 01 4E 6F 77 01 74 68 65 6E 2E 2E 2E C0	1CC 033 010 001 01B 084 029 036 017 084 022 01C 001 014 0D8 01A 03D 1C8 01E 028 01D 021 029 001 084 023 012 032 1C8 014 0A9 0A0 025 024 037 02E 01B 022 081 081 081 1C5 1CC 03B 01F 01B 001 068 062 04E 028 154 028 0DC 136 084 022 01C 1C5 1CC 068 062 04E 155 084 015 001 034 031 03C 001 029 01F 01A 039 01F 028 084 022 1C8 03B 01F 01B 032 001 154 028 12D 011 015 036 1C8 0FE 016 029 024 01F 039 01F 028 084 022 01C 084 015 081 081 081 1C5 1CC 024 03D 084 01F 015 001 014 0D8 01A 03D 028 1C8 019 039 015 036 084 015 001 099 025 024 03E 022 001 099 025 024 03E 022 1C8 014 020 021 015 024 011 03D 084 022 01C 035 1C5 1CC 084 022 001 068 062 04E 155 025 001 01F 028 03D 084 022 1C8 0C5 025 001 031 01A 039 038 0C3 025 001 019 019 02E 084 022 1C8 029 019 03D 084 022 032 036 03E 01F 03D 084 022 01C 1C5 1CC 010 03D 024 001 02F 084 015 03E 022 024 091 084 022 032 1C8 004 002 002 0CA 032 001 021 015 013 022 02F 038 023 1C8 018 03E 019 012 001 011 011 023 019 001 010 038 032 03D 084 022 01C 1C5 1CC 014 015 084 018 084 022 001 03B 01F 01B 032 001 014 0D8 01A 03D 025 1C8 014 03D 084 015 013 01B 084 015 001 084 022 016 038 023 011 012 032 028 084 022 01C 1C8 01A 01D 022 017 039 02E 01C 035 027 079 1C5 1CC 084 022 029 001 01E 012 011 012 019 023 084 022 1C8 150 1A6 023 032 001 035 03A 01B 017 1C8 013 078 001 046 05F 06F 001 01E 039 084 022 029 1C0
03	95	0x0395	"<CLEAR>
ドラゴンの像がある<WAIT>
<CLEAR>
像は もう
何も かたろうとしない・・・"	"<CLEAR>There is a dragon statue.<WAIT><CLEAR>The statue has
nothing more to say...<LINE>"			CLEAR WAIT CLEAR NEWLINE LINE END	E9:44AA	D0 54 68 65 72 65 01 69 73 01 61 01 64 72 61 67 6F 6E 01 73 74 61 74 75 65 2E C5 D0 54 68 65 01 73 74 61 74 75 65 01 68 61 73 C8 6E 6F 74 68 69 6E 67 01 6D 6F 72 65 01 74 6F 01 73 61 79 2E 2E 2E C3 C0	1D0 084 055 068 084 04B 06F 028 159 084 015 010 038 1C5 1D0 159 029 001 032 012 1C8 093 032 001 015 01F 03A 012 023 01B 024 011 081 081 081 1C3 1C0
03	96	0x0396	"<SPEAKER>「ひひひひひ・・・
絵を かんせいさせるのじゃ!
いひひひひ<WAIT><SPEAKER>「絵が かんせいすれば
キングバロンさまが あんたを
ここから 出してくださるよ<WAIT><SPEAKER>「いひひひひ・・・・・・
のたれ死にか 絵をかくかじゃ
いひひひひ・・・・・"	"<SPEAKER>Hee hee hee...
Finish the painting!<WAIT><SPEAKER>Once it is complete, King
Baron will let you out of here.<WAIT><SPEAKER>Hee hee... Either finish the
picture or rot here until you die!"			SPEAKER NEWLINE WAIT SPEAKER NEWLINE WAIT SPEAKER NEWLINE END	E9:44ED	CC 48 65 65 01 68 65 65 01 68 65 65 2E 2E 2E C8 46 69 6E 69 73 68 01 74 68 65 01 70 61 69 6E 74 69 6E 67 21 C5 CC 4F 6E 63 65 01 69 74 01 69 73 01 63 6F 6D 70 6C 65 74 65 2C 01 4B 69 6E 67 C8 42 61 72 6F 6E 01 77 69 6C 6C 01 6C 65 74 01 79 6F 75 01 6F 75 74 01 6F 66 01 68 65 72 65 2E C5 CC 48 65 65 01 68 65 65 2E 2E 2E 01 45 69 74 68 65 72 01 66 69 6E 69 73 68 01 74 68 65 C8 70 69 63 74 75 72 65 01 6F 72 01 72 6F 74 01 68 65 72 65 01 75 6E 74 69 6C 01 79 6F 75 01 64 69 65 21 C0	1CC 02A 02A 02A 02A 02A 081 081 081 1C8 191 03C 001 015 03D 01D 011 01A 01D 038 028 084 01B 03F 07A 1C8 011 02A 02A 02A 02A 1C5 1CC 191 084 015 001 015 03D 01D 011 01C 039 084 029 1C8 048 06F 084 049 084 05B 06C 06F 01A 02E 084 015 001 010 03D 01F 03C 1C8 019 019 015 036 001 106 01B 022 017 084 01F 01A 038 035 1C5 1CC 011 02A 02A 02A 02A 081 081 081 081 081 081 1C8 028 01F 039 0D6 025 015 001 191 03C 015 017 015 084 01B 03F 1C8 011 02A 02A 02A 02A 081 081 081 081 081 1C0
03	97	0x0397	"<CLEAR>
みかんせいの 大きな絵がある"	"<CLEAR>There is a large
unfinished painting."			CLEAR NEWLINE END	E9:458E	D0 54 68 65 72 65 01 69 73 01 61 01 6C 61 72 67 65 C8 75 6E 66 69 6E 69 73 68 65 64 01 70 61 69 6E 74 69 6E 67 2E C0	1D0 02F 015 03D 01D 011 028 001 0AC 016 024 191 084 015 010 038 1C0
03	98	0x0398	"<CLEAR>
ろうそくの 絵がある"	<CLEAR>There is a painting of a candle.			CLEAR END	E9:45B5	D0 54 68 65 72 65 01 69 73 01 61 01 70 61 69 6E 74 69 6E 67 01 6F 66 01 61 01 63 61 6E 64 6C 65 2E C0	1D0 03A 012 01E 017 028 001 191 084 015 010 038 1C0
03	99	0x0399	"<CLEAR>
いすの 絵がある"	<CLEAR>There is a painting of a chair.			CLEAR END	E9:45D7	D0 54 68 65 72 65 01 69 73 01 61 01 70 61 69 6E 74 69 6E 67 01 6F 66 01 61 01 63 68 61 69 72 2E C0	1D0 011 01C 028 001 191 084 015 010 038 1C0
03	9A	0x039A	"<CLEAR>
どこかへとつづく 道の絵がある"	"<CLEAR>There is a painting of a
road leading somewhere."			CLEAR NEWLINE END	E9:45F8	D0 54 68 65 72 65 01 69 73 01 61 01 70 61 69 6E 74 69 6E 67 01 6F 66 01 61 C8 72 6F 61 64 01 6C 65 61 64 69 6E 67 01 73 6F 6D 65 77 68 65 72 65 2E C0	1D0 084 023 019 015 02C 023 021 084 021 017 001 0C7 028 191 084 015 010 038 1C0
03	9B	0x039B	"<CLEAR>
宝ばこは あいている"	<CLEAR>The treasure chest is open.			CLEAR END	E9:462A	D0 54 68 65 01 74 72 65 61 73 75 72 65 01 63 68 65 73 74 01 69 73 01 6F 70 65 6E 2E C0	1D0 095 084 029 019 029 001 010 011 022 011 038 1C0
03	9C	0x039C	"<CLEAR>
レディは
500000000エンドル 見つけた"	<CLEAR>Lady found 500,000,000 Endol!			CLEAR END	E9:4647	D0 4C 61 64 79 01 66 6F 75 6E 64 01 35 30 30 2C 30 30 30 2C 30 30 30 01 45 6E 64 6F 6C 21 C0	1D0 06B 084 054 075 029 1C8 007 002 002 002 002 002 002 002 002 045 06F 084 055 06A 001 090 021 018 01F 1C0
03	9D	0x039D	"<CLEAR>
レディは
ひかるビーダマを 4000コ
手に入れた"	"<CLEAR>Lady obtained 4,000
Shining Marbles!"			CLEAR NEWLINE END	E9:4666	D0 4C 61 64 79 01 6F 62 74 61 69 6E 65 64 01 34 2C 30 30 30 C8 53 68 69 6E 69 6E 67 01 4D 61 72 62 6C 65 73 21 C0	1D0 06B 084 054 075 029 1C8 02A 015 038 084 05C 078 084 051 060 03C 001 006 002 002 002 04B 1C8 177 025 08E 039 01F 1C0
03	9E	0x039E	"<CLEAR>
レディは
みなごろしのティーバックを
手に入れた"	"<CLEAR>Lady obtained the
Massacre Teabag!"			CLEAR NEWLINE END	E9:468C	D0 4C 61 64 79 01 6F 62 74 61 69 6E 65 64 01 74 68 65 C8 4D 61 73 73 61 63 72 65 01 54 65 61 62 61 67 21 C0	1D0 06B 084 054 075 029 1C8 02F 024 084 019 03A 01B 028 054 075 078 084 05B 070 049 03C 1C8 177 025 08E 039 01F 1C0
03	9F	0x039F	"<CLEAR>
この像の 向こう側から
カタカタという 音が聞こえる"	"<CLEAR>You hear a rattling sound
from behind this statue."			CLEAR NEWLINE END	E9:46B0	D0 59 6F 75 01 68 65 61 72 01 61 01 72 61 74 74 6C 69 6E 67 01 73 6F 75 6E 64 C8 66 72 6F 6D 01 62 65 68 69 6E 64 01 74 68 69 73 01 73 74 61 74 75 65 2E C0	1D0 019 028 159 028 001 1AB 019 012 0BE 015 036 1C8 047 051 047 051 023 011 012 001 0E0 084 015 0A6 019 013 038 1C0
03	A0	0x03A0	"<CLEAR>
像の 向こう側から
光が もれてきている<WAIT>
<CLEAR>
強い 光のようだ"	"<CLEAR>Light is leaking from
behind the statue.<WAIT><CLEAR>It seems very bright."			CLEAR NEWLINE WAIT CLEAR END	E9:46E4	D0 4C 69 67 68 74 01 69 73 01 6C 65 61 6B 69 6E 67 01 66 72 6F 6D C8 62 65 68 69 6E 64 01 74 68 65 01 73 74 61 74 75 65 2E C5 D0 49 74 01 73 65 65 6D 73 01 76 65 72 79 01 62 72 69 67 68 74 2E C0	1D0 159 028 001 1AB 019 012 0BE 015 036 1C8 14A 084 015 001 032 039 022 016 022 011 038 1C5 1D0 138 011 001 14A 028 035 012 084 01F 1C0
03	A1	0x03A1	"<CLEAR>
像の 向こう側に
きみょうな 道具が 見える"	"<CLEAR>You can see a strange
device behind the statue."			CLEAR NEWLINE END	E9:4725	D0 59 6F 75 01 63 61 6E 01 73 65 65 01 61 01 73 74 72 61 6E 67 65 C8 64 65 76 69 63 65 01 62 65 68 69 6E 64 01 74 68 65 01 73 74 61 74 75 65 2E C0	1D0 159 028 001 1AB 019 012 0BE 025 1C8 016 02F 041 012 024 001 0C7 124 084 015 001 090 013 038 1C0
03	A2	0x03A2	"<CLEAR>
ほこりだらけの 絵がある<WAIT>
<CLEAR>
そうじをすれば 絵が見られそうだ"	"<CLEAR>There is a dust-covered painting.<WAIT><CLEAR>If you clean it, you should
be able to see the picture."			CLEAR WAIT CLEAR NEWLINE END	E9:4756	D0 54 68 65 72 65 01 69 73 01 61 01 64 75 73 74 2D 63 6F 76 65 72 65 64 01 70 61 69 6E 74 69 6E 67 2E C5 D0 49 66 01 79 6F 75 01 63 6C 65 61 6E 01 69 74 2C 01 79 6F 75 01 73 68 6F 75 6C 64 C8 62 65 01 61 62 6C 65 01 74 6F 01 73 65 65 01 74 68 65 01 70 69 63 74 75 72 65 2E C0	1D0 02D 019 037 084 01F 036 018 028 001 191 084 015 010 038 1C5 1D0 01E 012 084 01B 03C 01C 039 084 029 001 191 084 015 090 036 039 01E 012 084 01F 1C0
03	A3	0x03A3	"<CLEAR>
きみょうな 道具が 行いている!
むこうの 部屋に 何かを
うつしているようだ!"	"<CLEAR>A strange device is operating!
It seems to be projecting
something into the next room!"			CLEAR NEWLINE NEWLINE END	E9:47B2	D0 41 01 73 74 72 61 6E 67 65 01 64 65 76 69 63 65 01 69 73 01 6F 70 65 72 61 74 69 6E 67 21 C8 49 74 01 73 65 65 6D 73 01 74 6F 01 62 65 01 70 72 6F 6A 65 63 74 69 6E 67 C8 73 6F 6D 65 74 68 69 6E 67 01 69 6E 74 6F 01 74 68 65 01 6E 65 78 74 01 72 6F 6F 6D 21 C0	1D0 016 02F 041 012 024 001 0C7 124 084 015 001 0B1 011 022 011 038 07A 1C8 030 019 012 028 001 0DA 0B3 025 001 093 015 03C 1C8 012 021 01B 022 011 038 035 012 084 01F 07A 1C0
03	A4	0x03A4	"<CLEAR>
きみょうな 道具は とまっている・・・"	<CLEAR>The strange device is stopped...			CLEAR END	E9:480A	D0 54 68 65 01 73 74 72 61 6E 67 65 01 64 65 76 69 63 65 01 69 73 01 73 74 6F 70 70 65 64 2E 2E 2E C0	1D0 016 02F 041 012 024 001 0C7 124 029 001 023 02E 03E 022 011 038 081 081 081 1C0
03	A5	0x03A5	"<CLEAR>
くらやみの中に スイッチがある
おしてみますか?"	"<CLEAR>There is a switch in
the darkness. Press it?"			CLEAR NEWLINE END	E9:482C	D0 54 68 65 72 65 01 69 73 01 61 01 73 77 69 74 63 68 01 69 6E C8 74 68 65 01 64 61 72 6B 6E 65 73 73 2E 01 50 72 65 73 73 01 69 74 3F C0	1D0 017 036 033 02F 028 0A1 025 001 04E 043 070 052 084 015 010 038 1C8 014 01B 022 02F 02E 01C 015 079 1C0
03	A6	0x03A6	"<CLEAR>
レディは スイッチを おした!"	<CLEAR>Lady presses the switch!			CLEAR END	E9:485A	D0 4C 61 64 79 01 70 72 65 73 73 65 73 01 74 68 65 01 73 77 69 74 63 68 21 C0	1D0 06B 084 054 075 029 001 04E 043 070 052 03C 001 014 01B 01F 07A 1C0
03	A7	0x03A7	"<CLEAR>
スイッチがある
スイッチはおされている"	"<CLEAR>There is a switch here. It
has already been pressed."			CLEAR NEWLINE END	E9:4874	D0 54 68 65 72 65 01 69 73 01 61 01 73 77 69 74 63 68 01 68 65 72 65 2E 01 49 74 C8 68 61 73 01 61 6C 72 65 61 64 79 01 62 65 65 6E 01 70 72 65 73 73 65 64 2E C0	1D0 04E 043 070 052 084 015 010 038 1C8 04E 043 070 052 029 014 01A 039 022 011 038 1C0
03	A8	0x03A8	"<CLEAR>
レディは くらやみを
探ってみたが ここには
何も ないようだ"	"<CLEAR>Lady feels around in
the darkness, but there
seems to be nothing here."			CLEAR NEWLINE NEWLINE END	E9:48AA	D0 4C 61 64 79 01 66 65 65 6C 73 01 61 72 6F 75 6E 64 01 69 6E C8 74 68 65 01 64 61 72 6B 6E 65 73 73 2C 01 62 75 74 01 74 68 65 72 65 C8 73 65 65 6D 73 01 74 6F 01 62 65 01 6E 6F 74 68 69 6E 67 01 68 65 72 65 2E C0	1D0 06B 084 054 075 029 001 017 036 033 02F 03C 1C8 184 03E 022 02F 01F 084 015 001 019 019 025 029 1C8 093 032 001 024 011 035 012 084 01F 1C0
03	A9	0x03A9	"<SPEAKER>「ああ お嬢さん ごぶじでしたか
それは なにより・・・
わたし ラムスの塔の神官ですよ<WAIT><SPEAKER>「このあたりの ひどい
だんがいぜっぺきは とても 人間の
しのびこめる所では ありませんが<WAIT><SPEAKER>「ほら わたし ごらんの通りですから<WAIT><SPEAKER>「ひとつだけ あいている
まどを 見つけたので
入ってきてしまいました<WAIT><SPEAKER>「ちょっと こわかったですけど
いまさら 命の しんぱいをしても
しかたありませんしね・・・はは・・・"	"<SPEAKER>Ah, young lady! You
are safe. What a relief. I am
a priest from Ramus Tower.<WAIT><SPEAKER>These sheer cliffs
are impossible for an
ordinary human to cross.<WAIT><SPEAKER>But as you can
see, I am not human.<WAIT><SPEAKER>I found one open window
and slipped inside through it.<WAIT><SPEAKER>It was a little frightening,
but worrying about my life
now would be pointless. Ha ha..."			SPEAKER NEWLINE NEWLINE WAIT SPEAKER NEWLINE NEWLINE WAIT SPEAKER NEWLINE WAIT SPEAKER NEWLINE WAIT SPEAKER NEWLINE NEWLINE END	E9:48F2	CC 41 68 2C 01 79 6F 75 6E 67 01 6C 61 64 79 21 01 59 6F 75 C8 61 72 65 01 73 61 66 65 2E 01 57 68 61 74 01 61 01 72 65 6C 69 65 66 2E 01 49 01 61 6D C8 61 01 70 72 69 65 73 74 01 66 72 6F 6D 01 52 61 6D 75 73 01 54 6F 77 65 72 2E C5 CC 54 68 65 73 65 01 73 68 65 65 72 01 63 6C 69 66 66 73 C8 61 72 65 01 69 6D 70 6F 73 73 69 62 6C 65 01 66 6F 72 01 61 6E C8 6F 72 64 69 6E 61 72 79 01 68 75 6D 61 6E 01 74 6F 01 63 72 6F 73 73 2E C5 CC 42 75 74 01 61 73 01 79 6F 75 01 63 61 6E C8 73 65 65 2C 01 49 01 61 6D 01 6E 6F 74 01 68 75 6D 61 6E 2E C5 CC 49 01 66 6F 75 6E 64 01 6F 6E 65 01 6F 70 65 6E 01 77 69 6E 64 6F 77 C8 61 6E 64 01 73 6C 69 70 70 65 64 01 69 6E 73 69 64 65 01 74 68 72 6F 75 67 68 01 69 74 2E C5 CC 49 74 01 77 61 73 01 61 01 6C 69 74 74 6C 65 01 66 72 69 67 68 74 65 6E 69 6E 67 2C C8 62 75 74 01 77 6F 72 72 79 69 6E 67 01 61 62 6F 75 74 01 6D 79 01 6C 69 66 65 C8 6E 6F 77 01 77 6F 75 6C 64 01 62 65 01 70 6F 69 6E 74 6C 65 73 73 2E 01 48 61 01 68 61 2E 2E 2E C0	1CC 010 010 001 014 0D8 01A 03D 001 084 019 084 02B 084 01B 084 022 01B 01F 015 1C8 01E 039 029 001 024 025 035 037 081 081 081 1C8 03B 01F 01B 001 068 062 04E 028 154 028 0DC 136 084 022 01C 035 1C5 1CC 019 028 010 01F 037 028 001 02A 084 023 011 1C8 084 01F 03D 084 015 011 084 01D 03E 083 02C 016 029 001 023 022 032 001 091 0E3 028 1C8 01B 028 084 02A 019 031 038 12F 084 022 029 001 010 037 02E 01D 03D 084 015 1C5 1CC 02D 036 001 03B 01F 01B 001 084 019 036 03D 028 12E 037 084 022 01C 015 036 1C5 1CC 02A 023 021 084 01F 018 001 010 011 022 011 038 1C8 02E 084 023 03C 001 090 021 018 01F 028 084 022 1C8 08E 03E 022 016 022 01B 02E 011 02E 01B 01F 1C5 1CC 020 041 03E 023 001 019 03B 015 03E 01F 084 022 01C 018 084 023 1C8 011 02E 01A 036 001 0EE 028 001 01B 03D 083 029 011 03C 01B 022 032 1C8 01B 015 01F 010 037 02E 01D 03D 01B 027 081 081 081 029 029 081 081 081 1C0
03	AA	0x03AA	"<SPEAKER>「ここは 古き伝説の館
何千年もの間 たちいる人間の
なかった場所・・・<WAIT><SPEAKER>「おたがい 大変な所に
来てしまったものですが
神のしもべが お力になれますか?"	"<SPEAKER>This is the Hall of
Ancient Legend, untouched by
humans for thousands of years...<WAIT><SPEAKER>We have both come
somewhere dangerous. Can this
servant of God be of help?"			SPEAKER NEWLINE NEWLINE WAIT SPEAKER NEWLINE NEWLINE END	E9:4A3A	CC 54 68 69 73 01 69 73 01 74 68 65 01 48 61 6C 6C 01 6F 66 C8 41 6E 63 69 65 6E 74 01 4C 65 67 65 6E 64 2C 01 75 6E 74 6F 75 63 68 65 64 01 62 79 C8 68 75 6D 61 6E 73 01 66 6F 72 01 74 68 6F 75 73 61 6E 64 73 01 6F 66 01 79 65 61 72 73 2E 2E 2E C5 CC 57 65 01 68 61 76 65 01 62 6F 74 68 01 63 6F 6D 65 C8 73 6F 6D 65 77 68 65 72 65 01 64 61 6E 67 65 72 6F 75 73 2E 01 43 61 6E 01 74 68 69 73 C8 73 65 72 76 61 6E 74 01 6F 66 01 47 6F 64 01 62 65 01 6F 66 01 68 65 6C 70 3F C0	1CC 019 019 029 001 096 016 092 08F 028 0A3 1C8 093 0BC 0CA 032 028 0E3 001 01F 020 011 038 091 0E3 028 1C8 024 015 03E 01F 0A5 12F 081 081 081 1C5 1CC 014 01F 084 015 011 001 0AC 178 024 12F 025 1C8 097 022 01B 02E 03E 01F 032 028 084 022 01C 084 015 1C8 0DC 028 01B 032 084 02C 084 015 001 014 107 025 024 039 02E 01C 015 079 1C0
03	AB	0x03AB	"<CLEAR>
 ↖ エンジェルロック
 ↘ バロンの塔"	"<CLEAR>NW: ANGEL ROCK
SE: BARON TOWER"			CLEAR NEWLINE END	E9:4AD9	D0 4E 57 3A 01 41 4E 47 45 4C 01 52 4F 43 4B C8 53 45 3A 01 42 41 52 4F 4E 01 54 4F 57 45 52 C0	1D0 001 1A1 001 045 06F 084 04D 076 06A 06C 070 049 1C8 001 1A0 001 084 05B 06C 06F 028 154 1C0
03	AC	0x03AC	"<CLEAR>
大きな ガラスがある
たいあたりをすれば つきやぶれそうだ"	"<CLEAR>There is a large pane of
glass. A running charge
could break through it."			CLEAR NEWLINE NEWLINE END	E9:4AF9	D0 54 68 65 72 65 01 69 73 01 61 01 6C 61 72 67 65 01 70 61 6E 65 01 6F 66 C8 67 6C 61 73 73 2E 01 41 01 72 75 6E 6E 69 6E 67 01 63 68 61 72 67 65 C8 63 6F 75 6C 64 01 62 72 65 61 6B 01 74 68 72 6F 75 67 68 01 69 74 2E C0	1D0 0AC 016 024 001 084 047 068 04E 084 015 010 038 1C8 01F 011 010 01F 037 03C 01C 039 084 029 001 021 016 033 084 02B 039 01E 012 084 01F 1C0
03	AD	0x03AD	"<CLEAR>
大きな ガラスがある
たいあたりをすれば つきやぶれそうだ<WAIT>
<CLEAR>
・・・だが ダッシュするほど
ひろさに よゆうがないようだ"	"<CLEAR>There is a large pane of
glass. A running charge
could break through it.<WAIT><CLEAR>...But there is not enough
room to build up a dash.<LINE>"			CLEAR NEWLINE NEWLINE WAIT CLEAR NEWLINE LINE END	E9:4B43	D0 54 68 65 72 65 01 69 73 01 61 01 6C 61 72 67 65 01 70 61 6E 65 01 6F 66 C8 67 6C 61 73 73 2E 01 41 01 72 75 6E 6E 69 6E 67 01 63 68 61 72 67 65 C8 63 6F 75 6C 64 01 62 72 65 61 6B 01 74 68 72 6F 75 67 68 01 69 74 2E C5 D0 2E 2E 2E 42 75 74 01 74 68 65 72 65 01 69 73 01 6E 6F 74 01 65 6E 6F 75 67 68 C8 72 6F 6F 6D 01 74 6F 01 62 75 69 6C 64 01 75 70 01 61 01 64 61 73 68 2E C3 C0	1D0 0AC 016 024 001 084 047 068 04E 084 015 010 038 1C8 01F 011 010 01F 037 03C 01C 039 084 029 001 021 016 033 084 02B 039 01E 012 084 01F 1C5 1D0 081 081 081 084 01F 084 015 001 084 051 070 04D 072 01C 038 02D 084 023 1C8 02A 03A 01A 025 001 035 034 012 084 015 024 011 035 012 084 01F 1C3 1C0
03	AE	0x03AE	"<CLEAR>
「わるフェアリー
と かいてある"	"<CLEAR>""BAD FAIRY"" is written here."			CLEAR END	E9:4BC3	D0 22 42 41 44 01 46 41 49 52 59 22 01 69 73 01 77 72 69 74 74 65 6E 01 68 65 72 65 2E C0	1D0 07D 03B 038 05D 076 042 069 078 1C8 023 001 015 011 022 010 038 1C0
03	AF	0x03AF	"<SPEAKER>「キイキイ たすけてくれよう!
ジェ ジェイビーさまに
とじこめられたんだ<WAIT><SPEAKER>「ぼく ジェイビーさまの
めいれいどおりに 人間を
おそっていたのに!<WAIT><SPEAKER>「なんで こんな ひどいめに
あわなきゃいけないんだよー"	"<SPEAKER>Eeek! Help me! L-Lord
J.B. locked me in here!<WAIT><SPEAKER>I attacked humans exactly
like Lord J.B. ordered me to!<WAIT><SPEAKER>Why do I deserve
something this horrible?!"			SPEAKER NEWLINE WAIT SPEAKER NEWLINE WAIT SPEAKER NEWLINE END	E9:4BE1	CC 45 65 65 6B 21 01 48 65 6C 70 01 6D 65 21 01 4C 2D 4C 6F 72 64 C8 4A 2E 42 2E 01 6C 6F 63 6B 65 64 01 6D 65 01 69 6E 01 68 65 72 65 21 C5 CC 49 01 61 74 74 61 63 6B 65 64 01 68 75 6D 61 6E 73 01 65 78 61 63 74 6C 79 C8 6C 69 6B 65 01 4C 6F 72 64 01 4A 2E 42 2E 01 6F 72 64 65 72 65 64 01 6D 65 01 74 6F 21 C5 CC 57 68 79 01 64 6F 01 49 01 64 65 73 65 72 76 65 C8 73 6F 6D 65 74 68 69 6E 67 01 74 68 69 73 01 68 6F 72 72 69 62 6C 65 3F 21 C0	1CC 048 043 048 043 001 01F 01C 018 022 017 039 035 012 07A 1C8 084 04D 076 001 084 04D 076 043 084 05C 078 01A 02E 025 1C8 023 084 01B 019 031 036 039 01F 03D 084 01F 1C5 1CC 084 02D 017 001 084 04D 076 043 084 05C 078 01A 02E 028 1C8 031 011 039 011 084 023 014 037 025 001 091 0E3 03C 1C8 014 01E 03E 022 011 01F 028 025 07A 1C5 1CC 024 03D 084 022 001 019 03D 024 001 02A 084 023 011 031 025 1C8 010 03B 024 016 03F 011 018 024 011 03D 084 01F 035 078 1C0
03	B0	0x03B0	"<SPEAKER>「キイキイ おいトマトン!
おまえ こんなとこに いちゃ
いけないよ!<WAIT><SPEAKER>「ちょっと みぎのほうに
からっぽの おりが あるだろ?
おまえの なかまが いたんだよ<WAIT><SPEAKER>「ついさっき えたいのしれない
きかいに すいこまれて
どこかへ いっちまったんだよー"	"<SPEAKER>Eeek! Hey, Tomaton!
You should not be in here!<WAIT><SPEAKER>See the empty cage
a little to the right? One
of your kind was in there.<WAIT><SPEAKER>Just now, some
strange machine sucked it
up and carried it away!"			SPEAKER NEWLINE WAIT SPEAKER NEWLINE NEWLINE WAIT SPEAKER NEWLINE NEWLINE END	E9:4C75	CC 45 65 65 6B 21 01 48 65 79 2C 01 54 6F 6D 61 74 6F 6E 21 C8 59 6F 75 01 73 68 6F 75 6C 64 01 6E 6F 74 01 62 65 01 69 6E 01 68 65 72 65 21 C5 CC 53 65 65 01 74 68 65 01 65 6D 70 74 79 01 63 61 67 65 C8 61 01 6C 69 74 74 6C 65 01 74 6F 01 74 68 65 01 72 69 67 68 74 3F 01 4F 6E 65 C8 6F 66 01 79 6F 75 72 01 6B 69 6E 64 01 77 61 73 01 69 6E 01 74 68 65 72 65 2E C5 CC 4A 75 73 74 01 6E 6F 77 2C 01 73 6F 6D 65 C8 73 74 72 61 6E 67 65 01 6D 61 63 68 69 6E 65 01 73 75 63 6B 65 64 01 69 74 C8 75 70 01 61 6E 64 01 63 61 72 72 69 65 64 01 69 74 01 61 77 61 79 21 C0	1CC 048 043 048 043 001 014 011 055 060 055 06F 07A 1C8 014 02E 013 001 019 03D 024 023 019 025 001 011 020 03F 1C8 011 018 024 011 035 07A 1C5 1CC 020 041 03E 023 001 02F 084 016 028 02D 012 025 1C8 015 036 03E 083 02D 028 001 014 037 084 015 001 010 038 084 01F 03A 079 1C8 014 02E 013 028 001 024 015 02E 084 015 001 011 01F 03D 084 01F 035 1C5 1CC 021 011 01A 03E 016 001 013 01F 011 028 01B 039 024 011 1C8 016 015 011 025 001 01C 011 019 02E 039 022 1C8 084 023 019 015 02C 001 011 03E 020 02E 03E 01F 03D 084 01F 035 078 1C0
03	B1	0x03B1	"<CLEAR>
「ベビーバロン
と かいてある"	"<CLEAR>""BABY BARON"" is written here."			CLEAR END	E9:4D31	D0 22 42 41 42 59 01 42 41 52 4F 4E 22 01 69 73 01 77 72 69 74 74 65 6E 01 68 65 72 65 2E C0	1D0 07D 084 05E 084 05C 078 084 05B 06C 06F 1C8 023 001 015 011 022 010 038 1C0
03	B2	0x03B2	"<SPEAKER>「ぼくたちは バカだったよ!<WAIT><SPEAKER>「ジェイビーさまを しんじて
つくしてきたのに このざまさ!<WAIT><SPEAKER>「古代の装置が 復活したとたん
ぼくたちは 実験ざいりょうさ!
ふん わらいたければ わらえよ!<WAIT><SPEAKER>「え? 古代の装置の場所?
さあね この塔の どこかから
行けるらしいけど しらないね"	"<SPEAKER>We were fools!<WAIT><SPEAKER>We trusted Lord J.B.,
served him, and look at us now!<WAIT><SPEAKER>Once the ancient
device worked, we became
test subjects! Go ahead, laugh!<WAIT><SPEAKER>Where is it? I don't
know. Somewhere in this
tower leads there, apparently."			SPEAKER WAIT SPEAKER NEWLINE WAIT SPEAKER NEWLINE NEWLINE WAIT SPEAKER NEWLINE NEWLINE END	E9:4D50	CC 57 65 01 77 65 72 65 01 66 6F 6F 6C 73 21 C5 CC 57 65 01 74 72 75 73 74 65 64 01 4C 6F 72 64 01 4A 2E 42 2E 2C C8 73 65 72 76 65 64 01 68 69 6D 2C 01 61 6E 64 01 6C 6F 6F 6B 01 61 74 01 75 73 01 6E 6F 77 21 C5 CC 4F 6E 63 65 01 74 68 65 01 61 6E 63 69 65 6E 74 C8 64 65 76 69 63 65 01 77 6F 72 6B 65 64 2C 01 77 65 01 62 65 63 61 6D 65 C8 74 65 73 74 01 73 75 62 6A 65 63 74 73 21 01 47 6F 01 61 68 65 61 64 2C 01 6C 61 75 67 68 21 C5 CC 57 68 65 72 65 01 69 73 01 69 74 3F 01 49 01 64 6F 6E 27 74 C8 6B 6E 6F 77 2E 01 53 6F 6D 65 77 68 65 72 65 01 69 6E 01 74 68 69 73 C8 74 6F 77 65 72 01 6C 65 61 64 73 01 74 68 65 72 65 2C 01 61 70 70 61 72 65 6E 74 6C 79 2E C0	1CC 084 02D 017 01F 020 029 001 084 05B 047 084 01F 03E 01F 035 07A 1C5 1CC 084 04D 076 043 084 05C 078 01A 02E 03C 001 01B 03D 084 01B 022 1C8 021 017 01B 022 016 01F 028 025 001 019 028 084 01A 02E 01A 07A 1C5 1CC 096 09F 028 0C2 19F 084 015 001 18B 0B4 01B 01F 023 01F 03D 1C8 084 02D 017 01F 020 029 001 0DD 0F3 084 01A 011 037 041 012 01A 07A 1C8 02B 03D 001 03B 036 011 01F 018 039 084 029 001 03B 036 013 035 07A 1C5 1CC 013 079 001 096 09F 028 0C2 19F 028 0A5 12F 079 1C8 01A 010 027 001 019 028 154 028 001 084 023 019 015 015 036 1C8 08D 018 038 036 01B 011 018 084 023 001 01B 036 024 011 027 1C0
03	B3	0x03B3	"<CLEAR>
「スナイパー
と かいてある"	"<CLEAR>""SNIPER"" is written here."			CLEAR END	E9:4E2F	D0 22 53 4E 49 50 45 52 22 01 69 73 01 77 72 69 74 74 65 6E 01 68 65 72 65 2E C0	1D0 07D 04E 056 043 083 05B 078 1C8 023 001 015 011 022 010 038 1C0
03	B4	0x03B4	"<SPEAKER>「ひでえこと しやがるよ はふはふ<WAIT><SPEAKER>「ジェイビーさまが 水の中の
魔物が りくの上で どれくらい
生きられるかって はふはふはふ<WAIT><SPEAKER>「いきなり こんなとこへ
入れるんだよ
たすけてくれー はふはふはふ"	"<SPEAKER>This is
horrible... Gasp, gasp...<WAIT><SPEAKER>Lord J.B. wanted to
see how long water monsters
could survive on land.<WAIT><SPEAKER>So he just threw me
in here! Help me! Gasp, gasp!"			SPEAKER NEWLINE WAIT SPEAKER NEWLINE NEWLINE WAIT SPEAKER NEWLINE END	E9:4E4A	CC 54 68 69 73 01 69 73 C8 68 6F 72 72 69 62 6C 65 2E 2E 2E 01 47 61 73 70 2C 01 67 61 73 70 2E 2E 2E C5 CC 4C 6F 72 64 01 4A 2E 42 2E 01 77 61 6E 74 65 64 01 74 6F C8 73 65 65 01 68 6F 77 01 6C 6F 6E 67 01 77 61 74 65 72 01 6D 6F 6E 73 74 65 72 73 C8 63 6F 75 6C 64 01 73 75 72 76 69 76 65 01 6F 6E 01 6C 61 6E 64 2E C5 CC 53 6F 01 68 65 01 6A 75 73 74 01 74 68 72 65 77 01 6D 65 C8 69 6E 01 68 65 72 65 21 01 48 65 6C 70 01 6D 65 21 01 47 61 73 70 2C 01 67 61 73 70 21 C0	1CC 02A 084 022 013 019 023 001 01B 033 084 015 038 035 001 029 02B 029 02B 1C5 1CC 084 04D 076 043 084 05C 078 01A 02E 084 015 001 0B2 028 0A1 028 1C8 09A 08B 084 015 001 037 017 028 128 084 022 001 084 023 039 017 036 011 1C8 09B 016 036 039 038 015 03E 022 001 029 02B 029 02B 029 02B 1C5 1CC 011 016 024 037 001 019 03D 024 023 019 02C 1C8 08E 039 038 03D 084 01F 035 1C8 01F 01C 018 022 017 039 078 001 029 02B 029 02B 029 02B 1C0
03	B5	0x03B5	"<CLEAR>
「ジャンボトマト
と かいてある"	"<CLEAR>""JUMBO TOMATO"" is written here."			CLEAR END	E9:4EE8	D0 22 4A 55 4D 42 4F 01 54 4F 4D 41 54 4F 22 01 69 73 01 77 72 69 74 74 65 6E 01 68 65 72 65 2E C0	1D0 07D 084 04D 071 06F 084 05F 055 060 055 1C8 023 001 015 011 022 010 038 1C0
03	B6	0x03B6	"<SPEAKER>「ぐぎゃー ぐぎゃあ
ぐぎぎぎ ぎゃーすっ
ぐぎ どろどろどろ"	"<SPEAKER>Gyaaah... Gyaaaah...
Grrr... GYAAH! Gurgle... gurgle..."			SPEAKER NEWLINE END	E9:4F09	CC 47 79 61 61 61 68 2E 2E 2E 01 47 79 61 61 61 61 68 2E 2E 2E C8 47 72 72 72 2E 2E 2E 01 47 59 41 41 48 21 01 47 75 72 67 6C 65 2E 2E 2E 01 67 75 72 67 6C 65 2E 2E 2E C0	1CC 084 017 084 016 03F 078 001 084 017 084 016 03F 010 1C8 084 017 084 016 084 016 084 016 001 084 016 03F 078 01C 03E 1C8 084 017 084 016 001 084 023 03A 084 023 03A 084 023 03A 1C0
03	B7	0x03B7	"<CLEAR>
かんぜんに 目が 死んでいる
何か くすりのような物を
のまされているようだ"	"<CLEAR>Its eyes are completely dead.
It seems to have been forced
to drink some kind of drug."			CLEAR NEWLINE NEWLINE END	E9:4F42	D0 49 74 73 01 65 79 65 73 01 61 72 65 01 63 6F 6D 70 6C 65 74 65 6C 79 01 64 65 61 64 2E C8 49 74 01 73 65 65 6D 73 01 74 6F 01 68 61 76 65 01 62 65 65 6E 01 66 6F 72 63 65 64 C8 74 6F 01 64 72 69 6E 6B 01 73 6F 6D 65 01 6B 69 6E 64 01 6F 66 01 64 72 75 67 2E C0	1D0 015 03D 084 01D 03D 025 001 0B6 084 015 001 0D6 03D 084 022 011 038 1C8 093 015 001 017 01C 037 028 035 012 024 08B 03C 1C8 028 02E 01A 039 022 011 038 035 012 084 01F 1C0
03	B8	0x03B8	"<CLEAR>
「トマトン
と かいてある"	"<CLEAR>""TOMATON"" is written here."			CLEAR END	E9:4F9A	D0 22 54 4F 4D 41 54 4F 4E 22 01 69 73 01 77 72 69 74 74 65 6E 01 68 65 72 65 2E C0	1D0 07D 055 060 055 06F 1C8 023 001 015 011 022 010 038 1C0
03	B9	0x03B9	"<CLEAR>
「ゴールドトマト
と かいてある"	"<CLEAR>""GOLD TOMATO"" is written here."			CLEAR END	E9:4FB6	D0 22 47 4F 4C 44 01 54 4F 4D 41 54 4F 22 01 69 73 01 77 72 69 74 74 65 6E 01 68 65 72 65 2E C0	1D0 07D 084 04B 078 06A 084 055 055 060 055 1C8 023 001 015 011 022 010 038 1C0
03	BA	0x03BA	"<SPEAKER>「われこそは トマトン大王
ポンム・ド・ロワ二世である!"	"<SPEAKER>I am the great King
of Tomatons, Pomme de Roi II!"			SPEAKER NEWLINE END	E9:4FD6	CC 49 01 61 6D 01 74 68 65 01 67 72 65 61 74 01 4B 69 6E 67 C8 6F 66 01 54 6F 6D 61 74 6F 6E 73 2C 01 50 6F 6D 6D 65 01 64 65 01 52 6F 69 01 49 49 21 C0	1CC 03B 039 019 01E 029 001 055 060 055 06F 0AC 155 1C8 083 05F 06F 062 081 084 055 081 06C 06D 189 0A9 084 022 010 038 07A 1C0
03	BB	0x03BB	"<SPEAKER>「ながらく とじこめられておる!
いちぞくの昔に 会いたいのう!"	"<SPEAKER>I have been imprisoned
here for far too long! I long to
see the members of my clan!"			SPEAKER NEWLINE NEWLINE END	E9:5009	CC 49 01 68 61 76 65 01 62 65 65 6E 01 69 6D 70 72 69 73 6F 6E 65 64 C8 68 65 72 65 01 66 6F 72 01 66 61 72 01 74 6F 6F 01 6C 6F 6E 67 21 01 49 01 6C 6F 6E 67 01 74 6F C8 73 65 65 01 74 68 65 01 6D 65 6D 62 65 72 73 01 6F 66 01 6D 79 01 63 6C 61 6E 21 C0	1CC 024 084 015 036 017 001 023 084 01B 019 031 036 039 022 014 038 07A 1C8 011 020 084 01E 017 028 0A7 025 001 11E 011 01F 011 028 012 07A 1C0
03	BC	0x03BC	"<SPEAKER>「ある昔は 戦いにたおれ
またある昔は 実験ざいりょう
にされて・・・・<WAIT><SPEAKER>「わしら ゴールドトマトも
いまや ぜつめつすんぜんと
なってしまった!<WAIT><SPEAKER>「わしも このありさまでは
もはや みらいは くらいと
いわざるをえん!<WAIT><SPEAKER>「心残りは 王家のあかし
この チャイナブーツの
ことなのだ・・・"	"<SPEAKER>Some fell in battle. Others
were used as test subjects...<WAIT><SPEAKER>Now we Gold
Tomatoes are on the
very brink of extinction!<WAIT><SPEAKER>With me reduced
to this state, I must admit
our future looks grim.<WAIT><SPEAKER>My one regret
concerns this symbol of the
royal line: the China Boots..."			SPEAKER NEWLINE WAIT SPEAKER NEWLINE NEWLINE WAIT SPEAKER NEWLINE NEWLINE WAIT SPEAKER NEWLINE NEWLINE END	E9:505E	CC 53 6F 6D 65 01 66 65 6C 6C 01 69 6E 01 62 61 74 74 6C 65 2E 01 4F 74 68 65 72 73 C8 77 65 72 65 01 75 73 65 64 01 61 73 01 74 65 73 74 01 73 75 62 6A 65 63 74 73 2E 2E 2E C5 CC 4E 6F 77 01 77 65 01 47 6F 6C 64 C8 54 6F 6D 61 74 6F 65 73 01 61 72 65 01 6F 6E 01 74 68 65 C8 76 65 72 79 01 62 72 69 6E 6B 01 6F 66 01 65 78 74 69 6E 63 74 69 6F 6E 21 C5 CC 57 69 74 68 01 6D 65 01 72 65 64 75 63 65 64 C8 74 6F 01 74 68 69 73 01 73 74 61 74 65 2C 01 49 01 6D 75 73 74 01 61 64 6D 69 74 C8 6F 75 72 01 66 75 74 75 72 65 01 6C 6F 6F 6B 73 01 67 72 69 6D 2E C5 CC 4D 79 01 6F 6E 65 01 72 65 67 72 65 74 C8 63 6F 6E 63 65 72 6E 73 01 74 68 69 73 01 73 79 6D 62 6F 6C 01 6F 66 01 74 68 65 C8 72 6F 79 61 6C 01 6C 69 6E 65 3A 01 74 68 65 01 43 68 69 6E 61 01 42 6F 6F 74 73 2E 2E 2E C0	1CC 010 038 0A7 029 001 10D 011 025 01F 014 039 1C8 02E 01F 010 038 0A7 029 001 0DD 0F3 084 01A 011 037 041 012 1C8 025 01A 039 022 081 081 081 081 1C5 1CC 03B 01B 036 001 084 04B 078 06A 084 055 055 060 055 032 1C8 011 02E 033 001 084 01D 021 031 021 01C 03D 084 01D 03D 023 1C8 024 03E 022 01B 02E 03E 01F 07A 1C5 1CC 03B 01B 032 001 019 028 010 037 01A 02E 084 022 029 1C8 032 029 033 001 02F 036 011 029 001 017 036 011 023 1C8 011 03B 084 01A 038 03C 013 03D 07A 1C5 1CC 0D4 142 037 029 001 155 161 028 010 015 01B 1C8 019 028 001 052 071 043 056 084 05D 078 053 028 1C8 019 023 024 028 084 01F 081 081 081 1C0
03	BD	0x03BD	"<SPEAKER>「そこな ゆうかんなる わかき
ゴールドトマトよ! このブーツを
たくされてくれぬか?"	"<SPEAKER>Brave young Gold
Tomato! Will you accept
these boots from me?"			SPEAKER NEWLINE NEWLINE END	E9:5162	CC 42 72 61 76 65 01 79 6F 75 6E 67 01 47 6F 6C 64 C8 54 6F 6D 61 74 6F 21 01 57 69 6C 6C 01 79 6F 75 01 61 63 63 65 70 74 C8 74 68 65 73 65 01 62 6F 6F 74 73 01 66 72 6F 6D 01 6D 65 3F C0	1CC 01E 019 024 001 034 012 015 03D 024 038 001 03B 015 016 1C8 084 04B 078 06A 084 055 055 060 055 035 07A 001 019 028 084 05D 078 053 03C 1C8 01F 017 01A 039 022 017 039 026 015 079 1C0
03	BE	0x03BE	<SPEAKER>「装備させて しんぜようか?	"<SPEAKER>Shall I equip
them for you?"			SPEAKER NEWLINE END	E9:51A1	CC 53 68 61 6C 6C 01 49 01 65 71 75 69 70 C8 74 68 65 6D 01 66 6F 72 01 79 6F 75 3F C0	1CC 0C2 0C4 01A 01D 022 001 01B 03D 084 01D 035 012 015 079 1C0
03	BF	0x03BF	"<SPEAKER>「かつて トマトンと 人間は
なかよく くらしていた・・・<WAIT><SPEAKER>「今となっては しんじられぬような
話ではある・・・<WAIT><SPEAKER>「しかし チャイナブーツこそ
伝説の時代の トマトンと 人間の
ゆうじょうの あかし!<WAIT><SPEAKER>「チャイナブーツあるかぎり
いつか ふたたび そのような
時代が 来るかもしれぬ!<WAIT><SPEAKER>「わしのことは 気にせず
行くがよい! チャイナブーツを
まだ来ぬ世代に つたえるのだ!"	"<SPEAKER>Long ago, Tomatons
and humans lived as friends...<WAIT><SPEAKER>Hard to believe now...<WAIT><SPEAKER>But the China
Boots prove their friendship
in the age of legend!<WAIT><SPEAKER>As long as they survive,
perhaps that age can return!<WAIT><SPEAKER>Don't worry about me.
Go! Carry the China Boots
to generations yet to come!"			SPEAKER NEWLINE WAIT SPEAKER WAIT SPEAKER NEWLINE NEWLINE WAIT SPEAKER NEWLINE WAIT SPEAKER NEWLINE NEWLINE END	E9:51BE	CC 4C 6F 6E 67 01 61 67 6F 2C 01 54 6F 6D 61 74 6F 6E 73 C8 61 6E 64 01 68 75 6D 61 6E 73 01 6C 69 76 65 64 01 61 73 01 66 72 69 65 6E 64 73 2E 2E 2E C5 CC 48 61 72 64 01 74 6F 01 62 65 6C 69 65 76 65 01 6E 6F 77 2E 2E 2E C5 CC 42 75 74 01 74 68 65 01 43 68 69 6E 61 C8 42 6F 6F 74 73 01 70 72 6F 76 65 01 74 68 65 69 72 01 66 72 69 65 6E 64 73 68 69 70 C8 69 6E 01 74 68 65 01 61 67 65 01 6F 66 01 6C 65 67 65 6E 64 21 C5 CC 41 73 01 6C 6F 6E 67 01 61 73 01 74 68 65 79 01 73 75 72 76 69 76 65 2C C8 70 65 72 68 61 70 73 01 74 68 61 74 01 61 67 65 01 63 61 6E 01 72 65 74 75 72 6E 21 C5 CC 44 6F 6E 27 74 01 77 6F 72 72 79 01 61 62 6F 75 74 01 6D 65 2E C8 47 6F 21 01 43 61 72 72 79 01 74 68 65 01 43 68 69 6E 61 01 42 6F 6F 74 73 C8 74 6F 01 67 65 6E 65 72 61 74 69 6F 6E 73 01 79 65 74 01 74 6F 01 63 6F 6D 65 21 C0	1CC 015 021 022 001 055 060 055 06F 023 001 091 0E3 029 1C8 024 015 035 017 001 017 036 01B 022 011 01F 081 081 081 1C5 1CC 150 023 024 03E 022 029 001 01B 03D 084 01B 036 039 026 035 012 024 1C8 0A0 084 022 029 010 038 081 081 081 1C5 1CC 01B 015 01B 001 052 071 043 056 084 05D 078 053 019 01E 1C8 092 08F 028 164 09F 028 001 055 060 055 06F 023 001 091 0E3 028 1C8 034 012 084 01B 041 012 028 001 010 015 01B 07A 1C5 1CC 052 071 043 056 084 05D 078 053 010 038 015 084 016 037 1C8 011 021 015 001 02B 01F 01F 084 02A 001 01E 028 035 012 024 1C8 164 09F 084 015 001 097 038 015 032 01B 039 026 07A 1C5 1CC 03B 01B 028 019 023 029 001 099 025 01D 084 01C 1C8 08D 017 084 015 035 011 07A 001 052 071 043 056 084 05D 078 053 03C 1C8 02E 084 01F 097 026 0A9 09F 025 001 021 01F 013 038 028 084 01F 07A 1C0
03	C0	0x03C0	"<SPEAKER>「では いつでも
とりにくるがよい
わしは 待っておるぞ!"	"<SPEAKER>Come back for it anytime.
I will be waiting for you!"			SPEAKER NEWLINE END	E9:52CF	CC 43 6F 6D 65 01 62 61 63 6B 01 66 6F 72 01 69 74 01 61 6E 79 74 69 6D 65 2E C8 49 01 77 69 6C 6C 01 62 65 01 77 61 69 74 69 6E 67 01 66 6F 72 01 79 6F 75 21 C0	1CC 084 022 029 001 011 021 084 022 032 1C8 023 037 025 017 038 084 015 035 011 1C8 03B 01B 029 001 16B 03E 022 014 038 084 01E 07A 1C0
03	C1	0x03C1	"<CLEAR>
てつごうしが しまっている
たいあたりをすれば つきやぶれそうだ"	"<CLEAR>The iron grate is shut. A hard
body blow might break through."			CLEAR NEWLINE END	E9:5305	D0 54 68 65 01 69 72 6F 6E 01 67 72 61 74 65 01 69 73 01 73 68 75 74 2E 01 41 01 68 61 72 64 C8 62 6F 64 79 01 62 6C 6F 77 01 6D 69 67 68 74 01 62 72 65 61 6B 01 74 68 72 6F 75 67 68 2E C0	1D0 022 021 084 019 012 01B 084 015 001 01B 02E 03E 022 011 038 1C8 01F 011 010 01F 037 03C 01C 039 084 029 001 021 016 033 084 02B 039 01E 012 084 01F 1C0
03	C2	0x03C2	"<CLEAR>
魔物の ひょうほんが ある<WAIT>
<CLEAR>
生きているのか 死んでいるのかは
わからない"	"<CLEAR>There is a monster specimen.<WAIT><CLEAR>It is impossible to tell
whether it is alive or dead."			CLEAR WAIT CLEAR NEWLINE END	E9:5344	D0 54 68 65 72 65 01 69 73 01 61 01 6D 6F 6E 73 74 65 72 01 73 70 65 63 69 6D 65 6E 2E C5 D0 49 74 01 69 73 01 69 6D 70 6F 73 73 69 62 6C 65 01 74 6F 01 74 65 6C 6C C8 77 68 65 74 68 65 72 01 69 74 01 69 73 01 61 6C 69 76 65 01 6F 72 01 64 65 61 64 2E C0	1D0 09A 08B 028 001 02A 041 012 02D 03D 084 015 001 010 038 1C5 1D0 09B 016 022 011 038 028 015 001 0D6 03D 084 022 011 038 028 015 029 1C8 03B 015 036 024 011 1C0
03	C3	0x03C3	"<CLEAR>
魔物の ひょうほんが ある<WAIT>
<CLEAR>
ちが ぜんぶ ぬかれているようだ
体全体が ひからびている"	"<CLEAR>There is a monster specimen.<WAIT><CLEAR>All of its blood seems drained
out. Its whole body is dried up."			CLEAR WAIT CLEAR NEWLINE END	E9:5399	D0 54 68 65 72 65 01 69 73 01 61 01 6D 6F 6E 73 74 65 72 01 73 70 65 63 69 6D 65 6E 2E C5 D0 41 6C 6C 01 6F 66 01 69 74 73 01 62 6C 6F 6F 64 01 73 65 65 6D 73 01 64 72 61 69 6E 65 64 C8 6F 75 74 2E 01 49 74 73 01 77 68 6F 6C 65 01 62 6F 64 79 01 69 73 01 64 72 69 65 64 01 75 70 2E C0	1D0 09A 08B 028 001 02A 041 012 02D 03D 084 015 001 010 038 1C5 1D0 020 084 015 001 084 01D 03D 084 02B 001 026 015 039 022 011 038 035 012 084 01F 1C8 0F0 145 0F0 084 015 001 02A 015 036 084 02A 022 011 038 1C0
03	C4	0x03C4	"<CLEAR>
魔物が ぴくりと 行いた!"	<CLEAR>The monster twitched!			CLEAR END	E9:53F8	D0 54 68 65 01 6D 6F 6E 73 74 65 72 01 74 77 69 74 63 68 65 64 21 C0	1D0 09A 08B 084 015 001 083 02A 017 037 023 001 0B1 011 01F 07A 1C0
03	C5	0x03C5	"<SPEAKER>「ジェ ジェイビーに 気をつけろ
やつは にくしみの かたまりじゃ<WAIT><SPEAKER>「魔物も 人間も 全部・・・
生あるもの すべてを
ジェイビーは にくんでおるぞ・・・"	"<SPEAKER>W-watch out for
J.B.! He is hatred itself.<WAIT><SPEAKER>Monsters, humans...
everything. J.B. hates
every living thing..."			SPEAKER NEWLINE WAIT SPEAKER NEWLINE NEWLINE END	E9:540F	CC 57 2D 77 61 74 63 68 01 6F 75 74 01 66 6F 72 C8 4A 2E 42 2E 21 01 48 65 01 69 73 01 68 61 74 72 65 64 01 69 74 73 65 6C 66 2E C5 CC 4D 6F 6E 73 74 65 72 73 2C 01 68 75 6D 61 6E 73 2E 2E 2E C8 65 76 65 72 79 74 68 69 6E 67 2E 01 4A 2E 42 2E 01 68 61 74 65 73 C8 65 76 65 72 79 01 6C 69 76 69 6E 67 01 74 68 69 6E 67 2E 2E 2E C0	1CC 084 04D 076 001 084 04D 076 043 084 05C 078 025 001 099 03C 021 018 03A 1C8 033 021 029 001 025 017 01B 02F 028 001 015 01F 02E 037 084 01B 03F 1C5 1CC 09A 08B 032 001 091 0E3 032 001 145 0DA 081 081 081 1C8 09B 010 038 032 028 001 01C 084 02C 022 03C 1C8 084 04D 076 043 084 05C 078 029 001 025 017 03D 084 022 014 038 084 01E 081 081 081 1C0
03	C6	0x03C6	"<SPEAKER>「わしの にくたいは やられたが
たましいは ふめつじゃ・・・
すこしは 役に たてるじゃろう・・・"	"<SPEAKER>My body may be finished,
but my soul is immortal... I
may still be of some help..."			SPEAKER NEWLINE NEWLINE END	E9:547D	CC 4D 79 01 62 6F 64 79 01 6D 61 79 01 62 65 01 66 69 6E 69 73 68 65 64 2C C8 62 75 74 01 6D 79 01 73 6F 75 6C 01 69 73 01 69 6D 6D 6F 72 74 61 6C 2E 2E 2E 01 49 C8 6D 61 79 01 73 74 69 6C 6C 01 62 65 01 6F 66 01 73 6F 6D 65 01 68 65 6C 70 2E 2E 2E C0	1CC 03B 01B 028 001 025 017 01F 011 029 001 033 036 039 01F 084 015 1C8 01F 02E 01B 011 029 001 02B 031 021 084 01B 03F 081 081 081 1C8 01C 019 01B 029 001 15E 025 001 01F 022 038 084 01B 03F 03A 012 081 081 081 1C0
03	C7	0x03C7	"<CLEAR>
ちいさな あなが あいている"	<CLEAR>There is a small hole.			CLEAR END	E9:54D1	D0 54 68 65 72 65 01 69 73 01 61 01 73 6D 61 6C 6C 01 68 6F 6C 65 2E C0	1D0 020 011 01A 024 001 010 024 084 015 001 010 011 022 011 038 1C0
03	C8	0x03C8	"<SPEAKER>「ぐごーっ んがががっ
ぐーごー すーはー ぐごご"	"<SPEAKER>Gghh... nghgh...
Grrr... snore... gghhh..."			SPEAKER NEWLINE END	E9:54E9	CC 47 67 68 68 2E 2E 2E 01 6E 67 68 67 68 2E 2E 2E C8 47 72 72 72 2E 2E 2E 01 73 6E 6F 72 65 2E 2E 2E 01 67 67 68 68 68 2E 2E 2E C0	1CC 084 017 084 019 078 03E 001 03D 084 015 084 015 084 015 03E 1C8 084 017 078 084 019 078 001 01C 078 029 078 001 084 017 084 019 084 019 1C0
03	C9	0x03C9	"<CLEAR>
こんな所でも ねているようだ"	<CLEAR>He is asleep even here.			CLEAR END	E9:5515	D0 48 65 01 69 73 01 61 73 6C 65 65 70 01 65 76 65 6E 01 68 65 72 65 2E C0	1D0 019 03D 024 12F 084 022 032 001 027 022 011 038 035 012 084 01F 1C0
03	CA	0x03CA	"<CLEAR>
ちくちくする
まるで はりのようだ
けがを しそうな 所もある"	"<CLEAR>It is prickly. The points
are like needles. Some
could easily injure you."			CLEAR NEWLINE NEWLINE END	E9:552E	D0 49 74 01 69 73 01 70 72 69 63 6B 6C 79 2E 01 54 68 65 01 70 6F 69 6E 74 73 C8 61 72 65 01 6C 69 6B 65 01 6E 65 65 64 6C 65 73 2E 01 53 6F 6D 65 C8 63 6F 75 6C 64 01 65 61 73 69 6C 79 01 69 6E 6A 75 72 65 01 79 6F 75 2E C0	1D0 020 017 020 017 01C 038 1C8 02E 038 084 022 001 029 037 028 035 012 084 01F 1C8 018 084 015 03C 001 01B 01E 012 024 001 12F 032 010 038 1C0
03	CB	0x03CB	"<SPEAKER>「たいへん 長らく おまたせしました
ただいまより 活行写真を
じょうえい いたします<PAUSE_60><PAUSE_60><PAUSE_60><PAUSE_60><PAUSE_60>
<SPEAKER>「べんしは ふしょう わたくし
博物館長が
つとめさせて いただきます<PAUSE_60><PAUSE_60><PAUSE_60><PAUSE_60><PAUSE_60>"	"<SPEAKER>Thank you for
your patience. We will now
begin our motion picture.<PAUSE_60><PAUSE_60><PAUSE_60><PAUSE_60><PAUSE_60><SPEAKER>Your live narrator will
be none other than yours
truly, the museum director.<PAUSE_60><PAUSE_60><PAUSE_60><PAUSE_60><PAUSE_60>"			SPEAKER NEWLINE NEWLINE PAUSE_60 PAUSE_60 PAUSE_60 PAUSE_60 PAUSE_60 SPEAKER NEWLINE NEWLINE PAUSE_60 PAUSE_60 PAUSE_60 PAUSE_60 PAUSE_60 END	E9:5579	CC 54 68 61 6E 6B 01 79 6F 75 01 66 6F 72 C8 79 6F 75 72 01 70 61 74 69 65 6E 63 65 2E 01 57 65 01 77 69 6C 6C 01 6E 6F 77 C8 62 65 67 69 6E 01 6F 75 72 01 6D 6F 74 69 6F 6E 01 70 69 63 74 75 72 65 2E CB CB CB CB CB CC 59 6F 75 72 01 6C 69 76 65 01 6E 61 72 72 61 74 6F 72 01 77 69 6C 6C C8 62 65 01 6E 6F 6E 65 01 6F 74 68 65 72 01 74 68 61 6E 01 79 6F 75 72 73 C8 74 72 75 6C 79 2C 01 74 68 65 01 6D 75 73 65 75 6D 01 64 69 72 65 63 74 6F 72 2E CB CB CB CB CB C0	1CC 01F 011 02C 03D 001 14E 036 017 001 014 02E 01F 01D 01B 02E 01B 01F 1C8 01F 084 01F 011 02E 035 037 001 0B4 0B1 0C1 0BD 03C 1C8 084 01B 041 012 013 011 001 011 01F 01B 02E 01C 1CB 1CB 1CB 1CB 1CB 1C8 1CC 084 02C 03D 01B 029 001 02B 01B 041 012 001 03B 01F 017 01B 1C8 0A4 08B 0A3 14E 084 015 1C8 021 023 031 01A 01D 022 001 011 01F 084 01F 016 02E 01C 1CB 1CB 1CB 1CB 1CB 1C0
03	CC	0x03CC	"<SPEAKER>「デスランド博物館が
ていきょう いたしまするは
題して 古代デスランド伝説なり"	"<SPEAKER>Deathland Museum
proudly presents: The
Legends of Ancient Deathland."			SPEAKER NEWLINE NEWLINE END	E9:5614	CC 44 65 61 74 68 6C 61 6E 64 01 4D 75 73 65 75 6D C8 70 72 6F 75 64 6C 79 01 70 72 65 73 65 6E 74 73 3A 01 54 68 65 C8 4C 65 67 65 6E 64 73 01 6F 66 01 41 6E 63 69 65 6E 74 01 44 65 61 74 68 6C 61 6E 64 2E C0	1CC 084 054 04E 068 06F 084 055 0A4 08B 0A3 084 015 1C8 022 011 016 041 012 001 011 01F 01B 02E 01C 038 029 1C8 19C 01B 022 001 096 09F 084 054 04E 068 06F 084 055 092 08F 024 037 1C0
03	CD	0x03CD	"<SPEAKER>「今をさること 何千年もまえ
この デスランドの 地には
魔物どもしか おりませんでした"	"<SPEAKER>Thousands upon thousands
of years ago, only monsters
lived upon the land of Deathland."			SPEAKER NEWLINE NEWLINE END	E9:565A	CC 54 68 6F 75 73 61 6E 64 73 01 75 70 6F 6E 01 74 68 6F 75 73 61 6E 64 73 C8 6F 66 01 79 65 61 72 73 01 61 67 6F 2C 01 6F 6E 6C 79 01 6D 6F 6E 73 74 65 72 73 C8 6C 69 76 65 64 01 75 70 6F 6E 01 74 68 65 01 6C 61 6E 64 01 6F 66 01 44 65 61 74 68 6C 61 6E 64 2E C0	1CC 150 03C 01A 038 019 023 001 093 0BC 0CA 032 02E 013 1C8 019 028 001 084 054 04E 068 06F 084 055 028 001 0D5 025 029 1C8 09A 08B 084 023 032 01B 015 001 014 037 02E 01D 03D 084 022 01B 01F 1C0
03	CE	0x03CE	"<SPEAKER>「とつぜんへんいか はたまた
神の使いか! そこに生まれたるは
悪魔の申し子 キングバロン<PAUSE_60><PAUSE_60><PAUSE_60><PAUSE_60><PAUSE_60>
<SPEAKER>「書物によれば 人間より
はるか こうどな ちのうを持つ
悪魔の申し子 キングバロン"	"<SPEAKER>A sudden mutation? A
divine envoy? There was born
the devil's child: King Baron!<PAUSE_60><PAUSE_60><PAUSE_60><PAUSE_60><PAUSE_60><SPEAKER>The records say King
Baron possessed intelligence
far beyond that of humans."			SPEAKER NEWLINE NEWLINE PAUSE_60 PAUSE_60 PAUSE_60 PAUSE_60 PAUSE_60 SPEAKER NEWLINE NEWLINE END	E9:56B2	CC 41 01 73 75 64 64 65 6E 01 6D 75 74 61 74 69 6F 6E 3F 01 41 C8 64 69 76 69 6E 65 01 65 6E 76 6F 79 3F 01 54 68 65 72 65 01 77 61 73 01 62 6F 72 6E C8 74 68 65 01 64 65 76 69 6C 27 73 01 63 68 69 6C 64 3A 01 4B 69 6E 67 01 42 61 72 6F 6E 21 CB CB CB CB CB CC 54 68 65 01 72 65 63 6F 72 64 73 01 73 61 79 01 4B 69 6E 67 C8 42 61 72 6F 6E 01 70 6F 73 73 65 73 73 65 64 01 69 6E 74 65 6C 6C 69 67 65 6E 63 65 C8 66 61 72 01 62 65 79 6F 6E 64 01 74 68 61 74 01 6F 66 01 68 75 6D 61 6E 73 2E C0	1CC 023 021 084 01D 03D 02C 03D 011 015 001 029 01F 02E 01F 1C8 0DC 028 123 011 015 07A 001 01E 019 025 09B 02E 039 01F 038 029 1C8 0B5 09A 028 126 01B 0D2 001 048 06F 084 049 084 05B 06C 06F 1CB 1CB 1CB 1CB 1CB 1C8 1CC 098 08B 025 035 039 084 029 001 091 0E3 035 037 1C8 029 038 015 001 019 012 084 023 024 001 020 028 012 03C 0D3 021 1C8 0B5 09A 028 126 01B 0D2 001 048 06F 084 049 084 05B 06C 06F 1C0
03	CF	0x03CF	"<SPEAKER>「仕掛け からくり ごうもん装置
じごくの ごとき 発明を
つぎから つぎへと 生み出した!"	"<SPEAKER>Traps, tricks, torture
devices... He made one hellish
invention after another!"			SPEAKER NEWLINE NEWLINE END	E9:5756	CC 54 72 61 70 73 2C 01 74 72 69 63 6B 73 2C 01 74 6F 72 74 75 72 65 C8 64 65 76 69 63 65 73 2E 2E 2E 01 48 65 01 6D 61 64 65 01 6F 6E 65 01 68 65 6C 6C 69 73 68 C8 69 6E 76 65 6E 74 69 6F 6E 01 61 66 74 65 72 01 61 6E 6F 74 68 65 72 21 C0	1CC 18F 195 018 001 015 036 017 037 001 084 019 012 032 03D 0C2 19F 1C8 084 01B 084 019 017 028 001 084 019 023 016 001 0C8 0BF 03C 1C8 021 084 016 015 036 001 021 084 016 02C 023 001 09B 02F 106 01B 01F 07A 1C0
03	D0	0x03D0	"<SPEAKER>「魔物も やつには さからえず
島は とうとう キングバロンの
天上天下ゆいがどくそん!<PAUSE_60><PAUSE_60><PAUSE_60><PAUSE_60>
<SPEAKER>「ところがどっこい だがしかし
天才となんとかは かみひとえ!
<PAUSE_60><PAUSE_60><PAUSE_60>
<SPEAKER>「悪魔の 発明は
とどまるところをしらず
<PAUSE_60><PAUSE_60><PAUSE_60>
<SPEAKER>「魔物の 生体実験を
くりかえし くりかえし
また くりかえし"	"<SPEAKER>No monster could
oppose him. King Baron ruled
the island as absolute master!<PAUSE_60><PAUSE_60><PAUSE_60><PAUSE_60><SPEAKER>But genius and madness
are only a hair apart!<LINE><PAUSE_60><PAUSE_60><PAUSE_60><SPEAKER>His devilish
inventions never stopped.<LINE><PAUSE_60><PAUSE_60><PAUSE_60><SPEAKER>Again and again, he ran
experiments on living monsters."			SPEAKER NEWLINE NEWLINE PAUSE_60 PAUSE_60 PAUSE_60 PAUSE_60 SPEAKER NEWLINE LINE PAUSE_60 PAUSE_60 PAUSE_60 SPEAKER NEWLINE LINE PAUSE_60 PAUSE_60 PAUSE_60 SPEAKER NEWLINE END	E9:57A6	CC 4E 6F 01 6D 6F 6E 73 74 65 72 01 63 6F 75 6C 64 C8 6F 70 70 6F 73 65 01 68 69 6D 2E 01 4B 69 6E 67 01 42 61 72 6F 6E 01 72 75 6C 65 64 C8 74 68 65 01 69 73 6C 61 6E 64 01 61 73 01 61 62 73 6F 6C 75 74 65 01 6D 61 73 74 65 72 21 CB CB CB CB CC 42 75 74 01 67 65 6E 69 75 73 01 61 6E 64 01 6D 61 64 6E 65 73 73 C8 61 72 65 01 6F 6E 6C 79 01 61 01 68 61 69 72 01 61 70 61 72 74 21 C3 CB CB CB CC 48 69 73 01 64 65 76 69 6C 69 73 68 C8 69 6E 76 65 6E 74 69 6F 6E 73 01 6E 65 76 65 72 01 73 74 6F 70 70 65 64 2E C3 CB CB CB CC 41 67 61 69 6E 01 61 6E 64 01 61 67 61 69 6E 2C 01 68 65 01 72 61 6E C8 65 78 70 65 72 69 6D 65 6E 74 73 01 6F 6E 01 6C 69 76 69 6E 67 01 6D 6F 6E 73 74 65 72 73 2E C0	1CC 09A 08B 032 001 033 021 025 029 001 01A 015 036 013 084 01C 1C8 08A 029 001 023 012 023 012 001 048 06F 084 049 084 05B 06C 06F 028 1C8 0C5 128 0C5 0B8 034 011 084 015 084 023 017 01E 03D 07A 1CB 1CB 1CB 1CB 1C8 1CC 023 019 03A 084 015 084 023 03E 019 011 001 084 01F 084 015 01B 015 01B 1C8 0C5 10A 023 024 03D 023 015 029 001 015 02F 02A 023 013 07A 1C3 1CB 1CB 1CB 1C8 1CC 0B5 09A 028 001 0C8 0BF 029 1C8 023 084 023 02E 038 023 019 03A 03C 01B 036 084 01C 1C3 1CB 1CB 1CB 1C8 1CC 09A 08B 028 001 09B 0F0 0DD 0F3 03C 1C8 017 037 015 013 01B 001 017 037 015 013 01B 1C8 02E 01F 001 017 037 015 013 01B 1C0
03	D1	0x03D1	"<SPEAKER>「とうとう つくりたるは
ひげきの 発明
魔物巨大化装置なり<PAUSE_60><PAUSE_60><PAUSE_60>
<SPEAKER>「きょうき らんぶのキングバロン
島の 魔物を つかまえて
つくりまくるは かいぶつを!"	"<SPEAKER>At last he made
his tragic masterpiece: the
Monster Enlarging Device!<PAUSE_60><PAUSE_60><PAUSE_60><SPEAKER>King Baron went
mad with joy, turning the
island's monsters into giants!"			SPEAKER NEWLINE NEWLINE PAUSE_60 PAUSE_60 PAUSE_60 SPEAKER NEWLINE NEWLINE END	E9:588D	CC 41 74 01 6C 61 73 74 01 68 65 01 6D 61 64 65 C8 68 69 73 01 74 72 61 67 69 63 01 6D 61 73 74 65 72 70 69 65 63 65 3A 01 74 68 65 C8 4D 6F 6E 73 74 65 72 01 45 6E 6C 61 72 67 69 6E 67 01 44 65 76 69 63 65 21 CB CB CB CC 4B 69 6E 67 01 42 61 72 6F 6E 01 77 65 6E 74 C8 6D 61 64 01 77 69 74 68 01 6A 6F 79 2C 01 74 75 72 6E 69 6E 67 01 74 68 65 C8 69 73 6C 61 6E 64 27 73 01 6D 6F 6E 73 74 65 72 73 01 69 6E 74 6F 01 67 69 61 6E 74 73 21 C0	1CC 023 012 023 012 001 021 017 037 01F 038 029 1C8 02A 084 018 016 028 001 0C8 0BF 1C8 09A 08B 0CC 0AC 09E 0C2 19F 024 037 1CB 1CB 1CB 1C8 1CC 016 041 012 016 001 036 03D 084 02B 028 048 06F 084 049 084 05B 06C 06F 1C8 08A 028 001 09A 08B 03C 001 021 015 02E 013 022 1C8 021 017 037 02E 017 038 029 001 015 011 084 02B 021 03C 07A 1C0
03	D2	0x03D2	"<SPEAKER>「とどのつまりは 島中
大きな 魔物だらけ!<PAUSE_60><PAUSE_60><PAUSE_60><PAUSE_60>
<SPEAKER>「力も 強い こいつらは
たちまち ともぐい はじめます"	"<SPEAKER>Soon the whole island
was full of giant monsters!<PAUSE_60><PAUSE_60><PAUSE_60><PAUSE_60><SPEAKER>Powerful as they were,
they soon ate each other.<LINE>"			SPEAKER NEWLINE PAUSE_60 PAUSE_60 PAUSE_60 PAUSE_60 SPEAKER NEWLINE LINE END	E9:5920	CC 53 6F 6F 6E 01 74 68 65 01 77 68 6F 6C 65 01 69 73 6C 61 6E 64 C8 77 61 73 01 66 75 6C 6C 01 6F 66 01 67 69 61 6E 74 01 6D 6F 6E 73 74 65 72 73 21 CB CB CB CB CC 50 6F 77 65 72 66 75 6C 01 61 73 01 74 68 65 79 01 77 65 72 65 2C C8 74 68 65 79 01 73 6F 6F 6E 01 61 74 65 01 65 61 63 68 01 6F 74 68 65 72 2E C3 C0	1CC 023 084 023 028 021 02E 037 029 001 08A 0A1 1C8 0AC 016 024 001 09A 08B 084 01F 036 018 07A 1CB 1CB 1CB 1CB 1C8 1CC 107 032 001 138 011 001 019 011 021 036 029 1C8 01F 020 02E 020 001 023 032 084 017 011 001 029 084 01B 031 02E 01C 1C3 1C0
03	D3	0x03D3	"<SPEAKER>「大きな 魔物は みさかいなく
えさを さがして うろつきまわり
キングバロンも ねらいます<PAUSE_60><PAUSE_60><PAUSE_60>
<SPEAKER>「自ら 生んだ 魔物どもに
おいつめられたる キングバロン
<PAUSE_60><PAUSE_60><PAUSE_60>"	"<SPEAKER>Giant monsters
roamed for food and
even targeted King Baron.<PAUSE_60><PAUSE_60><PAUSE_60><SPEAKER>King Baron was cornered
by the monsters he created.<LINE><PAUSE_60><PAUSE_60><PAUSE_60>"			SPEAKER NEWLINE NEWLINE PAUSE_60 PAUSE_60 PAUSE_60 SPEAKER NEWLINE LINE PAUSE_60 PAUSE_60 PAUSE_60 END	E9:5989	CC 47 69 61 6E 74 01 6D 6F 6E 73 74 65 72 73 C8 72 6F 61 6D 65 64 01 66 6F 72 01 66 6F 6F 64 01 61 6E 64 C8 65 76 65 6E 01 74 61 72 67 65 74 65 64 01 4B 69 6E 67 01 42 61 72 6F 6E 2E CB CB CB CC 4B 69 6E 67 01 42 61 72 6F 6E 01 77 61 73 01 63 6F 72 6E 65 72 65 64 C8 62 79 01 74 68 65 01 6D 6F 6E 73 74 65 72 73 01 68 65 01 63 72 65 61 74 65 64 2E C3 CB CB CB C0	1CC 0AC 016 024 001 09A 08B 029 001 02F 01A 015 011 024 017 1C8 013 01A 03C 001 01A 084 015 01B 022 001 012 03A 021 016 02E 03B 037 1C8 048 06F 084 049 084 05B 06C 06F 032 001 027 036 011 02E 01C 1CB 1CB 1CB 1C8 1CC 0E2 036 001 09B 03D 084 01F 001 09A 08B 084 023 032 025 1C8 014 011 021 031 036 039 01F 038 001 048 06F 084 049 084 05B 06C 06F 1C3 1CB 1CB 1CB 1C0
03	D4	0x03D4	"<SPEAKER>「これも はたまた うんめいか
自ら 装置に とびこんだ!
はたして うんめいは いかに?<PAUSE_60><PAUSE_60><PAUSE_60>
<SPEAKER>「その後の 記録は 残っておらず
時の ながれが きざまれて
古代の 謎は ふかまるばかり"	"<SPEAKER>Was this fate as well?
He leapt into his own device!
What became of him then?<PAUSE_60><PAUSE_60><PAUSE_60><SPEAKER>No later record survives.
Time marched on, leaving the
ancient mystery only deeper."			SPEAKER NEWLINE NEWLINE PAUSE_60 PAUSE_60 PAUSE_60 SPEAKER NEWLINE NEWLINE END	E9:5A02	CC 57 61 73 01 74 68 69 73 01 66 61 74 65 01 61 73 01 77 65 6C 6C 3F C8 48 65 01 6C 65 61 70 74 01 69 6E 74 6F 01 68 69 73 01 6F 77 6E 01 64 65 76 69 63 65 21 C8 57 68 61 74 01 62 65 63 61 6D 65 01 6F 66 01 68 69 6D 01 74 68 65 6E 3F CB CB CB CC 4E 6F 01 6C 61 74 65 72 01 72 65 63 6F 72 64 01 73 75 72 76 69 76 65 73 2E C8 54 69 6D 65 01 6D 61 72 63 68 65 64 01 6F 6E 2C 01 6C 65 61 76 69 6E 67 01 74 68 65 C8 61 6E 63 69 65 6E 74 01 6D 79 73 74 65 72 79 01 6F 6E 6C 79 01 64 65 65 70 65 72 2E C0	1CC 019 039 032 001 029 01F 02E 01F 001 012 03D 031 011 015 1C8 0E2 036 001 0C2 19F 025 001 023 084 02A 019 03D 084 01F 07A 1C8 029 01F 01B 022 001 012 03D 031 011 029 001 011 015 025 079 1CB 1CB 1CB 1C8 1CC 01E 028 1A6 028 001 11B 11A 029 001 142 03E 022 014 036 084 01C 1C8 164 028 001 024 084 015 039 084 015 001 016 084 01A 02E 039 022 1C8 096 09F 028 001 0CF 029 001 02B 015 02E 038 084 029 015 037 1C0
03	D5	0x03D5	"<SPEAKER>「いつの世も 伝説は 人の心を
かきたてて いく千人の旅人や
王様 兵土に 領主様<PAUSE_60><PAUSE_60><PAUSE_60><PAUSE_60><PAUSE_60>
<SPEAKER>「いせき もとめて 島を おとずれ
つぎから つぎへと 命を おとし
ついた名前が デスランド"	"<SPEAKER>Legends stir every
age. Thousands came: travelers,
kings, soldiers and lords.<PAUSE_60><PAUSE_60><PAUSE_60><PAUSE_60><PAUSE_60><SPEAKER>They sought the ruins
and died one after another.
Thus came the name Deathland."			SPEAKER NEWLINE NEWLINE PAUSE_60 PAUSE_60 PAUSE_60 PAUSE_60 PAUSE_60 SPEAKER NEWLINE NEWLINE END	E9:5AA8	CC 4C 65 67 65 6E 64 73 01 73 74 69 72 01 65 76 65 72 79 C8 61 67 65 2E 01 54 68 6F 75 73 61 6E 64 73 01 63 61 6D 65 3A 01 74 72 61 76 65 6C 65 72 73 2C C8 6B 69 6E 67 73 2C 01 73 6F 6C 64 69 65 72 73 01 61 6E 64 01 6C 6F 72 64 73 2E CB CB CB CB CB CC 54 68 65 79 01 73 6F 75 67 68 74 01 74 68 65 01 72 75 69 6E 73 C8 61 6E 64 01 64 69 65 64 01 6F 6E 65 01 61 66 74 65 72 01 61 6E 6F 74 68 65 72 2E C8 54 68 75 73 01 63 61 6D 65 01 74 68 65 01 6E 61 6D 65 01 44 65 61 74 68 6C 61 6E 64 2E C0	1CC 011 021 028 0A9 032 001 092 08F 029 001 091 028 0D4 03C 1C8 015 016 01F 022 022 001 011 017 0BC 091 028 0B0 091 033 1C8 155 0D9 001 13B 13C 025 001 176 12C 0D9 1CB 1CB 1CB 1CB 1CB 1C8 1CC 011 01D 016 001 032 023 031 022 001 08A 03C 001 014 023 084 01C 039 1C8 021 084 016 015 036 001 021 084 016 02C 023 001 0EE 03C 001 014 023 01B 1C8 021 011 01F 0CD 0C3 084 015 001 084 054 04E 068 06F 084 055 1C0
03	D6	0x03D6	"<SPEAKER>「ところが ところが ついにというか
発見しました 魔物の化石
考古学昔の しゅうねんか!<PAUSE_60><PAUSE_60><PAUSE_60><PAUSE_60><PAUSE_60>
<SPEAKER>「世紀の発見 したひとは
考古学昔のサジクさん!
<PAUSE_60><PAUSE_60><PAUSE_60><PAUSE_60>
<SPEAKER>「ああ サジクさん サジクさん!
化石の発見は いいけれど
<PAUSE_60><PAUSE_60><PAUSE_60><PAUSE_60>
<SPEAKER>「ふたたび 奥地に 行ったまま
いまのいまでも 行方不明
<PAUSE_60><PAUSE_60><PAUSE_60><PAUSE_60>
<SPEAKER>「ああ 人生は なんとやら
どこにいるのか サジクさん!
<PAUSE_60><PAUSE_60><PAUSE_60><PAUSE_60><PAUSE_60>"	"<SPEAKER>At last, persistence
paid off: a monster fossil was
found! Archaeology triumphs!<PAUSE_60><PAUSE_60><PAUSE_60><PAUSE_60><PAUSE_60><SPEAKER>The historic
discoverer: archaeologist Sajik!<LINE><PAUSE_60><PAUSE_60><PAUSE_60><PAUSE_60><SPEAKER>Ah, Sajik! Dear Sajik!
The fossil was wonderful...<LINE><PAUSE_60><PAUSE_60><PAUSE_60><PAUSE_60><SPEAKER>but he returned to the
ruins and is still missing today.<LINE><PAUSE_60><PAUSE_60><PAUSE_60><PAUSE_60><SPEAKER>Ah, such is life!
Where are you, Sajik?<LINE><PAUSE_60><PAUSE_60><PAUSE_60><PAUSE_60><PAUSE_60>"			SPEAKER NEWLINE NEWLINE PAUSE_60 PAUSE_60 PAUSE_60 PAUSE_60 PAUSE_60 SPEAKER NEWLINE LINE PAUSE_60 PAUSE_60 PAUSE_60 PAUSE_60 SPEAKER NEWLINE LINE PAUSE_60 PAUSE_60 PAUSE_60 PAUSE_60 SPEAKER NEWLINE LINE PAUSE_60 PAUSE_60 PAUSE_60 PAUSE_60 SPEAKER NEWLINE LINE PAUSE_60 PAUSE_60 PAUSE_60 PAUSE_60 PAUSE_60 END	E9:5B4C	CC 41 74 01 6C 61 73 74 2C 01 70 65 72 73 69 73 74 65 6E 63 65 C8 70 61 69 64 01 6F 66 66 3A 01 61 01 6D 6F 6E 73 74 65 72 01 66 6F 73 73 69 6C 01 77 61 73 C8 66 6F 75 6E 64 21 01 41 72 63 68 61 65 6F 6C 6F 67 79 01 74 72 69 75 6D 70 68 73 21 CB CB CB CB CB CC 54 68 65 01 68 69 73 74 6F 72 69 63 C8 64 69 73 63 6F 76 65 72 65 72 3A 01 61 72 63 68 61 65 6F 6C 6F 67 69 73 74 01 53 61 6A 69 6B 21 C3 CB CB CB CB CC 41 68 2C 01 53 61 6A 69 6B 21 01 44 65 61 72 01 53 61 6A 69 6B 21 C8 54 68 65 01 66 6F 73 73 69 6C 01 77 61 73 01 77 6F 6E 64 65 72 66 75 6C 2E 2E 2E C3 CB CB CB CB CC 62 75 74 01 68 65 01 72 65 74 75 72 6E 65 64 01 74 6F 01 74 68 65 C8 72 75 69 6E 73 01 61 6E 64 01 69 73 01 73 74 69 6C 6C 01 6D 69 73 73 69 6E 67 01 74 6F 64 61 79 2E C3 CB CB CB CB CC 41 68 2C 01 73 75 63 68 01 69 73 01 6C 69 66 65 21 C8 57 68 65 72 65 01 61 72 65 01 79 6F 75 2C 01 53 61 6A 69 6B 3F C3 CB CB CB CB CB C0	1CC 023 019 03A 084 015 001 023 019 03A 084 015 001 021 011 025 023 011 012 015 1C8 0C8 090 01B 02E 01B 01F 001 09A 08B 028 09E 09D 1C8 0DB 096 0B7 0A7 028 001 01B 040 012 027 03D 015 07A 1CB 1CB 1CB 1CB 1CB 1C8 1CC 0A9 102 028 0C8 090 001 01B 01F 02A 023 029 1C8 0DB 096 0B7 0A7 028 04C 084 04D 049 01A 03D 07A 1C3 1CB 1CB 1CB 1CB 1C8 1CC 010 010 001 04C 084 04D 049 01A 03D 001 04C 084 04D 049 01A 03D 07A 1C8 09E 09D 028 0C8 090 029 001 011 011 018 039 084 023 1C3 1CB 1CB 1CB 1CB 1C8 1CC 02B 01F 01F 084 02A 001 0ED 0D5 025 001 08D 03E 01F 02E 02E 1C8 011 02E 028 011 02E 084 022 032 001 08D 0B9 0F7 0BF 1C3 1CB 1CB 1CB 1CB 1C8 1CC 010 010 001 091 09B 029 001 024 03D 023 033 036 1C8 084 023 019 025 011 038 028 015 001 04C 084 04D 049 01A 03D 07A 1C3 1CB 1CB 1CB 1CB 1CB 1C0
03	D7	0x03D7	"<SPEAKER>「ひえっ ひえっ ひえ
ほれ ほれ まあ みるがよい"	"<SPEAKER>Hee, hee, hee... There,
there. Take a good look."			SPEAKER NEWLINE END	E9:5C7A	CC 48 65 65 2C 01 68 65 65 2C 01 68 65 65 2E 2E 2E 01 54 68 65 72 65 2C C8 74 68 65 72 65 2E 01 54 61 6B 65 01 61 01 67 6F 6F 64 01 6C 6F 6F 6B 2E C0	1CC 02A 013 03E 001 02A 013 03E 001 02A 013 1C8 02D 039 001 02D 039 001 02E 010 001 02F 038 084 015 035 011 1C0
03	D8	0x03D8	"<SPEAKER>「はあ はあ はあ はあ
なんというところだ! ここは!
うおっ! しかも見物人がっ!<WAIT><SPEAKER>「よーし かっこつけるぜえ!"	"<SPEAKER>Huff... huff... huff...
What kind of place is this?!
Whoa! And I have an audience!<WAIT><SPEAKER>All right!
Time to look cool!"			SPEAKER NEWLINE NEWLINE WAIT SPEAKER NEWLINE END	E9:5CAC	CC 48 75 66 66 2E 2E 2E 01 68 75 66 66 2E 2E 2E 01 68 75 66 66 2E 2E 2E C8 57 68 61 74 01 6B 69 6E 64 01 6F 66 01 70 6C 61 63 65 01 69 73 01 74 68 69 73 3F 21 C8 57 68 6F 61 21 01 41 6E 64 01 49 01 68 61 76 65 01 61 6E 01 61 75 64 69 65 6E 63 65 21 C5 CC 41 6C 6C 01 72 69 67 68 74 21 C8 54 69 6D 65 01 74 6F 01 6C 6F 6F 6B 01 63 6F 6F 6C 21 C0	1CC 029 010 001 029 010 001 029 010 001 029 010 1C8 024 03D 023 011 012 023 019 03A 084 01F 07A 001 019 019 029 07A 1C8 012 014 03E 07A 001 01B 015 032 090 08B 091 084 015 03E 07A 1C5 1CC 035 078 01B 001 015 03E 019 021 018 038 084 01D 013 07A 1C0
03	D9	0x03D9	<SPEAKER>「うわー い いかん うわー!	<SPEAKER>Waaah! N-no! Waaah!			SPEAKER END	E9:5D1F	CC 57 61 61 61 68 21 01 4E 2D 6E 6F 21 01 57 61 61 61 68 21 C0	1CC 012 03B 078 001 011 001 011 015 03D 001 012 03B 078 07A 1C0
03	DA	0x03DA	"<SPEAKER>「ここは客間じゃ けけけ
おまえさんも ここまで来たら けけ
泊まってって ええぞ 一生な けけ"	"<SPEAKER>This is the guest room.
Keh. You made it this far, so
stay. Forever. Keh heh heh."			SPEAKER NEWLINE NEWLINE END	E9:5D34	CC 54 68 69 73 01 69 73 01 74 68 65 01 67 75 65 73 74 01 72 6F 6F 6D 2E C8 4B 65 68 2E 01 59 6F 75 01 6D 61 64 65 01 69 74 01 74 68 69 73 01 66 61 72 2C 01 73 6F C8 73 74 61 79 2E 01 46 6F 72 65 76 65 72 2E 01 4B 65 68 01 68 65 68 01 68 65 68 2E C0	1CC 019 019 029 0FD 0E3 084 01B 03F 001 018 018 018 1C8 014 02E 013 01A 03D 032 001 019 019 02E 084 022 097 01F 036 001 018 018 1C8 121 02E 03E 022 03E 022 001 013 013 084 01E 001 0AF 09B 024 001 018 018 1C0
03	DB	0x03DB	"<SPEAKER>「ここでは まいにち
たのしいことが いっぱいじゃよ
いひえっ ひえっ ひえっ"	"<SPEAKER>Every day is packed with
fun around here. Hee hee hee!"			SPEAKER NEWLINE END	E9:5D87	CC 45 76 65 72 79 01 64 61 79 01 69 73 01 70 61 63 6B 65 64 01 77 69 74 68 C8 66 75 6E 01 61 72 6F 75 6E 64 01 68 65 72 65 2E 01 48 65 65 01 68 65 65 01 68 65 65 21 C0	1CC 019 019 084 022 029 001 02E 011 025 020 1C8 01F 028 01B 011 019 023 084 015 001 011 03E 083 029 011 084 01B 03F 035 1C8 011 02A 013 03E 001 02A 013 03E 001 02A 013 03E 1C0
03	DC	0x03DC	"<SPEAKER>「ひえっ ひえっへっ
ほら ほら 耳を すましてごらん!"	"<SPEAKER>Hee hee hee... Come
now. Listen very closely!"			SPEAKER NEWLINE END	E9:5DBF	CC 48 65 65 01 68 65 65 01 68 65 65 2E 2E 2E 01 43 6F 6D 65 C8 6E 6F 77 2E 01 4C 69 73 74 65 6E 01 76 65 72 79 01 63 6C 6F 73 65 6C 79 21 C0	1CC 02A 013 03E 001 02A 013 03E 02C 03E 1C8 02D 036 001 02D 036 001 19D 03C 001 01C 02E 01B 022 084 019 036 03D 07A 1C0
03	DD	0x03DD	"<CLEAR>
目の前の 部屋の中から 声がする"	"<CLEAR>A voice is coming from
the room in front of you."			CLEAR NEWLINE END	E9:5DEE	D0 41 01 76 6F 69 63 65 01 69 73 01 63 6F 6D 69 6E 67 01 66 72 6F 6D C8 74 68 65 01 72 6F 6F 6D 01 69 6E 01 66 72 6F 6E 74 01 6F 66 01 79 6F 75 2E C0	1D0 0B6 028 0C3 028 001 0DA 0B3 028 0A1 015 036 001 10E 084 015 01C 038 1C0
03	DE	0x03DE	"<SPEAKER>「ぐぎゃー ぎえぎゃー! ぐわっ
だ だすけてぐれええっ!"	"<SPEAKER>Gyaaaah! Gyegh!
Gwaaah! H-help meee!"			SPEAKER NEWLINE END	E9:5E20	CC 47 79 61 61 61 61 68 21 01 47 79 65 67 68 21 C8 47 77 61 61 61 68 21 01 48 2D 68 65 6C 70 01 6D 65 65 65 21 C0	1CC 084 017 084 016 03F 078 001 084 016 013 084 016 03F 078 07A 001 084 017 03B 03E 1C8 084 01F 001 084 01F 01C 018 022 084 017 039 013 013 03E 07A 1C0
03	DF	0x03DF	"<CLEAR>
声は 聞こえなくなった・・・"	<CLEAR>The voice falls silent...			CLEAR END	E9:5E46	D0 54 68 65 01 76 6F 69 63 65 01 66 61 6C 6C 73 01 73 69 6C 65 6E 74 2E 2E 2E C0	1D0 10E 029 001 0A6 019 013 024 017 024 03E 01F 081 081 081 1C0
03	E0	0x03E0	"<CLEAR>
・・・何か ガサガサした音が
下から 聞こえてくる・・・
何かが 行きまわっているようだ"	"<CLEAR>Something rustles below...
It sounds like something is
moving around down there."			CLEAR NEWLINE NEWLINE END	E9:5E61	D0 53 6F 6D 65 74 68 69 6E 67 01 72 75 73 74 6C 65 73 01 62 65 6C 6F 77 2E 2E 2E C8 49 74 01 73 6F 75 6E 64 73 01 6C 69 6B 65 01 73 6F 6D 65 74 68 69 6E 67 01 69 73 C8 6D 6F 76 69 6E 67 01 61 72 6F 75 6E 64 01 64 6F 77 6E 01 74 68 65 72 65 2E C0	1D0 081 081 081 093 015 001 084 047 04C 084 047 04C 01B 01F 0E0 084 015 1C8 0B8 015 036 001 0A6 019 013 022 017 038 081 081 081 1C8 093 015 084 015 001 0B1 016 02E 03B 03E 022 011 038 035 012 084 01F 1C0
03	E1	0x03E1	"<SPEAKER>「ういー ひっく おりゃー!
おれさまはなあー ういー ひっく
おれさまだぞうー ういー げろっ"	"<SPEAKER>Hic... Whooo! I am
the great... hic... me! That
is who I am! Hic... blegh!"			SPEAKER NEWLINE NEWLINE END	E9:5EB3	CC 48 69 63 2E 2E 2E 01 57 68 6F 6F 6F 21 01 49 01 61 6D C8 74 68 65 01 67 72 65 61 74 2E 2E 2E 01 68 69 63 2E 2E 2E 01 6D 65 21 01 54 68 61 74 C8 69 73 01 77 68 6F 01 49 01 61 6D 21 01 48 69 63 2E 2E 2E 01 62 6C 65 67 68 21 C0	1CC 012 011 078 001 02A 03E 017 001 014 037 03F 078 07A 1C8 014 039 01A 02E 029 024 010 078 001 012 011 078 001 02A 03E 017 1C8 014 039 01A 02E 084 01F 084 01E 012 078 001 012 011 078 001 084 018 03A 03E 1C0
03	E2	0x03E2	"<SPEAKER>「後続昔よ よくぞ来た!
キングバロンの 名において
そなたを ためすが よいかね?"	"<SPEAKER>O successor, you have
come! In King Baron's name,
will you submit to my test?"			SPEAKER NEWLINE NEWLINE END	E9:5EFF	CC 4F 01 73 75 63 63 65 73 73 6F 72 2C 01 79 6F 75 01 68 61 76 65 C8 63 6F 6D 65 21 01 49 6E 01 4B 69 6E 67 01 42 61 72 6F 6E 27 73 01 6E 61 6D 65 2C C8 77 69 6C 6C 01 79 6F 75 01 73 75 62 6D 69 74 01 74 6F 01 6D 79 01 74 65 73 74 3F C0	1CC 1A6 1A5 0A7 035 001 035 017 084 01E 097 01F 07A 1C8 048 06F 084 049 084 05B 06C 06F 028 001 0CD 025 014 011 022 1C8 01E 024 01F 03C 001 01F 031 01C 084 015 001 035 011 015 027 079 1C0
03	E3	0x03E3	"<SPEAKER>「ほう なかなか すなおで
よろしい では きくが<WAIT><SPEAKER>「この世で もっとも いだいなのは
キングバロンだと 思っとるか?"	"<SPEAKER>Good. I like such
obedience. Then answer me this.<WAIT><SPEAKER>Do you believe
King Baron is the greatest
being in this world?"			SPEAKER NEWLINE WAIT SPEAKER NEWLINE NEWLINE END	E9:5F4E	CC 47 6F 6F 64 2E 01 49 01 6C 69 6B 65 01 73 75 63 68 C8 6F 62 65 64 69 65 6E 63 65 2E 01 54 68 65 6E 01 61 6E 73 77 65 72 01 6D 65 01 74 68 69 73 2E C5 CC 44 6F 01 79 6F 75 01 62 65 6C 69 65 76 65 C8 4B 69 6E 67 01 42 61 72 6F 6E 01 69 73 01 74 68 65 01 67 72 65 61 74 65 73 74 C8 62 65 69 6E 67 01 69 6E 01 74 68 69 73 01 77 6F 72 6C 64 3F C0	1CC 02D 012 001 024 015 024 015 001 01C 024 014 084 022 1C8 035 03A 01B 011 001 084 022 029 001 016 017 084 015 1C5 1CC 019 028 0A9 084 022 001 032 03E 023 032 001 011 084 01F 011 024 028 029 1C8 048 06F 084 049 084 05B 06C 06F 084 01F 023 001 10F 03E 023 038 015 079 1C0
03	E4	0x03E4	<SPEAKER>「ふむ しょうじきでよろしい	"<SPEAKER>Hmm. I
appreciate your honesty."			SPEAKER NEWLINE END	E9:5FC1	CC 48 6D 6D 2E 01 49 C8 61 70 70 72 65 63 69 61 74 65 01 79 6F 75 72 01 68 6F 6E 65 73 74 79 2E C0	1CC 02B 030 001 01B 041 012 084 01B 016 084 022 035 03A 01B 011 1C0
03	E5	0x03E5	"<SPEAKER>「わしを おこらせんようにな!
どんどん たずねるぞい!
ところで・・・<WAIT><SPEAKER>「わしに てもちの お金ぜんぶを
あげてもいいと おもっとるか?"	"<SPEAKER>Just do not make
me angry! A successor must
endure anything. Now then...<WAIT><SPEAKER>Would you be
willing to give me every
last coin you have?"			SPEAKER NEWLINE NEWLINE WAIT SPEAKER NEWLINE NEWLINE END	E9:5FE2	CC 4A 75 73 74 01 64 6F 01 6E 6F 74 01 6D 61 6B 65 C8 6D 65 01 61 6E 67 72 79 21 01 41 01 73 75 63 63 65 73 73 6F 72 01 6D 75 73 74 C8 65 6E 64 75 72 65 01 61 6E 79 74 68 69 6E 67 2E 01 4E 6F 77 01 74 68 65 6E 2E 2E 2E C5 CC 57 6F 75 6C 64 01 79 6F 75 01 62 65 C8 77 69 6C 6C 69 6E 67 01 74 6F 01 67 69 76 65 01 6D 65 01 65 76 65 72 79 C8 6C 61 73 74 01 63 6F 69 6E 01 79 6F 75 01 68 61 76 65 3F C0	1CC 03B 01B 03C 001 014 019 036 01D 03D 035 012 025 024 07A 1C8 084 023 03D 084 023 03D 001 01F 084 01C 027 038 084 01E 011 07A 1C8 023 019 03A 084 022 081 081 081 1C5 1CC 03B 01B 025 001 022 032 020 028 001 014 094 084 01D 03D 084 02B 03C 1C8 010 084 018 022 032 011 011 023 001 014 032 03E 023 038 015 079 1C0
03	E6	0x03E6	"<SPEAKER>「うほほ それは うれしいな
では さっそく もらうぞい!"	"<SPEAKER>Ho ho! That
makes me happy. Then
I will take it right now!"			SPEAKER NEWLINE NEWLINE END	E9:6067	CC 48 6F 01 68 6F 21 01 54 68 61 74 C8 6D 61 6B 65 73 01 6D 65 01 68 61 70 70 79 2E 01 54 68 65 6E C8 49 01 77 69 6C 6C 01 74 61 6B 65 01 69 74 01 72 69 67 68 74 01 6E 6F 77 21 C0	1CC 012 02D 02D 001 01E 039 029 001 012 039 01B 011 024 1C8 084 022 029 001 01A 03E 01E 017 001 032 036 012 084 01E 011 07A 1C0
03	E7	0x03E7	"<CLEAR>
レディは
<NUMBER>Yを あげた"	<CLEAR>Lady gave him <NUMBER> Y.			CLEAR NUMBER END	E9:60A3	D0 4C 61 64 79 01 67 61 76 65 01 68 69 6D 01 C2 01 59 2E C0	1D0 06B 084 054 075 029 1C8 1C2 00F 03C 001 010 084 018 01F 1C0
03	E8	0x03E8	"<SPEAKER>「おこっては いかん いかんぞ!
後続昔に なるためには
なにごとも たえしのばねばならん<WAIT><SPEAKER>「いま あんたは わしのことを
むかついとるの? どうじゃ?"	"<SPEAKER>Do not get angry! You
must not! A true successor
must endure whatever comes.<WAIT><SPEAKER>So, are you
annoyed with me right now?"			SPEAKER NEWLINE NEWLINE WAIT SPEAKER NEWLINE END	E9:60B7	CC 44 6F 01 6E 6F 74 01 67 65 74 01 61 6E 67 72 79 21 01 59 6F 75 C8 6D 75 73 74 01 6E 6F 74 21 01 41 01 74 72 75 65 01 73 75 63 63 65 73 73 6F 72 C8 6D 75 73 74 01 65 6E 64 75 72 65 01 77 68 61 74 65 76 65 72 01 63 6F 6D 65 73 2E C5 CC 53 6F 2C 01 61 72 65 01 79 6F 75 C8 61 6E 6E 6F 79 65 64 01 77 69 74 68 01 6D 65 01 72 69 67 68 74 01 6E 6F 77 3F C0	1CC 014 019 03E 022 029 001 011 015 03D 001 011 015 03D 084 01E 07A 1C8 1A6 1A5 0A7 025 001 024 038 01F 031 025 029 1C8 024 025 084 019 023 032 001 01F 013 01B 028 084 029 027 084 029 024 036 03D 1C5 1CC 011 02E 001 010 03D 01F 029 001 03B 01B 028 019 023 03C 1C8 030 015 021 011 023 038 028 079 001 084 023 012 084 01B 03F 079 1C0
03	E9	0x03E9	"<SPEAKER>「おお これは ゆかい! それでこそ
キングバロンの 後続昔じゃ!
金を はんぶん かえしてやろう"	"<SPEAKER>Oh, excellent! That is the
spirit of King Baron's successor!
I will return half your money."			SPEAKER NEWLINE NEWLINE END	E9:612D	CC 4F 68 2C 01 65 78 63 65 6C 6C 65 6E 74 21 01 54 68 61 74 01 69 73 01 74 68 65 C8 73 70 69 72 69 74 01 6F 66 01 4B 69 6E 67 01 42 61 72 6F 6E 27 73 01 73 75 63 63 65 73 73 6F 72 21 C8 49 01 77 69 6C 6C 01 72 65 74 75 72 6E 01 68 61 6C 66 01 79 6F 75 72 01 6D 6F 6E 65 79 2E C0	1CC 014 014 001 019 039 029 001 034 015 011 07A 001 01E 039 084 022 019 01E 1C8 048 06F 084 049 084 05B 06C 06F 028 001 1A6 1A5 0A7 084 01B 03F 07A 1C8 094 03C 001 029 03D 084 02B 03D 001 015 013 01B 022 033 03A 012 1C0
03	EA	0x03EA	"<SPEAKER>「どうじゃい わしの愛は? ん?
ちょっと ふまんそうじゃのう<WAIT><SPEAKER>「では さいごの しつもんじゃ<WAIT><SPEAKER>「わしと たたかって
かてると 思っとるか?"	"<SPEAKER>Well? Feel my
love? Hmm? You still
look a little unhappy.<WAIT><SPEAKER>Then here
is my final question.<WAIT><SPEAKER>Do you think you
could defeat me in a fight?"			SPEAKER NEWLINE NEWLINE WAIT SPEAKER NEWLINE WAIT SPEAKER NEWLINE END	E9:618A	CC 57 65 6C 6C 3F 01 46 65 65 6C 01 6D 79 C8 6C 6F 76 65 3F 01 48 6D 6D 3F 01 59 6F 75 01 73 74 69 6C 6C C8 6C 6F 6F 6B 01 61 01 6C 69 74 74 6C 65 01 75 6E 68 61 70 70 79 2E C5 CC 54 68 65 6E 01 68 65 72 65 C8 69 73 01 6D 79 01 66 69 6E 61 6C 01 71 75 65 73 74 69 6F 6E 2E C5 CC 44 6F 01 79 6F 75 01 74 68 69 6E 6B 01 79 6F 75 C8 63 6F 75 6C 64 01 64 65 66 65 61 74 01 6D 65 01 69 6E 01 61 01 66 69 67 68 74 3F C0	1CC 084 023 012 084 01B 03F 011 001 03B 01B 028 181 029 079 001 03D 079 1C8 020 041 03E 023 001 02B 02E 03D 01E 012 084 01B 03F 028 012 1C5 1CC 084 022 029 001 01A 011 084 019 028 001 01B 021 032 03D 084 01B 03F 1C5 1CC 03B 01B 023 001 01F 01F 015 03E 022 1C8 015 022 038 023 001 10F 03E 023 038 015 079 1C0
03	EB	0x03EB	"<SPEAKER>「なんと! そんな よわ気では
とても キングバロンの
後続昔に なれんぞい!<WAIT><SPEAKER>「そんなやつには これをやろう!"	"<SPEAKER>What?! With such a
timid heart, you can never
become King Baron's successor!<WAIT><SPEAKER>Someone
like you gets this!"			SPEAKER NEWLINE NEWLINE WAIT SPEAKER NEWLINE END	E9:6214	CC 57 68 61 74 3F 21 01 57 69 74 68 01 73 75 63 68 01 61 C8 74 69 6D 69 64 01 68 65 61 72 74 2C 01 79 6F 75 01 63 61 6E 01 6E 65 76 65 72 C8 62 65 63 6F 6D 65 01 4B 69 6E 67 01 42 61 72 6F 6E 27 73 01 73 75 63 63 65 73 73 6F 72 21 C5 CC 53 6F 6D 65 6F 6E 65 C8 6C 69 6B 65 01 79 6F 75 01 67 65 74 73 01 74 68 69 73 21 C0	1CC 024 03D 023 07A 001 01E 03D 024 001 035 03B 099 084 022 029 1C8 023 022 032 001 048 06F 084 049 084 05B 06C 06F 028 1C8 1A6 1A5 0A7 025 001 024 039 03D 084 01E 011 07A 1C5 1CC 01E 03D 024 033 021 025 029 001 019 039 03C 033 03A 012 07A 1C0
03	EC	0x03EC	"<SPEAKER>「そうか それでもよかろう・・・
じゃが 後続昔としては
みとめられぬぞ!"	"<SPEAKER>I see. That answer
will do... but I cannot
recognize you as the successor!"			SPEAKER NEWLINE NEWLINE END	E9:627F	CC 49 01 73 65 65 2E 01 54 68 61 74 01 61 6E 73 77 65 72 C8 77 69 6C 6C 01 64 6F 2E 2E 2E 01 62 75 74 01 49 01 63 61 6E 6E 6F 74 C8 72 65 63 6F 67 6E 69 7A 65 01 79 6F 75 01 61 73 01 74 68 65 01 73 75 63 63 65 73 73 6F 72 21 C0	1CC 01E 012 015 001 01E 039 084 022 032 035 015 03A 012 081 081 081 1C8 084 01B 03F 084 015 001 1A6 1A5 0A7 023 01B 022 029 1C8 02F 023 031 036 039 026 084 01E 07A 1C0
03	ED	0x03ED	"<SPEAKER>「そんな こころがけでは
後続昔には なれんぞ!"	"<SPEAKER>With an attitude like that,
you will never be the successor!"			SPEAKER NEWLINE END	E9:62CB	CC 57 69 74 68 01 61 6E 01 61 74 74 69 74 75 64 65 01 6C 69 6B 65 01 74 68 61 74 2C C8 79 6F 75 01 77 69 6C 6C 01 6E 65 76 65 72 01 62 65 01 74 68 65 01 73 75 63 63 65 73 73 6F 72 21 C0	1CC 01E 03D 024 001 019 019 03A 084 015 018 084 022 029 1C8 1A6 1A5 0A7 025 029 001 024 039 03D 084 01E 07A 1C0
03	EE	0x03EE	"<SPEAKER>「おお これは ゆかい! それでこそ
キングバロンの 後続昔じゃ!"	"<SPEAKER>Oh, excellent! That is the
spirit of King Baron's successor!"			SPEAKER NEWLINE END	E9:6309	CC 4F 68 2C 01 65 78 63 65 6C 6C 65 6E 74 21 01 54 68 61 74 01 69 73 01 74 68 65 C8 73 70 69 72 69 74 01 6F 66 01 4B 69 6E 67 01 42 61 72 6F 6E 27 73 01 73 75 63 63 65 73 73 6F 72 21 C0	1CC 014 014 001 019 039 029 001 034 015 011 07A 001 01E 039 084 022 019 01E 1C8 048 06F 084 049 084 05B 06C 06F 028 001 1A6 1A5 0A7 084 01B 03F 07A 1C0
03	EF	0x03EF	"<SPEAKER>「ほほう なかなか 強気じゃの
では そなたの力
たしかめさせて もらうぞい!"	"<SPEAKER>Ho! You have plenty
of nerve. Then let me test
your strength for myself!"			SPEAKER NEWLINE NEWLINE END	E9:6347	CC 48 6F 21 01 59 6F 75 01 68 61 76 65 01 70 6C 65 6E 74 79 C8 6F 66 01 6E 65 72 76 65 2E 01 54 68 65 6E 01 6C 65 74 01 6D 65 01 74 65 73 74 C8 79 6F 75 72 01 73 74 72 65 6E 67 74 68 01 66 6F 72 01 6D 79 73 65 6C 66 21 C0	1CC 02D 02D 012 001 024 015 024 015 001 138 099 084 01B 03F 028 1C8 084 022 029 001 01E 024 01F 028 107 1C8 01F 01B 015 031 01A 01D 022 001 032 036 012 084 01E 011 07A 1C0
03	F0	0x03F0	"<SPEAKER>「へけけっ おねえちゃん
ぼくと かくれんぼ しようよ"	"<SPEAKER>Heh heh!
Hey, lady, wanna play
hide-and-seek with me?"			SPEAKER NEWLINE NEWLINE END	E9:6391	CC 48 65 68 01 68 65 68 21 C8 48 65 79 2C 01 6C 61 64 79 2C 01 77 61 6E 6E 61 01 70 6C 61 79 C8 68 69 64 65 2D 61 6E 64 2D 73 65 65 6B 01 77 69 74 68 01 6D 65 3F C0	1CC 02C 018 018 03E 001 014 027 013 020 03F 03D 1C8 084 02D 017 023 001 015 017 039 03D 084 02D 001 01B 035 012 035 1C0
03	F1	0x03F1	"<SPEAKER>「へけけっ それじゃあ ぼく
かくれるからねっ へけけっ
みつけてねっ けけけっ"	"<SPEAKER>Heh heh! I am
going to hide now. Come
find me! Keh heh heh!"			SPEAKER NEWLINE NEWLINE END	E9:63C8	CC 48 65 68 01 68 65 68 21 01 49 01 61 6D C8 67 6F 69 6E 67 01 74 6F 01 68 69 64 65 01 6E 6F 77 2E 01 43 6F 6D 65 C8 66 69 6E 64 01 6D 65 21 01 4B 65 68 01 68 65 68 01 68 65 68 21 C0	1CC 02C 018 018 03E 001 01E 039 084 01B 03F 010 001 084 02D 017 1C8 015 017 039 038 015 036 027 03E 001 02C 018 018 03E 1C8 02F 021 018 022 027 03E 001 018 018 018 03E 1C0
03	F2	0x03F2	"<SPEAKER>「へけけっ じゃあ いやでも
ぼくを さがさせてやるっ!"	"<SPEAKER>Heh heh! Then I
will make you look for me
whether you like it or not!"			SPEAKER NEWLINE NEWLINE END	E9:6405	CC 48 65 68 01 68 65 68 21 01 54 68 65 6E 01 49 C8 77 69 6C 6C 01 6D 61 6B 65 01 79 6F 75 01 6C 6F 6F 6B 01 66 6F 72 01 6D 65 C8 77 68 65 74 68 65 72 01 79 6F 75 01 6C 69 6B 65 01 69 74 01 6F 72 01 6E 6F 74 21 C0	1CC 02C 018 018 03E 001 084 01B 03F 010 001 011 033 084 022 032 1C8 084 02D 017 03C 001 01A 084 015 01A 01D 022 033 038 03E 07A 1C0
03	F3	0x03F3	"<CLEAR>
ベビーバロンは レディの
お金を ぜんぶ うばった!"	"<CLEAR>Baby Baron stole
all of Lady's money!"			CLEAR NEWLINE END	E9:644C	D0 42 61 62 79 01 42 61 72 6F 6E 01 73 74 6F 6C 65 C8 61 6C 6C 01 6F 66 01 4C 61 64 79 27 73 01 6D 6F 6E 65 79 21 C0	1D0 084 05E 084 05C 078 084 05B 06C 06F 029 001 06B 084 054 075 028 1C8 014 094 03C 001 084 01D 03D 084 02B 001 012 084 029 03E 01F 07A 1C0
03	F4	0x03F4	"<SPEAKER>「せっかく いいもの あげようと
おもったのに・・・ ざんねんだなあ・・・<WAIT><SPEAKER>「どう? 気がかわった?"	"<SPEAKER>I was going to give you
something good... What a shame.<WAIT><SPEAKER>Well? Changed your mind?"			SPEAKER NEWLINE WAIT SPEAKER END	E9:6473	CC 49 01 77 61 73 01 67 6F 69 6E 67 01 74 6F 01 67 69 76 65 01 79 6F 75 C8 73 6F 6D 65 74 68 69 6E 67 01 67 6F 6F 64 2E 2E 2E 01 57 68 61 74 01 61 01 73 68 61 6D 65 2E C5 CC 57 65 6C 6C 3F 01 43 68 61 6E 67 65 64 01 79 6F 75 72 01 6D 69 6E 64 3F C0	1CC 01D 03E 015 017 001 011 011 032 028 001 010 084 018 035 012 023 1C8 014 032 03E 01F 028 025 081 081 081 001 084 01A 03D 027 03D 084 01F 024 010 081 081 081 1C5 1CC 084 023 012 079 001 099 084 015 015 03B 03E 01F 079 1C0
03	F5	0x03F5	"<SPEAKER>「うわあ みつかっちゃったー!
こんなところ よくわかったね
へけけっ これ あげるよ!"	"<SPEAKER>Waaah! You found me!
How did you know I was
here? Heh heh. Here, take this!"			SPEAKER NEWLINE NEWLINE END	E9:64C6	CC 57 61 61 61 68 21 01 59 6F 75 01 66 6F 75 6E 64 01 6D 65 21 C8 48 6F 77 01 64 69 64 01 79 6F 75 01 6B 6E 6F 77 01 49 01 77 61 73 C8 68 65 72 65 3F 01 48 65 68 01 68 65 68 2E 01 48 65 72 65 2C 01 74 61 6B 65 01 74 68 69 73 21 C0	1CC 012 03B 010 001 02F 021 015 03E 020 03F 03E 01F 078 07A 1C8 019 03D 024 023 019 03A 001 035 017 03B 015 03E 01F 027 1C8 02C 018 018 03E 001 019 039 001 010 084 018 038 035 07A 1C0
03	F6	0x03F6	"<CLEAR>
レディは お金をとりもどした"	<CLEAR>Lady got her money back.			CLEAR END	E9:6513	D0 4C 61 64 79 01 67 6F 74 01 68 65 72 01 6D 6F 6E 65 79 01 62 61 63 6B 2E C0	1D0 06B 084 054 075 029 001 014 094 03C 023 037 032 084 023 01B 01F 1C0
03	F7	0x03F7	"<SPEAKER>「へけけっ にもつが いっぱいだよ
使うか すてるか してきてよ"	"<SPEAKER>Heh heh! Your
baggage is full. Use something
or throw something away."			SPEAKER NEWLINE NEWLINE END	E9:652D	CC 48 65 68 01 68 65 68 21 01 59 6F 75 72 C8 62 61 67 67 61 67 65 01 69 73 01 66 75 6C 6C 2E 01 55 73 65 01 73 6F 6D 65 74 68 69 6E 67 C8 6F 72 01 74 68 72 6F 77 01 73 6F 6D 65 74 68 69 6E 67 01 61 77 61 79 2E C0	1CC 02C 018 018 03E 001 025 032 021 084 015 001 011 03E 083 029 011 084 01F 035 1C8 123 012 015 001 01C 022 038 015 001 01B 022 016 022 035 1C0
03	F8	0x03F8	"<SPEAKER>「おねえちゃん かわいいね
ぼくの ステディにならない?"	"<SPEAKER>Hey, lady, you are
cute. Wanna be my girlfriend?"			SPEAKER NEWLINE END	E9:6574	CC 48 65 79 2C 01 6C 61 64 79 2C 01 79 6F 75 01 61 72 65 C8 63 75 74 65 2E 01 57 61 6E 6E 61 01 62 65 01 6D 79 01 67 69 72 6C 66 72 69 65 6E 64 3F C0	1CC 014 027 013 020 03F 03D 001 015 03B 011 011 027 1C8 084 02D 017 028 001 04E 054 084 054 075 025 024 036 024 011 079 1C0
03	F9	0x03F9	"<SPEAKER>「けけけっ また ばかな
人間が よくに 目がくらんで
ひっかかりやがったな けけけっ<WAIT><SPEAKER>「ぼくたち モンスターは いつも
おまえら 人間たちに
しいたげられてきたんだ!<WAIT><SPEAKER>「きょうは その おれいを
たっぷりと してやるもんね
かくごしてよねっ!"	"<SPEAKER>Keh heh! Another greedy
human walked right into our trap!<WAIT><SPEAKER>We monsters
have always been pushed
around by you humans!<WAIT><SPEAKER>Today we are
paying you back in full.
Better brace yourself!"			SPEAKER NEWLINE WAIT SPEAKER NEWLINE NEWLINE WAIT SPEAKER NEWLINE NEWLINE END	E9:65A6	CC 4B 65 68 01 68 65 68 21 01 41 6E 6F 74 68 65 72 01 67 72 65 65 64 79 C8 68 75 6D 61 6E 01 77 61 6C 6B 65 64 01 72 69 67 68 74 01 69 6E 74 6F 01 6F 75 72 01 74 72 61 70 21 C5 CC 57 65 01 6D 6F 6E 73 74 65 72 73 C8 68 61 76 65 01 61 6C 77 61 79 73 01 62 65 65 6E 01 70 75 73 68 65 64 C8 61 72 6F 75 6E 64 01 62 79 01 79 6F 75 01 68 75 6D 61 6E 73 21 C5 CC 54 6F 64 61 79 01 77 65 01 61 72 65 C8 70 61 79 69 6E 67 01 79 6F 75 01 62 61 63 6B 01 69 6E 01 66 75 6C 6C 2E C8 42 65 74 74 65 72 01 62 72 61 63 65 01 79 6F 75 72 73 65 6C 66 21 C0	1CC 018 018 018 03E 001 02E 01F 001 084 029 015 024 1C8 091 0E3 084 015 001 035 017 025 001 0B6 084 015 017 036 03D 084 022 1C8 02A 03E 015 015 037 033 084 015 03E 01F 024 001 018 018 018 03E 1C5 1CC 084 02D 017 01F 020 001 064 06F 04E 051 078 029 001 011 021 032 1C8 014 02E 013 036 001 091 0E3 01F 020 025 1C8 01B 011 01F 084 018 036 039 022 016 01F 03D 084 01F 07A 1C5 1CC 016 041 012 029 001 01E 028 001 014 039 011 03C 1C8 01F 03E 083 02B 037 023 001 01B 022 033 038 032 03D 027 1C8 015 017 084 019 01B 022 035 027 03E 07A 1C0
03	FA	0x03FA	"<SPEAKER>「けけけっ じわじわと たっぷり
おまえらを いたぶってやる!<WAIT><SPEAKER>「ごうもんに たえられたら
ここから だして あげるよ"	"<SPEAKER>Keh heh! We will take
our time and torment you good!<WAIT><SPEAKER>If you survive
the torture, we will
let you out of here."			SPEAKER NEWLINE WAIT SPEAKER NEWLINE NEWLINE END	E9:665A	CC 4B 65 68 01 68 65 68 21 01 57 65 01 77 69 6C 6C 01 74 61 6B 65 C8 6F 75 72 01 74 69 6D 65 01 61 6E 64 01 74 6F 72 6D 65 6E 74 01 79 6F 75 01 67 6F 6F 64 21 C5 CC 49 66 01 79 6F 75 01 73 75 72 76 69 76 65 C8 74 68 65 01 74 6F 72 74 75 72 65 2C 01 77 65 01 77 69 6C 6C C8 6C 65 74 01 79 6F 75 01 6F 75 74 01 6F 66 01 68 65 72 65 2E C0	1CC 018 018 018 03E 001 084 01B 03B 084 01B 03B 023 001 01F 03E 083 02B 037 1C8 014 02E 013 036 03C 001 011 01F 084 02B 03E 022 033 038 07A 1C5 1CC 084 019 012 032 03D 025 001 01F 013 036 039 01F 036 1C8 019 019 015 036 001 084 01F 01B 022 001 010 084 018 038 035 1C0
03	FB	0x03FB	"<SPEAKER>「けけけっ おくすりは
あずからせてもらうよ"	"<SPEAKER>Keh heh! We will hold
on to your medicine for you."			SPEAKER NEWLINE END	E9:66CA	CC 4B 65 68 01 68 65 68 21 01 57 65 01 77 69 6C 6C 01 68 6F 6C 64 C8 6F 6E 01 74 6F 01 79 6F 75 72 01 6D 65 64 69 63 69 6E 65 01 66 6F 72 01 79 6F 75 2E C0	1CC 018 018 018 03E 001 014 017 01C 037 029 1C8 010 084 01C 015 036 01D 022 032 036 012 035 1C0
03	FC	0x03FC	"<CLEAR>
レディは おくすりを
ぜんぶ とられてしまった"	"<CLEAR>All of Lady's medicine
was taken away."			CLEAR NEWLINE END	E9:66FE	D0 41 6C 6C 01 6F 66 01 4C 61 64 79 27 73 01 6D 65 64 69 63 69 6E 65 C8 77 61 73 01 74 61 6B 65 6E 01 61 77 61 79 2E C0	1D0 06B 084 054 075 029 001 014 017 01C 037 03C 1C8 084 01D 03D 084 02B 001 023 036 039 022 01B 02E 03E 01F 1C0
03	FD	0x03FD	"<SPEAKER>「この 3つの いすの どれか
2つが しびれるはずだ<WAIT><SPEAKER>「どれか えらんで のれ!"	"<SPEAKER>Two of these three chairs
will give you a nasty shock.<WAIT><SPEAKER>Pick one and sit down!"			SPEAKER NEWLINE WAIT SPEAKER END	E9:6726	CC 54 77 6F 01 6F 66 01 74 68 65 73 65 01 74 68 72 65 65 01 63 68 61 69 72 73 C8 77 69 6C 6C 01 67 69 76 65 01 79 6F 75 01 61 01 6E 61 73 74 79 01 73 68 6F 63 6B 2E C5 CC 50 69 63 6B 01 6F 6E 65 01 61 6E 64 01 73 69 74 01 64 6F 77 6E 21 C0	1CC 019 028 001 005 021 028 001 011 01C 028 001 084 023 039 015 1C8 004 021 084 015 001 01B 084 02A 039 038 029 084 01C 084 01F 1C5 1CC 084 023 039 015 001 013 036 03D 084 022 001 028 039 07A 1C0
03	FE	0x03FE	<SPEAKER>「つぎの ごうもんに 行け!	"<SPEAKER>Move on to
the next torture!"			SPEAKER NEWLINE END	E9:6776	CC 4D 6F 76 65 01 6F 6E 01 74 6F C8 74 68 65 01 6E 65 78 74 01 74 6F 72 74 75 72 65 21 C0	1CC 021 084 016 028 001 084 019 012 032 03D 025 001 08D 018 07A 1C0
03	FF	0x03FF	<SPEAKER>「おまえさん うんが いいな	<SPEAKER>You got lucky.			SPEAKER END	E9:6794	CC 59 6F 75 01 67 6F 74 01 6C 75 63 6B 79 2E C0	1CC 014 02E 013 01A 03D 001 012 03D 084 015 001 011 011 024 1C0
04	00	0x0400	"<SPEAKER>「かべから 火の玉がでるぞ
ひっしで にげまわれ!
ではいくぞ!"	"<SPEAKER>Fireballs will shoot
from the walls! Run for
your life! Here we go!"			SPEAKER NEWLINE NEWLINE END	E9:67A4	CC 46 69 72 65 62 61 6C 6C 73 01 77 69 6C 6C 01 73 68 6F 6F 74 C8 66 72 6F 6D 01 74 68 65 01 77 61 6C 6C 73 21 01 52 75 6E 01 66 6F 72 C8 79 6F 75 72 01 6C 69 66 65 21 01 48 65 72 65 01 77 65 01 67 6F 21 C0	1CC 015 084 02C 015 036 001 110 028 127 084 015 084 022 038 084 01E 1C8 02A 03E 01B 084 022 001 025 084 018 02E 03B 039 07A 1C8 084 022 029 011 017 084 01E 07A 1C0
04	01	0x0401	"<SPEAKER>「わはははは!
にげろ! にげろ!"	<SPEAKER>Wahahaha! Run! Run!			SPEAKER END	E9:67E9	CC 57 61 68 61 68 61 68 61 21 01 52 75 6E 21 01 52 75 6E 21 C0	1CC 03B 029 029 029 029 07A 1C8 025 084 018 03A 07A 001 025 084 018 03A 07A 1C0
04	02	0x0402	<SPEAKER>「よくがんばったな! ねえちゃん!	<SPEAKER>You did well, lady!			SPEAKER END	E9:67FE	CC 59 6F 75 01 64 69 64 01 77 65 6C 6C 2C 01 6C 61 64 79 21 C0	1CC 035 017 084 015 03D 084 029 03E 01F 024 07A 001 027 013 020 03F 03D 07A 1C0
04	03	0x0403	"<SPEAKER>「けけけ なかなか やるじゃない!
とりあえず これを かえすよ"	"<SPEAKER>Keh heh! Not bad at all.
For now, I will give this back."			SPEAKER NEWLINE END	E9:6813	CC 4B 65 68 01 68 65 68 21 01 4E 6F 74 01 62 61 64 01 61 74 01 61 6C 6C 2E C8 46 6F 72 01 6E 6F 77 2C 01 49 01 77 69 6C 6C 01 67 69 76 65 01 74 68 69 73 01 62 61 63 6B 2E C0	1CC 018 018 018 001 024 015 024 015 001 033 038 084 01B 03F 024 011 07A 1C8 023 037 010 013 084 01C 001 019 039 03C 001 015 013 01C 035 1C0
04	04	0x0404	"<CLEAR>
レディは おくすりを
かえしてもらった"	<CLEAR>Lady got her medicine back.			CLEAR END	E9:684D	D0 4C 61 64 79 01 67 6F 74 01 68 65 72 01 6D 65 64 69 63 69 6E 65 01 62 61 63 6B 2E C0	1D0 06B 084 054 075 029 001 014 017 01C 037 03C 1C8 015 013 01B 022 032 036 03E 01F 1C0
04	05	0x0405	"<SPEAKER>「けけけ なかなか やるじゃない!
これは ごほうびだよ"	"<SPEAKER>Keh heh! Not bad
at all. Here is your reward."			SPEAKER NEWLINE END	E9:686A	CC 4B 65 68 01 68 65 68 21 01 4E 6F 74 01 62 61 64 C8 61 74 01 61 6C 6C 2E 01 48 65 72 65 01 69 73 01 79 6F 75 72 01 72 65 77 61 72 64 2E C0	1CC 018 018 018 001 024 015 024 015 001 033 038 084 01B 03F 024 011 07A 1C8 019 039 029 001 084 019 02D 012 084 02A 084 01F 035 1C0
04	06	0x0406	<SPEAKER>「なあんだ じゃ やめた	<SPEAKER>Oh. Then forget it.			SPEAKER END	E9:6899	CC 4F 68 2E 01 54 68 65 6E 01 66 6F 72 67 65 74 01 69 74 2E C0	1CC 024 010 03D 084 01F 001 084 01B 03F 001 033 031 01F 1C0
04	07	0x0407	"<SPEAKER>「けけけっ でも ごうもんは
これで おわりじゃないよ<WAIT><SPEAKER>「いまのは ほんの こてしらべさっ
おたのしみは これからなのさ
けけけ けけけけけっ"	"<SPEAKER>Keh heh! But the
torture is not over yet.<WAIT><SPEAKER>That was only a
warm-up. The real fun starts
now! Keh heh heh heh!"			SPEAKER NEWLINE WAIT SPEAKER NEWLINE NEWLINE END	E9:68AE	CC 4B 65 68 01 68 65 68 21 01 42 75 74 01 74 68 65 C8 74 6F 72 74 75 72 65 01 69 73 01 6E 6F 74 01 6F 76 65 72 01 79 65 74 2E C5 CC 54 68 61 74 01 77 61 73 01 6F 6E 6C 79 01 61 C8 77 61 72 6D 2D 75 70 2E 01 54 68 65 01 72 65 61 6C 01 66 75 6E 01 73 74 61 72 74 73 C8 6E 6F 77 21 01 4B 65 68 01 68 65 68 01 68 65 68 01 68 65 68 21 C0	1CC 018 018 018 03E 001 084 022 032 001 084 019 012 032 03D 029 1C8 019 039 084 022 001 014 03B 037 084 01B 03F 024 011 035 1C5 1CC 011 02E 028 029 001 02D 03D 028 001 019 022 01B 036 084 02C 01A 03E 1C8 014 01F 028 01B 02F 029 001 019 039 015 036 024 028 01A 1C8 018 018 018 001 018 018 018 018 018 03E 1C0
04	08	0x0408	"<SPEAKER>「このさきの てつごうしを あけたから
となりの部屋に 行きなっ!
そこで ほんばんなのさ けけっ"	"<SPEAKER>I opened the iron grate
ahead. Go into the next room!
That's where it gets real. Keh!"			SPEAKER NEWLINE NEWLINE END	E9:691D	CC 49 01 6F 70 65 6E 65 64 01 74 68 65 01 69 72 6F 6E 01 67 72 61 74 65 C8 61 68 65 61 64 2E 01 47 6F 01 69 6E 74 6F 01 74 68 65 01 6E 65 78 74 01 72 6F 6F 6D 21 C8 54 68 61 74 27 73 01 77 68 65 72 65 01 69 74 01 67 65 74 73 01 72 65 61 6C 2E 01 4B 65 68 21 C0	1CC 019 028 01A 016 028 001 022 021 084 019 012 01B 03C 001 010 018 01F 015 036 1C8 023 024 037 028 0DA 0B3 025 001 08D 016 024 03E 07A 1C8 01E 019 084 022 001 02D 03D 084 029 03D 024 028 01A 001 018 018 03E 1C0
04	09	0x0409	"<SPEAKER>「けけけっ よく 生きのこったな
おんなの くせに 体を
きたえているんだな けけけっ<WAIT><SPEAKER>「きたえられた 人間は さぞ
おいしいんだろうな けけけっ"	"<SPEAKER>Keh heh! You actually
survived. Not bad for a woman.
You keep yourself in shape!<WAIT><SPEAKER>A well-trained human must
taste especially good. Keh heh!"			SPEAKER NEWLINE NEWLINE WAIT SPEAKER NEWLINE END	E9:6974	CC 4B 65 68 01 68 65 68 21 01 59 6F 75 01 61 63 74 75 61 6C 6C 79 C8 73 75 72 76 69 76 65 64 2E 01 4E 6F 74 01 62 61 64 01 66 6F 72 01 61 01 77 6F 6D 61 6E 2E C8 59 6F 75 01 6B 65 65 70 01 79 6F 75 72 73 65 6C 66 01 69 6E 01 73 68 61 70 65 21 C5 CC 41 01 77 65 6C 6C 2D 74 72 61 69 6E 65 64 01 68 75 6D 61 6E 01 6D 75 73 74 C8 74 61 73 74 65 01 65 73 70 65 63 69 61 6C 6C 79 01 67 6F 6F 64 2E 01 4B 65 68 01 68 65 68 21 C0	1CC 018 018 018 03E 001 035 017 001 09B 016 028 019 03E 01F 024 1C8 014 03D 024 028 001 017 01D 025 001 0F0 03C 1C8 016 01F 013 022 011 038 03D 084 01F 024 001 018 018 018 03E 1C5 1CC 016 01F 013 036 039 01F 001 091 0E3 029 001 01A 084 01E 1C8 014 011 01B 011 03D 084 01F 03A 012 024 001 018 018 018 03E 1C0
04	0A	0x040A	"<SPEAKER>「おっと! これは これは
わかい ねーさんだねえ へへ<WAIT><SPEAKER>「ごうもんの しゅるいは
3しゅるいだ! まずは ここ
てっぱんじごくだ!<WAIT><SPEAKER>「てっぱんの ところどころが
まっかに あつくなるから
がんばって にげまわってくれ<WAIT><SPEAKER>「ほんじゃあ いくぞ!"	"<SPEAKER>Well, well!
A young lady. Heh.<WAIT><SPEAKER>There are three kinds of
torture. First comes Hot-Plate Hell!<WAIT><SPEAKER>Parts of the iron
floor turn red-hot. Do
your best to keep moving!<WAIT><SPEAKER>All right, here we go!"			SPEAKER NEWLINE WAIT SPEAKER NEWLINE WAIT SPEAKER NEWLINE NEWLINE WAIT SPEAKER END	E9:6A01	CC 57 65 6C 6C 2C 01 77 65 6C 6C 21 C8 41 01 79 6F 75 6E 67 01 6C 61 64 79 2E 01 48 65 68 2E C5 CC 54 68 65 72 65 01 61 72 65 01 74 68 72 65 65 01 6B 69 6E 64 73 01 6F 66 C8 74 6F 72 74 75 72 65 2E 01 46 69 72 73 74 01 63 6F 6D 65 73 01 48 6F 74 2D 50 6C 61 74 65 01 48 65 6C 6C 21 C5 CC 50 61 72 74 73 01 6F 66 01 74 68 65 01 69 72 6F 6E C8 66 6C 6F 6F 72 01 74 75 72 6E 01 72 65 64 2D 68 6F 74 2E 01 44 6F C8 79 6F 75 72 01 62 65 73 74 01 74 6F 01 6B 65 65 70 01 6D 6F 76 69 6E 67 21 C5 CC 41 6C 6C 01 72 69 67 68 74 2C 01 68 65 72 65 01 77 65 01 67 6F 21 C0	1CC 014 03E 023 07A 001 019 039 029 001 019 039 029 1C8 03B 015 011 001 027 078 01A 03D 084 01F 027 013 001 02C 02C 1C5 1CC 084 019 012 032 03D 028 001 01B 040 038 011 029 1C8 005 01B 040 038 011 084 01F 07A 001 02E 084 01C 029 001 019 019 1C8 022 03E 083 029 03D 084 01B 084 019 017 084 01F 07A 1C5 1CC 022 03E 083 029 03D 028 001 023 019 03A 084 023 019 03A 084 015 1C8 02E 03E 015 025 001 010 021 017 024 038 015 036 1C8 084 015 03D 084 029 03E 022 001 025 084 018 02E 03B 03E 022 017 039 1C5 1CC 02D 03D 084 01B 03F 010 001 011 017 084 01E 07A 1C0
04	0B	0x040B	<SPEAKER>「おっと! まだまだ!	"<SPEAKER>Whoa! We
are not done yet!"			SPEAKER NEWLINE END	E9:6ABC	CC 57 68 6F 61 21 01 57 65 C8 61 72 65 01 6E 6F 74 01 64 6F 6E 65 01 79 65 74 21 C0	1CC 014 03E 023 07A 001 02E 084 01F 02E 084 01F 07A 1C0
04	0C	0x040C	"<SPEAKER>「へへへ わかい おんなの
てっぱんダンスは いかすぜ
つぎの 部屋に いきな!"	"<SPEAKER>Heh heh! That hot-plate
dance of yours was something.
Now get to the next room!"			SPEAKER NEWLINE NEWLINE END	E9:6AD8	CC 48 65 68 01 68 65 68 21 01 54 68 61 74 01 68 6F 74 2D 70 6C 61 74 65 C8 64 61 6E 63 65 01 6F 66 01 79 6F 75 72 73 01 77 61 73 01 73 6F 6D 65 74 68 69 6E 67 2E C8 4E 6F 77 01 67 65 74 01 74 6F 01 74 68 65 01 6E 65 78 74 01 72 6F 6F 6D 21 C0	1CC 02C 02C 02C 001 03B 015 011 001 014 03D 024 028 1C8 022 03E 083 029 03D 084 051 06F 04E 029 001 011 015 01C 084 01D 1C8 021 084 016 028 001 0DA 0B3 025 001 011 016 024 07A 1C0
04	0D	0x040D	"<SPEAKER>「けけけっ ここは むかしから
つたわる ゆいしょある
れんがじごくの ごうもんだっ!<WAIT><SPEAKER>「いまから 上から れんがを
おとすから それを持って 歩け!<WAIT><SPEAKER>「この れんが道を 2しゅうだ
けけけっ すごい おもさだぞ!
・・よし おとせっ!"	"<SPEAKER>Keh heh! This is
the ancient and honored
torture of Brick Hell!<WAIT><SPEAKER>We will drop a
brick from above. Carry
it and keep walking!<WAIT><SPEAKER>Two laps around this
brick path. Keh heh! It is
brutally heavy! ...All right, drop it!"			SPEAKER NEWLINE NEWLINE WAIT SPEAKER NEWLINE NEWLINE WAIT SPEAKER NEWLINE NEWLINE END	E9:6B29	CC 4B 65 68 01 68 65 68 21 01 54 68 69 73 01 69 73 C8 74 68 65 01 61 6E 63 69 65 6E 74 01 61 6E 64 01 68 6F 6E 6F 72 65 64 C8 74 6F 72 74 75 72 65 01 6F 66 01 42 72 69 63 6B 01 48 65 6C 6C 21 C5 CC 57 65 01 77 69 6C 6C 01 64 72 6F 70 01 61 C8 62 72 69 63 6B 01 66 72 6F 6D 01 61 62 6F 76 65 2E 01 43 61 72 72 79 C8 69 74 01 61 6E 64 01 6B 65 65 70 01 77 61 6C 6B 69 6E 67 21 C5 CC 54 77 6F 01 6C 61 70 73 01 61 72 6F 75 6E 64 01 74 68 69 73 C8 62 72 69 63 6B 01 70 61 74 68 2E 01 4B 65 68 01 68 65 68 21 01 49 74 01 69 73 C8 62 72 75 74 61 6C 6C 79 01 68 65 61 76 79 21 01 2E 2E 2E 41 6C 6C 01 72 69 67 68 74 2C 01 64 72 6F 70 01 69 74 21 C0	1CC 018 018 018 03E 001 019 019 029 001 030 015 01B 015 036 1C8 021 01F 03B 038 001 034 011 01B 041 010 038 1C8 039 03D 084 015 084 01B 084 019 017 028 001 084 019 012 032 03D 084 01F 03E 07A 1C5 1CC 011 02E 015 036 001 128 015 036 001 039 03D 084 015 03C 1C8 014 023 01C 015 036 001 01E 039 03C 0D3 03E 022 001 0D0 018 07A 1C5 1CC 019 028 001 039 03D 084 015 0C7 03C 001 004 01B 040 012 084 01F 1C8 018 018 018 03E 001 01C 084 019 011 001 014 032 01A 084 01F 084 01E 07A 1C8 081 081 035 01B 001 014 023 01D 03E 07A 1C0
04	0E	0x040E	"<SPEAKER>「ここは ばくだんじごくだ
上から ダイナマッドが
たくさん おちてくる<WAIT><SPEAKER>「ただ にげているだけでは だめだ
そこの だんさの 下に 5ひき
なげこまなければ でられんぞ!<WAIT><SPEAKER>「それではいくぞ! うりゃ"	"<SPEAKER>This is Bomb Hell. Lots
of Dynamuds will fall from above.<WAIT><SPEAKER>Just running away will
not work. You must throw five
of them down below that ledge!<WAIT><SPEAKER>Here we go! Hyaa!"			SPEAKER NEWLINE WAIT SPEAKER NEWLINE NEWLINE WAIT SPEAKER END	E9:6BFF	CC 54 68 69 73 01 69 73 01 42 6F 6D 62 01 48 65 6C 6C 2E 01 4C 6F 74 73 C8 6F 66 01 44 79 6E 61 6D 75 64 73 01 77 69 6C 6C 01 66 61 6C 6C 01 66 72 6F 6D 01 61 62 6F 76 65 2E C5 CC 4A 75 73 74 01 72 75 6E 6E 69 6E 67 01 61 77 61 79 01 77 69 6C 6C C8 6E 6F 74 01 77 6F 72 6B 2E 01 59 6F 75 01 6D 75 73 74 01 74 68 72 6F 77 01 66 69 76 65 C8 6F 66 01 74 68 65 6D 01 64 6F 77 6E 01 62 65 6C 6F 77 01 74 68 61 74 01 6C 65 64 67 65 21 C5 CC 48 65 72 65 01 77 65 01 67 6F 21 01 48 79 61 61 21 C0	1CC 019 019 029 001 084 029 017 084 01F 03D 084 01B 084 019 017 084 01F 1C8 128 015 036 001 084 051 043 056 060 070 084 055 084 015 1C8 01F 017 01A 03D 001 014 020 022 017 038 1C5 1CC 01F 084 01F 001 025 084 018 022 011 038 084 01F 018 084 022 029 001 084 01F 031 084 01F 1C8 01E 019 028 001 084 01F 03D 01A 028 001 0B8 025 001 007 02A 016 1C8 024 084 018 019 02E 024 018 039 084 029 001 084 022 036 039 03D 084 01E 07A 1C5 1CC 01E 039 084 022 029 011 017 084 01E 07A 001 012 037 03F 1C0
04	0F	0x040F	"<SPEAKER>「むはは むは むは
がんばれ! がんばれ!"	"<SPEAKER>Muahaha! Muha! Muha!
Keep going! Keep going!"			SPEAKER NEWLINE END	E9:6CA2	CC 4D 75 61 68 61 68 61 21 01 4D 75 68 61 21 01 4D 75 68 61 21 C8 4B 65 65 70 01 67 6F 69 6E 67 21 01 4B 65 65 70 01 67 6F 69 6E 67 21 C0	1CC 030 029 029 001 030 029 001 030 029 1C8 084 015 03D 084 029 039 07A 001 084 015 03D 084 029 039 07A 1C0
04	10	0x0410	"<SPEAKER>「ごくろうさん これで ごうもんは
すべて しゅうりょうだ
よく がんばったな"	"<SPEAKER>Good work. That concludes
all of the torture. You did well."			SPEAKER NEWLINE END	E9:6CD0	CC 47 6F 6F 64 01 77 6F 72 6B 2E 01 54 68 61 74 01 63 6F 6E 63 6C 75 64 65 73 C8 61 6C 6C 01 6F 66 01 74 68 65 01 74 6F 72 74 75 72 65 2E 01 59 6F 75 01 64 69 64 01 77 65 6C 6C 2E C0	1CC 084 019 017 03A 012 01A 03D 001 019 039 084 022 001 084 019 012 032 03D 029 1C8 01C 084 02C 022 001 01B 040 012 037 041 012 084 01F 1C8 035 017 001 084 015 03D 084 029 03E 01F 024 1C0
04	11	0x0411	"<SPEAKER>「こらー じじい 何いってんだ
よけいなこと いってると
生かして おかないぞ けけっ"	"<SPEAKER>Hey, old man! Shut your
mouth. Keep talking out of turn
and I will kill you. Keh heh!"			SPEAKER NEWLINE NEWLINE END	E9:6D0D	CC 48 65 79 2C 01 6F 6C 64 01 6D 61 6E 21 01 53 68 75 74 01 79 6F 75 72 C8 6D 6F 75 74 68 2E 01 4B 65 65 70 01 74 61 6C 6B 69 6E 67 01 6F 75 74 01 6F 66 01 74 75 72 6E C8 61 6E 64 01 49 01 77 69 6C 6C 01 6B 69 6C 6C 01 79 6F 75 2E 01 4B 65 68 01 68 65 68 21 C0	1CC 019 036 078 001 084 01B 084 01B 011 001 093 011 03E 022 03D 084 01F 1C8 035 018 011 024 019 023 001 011 03E 022 038 023 1C8 09B 015 01B 022 001 014 015 024 011 084 01E 001 018 018 03E 1C0
04	12	0x0412	<SPEAKER>「ジャンボ ベビーバロンさま!	<SPEAKER>Lord Jumbo Baby Baron!			SPEAKER END	E9:6D64	CC 4C 6F 72 64 01 4A 75 6D 62 6F 01 42 61 62 79 01 42 61 72 6F 6E 21 C0	1CC 084 04D 071 06F 084 05F 001 084 05E 084 05C 078 084 05B 06C 06F 01A 02E 07A 1C0
04	13	0x0413	"<SPEAKER>「ばかもの! おれのことは
ジェイビー とよべと いったろう"	"<SPEAKER>Idiot! I told
you to call me J.B.!"			SPEAKER NEWLINE END	E9:6D7C	CC 49 64 69 6F 74 21 01 49 01 74 6F 6C 64 C8 79 6F 75 01 74 6F 01 63 61 6C 6C 01 6D 65 01 4A 2E 42 2E 21 C0	1CC 084 029 015 032 028 07A 001 014 039 028 019 023 029 1C8 084 04D 076 043 084 05C 078 001 023 035 084 02C 023 001 011 03E 01F 03A 012 1C0
04	14	0x0414	"<SPEAKER>「は<PAUSE_30> はい ジェイビーさま!
デスバレー鉱山から ほうこくです!
なにか みつかったようです!"	"<SPEAKER>Y-yes, Lord J.B.!<PAUSE_30> A
report from Deathvalley Mine!
It seems they found something!"			SPEAKER PAUSE_30 NEWLINE NEWLINE END	E9:6DA0	CC 59 2D 79 65 73 2C 01 4C 6F 72 64 01 4A 2E 42 2E 21 CD 01 41 C8 72 65 70 6F 72 74 01 66 72 6F 6D 01 44 65 61 74 68 76 61 6C 6C 65 79 01 4D 69 6E 65 21 C8 49 74 01 73 65 65 6D 73 01 74 68 65 79 01 66 6F 75 6E 64 01 73 6F 6D 65 74 68 69 6E 67 21 C0	1CC 029 1CD 001 029 011 001 084 04D 076 043 084 05C 078 01A 02E 07A 1C8 084 054 04E 084 05B 06B 078 10B 10C 015 036 001 02D 012 019 017 084 022 01C 07A 1C8 024 025 015 001 02F 021 015 03E 01F 035 012 084 022 01C 07A 1C0
04	15	0x0415	"<SPEAKER>「なに!
そうか よーし いいぞ!"	<SPEAKER>What?! I see! Excellent!			SPEAKER END	E9:6DF3	CC 57 68 61 74 3F 21 01 49 01 73 65 65 21 01 45 78 63 65 6C 6C 65 6E 74 21 C0	1CC 024 025 07A 1C8 01E 012 015 001 035 078 01B 001 011 011 084 01E 07A 1C0
04	16	0x0416	"<SPEAKER>「ジェイビーさまが あらわれてから
まいにちが たのしくなったな"	"<SPEAKER>Life has been fun every
day since Lord J.B. showed up."			SPEAKER NEWLINE END	E9:6E0D	CC 4C 69 66 65 01 68 61 73 01 62 65 65 6E 01 66 75 6E 01 65 76 65 72 79 C8 64 61 79 01 73 69 6E 63 65 01 4C 6F 72 64 01 4A 2E 42 2E 01 73 68 6F 77 65 64 01 75 70 2E C0	1CC 084 04D 076 043 084 05C 078 01A 02E 084 015 001 010 036 03B 039 022 015 036 1C8 02E 011 025 020 084 015 001 01F 028 01B 017 024 03E 01F 024 1C0
04	17	0x0417	"<SPEAKER>「うんうん そうだな まったく
すごいやつだよ ジェイビーさまは<WAIT><SPEAKER>「これから 人間が まいにち
食えるなんて ゆめのようだね"	"<SPEAKER>Yeah, exactly.
Lord J.B. is incredible.<WAIT><SPEAKER>Eating humans every single
day... it sounds like a dream!"			SPEAKER NEWLINE WAIT SPEAKER NEWLINE END	E9:6E45	CC 59 65 61 68 2C 01 65 78 61 63 74 6C 79 2E C8 4C 6F 72 64 01 4A 2E 42 2E 01 69 73 01 69 6E 63 72 65 64 69 62 6C 65 2E C5 CC 45 61 74 69 6E 67 01 68 75 6D 61 6E 73 01 65 76 65 72 79 01 73 69 6E 67 6C 65 C8 64 61 79 2E 2E 2E 01 69 74 01 73 6F 75 6E 64 73 01 6C 69 6B 65 01 61 01 64 72 65 61 6D 21 C0	1CC 012 03D 012 03D 001 01E 012 084 01F 024 001 02E 03E 01F 017 1C8 01C 084 019 011 033 021 084 01F 035 001 084 04D 076 043 084 05C 078 01A 02E 029 1C5 1CC 019 039 015 036 001 091 0E3 084 015 001 02E 011 025 020 1C8 0E4 013 038 024 03D 022 001 034 031 028 035 012 084 01F 027 1C0
04	18	0x0418	"<SPEAKER>「いや それは まだ わからないよ
古代の装置を 復活させないと
うまくいかない らしいよ"	"<SPEAKER>We don't know yet.
It won't work until the
ancient device is restored."			SPEAKER NEWLINE NEWLINE END	E9:6EA9	CC 57 65 01 64 6F 6E 27 74 01 6B 6E 6F 77 01 79 65 74 2E C8 49 74 01 77 6F 6E 27 74 01 77 6F 72 6B 01 75 6E 74 69 6C 01 74 68 65 C8 61 6E 63 69 65 6E 74 01 64 65 76 69 63 65 01 69 73 01 72 65 73 74 6F 72 65 64 2E C0	1CC 011 033 001 01E 039 029 001 02E 084 01F 001 03B 015 036 024 011 035 1C8 096 09F 028 0C2 19F 03C 001 18B 0B4 01A 01D 024 011 023 1C8 012 02E 017 011 015 024 011 001 036 01B 011 035 1C0
04	19	0x0419	"<SPEAKER>「魔物の ていこくを つくるとか
いってたけど ほんとかな"	"<SPEAKER>He said he would build a
monster empire. Think it is true?"			SPEAKER NEWLINE END	E9:6EF1	CC 48 65 01 73 61 69 64 01 68 65 01 77 6F 75 6C 64 01 62 75 69 6C 64 01 61 C8 6D 6F 6E 73 74 65 72 01 65 6D 70 69 72 65 2E 01 54 68 69 6E 6B 01 69 74 01 69 73 01 74 72 75 65 3F C0	1CC 09A 08B 028 001 022 011 019 017 03C 001 021 017 038 023 015 1C8 011 03E 022 01F 018 084 023 001 02D 03D 023 015 024 1C0
04	1A	0x041A	"<SPEAKER>「そうなれば いいけどなあ<WAIT><SPEAKER>「まあ いいや とにかく
うっとうしい 人間たちに
たくらみが ばれなきゃいいや"	"<SPEAKER>I sure hope so.<WAIT><SPEAKER>Anyway, all that matters
is those annoying humans never
find out what we are planning."			SPEAKER WAIT SPEAKER NEWLINE NEWLINE END	E9:6F2D	CC 49 01 73 75 72 65 01 68 6F 70 65 01 73 6F 2E C5 CC 41 6E 79 77 61 79 2C 01 61 6C 6C 01 74 68 61 74 01 6D 61 74 74 65 72 73 C8 69 73 01 74 68 6F 73 65 01 61 6E 6E 6F 79 69 6E 67 01 68 75 6D 61 6E 73 01 6E 65 76 65 72 C8 66 69 6E 64 01 6F 75 74 01 77 68 61 74 01 77 65 01 61 72 65 01 70 6C 61 6E 6E 69 6E 67 2E C0	1CC 01E 012 024 039 084 029 001 011 011 018 084 023 024 010 1C5 1CC 02E 010 001 011 011 033 001 023 025 015 017 1C8 012 03E 023 012 01B 011 001 091 0E3 01F 020 025 1C8 01F 017 036 02F 084 015 001 084 029 039 024 016 03F 011 011 033 1C0
04	1B	0x041B	"<CLEAR>
ひじょうベルの スイッチが
おされている<WAIT>
<CLEAR>
もういちど おしますか?"	"<CLEAR>The emergency-bell
switch has been pressed.<WAIT><CLEAR>Press it again?"			CLEAR NEWLINE WAIT CLEAR END	E9:6F96	D0 54 68 65 01 65 6D 65 72 67 65 6E 63 79 2D 62 65 6C 6C C8 73 77 69 74 63 68 01 68 61 73 01 62 65 65 6E 01 70 72 65 73 73 65 64 2E C5 D0 50 72 65 73 73 01 69 74 01 61 67 61 69 6E 3F C0	1D0 02A 084 01B 041 012 084 05E 06A 028 001 04E 043 070 052 084 015 1C8 014 01A 039 022 011 038 1C5 1D0 032 012 011 020 084 023 001 014 01B 02E 01C 015 079 1C0
04	1C	0x041C	"<CLEAR>
ひじょうベルは かいじょされた
しかし 力を いれすぎて
スイッチが こわれてしまった"	"<CLEAR>The emergency alarm was
canceled. But too much force
was used, and the switch broke."			CLEAR NEWLINE NEWLINE END	E9:6FD4	D0 54 68 65 01 65 6D 65 72 67 65 6E 63 79 01 61 6C 61 72 6D 01 77 61 73 C8 63 61 6E 63 65 6C 65 64 2E 01 42 75 74 01 74 6F 6F 01 6D 75 63 68 01 66 6F 72 63 65 C8 77 61 73 01 75 73 65 64 2C 01 61 6E 64 01 74 68 65 01 73 77 69 74 63 68 01 62 72 6F 6B 65 2E C0	1D0 02A 084 01B 041 012 084 05E 06A 029 001 015 011 084 01B 041 01A 039 01F 1C8 01B 015 01B 001 107 03C 001 011 039 01C 084 016 022 1C8 04E 043 070 052 084 015 001 019 03B 039 022 01B 02E 03E 01F 1C0
04	1D	0x041D	"<CLEAR>
ひじょうベルの スイッチは
こわれている"	"<CLEAR>The emergency-bell
switch is broken."			CLEAR NEWLINE END	E9:702A	D0 54 68 65 01 65 6D 65 72 67 65 6E 63 79 2D 62 65 6C 6C C8 73 77 69 74 63 68 01 69 73 01 62 72 6F 6B 65 6E 2E C0	1D0 02A 084 01B 041 012 084 05E 06A 028 001 04E 043 070 052 029 1C8 019 03B 039 022 011 038 1C0
04	1E	0x041E	<SPEAKER>「うわっ! 何もの? 人間かっ	"<SPEAKER>Whoa! Who
are you?! A human?!"			SPEAKER NEWLINE END	E9:7050	CC 57 68 6F 61 21 01 57 68 6F C8 61 72 65 01 79 6F 75 3F 21 01 41 01 68 75 6D 61 6E 3F 21 C0	1CC 012 03B 03E 07A 001 093 032 028 079 001 091 0E3 015 03E 1C0
04	1F	0x041F	"<CLEAR>
魔物は ひじょうベルを おした"	"<CLEAR>The monster pressed
the emergency alarm."			CLEAR NEWLINE END	E9:706F	D0 54 68 65 01 6D 6F 6E 73 74 65 72 01 70 72 65 73 73 65 64 C8 74 68 65 01 65 6D 65 72 67 65 6E 63 79 01 61 6C 61 72 6D 2E C0	1D0 09A 08B 029 001 02A 084 01B 041 012 084 05E 06A 03C 001 014 01B 01F 1C0
04	20	0x0420	"<SPEAKER>「こんなところに 人間が
くるとは さては バロン城を
ぬけてきおったな<WAIT><SPEAKER>「わしこそは この 地下水道の
かんりにん ゲスタフだ!
じごくへ 行けい!"	"<SPEAKER>A human, down
here? You must have made
it through Baron Castle.<WAIT><SPEAKER>I am Gustav,
keeper of this underground
waterway! Go straight to hell!"			SPEAKER NEWLINE NEWLINE WAIT SPEAKER NEWLINE NEWLINE END	E9:7099	CC 41 01 68 75 6D 61 6E 2C 01 64 6F 77 6E C8 68 65 72 65 3F 01 59 6F 75 01 6D 75 73 74 01 68 61 76 65 01 6D 61 64 65 C8 69 74 01 74 68 72 6F 75 67 68 01 42 61 72 6F 6E 01 43 61 73 74 6C 65 2E C5 CC 49 01 61 6D 01 47 75 73 74 61 76 2C C8 6B 65 65 70 65 72 01 6F 66 01 74 68 69 73 01 75 6E 64 65 72 67 72 6F 75 6E 64 C8 77 61 74 65 72 77 61 79 21 01 47 6F 01 73 74 72 61 69 67 68 74 01 74 6F 01 68 65 6C 6C 21 C0	1CC 019 03D 024 023 019 03A 025 001 091 0E3 084 015 1C8 017 038 023 029 001 01A 022 029 001 084 05B 06C 06F 08C 03C 1C8 026 018 022 016 014 03E 01F 024 1C5 1CC 03B 01B 019 01E 029 001 019 028 001 0D5 0B8 0B2 0C7 028 1C8 015 03D 037 025 03D 001 084 04A 04E 051 05D 084 01F 07A 1C8 084 01B 084 019 017 02C 001 08D 018 011 07A 1C0
04	21	0x0421	"<CLEAR>
ゆうきある 言険昔へ<WAIT>
<CLEAR>
わたしの 名は サジク
古代デスランドの 謎を
研究する 考古学昔だ<WAIT>
<CLEAR>
わたしは デスバレー鉱山と
よばれる 山の 地下深くで
ついに 化石を 発見した<WAIT>
<CLEAR>
伝説に すぎなかった
巨大な トマトンの 化石だ<WAIT>
<CLEAR>
わたしは うちょうてんになり
化石を 町に 持ち帰ったあと
ふたたび 鉱山に もぐった<WAIT>
<CLEAR>
なぜなら もっと 化石が
あるのでは ないかと
おもったからだ・・・・<WAIT>
<CLEAR>
そして わたしは とうとう
キングバロンの ひつぎと
おもわれる・・・・・<WAIT>
<CLEAR>
てがみは ここで やぶれている"	"<CLEAR>To the brave adventurer:<WAIT><CLEAR>My name is Sajik. I am an
archaeologist researching the
mysteries of ancient Deathland.<WAIT><CLEAR>Deep beneath the mountain
called Deathvalley Mine, I
finally discovered a fossil.<WAIT><CLEAR>It was the fossil of a
giant Tomaton, once thought
to be only a legend.<WAIT><CLEAR>Overjoyed, I carried it back to
town, then returned to the mine.<WAIT><CLEAR>I believed there might be
more fossils still waiting below...<WAIT><CLEAR>And at last I found what I
believe to be King Baron's coffin...<WAIT><CLEAR>The letter is torn off here."			CLEAR WAIT CLEAR NEWLINE NEWLINE WAIT CLEAR NEWLINE NEWLINE WAIT CLEAR NEWLINE NEWLINE WAIT CLEAR NEWLINE WAIT CLEAR NEWLINE WAIT CLEAR NEWLINE WAIT CLEAR END	E9:7122	D0 54 6F 01 74 68 65 01 62 72 61 76 65 01 61 64 76 65 6E 74 75 72 65 72 3A C5 D0 4D 79 01 6E 61 6D 65 01 69 73 01 53 61 6A 69 6B 2E 01 49 01 61 6D 01 61 6E C8 61 72 63 68 61 65 6F 6C 6F 67 69 73 74 01 72 65 73 65 61 72 63 68 69 6E 67 01 74 68 65 C8 6D 79 73 74 65 72 69 65 73 01 6F 66 01 61 6E 63 69 65 6E 74 01 44 65 61 74 68 6C 61 6E 64 2E C5 D0 44 65 65 70 01 62 65 6E 65 61 74 68 01 74 68 65 01 6D 6F 75 6E 74 61 69 6E C8 63 61 6C 6C 65 64 01 44 65 61 74 68 76 61 6C 6C 65 79 01 4D 69 6E 65 2C 01 49 C8 66 69 6E 61 6C 6C 79 01 64 69 73 63 6F 76 65 72 65 64 01 61 01 66 6F 73 73 69 6C 2E C5 D0 49 74 01 77 61 73 01 74 68 65 01 66 6F 73 73 69 6C 01 6F 66 01 61 C8 67 69 61 6E 74 01 54 6F 6D 61 74 6F 6E 2C 01 6F 6E 63 65 01 74 68 6F 75 67 68 74 C8 74 6F 01 62 65 01 6F 6E 6C 79 01 61 01 6C 65 67 65 6E 64 2E C5 D0 4F 76 65 72 6A 6F 79 65 64 2C 01 49 01 63 61 72 72 69 65 64 01 69 74 01 62 61 63 6B 01 74 6F C8 74 6F 77 6E 2C 01 74 68 65 6E 01 72 65 74 75 72 6E 65 64 01 74 6F 01 74 68 65 01 6D 69 6E 65 2E C5 D0 49 01 62 65 6C 69 65 76 65 64 01 74 68 65 72 65 01 6D 69 67 68 74 01 62 65 C8 6D 6F 72 65 01 66 6F 73 73 69 6C 73 01 73 74 69 6C 6C 01 77 61 69 74 69 6E 67 01 62 65 6C 6F 77 2E 2E 2E C5 D0 41 6E 64 01 61 74 01 6C 61 73 74 01 49 01 66 6F 75 6E 64 01 77 68 61 74 01 49 C8 62 65 6C 69 65 76 65 01 74 6F 01 62 65 01 4B 69 6E 67 01 42 61 72 6F 6E 27 73 01 63 6F 66 66 69 6E 2E 2E 2E C5 D0 54 68 65 01 6C 65 74 74 65 72 01 69 73 01 74 6F 72 6E 01 6F 66 66 01 68 65 72 65 2E C0	1D0 034 012 016 010 038 001 0BA 0BB 0A7 02C 1C5 1D0 03B 01F 01B 028 001 0CD 029 001 04C 084 04D 049 1C8 096 09F 084 054 04E 068 06F 084 055 028 001 0CF 03C 1C8 0E5 0E7 01C 038 001 0DB 096 0B7 0A7 084 01F 1C5 1D0 03B 01F 01B 029 001 084 054 04E 084 05B 06B 078 10B 10C 023 1C8 035 084 029 039 038 001 10C 028 001 0D5 0B8 14F 017 084 022 1C8 021 011 025 001 09E 09D 03C 001 0C8 090 01B 01F 1C5 1D0 092 08F 025 001 01C 084 016 024 015 03E 01F 1C8 0CC 0AC 024 001 055 060 055 06F 028 001 09E 09D 084 01F 1C5 1D0 03B 01F 01B 029 001 012 020 041 012 022 03D 025 024 037 1C8 09E 09D 03C 001 0C9 025 001 0D3 020 13D 03E 01F 010 023 1C8 02B 01F 01F 084 02A 001 10B 10C 025 001 032 084 017 03E 01F 1C5 1D0 024 084 01D 024 036 001 032 03E 023 001 09E 09D 084 015 1C8 010 038 028 084 022 029 001 024 011 015 023 1C8 014 032 03E 01F 015 036 084 01F 081 081 081 081 1C5 1D0 01E 01B 022 001 03B 01F 01B 029 001 023 012 023 012 1C8 048 06F 084 049 084 05B 06C 06F 028 001 02A 021 084 016 023 1C8 014 032 03B 039 038 081 081 081 081 081 1C5 1D0 022 084 015 02F 029 001 019 019 084 022 001 033 084 02B 039 022 011 038 1C0
04	22	0x0422	"<SPEAKER>「これは! これは!
好奇心 おうせいで げんきな
お嬢さんでは ないですか?<WAIT><SPEAKER>「こんな 山の上まで
いったい わざわざ 何をしに
来たんですかな? ゲルルルル<WAIT><SPEAKER>「ゲルルル 好奇心の
ついきゅうは 死を まねくことを
みをもって かんじさせてやろう!<WAIT><SPEAKER>「おれは なにごとも
じゃまされるのが へどがでるほど
きらいでね ゲルルルル<WAIT><SPEAKER>「よーし こむすめを
ろうやに ぶちこめっ!"	"<SPEAKER>Well, well, well! What
a lively, curious young lady!<WAIT><SPEAKER>What could possibly
bring you all the way
up this mountain? Grrr...<WAIT><SPEAKER>Grrr... Curiosity
can lead to death. I will
teach you that firsthand!<WAIT><SPEAKER>I hate being interfered
with more than anything. Grrr...<WAIT><SPEAKER>All right! Throw the
little girl into the dungeon!"			SPEAKER NEWLINE WAIT SPEAKER NEWLINE NEWLINE WAIT SPEAKER NEWLINE NEWLINE WAIT SPEAKER NEWLINE WAIT SPEAKER NEWLINE END	E9:7311	CC 57 65 6C 6C 2C 01 77 65 6C 6C 2C 01 77 65 6C 6C 21 01 57 68 61 74 C8 61 01 6C 69 76 65 6C 79 2C 01 63 75 72 69 6F 75 73 01 79 6F 75 6E 67 01 6C 61 64 79 21 C5 CC 57 68 61 74 01 63 6F 75 6C 64 01 70 6F 73 73 69 62 6C 79 C8 62 72 69 6E 67 01 79 6F 75 01 61 6C 6C 01 74 68 65 01 77 61 79 C8 75 70 01 74 68 69 73 01 6D 6F 75 6E 74 61 69 6E 3F 01 47 72 72 72 2E 2E 2E C5 CC 47 72 72 72 2E 2E 2E 01 43 75 72 69 6F 73 69 74 79 C8 63 61 6E 01 6C 65 61 64 01 74 6F 01 64 65 61 74 68 2E 01 49 01 77 69 6C 6C C8 74 65 61 63 68 01 79 6F 75 01 74 68 61 74 01 66 69 72 73 74 68 61 6E 64 21 C5 CC 49 01 68 61 74 65 01 62 65 69 6E 67 01 69 6E 74 65 72 66 65 72 65 64 C8 77 69 74 68 01 6D 6F 72 65 01 74 68 61 6E 01 61 6E 79 74 68 69 6E 67 2E 01 47 72 72 72 2E 2E 2E C5 CC 41 6C 6C 01 72 69 67 68 74 21 01 54 68 72 6F 77 01 74 68 65 C8 6C 69 74 74 6C 65 01 67 69 72 6C 01 69 6E 74 6F 01 74 68 65 01 64 75 6E 67 65 6F 6E 21 C0	1CC 019 039 029 07A 001 019 039 029 07A 1C8 1A9 1AA 0D4 001 014 012 01D 011 084 022 001 084 018 03D 016 024 1C8 014 0D8 01A 03D 084 022 029 001 024 011 084 022 01C 015 079 1C5 1CC 019 03D 024 001 10C 028 128 02E 084 022 1C8 011 03E 01F 011 001 03B 084 01A 03B 084 01A 001 093 03C 01B 025 1C8 097 01F 03D 084 022 01C 015 024 079 001 084 04A 06A 06A 06A 06A 1C5 1CC 084 04A 06A 06A 06A 001 1A9 1AA 0D4 028 1C8 021 011 016 040 012 029 001 0D6 03C 001 02E 027 017 019 023 03C 1C8 02F 03C 032 03E 022 001 015 03D 084 01B 01A 01D 022 033 03A 012 07A 1C5 1CC 014 039 029 001 024 025 084 019 023 032 1C8 084 01B 03F 02E 01A 039 038 028 084 015 001 02C 084 023 084 015 084 022 038 02D 084 023 1C8 016 036 011 084 022 027 001 084 04A 06A 06A 06A 06A 1C5 1CC 035 078 01B 001 019 030 01C 031 03C 1C8 03A 012 033 025 001 084 02B 020 019 031 03E 07A 1C0
04	23	0x0423	"<SPEAKER>「きょうの ジェイビーさまは
ずいぶんと ごきげんだな"	"<SPEAKER>Lord J.B. is in an
awfully good mood today."			SPEAKER NEWLINE END	E9:7441	CC 4C 6F 72 64 01 4A 2E 42 2E 01 69 73 01 69 6E 01 61 6E C8 61 77 66 75 6C 6C 79 01 67 6F 6F 64 01 6D 6F 6F 64 01 74 6F 64 61 79 2E C0	1CC 016 041 012 028 001 084 04D 076 043 084 05C 078 01A 02E 029 1C8 084 01C 011 084 02B 03D 023 001 084 019 016 084 018 03D 084 01F 024 1C0
04	24	0x0424	"<SPEAKER>「そりゃ そうだよ だって<WAIT><SPEAKER>「古代の装置 復活に
ひつような物が やっと
発掘 できたんだもん"	"<SPEAKER>Of course he is!<WAIT><SPEAKER>We finally excavated
something needed to
revive the ancient device."			SPEAKER WAIT SPEAKER NEWLINE NEWLINE END	E9:746E	CC 4F 66 01 63 6F 75 72 73 65 01 68 65 01 69 73 21 C5 CC 57 65 01 66 69 6E 61 6C 6C 79 01 65 78 63 61 76 61 74 65 64 C8 73 6F 6D 65 74 68 69 6E 67 01 6E 65 65 64 65 64 01 74 6F C8 72 65 76 69 76 65 01 74 68 65 01 61 6E 63 69 65 6E 74 01 64 65 76 69 63 65 2E C0	1CC 01E 037 03F 001 01E 012 084 01F 035 001 084 01F 03E 022 1C5 1CC 096 09F 028 0C2 19F 001 18B 0B4 025 1C8 02A 021 035 012 024 08B 084 015 001 033 03E 023 1C8 0C8 11C 001 084 022 016 01F 03D 084 01F 032 03D 1C0
04	25	0x0425	"<SPEAKER>「ふーん ところで おまえ
古代の装置って 何?
おいしいのか?"	"<SPEAKER>Huh. By the
way, what is this ancient
device? Can you eat it?"			SPEAKER NEWLINE NEWLINE END	E9:74C5	CC 48 75 68 2E 01 42 79 01 74 68 65 C8 77 61 79 2C 01 77 68 61 74 01 69 73 01 74 68 69 73 01 61 6E 63 69 65 6E 74 C8 64 65 76 69 63 65 3F 01 43 61 6E 01 79 6F 75 01 65 61 74 01 69 74 3F C0	1CC 02B 078 03D 001 023 019 03A 084 022 001 014 02E 013 1C8 096 09F 028 0C2 19F 03E 022 001 093 079 1C8 014 011 01B 011 028 015 079 1C0
04	26	0x0426	"<SPEAKER>「いや 装置は かんづめじゃ
なくて なんか わからんけど
きかい みたいなもんだって"	"<SPEAKER>No, it's not canned
food. I don't know what it is,
but it's some kind of machine."			SPEAKER NEWLINE NEWLINE END	E9:7504	CC 4E 6F 2C 01 69 74 27 73 01 6E 6F 74 01 63 61 6E 6E 65 64 C8 66 6F 6F 64 2E 01 49 01 64 6F 6E 27 74 01 6B 6E 6F 77 01 77 68 61 74 01 69 74 01 69 73 2C C8 62 75 74 01 69 74 27 73 01 73 6F 6D 65 01 6B 69 6E 64 01 6F 66 01 6D 61 63 68 69 6E 65 2E C0	1CC 011 033 001 0C2 19F 029 001 015 03D 084 021 031 084 01B 03F 1C8 024 017 022 001 024 03D 015 001 03B 015 036 03D 018 084 023 1C8 016 015 011 001 02F 01F 011 024 032 03D 084 01F 03E 022 1C0
04	27	0x0427	<SPEAKER>「なんじゃ それ	<SPEAKER>What the heck is that?			SPEAKER END	E9:7557	CC 57 68 61 74 01 74 68 65 01 68 65 63 6B 01 69 73 01 74 68 61 74 3F C0	1CC 024 03D 084 01B 03F 001 01E 039 1C0
04	28	0x0428	"<SPEAKER>「うん それを 使えば
ぼくたちも ジェイビーさま
みたいに 大きくなれるんだって"	"<SPEAKER>They say if we
use it, we can grow
huge just like Lord J.B.!"			SPEAKER NEWLINE NEWLINE END	E9:756F	CC 54 68 65 79 01 73 61 79 01 69 66 01 77 65 C8 75 73 65 01 69 74 2C 01 77 65 01 63 61 6E 01 67 72 6F 77 C8 68 75 67 65 01 6A 75 73 74 01 6C 69 6B 65 01 4C 6F 72 64 01 4A 2E 42 2E 21 C0	1CC 012 03D 001 01E 039 03C 001 123 013 084 029 1C8 084 02D 017 01F 020 032 001 084 04D 076 043 084 05C 078 01A 02E 1C8 02F 01F 011 025 001 0AC 016 017 024 039 038 03D 084 01F 03E 022 1C0
04	29	0x0429	<SPEAKER>「へえ それは すごいな!	"<SPEAKER>Wow! That
sounds amazing!"			SPEAKER NEWLINE END	E9:75AD	CC 57 6F 77 21 01 54 68 61 74 C8 73 6F 75 6E 64 73 01 61 6D 61 7A 69 6E 67 21 C0	1CC 02C 013 001 01E 039 029 001 01C 084 019 011 024 07A 1C0
04	2A	0x042A	<SPEAKER>「しっかり つかまってな!	<SPEAKER>Hold on tight!			SPEAKER END	E9:75C8	CC 48 6F 6C 64 01 6F 6E 01 74 69 67 68 74 21 C0	1CC 01B 03E 015 037 001 021 015 02E 03E 022 024 07A 1C0
04	2B	0x042B	<SPEAKER>「おっしゃー! いいぞー	<SPEAKER>All right! Looking good!			SPEAKER END	E9:75D8	CC 41 6C 6C 01 72 69 67 68 74 21 01 4C 6F 6F 6B 69 6E 67 01 67 6F 6F 64 21 C0	1CC 014 03E 01B 03F 078 07A 001 011 011 084 01E 078 1C0
04	2C	0x042C	<SPEAKER>「うわっ おまえ いつのまにっ!	"<SPEAKER>Whoa! When
did you get here?!"			SPEAKER NEWLINE END	E9:75F2	CC 57 68 6F 61 21 01 57 68 65 6E C8 64 69 64 01 79 6F 75 01 67 65 74 01 68 65 72 65 3F 21 C0	1CC 012 03B 03E 001 014 02E 013 001 011 021 028 02E 025 03E 07A 1C0
04	2D	0x042D	"<SPEAKER>「みなの ものよ! いよいよ
われら 魔物が うまれかわる
ときが ちかづいてきた! ゲルルル<WAIT><SPEAKER>「大きな 体と
はったつした 脳・・・・・<WAIT><SPEAKER>「その ふたつを てに
いれれば 人間なんぞ
まいにちでも くえるのだ"	"<SPEAKER>My fellow monsters!
At last, the time of our
rebirth draws near! Grrr...<WAIT><SPEAKER>Huge bodies and
highly developed brains...<WAIT><SPEAKER>Once we have both, we
can feast on humans every day!"			SPEAKER NEWLINE NEWLINE WAIT SPEAKER NEWLINE WAIT SPEAKER NEWLINE END	E9:7611	CC 4D 79 01 66 65 6C 6C 6F 77 01 6D 6F 6E 73 74 65 72 73 21 C8 41 74 01 6C 61 73 74 2C 01 74 68 65 01 74 69 6D 65 01 6F 66 01 6F 75 72 C8 72 65 62 69 72 74 68 01 64 72 61 77 73 01 6E 65 61 72 21 01 47 72 72 72 2E 2E 2E C5 CC 48 75 67 65 01 62 6F 64 69 65 73 01 61 6E 64 C8 68 69 67 68 6C 79 01 64 65 76 65 6C 6F 70 65 64 01 62 72 61 69 6E 73 2E 2E 2E C5 CC 4F 6E 63 65 01 77 65 01 68 61 76 65 01 62 6F 74 68 2C 01 77 65 C8 63 61 6E 01 66 65 61 73 74 01 6F 6E 01 68 75 6D 61 6E 73 01 65 76 65 72 79 01 64 61 79 21 C0	1CC 02F 024 028 001 032 028 035 07A 001 011 035 011 035 1C8 03B 039 036 001 09A 08B 084 015 001 012 02E 039 015 03B 038 1C8 023 016 084 015 001 020 015 084 021 011 022 016 01F 07A 001 084 04A 06A 06A 06A 1C5 1CC 0AC 016 024 001 0F0 023 1C8 029 03E 01F 021 01B 01F 001 1BB 081 081 081 081 081 1C5 1CC 01E 028 001 02B 01F 021 03C 001 022 025 1C8 011 039 039 084 029 001 091 0E3 024 03D 084 01E 1C8 02E 011 025 020 084 022 032 001 017 013 038 028 084 01F 1C0
04	2E	0x042E	<SPEAKER>「おおー!	<SPEAKER>Ooooooh!			SPEAKER END	E9:76BD	CC 4F 6F 6F 6F 6F 6F 68 21 C0	1CC 014 014 078 07A 1C0
04	2F	0x042F	"<SPEAKER>「おまえたちの おかげで
さがしもとめていた ひつぎも
ついに みつけることができた"	"<SPEAKER>Thanks to all of you,
we finally found the coffin
we have been searching for."			SPEAKER NEWLINE NEWLINE END	E9:76C7	CC 54 68 61 6E 6B 73 01 74 6F 01 61 6C 6C 01 6F 66 01 79 6F 75 2C C8 77 65 01 66 69 6E 61 6C 6C 79 01 66 6F 75 6E 64 01 74 68 65 01 63 6F 66 66 69 6E C8 77 65 01 68 61 76 65 01 62 65 65 6E 01 73 65 61 72 63 68 69 6E 67 01 66 6F 72 2E C0	1CC 014 02E 013 01F 020 028 001 014 015 084 018 084 022 1C8 01A 084 015 01B 032 023 031 022 011 01F 001 02A 021 084 016 032 1C8 021 011 025 001 02F 021 018 038 019 023 084 015 084 022 016 01F 1C0
04	30	0x0430	"<SPEAKER>「そこで きょうは
おまえたちに とっておきの
ショーを みせてやろう!"	"<SPEAKER>So today, I have prepared
a very special show for you!"			SPEAKER NEWLINE END	E9:7716	CC 53 6F 01 74 6F 64 61 79 2C 01 49 01 68 61 76 65 01 70 72 65 70 61 72 65 64 C8 61 01 76 65 72 79 01 73 70 65 63 69 61 6C 01 73 68 6F 77 01 66 6F 72 01 79 6F 75 21 C0	1CC 01E 019 084 022 001 016 041 012 029 1C8 014 02E 013 01F 020 025 001 023 03E 022 014 016 028 1C8 04D 073 078 03C 001 02F 01D 022 033 03A 012 07A 1C0
04	31	0x0431	<SPEAKER>「おおー! おおー!	<SPEAKER>Oooooh! Oooooh!			SPEAKER END	E9:774E	CC 4F 6F 6F 6F 6F 68 21 01 4F 6F 6F 6F 6F 68 21 C0	1CC 014 014 078 07A 001 014 014 078 07A 1C0
04	32	0x0432	"<SPEAKER>「さあ わかき 人間よ<WAIT><SPEAKER>「お前に めいよある
しごとを あたえてやろう<WAIT><SPEAKER>「なあに かんたんなことだ
この ひつぎを あけるだけだよ
さあ あけろ! あけるのだ!"	"<SPEAKER>Now then, young human.<WAIT><SPEAKER>I grant you the honor
of performing a simple task.<WAIT><SPEAKER>All you have to do is
open this coffin. Go on! Open it!"			SPEAKER WAIT SPEAKER NEWLINE WAIT SPEAKER NEWLINE END	E9:775F	CC 4E 6F 77 01 74 68 65 6E 2C 01 79 6F 75 6E 67 01 68 75 6D 61 6E 2E C5 CC 49 01 67 72 61 6E 74 01 79 6F 75 01 74 68 65 01 68 6F 6E 6F 72 C8 6F 66 01 70 65 72 66 6F 72 6D 69 6E 67 01 61 01 73 69 6D 70 6C 65 01 74 61 73 6B 2E C5 CC 41 6C 6C 01 79 6F 75 01 68 61 76 65 01 74 6F 01 64 6F 01 69 73 C8 6F 70 65 6E 01 74 68 69 73 01 63 6F 66 66 69 6E 2E 01 47 6F 01 6F 6E 21 01 4F 70 65 6E 01 69 74 21 C0	1CC 01A 010 001 03B 015 016 001 091 0E3 035 1C5 1CC 014 0C3 025 001 031 011 035 010 038 1C8 01B 084 019 023 03C 001 010 01F 013 022 033 03A 012 1C5 1CC 024 010 025 001 015 03D 01F 03D 024 019 023 084 01F 1C8 019 028 001 02A 021 084 016 03C 001 010 018 038 084 01F 018 084 01F 035 1C8 01A 010 001 010 018 03A 07A 001 010 018 038 028 084 01F 07A 1C0
04	33	0x0433	"<SPEAKER>「えーい この よわむしがっ!
ていこうすると いたいめに あうぞ"	"<SPEAKER>You coward! Resist
and you will only get hurt!"			SPEAKER NEWLINE END	E9:77E4	CC 59 6F 75 01 63 6F 77 61 72 64 21 01 52 65 73 69 73 74 C8 61 6E 64 01 79 6F 75 01 77 69 6C 6C 01 6F 6E 6C 79 01 67 65 74 01 68 75 72 74 21 C0	1CC 013 078 011 001 019 028 001 035 03B 030 01B 084 015 03E 07A 1C8 022 011 019 012 01C 038 023 001 011 01F 011 031 025 001 010 012 084 01E 1C0
04	34	0x0434	"<SPEAKER>「うっ しまった! ちょっと
おどかす つもりだったのに
おれは 力が 強すぎるのだ!<WAIT><SPEAKER>「うーむ・・まいったな・・・
あけて 中から ぶっそうなものが
出たら オレは たまらんからな・・・"	"<SPEAKER>Oops! I only meant
to scare you a little.
I am just too strong!<WAIT><SPEAKER>Hmm... this is a problem.
If something dangerous comes out,
I do not want to be near it..."			SPEAKER NEWLINE NEWLINE WAIT SPEAKER NEWLINE NEWLINE END	E9:7814	CC 4F 6F 70 73 21 01 49 01 6F 6E 6C 79 01 6D 65 61 6E 74 C8 74 6F 01 73 63 61 72 65 01 79 6F 75 01 61 01 6C 69 74 74 6C 65 2E C8 49 01 61 6D 01 6A 75 73 74 01 74 6F 6F 01 73 74 72 6F 6E 67 21 C5 CC 48 6D 6D 2E 2E 2E 01 74 68 69 73 01 69 73 01 61 01 70 72 6F 62 6C 65 6D 2E C8 49 66 01 73 6F 6D 65 74 68 69 6E 67 01 64 61 6E 67 65 72 6F 75 73 01 63 6F 6D 65 73 01 6F 75 74 2C C8 49 01 64 6F 01 6E 6F 74 01 77 61 6E 74 01 74 6F 01 62 65 01 6E 65 61 72 01 69 74 2E 2E 2E C0	1CC 012 03E 001 01B 02E 03E 01F 07A 001 020 041 03E 023 1C8 014 084 023 015 01C 001 021 032 037 084 01F 03E 01F 028 025 1C8 014 039 029 001 107 084 015 001 138 01C 084 016 038 028 084 01F 07A 1C5 1CC 012 078 030 081 081 02E 011 03E 01F 024 081 081 081 1C8 010 018 022 001 0A1 015 036 001 084 02B 03E 01E 012 024 032 028 084 015 1C8 106 01F 036 001 046 06B 029 001 01F 02E 036 03D 015 036 024 081 081 081 1C0
04	35	0x0435	<SPEAKER>「おれが あけてやろう!	<SPEAKER>I will open it!			SPEAKER END	E9:78B1	CC 49 01 77 69 6C 6C 01 6F 70 65 6E 01 69 74 21 C0	1CC 014 039 084 015 001 010 018 022 033 03A 012 07A 1C0
04	36	0x0436	"<SPEAKER>「ん? モグきちが?
ゲルルルル?
びっくりばこだったら どうするのだ?"	"<SPEAKER>Huh? Mogukichi will?
Grrr... What if it is a mimic?"			SPEAKER NEWLINE END	E9:78C2	CC 48 75 68 3F 01 4D 6F 67 75 6B 69 63 68 69 01 77 69 6C 6C 3F C8 47 72 72 72 2E 2E 2E 01 57 68 61 74 01 69 66 01 69 74 01 69 73 01 61 01 6D 69 6D 69 63 3F C0	1CC 03D 079 001 064 084 049 016 020 084 015 079 1C8 084 04A 06A 06A 06A 06A 079 1C8 084 02A 03E 017 037 084 029 019 084 01F 03E 01F 036 001 084 023 012 01C 038 028 084 01F 079 1C0
04	37	0x0437	"<SPEAKER>「ここからでも へへへ
あけられるのさ! このオレはなっ!"	"<SPEAKER>Heh heh! I can open it
from way over here! Watch me!"			SPEAKER NEWLINE END	E9:78F7	CC 48 65 68 01 68 65 68 21 01 49 01 63 61 6E 01 6F 70 65 6E 01 69 74 C8 66 72 6F 6D 01 77 61 79 01 6F 76 65 72 01 68 65 72 65 21 01 57 61 74 63 68 01 6D 65 21 C0	1CC 019 019 015 036 084 022 032 001 02C 02C 02C 1C8 010 018 036 039 038 028 01A 07A 001 019 028 046 06B 029 024 03E 07A 1C0
04	38	0x0438	<SPEAKER>「おお! モグきち! すごいぞ!	<SPEAKER>Whoa! Mogukichi! Amazing!			SPEAKER END	E9:792D	CC 57 68 6F 61 21 01 4D 6F 67 75 6B 69 63 68 69 21 01 41 6D 61 7A 69 6E 67 21 C0	1CC 014 014 07A 001 064 084 049 016 020 07A 001 01C 084 019 011 084 01E 07A 1C0
04	39	0x0439	"<SPEAKER>「だてに 研究は
してねえぜ! フッフッ"	"<SPEAKER>All that research was
not for nothing! Heh heh!"			SPEAKER NEWLINE END	E9:7948	CC 41 6C 6C 01 74 68 61 74 01 72 65 73 65 61 72 63 68 01 77 61 73 C8 6E 6F 74 01 66 6F 72 01 6E 6F 74 68 69 6E 67 21 01 48 65 68 01 68 65 68 21 C0	1CC 084 01F 022 025 001 0E5 0E7 029 1C8 01B 022 027 013 084 01D 07A 001 05D 070 05D 070 1C0
04	3A	0x043A	"<SPEAKER>「どうやら ひつぎには
わなは しかけられて ないようだな
ゲルル"	"<SPEAKER>Looks like there are
no traps on the coffin. Grrr..."			SPEAKER NEWLINE END	E9:7979	CC 4C 6F 6F 6B 73 01 6C 69 6B 65 01 74 68 65 72 65 01 61 72 65 C8 6E 6F 01 74 72 61 70 73 01 6F 6E 01 74 68 65 01 63 6F 66 66 69 6E 2E 01 47 72 72 72 2E 2E 2E C0	1CC 084 023 012 033 036 001 02A 021 084 016 025 029 1C8 03B 024 029 001 01B 015 018 036 039 022 001 024 011 035 012 084 01F 024 1C8 084 04A 06A 06A 1C0
04	3B	0x043B	"<SPEAKER>「ゲルルル うおおー!
なんてことだ! いつのまに・・・・
ゲルルル うかつだった!"	"<SPEAKER>Grrr... Whoa! What
the hell?! When did... Grrr...
I let my guard down!"			SPEAKER NEWLINE NEWLINE END	E9:79AF	CC 47 72 72 72 2E 2E 2E 01 57 68 6F 61 21 01 57 68 61 74 C8 74 68 65 01 68 65 6C 6C 3F 21 01 57 68 65 6E 01 64 69 64 2E 2E 2E 01 47 72 72 72 2E 2E 2E C8 49 01 6C 65 74 01 6D 79 01 67 75 61 72 64 01 64 6F 77 6E 21 C0	1CC 084 04A 06A 06A 06A 001 012 014 014 078 07A 1C8 024 03D 022 019 023 084 01F 07A 001 011 021 028 02E 025 081 081 081 081 1C8 084 04A 06A 06A 06A 001 012 015 021 084 01F 03E 01F 07A 1C0
04	3C	0x043C	"<SPEAKER>「モグきち ここは
たのんだぞ! おれは また
探さねば ならん物が できた"	"<SPEAKER>Mogukichi, I leave this
to you! I have something
else I must go find now."			SPEAKER NEWLINE NEWLINE END	E9:79F7	CC 4D 6F 67 75 6B 69 63 68 69 2C 01 49 01 6C 65 61 76 65 01 74 68 69 73 C8 74 6F 01 79 6F 75 21 01 49 01 68 61 76 65 01 73 6F 6D 65 74 68 69 6E 67 C8 65 6C 73 65 01 49 01 6D 75 73 74 01 67 6F 01 66 69 6E 64 01 6E 6F 77 2E C0	1CC 064 084 049 016 020 001 019 019 029 1C8 01F 028 03D 084 01F 084 01E 07A 001 014 039 029 001 02E 01F 1C8 184 01A 027 084 029 001 024 036 03D 08B 084 015 001 084 022 016 01F 1C0
04	3D	0x043D	<SPEAKER>「オーケー わかった	<SPEAKER>Okay. Got it.			SPEAKER END	E9:7A42	CC 4F 6B 61 79 2E 01 47 6F 74 01 69 74 2E C0	1CC 046 078 04A 078 001 03B 015 03E 01F 1C0
04	3E	0x043E	"<CLEAR>
ヨシオの字で ふりがなが ふってある<WAIT>
<CLEAR>
「・・・よって 装置を
封印することに きめた・・・
ふたたび 行かさんと するとき"	"<CLEAR>Yoshio added pronunciation
guides in his own handwriting.<WAIT><CLEAR>""...Thus, I have decided to
seal the device away... If one
should seek to awaken it again,"			CLEAR NEWLINE WAIT CLEAR NEWLINE NEWLINE END	E9:7A51	D0 59 6F 73 68 69 6F 01 61 64 64 65 64 01 70 72 6F 6E 75 6E 63 69 61 74 69 6F 6E C8 67 75 69 64 65 73 01 69 6E 01 68 69 73 01 6F 77 6E 01 68 61 6E 64 77 72 69 74 69 6E 67 2E C5 D0 22 2E 2E 2E 54 68 75 73 2C 01 49 01 68 61 76 65 01 64 65 63 69 64 65 64 01 74 6F C8 73 65 61 6C 01 74 68 65 01 64 65 76 69 63 65 01 61 77 61 79 2E 2E 2E 01 49 66 01 6F 6E 65 C8 73 68 6F 75 6C 64 01 73 65 65 6B 01 74 6F 01 61 77 61 6B 65 6E 01 69 74 01 61 67 61 69 6E 2C C0	1D0 067 04D 046 028 153 084 022 001 02B 037 084 015 024 084 015 001 02B 03E 022 010 038 1C5 1D0 07D 081 081 081 035 03E 022 001 0C2 19F 03C 1C8 134 133 01C 038 019 023 025 001 016 031 01F 081 081 081 1C8 02B 01F 01F 084 02A 001 0B1 015 01A 03D 023 001 01C 038 023 016 1C0
04	3F	0x043F	"<CLEAR>
「ちゅうじつなる わが しもべ
ガヌビスに 白き ボールを ささげ
わが名を しめすべし・・・さすれば<WAIT>
<CLEAR>
「装置は ふたたび 命を
えるであろう・・・・・・・ただし
黒き ボールを ささげたときは<WAIT>
<CLEAR>
「装置は 二度と 目を
さますことは ないだろう・・・"	"<CLEAR>""offer a white ball to
Ganubis, my faithful servant,
and reveal my name. Then...<WAIT><CLEAR>""the device shall live
once more... However, if
a black ball is offered,<WAIT><CLEAR>""the device shall
never awaken again..."""			CLEAR NEWLINE NEWLINE WAIT CLEAR NEWLINE NEWLINE WAIT CLEAR NEWLINE END	E9:7AE8	D0 22 6F 66 66 65 72 01 61 01 77 68 69 74 65 01 62 61 6C 6C 01 74 6F C8 47 61 6E 75 62 69 73 2C 01 6D 79 01 66 61 69 74 68 66 75 6C 01 73 65 72 76 61 6E 74 2C C8 61 6E 64 01 72 65 76 65 61 6C 01 6D 79 01 6E 61 6D 65 2E 01 54 68 65 6E 2E 2E 2E C5 D0 22 74 68 65 01 64 65 76 69 63 65 01 73 68 61 6C 6C 01 6C 69 76 65 C8 6F 6E 63 65 01 6D 6F 72 65 2E 2E 2E 01 48 6F 77 65 76 65 72 2C 01 69 66 C8 61 01 62 6C 61 63 6B 01 62 61 6C 6C 01 69 73 01 6F 66 66 65 72 65 64 2C C5 D0 22 74 68 65 01 64 65 76 69 63 65 01 73 68 61 6C 6C C8 6E 65 76 65 72 01 61 77 61 6B 65 6E 01 61 67 61 69 6E 2E 2E 2E 22 C0	1D0 07D 020 040 012 084 01B 021 024 038 001 03B 084 015 001 01B 032 084 02C 1C8 084 047 058 084 05C 04E 025 001 141 016 001 084 05F 078 06A 03C 001 01A 01A 084 018 1C8 03B 084 015 0CD 03C 001 01B 031 01C 084 02C 01B 081 081 081 01A 01C 039 084 029 1C5 1D0 07D 0C2 19F 029 001 02B 01F 01F 084 02A 001 0EE 03C 1C8 013 038 084 022 010 03A 012 081 081 081 081 081 081 081 01F 084 01F 01B 1C8 180 016 001 084 05F 078 06A 03C 001 01A 01A 084 018 01F 023 016 029 1C5 1D0 07D 0C2 19F 029 001 189 13E 023 001 0B6 03C 1C8 01A 02E 01C 019 023 029 001 024 011 084 01F 03A 012 081 081 081 1C0
04	40	0x0440	"<CLEAR>
地なりと しんどうが しずまった
落岩炉が なおったようだ"	"<CLEAR>The rumbling and shaking
have stopped. The lava
furnace seems to be fixed."			CLEAR NEWLINE NEWLINE END	E9:7BAE	D0 54 68 65 01 72 75 6D 62 6C 69 6E 67 01 61 6E 64 01 73 68 61 6B 69 6E 67 C8 68 61 76 65 01 73 74 6F 70 70 65 64 2E 01 54 68 65 01 6C 61 76 61 C8 66 75 72 6E 61 63 65 01 73 65 65 6D 73 01 74 6F 01 62 65 01 66 69 78 65 64 2E C0	1D0 0D5 024 037 023 001 01B 03D 084 023 012 084 015 001 01B 084 01C 02E 03E 01F 1C8 119 158 11D 084 015 001 024 014 03E 01F 035 012 084 01F 1C0
04	41	0x0441	"<SPEAKER>「お お嬢さまー!
ご ごぶじでしたかっ!<WAIT><SPEAKER>「この ヨシオが どんなに
しんぱいしたか! まったく もう!<WAIT><SPEAKER>「しかも 火をけそうと
さわいでいたら 魔術を あらかた
どわすれして しまいましたわい!<WAIT><SPEAKER>「おかげで お嬢さまを
おいかけて この島に 来たとたん
この ありさまですじゃ・・・<WAIT><SPEAKER>「とにかく お嬢さまっ!
コックスを さがしましょう!<WAIT><SPEAKER>「たった今 この鉱山の
どこかへ つれていかれたのです
さあ 急ぎましょうぞ!"	"<SPEAKER>M-my lady! You are safe!<WAIT><SPEAKER>Do you know
how worried I was
about you?! Honestly!<WAIT><SPEAKER>And while I was panicking
about putting out the fire, I
forgot nearly all my magic!<WAIT><SPEAKER>I chased you all
the way to this island, and
look what became of me...<WAIT><SPEAKER>Never mind that, my
lady! We must find Cox!<WAIT><SPEAKER>He was taken somewhere
inside this mine just moments
ago. Come! We must hurry!"			SPEAKER WAIT SPEAKER NEWLINE NEWLINE WAIT SPEAKER NEWLINE NEWLINE WAIT SPEAKER NEWLINE NEWLINE WAIT SPEAKER NEWLINE WAIT SPEAKER NEWLINE NEWLINE END	E9:7BFA	CC 4D 2D 6D 79 01 6C 61 64 79 21 01 59 6F 75 01 61 72 65 01 73 61 66 65 21 C5 CC 44 6F 01 79 6F 75 01 6B 6E 6F 77 C8 68 6F 77 01 77 6F 72 72 69 65 64 01 49 01 77 61 73 C8 61 62 6F 75 74 01 79 6F 75 3F 21 01 48 6F 6E 65 73 74 6C 79 21 C5 CC 41 6E 64 01 77 68 69 6C 65 01 49 01 77 61 73 01 70 61 6E 69 63 6B 69 6E 67 C8 61 62 6F 75 74 01 70 75 74 74 69 6E 67 01 6F 75 74 01 74 68 65 01 66 69 72 65 2C 01 49 C8 66 6F 72 67 6F 74 01 6E 65 61 72 6C 79 01 61 6C 6C 01 6D 79 01 6D 61 67 69 63 21 C5 CC 49 01 63 68 61 73 65 64 01 79 6F 75 01 61 6C 6C C8 74 68 65 01 77 61 79 01 74 6F 01 74 68 69 73 01 69 73 6C 61 6E 64 2C 01 61 6E 64 C8 6C 6F 6F 6B 01 77 68 61 74 01 62 65 63 61 6D 65 01 6F 66 01 6D 65 2E 2E 2E C5 CC 4E 65 76 65 72 01 6D 69 6E 64 01 74 68 61 74 2C 01 6D 79 C8 6C 61 64 79 21 01 57 65 01 6D 75 73 74 01 66 69 6E 64 01 43 6F 78 21 C5 CC 48 65 01 77 61 73 01 74 61 6B 65 6E 01 73 6F 6D 65 77 68 65 72 65 C8 69 6E 73 69 64 65 01 74 68 69 73 01 6D 69 6E 65 01 6A 75 73 74 01 6D 6F 6D 65 6E 74 73 C8 61 67 6F 2E 01 43 6F 6D 65 21 01 57 65 01 6D 75 73 74 01 68 75 72 72 79 21 C0	1CC 014 001 014 0D8 01A 02E 078 07A 1C8 084 019 001 084 019 084 02B 084 01B 084 022 01B 01F 015 03E 07A 1C5 1CC 019 028 001 067 04D 046 084 015 001 084 023 03D 024 025 1C8 01B 03D 083 029 011 01B 01F 015 07A 001 02E 03E 01F 017 001 032 012 07A 1C5 1CC 01B 015 032 001 110 03C 018 01E 012 023 1C8 01A 03B 011 084 022 011 01F 036 001 09A 16A 03C 001 010 036 015 01F 1C8 084 023 03B 01C 039 01B 022 001 01B 02E 011 02E 01B 01F 03B 011 07A 1C5 1CC 014 015 084 018 084 022 001 014 0D8 01A 02E 03C 1C8 014 011 015 018 022 001 019 028 08A 025 001 097 01F 023 01F 03D 1C8 019 028 001 010 037 01A 02E 084 022 01C 084 01B 03F 081 081 081 1C5 1CC 023 025 015 017 001 014 0D8 01A 02E 03E 07A 1C8 04B 070 049 04E 03C 001 01A 084 015 01B 02E 01B 041 012 07A 1C5 1CC 01F 03E 01F 150 001 019 028 10B 10C 028 1C8 084 023 019 015 02C 001 021 039 022 011 015 039 01F 028 084 022 01C 1C8 01A 010 001 1B5 084 016 02E 01B 041 012 084 01E 07A 1C0
04	42	0x0442	"<CLEAR>
ヨシオが パーティーに くわわった"	<CLEAR>Yoshio joined the party.<LINE><LINE>			CLEAR LINE LINE END	E9:7D63	D0 59 6F 73 68 69 6F 01 6A 6F 69 6E 65 64 01 74 68 65 01 70 61 72 74 79 2E C3 C3 C0	1D0 067 04D 046 084 015 001 083 05B 078 054 075 078 025 001 017 03B 03B 03E 01F 1C3 1C3 1C0
04	43	0x0443	"<CLEAR>
かべに ひびが はいっている
ヨシオも がんばっていたようだ<WAIT>
<CLEAR>
はげしい しょうげきを あたえれば
かべを やぶれるかもしれない・・・"	"<CLEAR>There is a crack in
the wall. Yoshio must
have struggled hard here.<WAIT><CLEAR>A powerful impact might
break through the wall...<LINE>"			CLEAR NEWLINE NEWLINE WAIT CLEAR NEWLINE LINE END	E9:7D7F	D0 54 68 65 72 65 01 69 73 01 61 01 63 72 61 63 6B 01 69 6E C8 74 68 65 01 77 61 6C 6C 2E 01 59 6F 73 68 69 6F 01 6D 75 73 74 C8 68 61 76 65 01 73 74 72 75 67 67 6C 65 64 01 68 61 72 64 01 68 65 72 65 2E C5 D0 41 01 70 6F 77 65 72 66 75 6C 01 69 6D 70 61 63 74 01 6D 69 67 68 74 C8 62 72 65 61 6B 01 74 68 72 6F 75 67 68 01 74 68 65 01 77 61 6C 6C 2E 2E 2E C3 C0	1D0 015 084 02C 025 001 02A 084 02A 084 015 001 029 011 03E 022 011 038 1C8 067 04D 046 032 001 084 015 03D 084 029 03E 022 011 01F 035 012 084 01F 1C5 1D0 029 084 018 01B 011 001 01B 041 012 084 018 016 03C 001 010 01F 013 039 084 029 1C8 015 084 02C 03C 001 033 084 02B 039 038 015 032 01B 039 024 011 081 081 081 1C3 1C0
04	44	0x0444	<SPEAKER>「うう う うう・・・・・<WAIT><SPEAKER>「こ ここは? いったい・・・・	<SPEAKER>Ugh... uhh...<WAIT><SPEAKER>W-where am I...?			SPEAKER WAIT SPEAKER END	E9:7DF8	CC 55 67 68 2E 2E 2E 01 75 68 68 2E 2E 2E C5 CC 57 2D 77 68 65 72 65 01 61 6D 01 49 2E 2E 2E 3F C0	1CC 012 012 001 012 001 012 012 081 081 081 081 081 1C5 1CC 019 001 019 019 029 079 001 011 03E 01F 011 081 081 081 081 1C0
04	45	0x0445	"<SPEAKER>「あ あなたたちが わたしを
たすけてくれたんですね・・・<WAIT><SPEAKER>「かたじけない・・いやいや
なんと おれいを いったら
よいか わかりません・・・・<WAIT><SPEAKER>「わたしの名は サジク
この島で 古代の伝説の
研究をしていた 考古学昔です<WAIT><SPEAKER>「え? 知っていなさる?
そりゃまた どうして?<WAIT><SPEAKER>「・・・・・・そうですか
・・・ぎせい昔が そんなに?<WAIT><SPEAKER>「すべて わたしの せいです!
わたしが あんな物を う う
ほりださなければ よかったのです"	"<SPEAKER>Y-you saved
me, did you not...?<WAIT><SPEAKER>I am deeply grateful... I
hardly know how to thank you.<WAIT><SPEAKER>My name is Sajik. I am
an archaeologist who studied the
ancient legends of this island.<WAIT><SPEAKER>What? You already know
of me? How could that be?<WAIT><SPEAKER>...I see. So many victims...?<WAIT><SPEAKER>This is all my fault!
I never should have dug that
thing out of the ground!"			SPEAKER NEWLINE WAIT SPEAKER NEWLINE WAIT SPEAKER NEWLINE NEWLINE WAIT SPEAKER NEWLINE WAIT SPEAKER WAIT SPEAKER NEWLINE NEWLINE END	E9:7E19	CC 59 2D 79 6F 75 01 73 61 76 65 64 C8 6D 65 2C 01 64 69 64 01 79 6F 75 01 6E 6F 74 2E 2E 2E 3F C5 CC 49 01 61 6D 01 64 65 65 70 6C 79 01 67 72 61 74 65 66 75 6C 2E 2E 2E 01 49 C8 68 61 72 64 6C 79 01 6B 6E 6F 77 01 68 6F 77 01 74 6F 01 74 68 61 6E 6B 01 79 6F 75 2E C5 CC 4D 79 01 6E 61 6D 65 01 69 73 01 53 61 6A 69 6B 2E 01 49 01 61 6D C8 61 6E 01 61 72 63 68 61 65 6F 6C 6F 67 69 73 74 01 77 68 6F 01 73 74 75 64 69 65 64 01 74 68 65 C8 61 6E 63 69 65 6E 74 01 6C 65 67 65 6E 64 73 01 6F 66 01 74 68 69 73 01 69 73 6C 61 6E 64 2E C5 CC 57 68 61 74 3F 01 59 6F 75 01 61 6C 72 65 61 64 79 01 6B 6E 6F 77 C8 6F 66 01 6D 65 3F 01 48 6F 77 01 63 6F 75 6C 64 01 74 68 61 74 01 62 65 3F C5 CC 2E 2E 2E 49 01 73 65 65 2E 01 53 6F 01 6D 61 6E 79 01 76 69 63 74 69 6D 73 2E 2E 2E 3F C5 CC 54 68 69 73 01 69 73 01 61 6C 6C 01 6D 79 01 66 61 75 6C 74 21 C8 49 01 6E 65 76 65 72 01 73 68 6F 75 6C 64 01 68 61 76 65 01 64 75 67 01 74 68 61 74 C8 74 68 69 6E 67 01 6F 75 74 01 6F 66 01 74 68 65 01 67 72 6F 75 6E 64 21 C0	1CC 010 001 010 024 01F 01F 020 084 015 001 03B 01F 01B 03C 1C8 01F 01C 018 022 017 039 01F 03D 084 022 01C 027 081 081 081 1C5 1CC 015 01F 084 01B 018 024 011 081 081 011 033 011 033 1C8 024 03D 023 001 014 039 011 03C 001 011 03E 01F 036 1C8 035 011 015 001 03B 015 037 02E 01D 03D 081 081 081 081 1C5 1CC 03B 01F 01B 028 0CD 029 001 04C 084 04D 049 1C8 019 028 08A 084 022 001 096 09F 028 092 08F 028 1C8 0E5 0E7 03C 01B 022 011 01F 001 0DB 096 0B7 0A7 084 022 01C 1C5 1CC 013 079 001 15C 03E 022 011 024 01A 038 079 1C8 01E 037 03F 02E 01F 001 084 023 012 01B 022 079 1C5 1CC 081 081 081 081 081 081 01E 012 084 022 01C 015 1C8 081 081 081 084 016 01D 011 0A7 084 015 001 01E 03D 024 025 079 1C5 1CC 01C 084 02C 022 001 03B 01F 01B 028 001 01D 011 084 022 01C 07A 1C8 03B 01F 01B 084 015 001 010 03D 024 08B 03C 001 012 001 012 1C8 02D 037 084 01F 01A 024 018 039 084 029 001 035 015 03E 01F 028 084 022 01C 1C0
04	46	0x0446	"<SPEAKER>「じつは デスバレーで 化石を
掘り出したあと わたしは さらに
奥で ひつぎを 発見したのです!<WAIT><SPEAKER>「とても 大きなひつぎで
こおりのように つめたくて
あおじろく かがやいていました<WAIT><SPEAKER>「ひつぎには 古代文字で
キングバロン と かかれていました<WAIT><SPEAKER>「そして ひつぎを
あけたとたん 中の むらさき色の
大きな 何かが 目をあけて・・・<WAIT><SPEAKER>「そのあとの きおくは
ありません・・気がつくと
あなたたちが いたのです・・・<WAIT><SPEAKER>「はっ! こうしては いられない
すぐに メグに あいたい! わたしの
いとしき つま メグ!<WAIT><SPEAKER>「のちほど わたしの家に
来てください! リバータウンの
2かいだての 家です!<WAIT><SPEAKER>「わたしなりに 情報を せいりして
なんとか 島を すくいたいのです!<WAIT><SPEAKER>「おっと はなしを
いそぎすぎましたね・・・
もういちど お話しましょうか?"	"<SPEAKER>After I unearthed the
fossil at Deathvalley, I went
deeper and discovered a coffin!<WAIT><SPEAKER>It was enormous, cold
as ice, and glowing a pale blue.<WAIT><SPEAKER>Ancient writing
on the coffin spelled
the name King Baron.<WAIT><SPEAKER>The moment I opened
it, something huge and purple
inside opened its eyes...<WAIT><SPEAKER>I remember
nothing after that. When
I awoke, you were here.<WAIT><SPEAKER>Ah! I cannot stay here! I
must see Meg, my beloved wife!<WAIT><SPEAKER>Please visit my
home later. It is the
two-story house in Rivertown.<WAIT><SPEAKER>I will organize what
I know and find some
way to save this island!<WAIT><SPEAKER>Oh, I rushed through
that story. Would you
like me to tell it again?"			SPEAKER NEWLINE NEWLINE WAIT SPEAKER NEWLINE WAIT SPEAKER NEWLINE NEWLINE WAIT SPEAKER NEWLINE NEWLINE WAIT SPEAKER NEWLINE NEWLINE WAIT SPEAKER NEWLINE WAIT SPEAKER NEWLINE NEWLINE WAIT SPEAKER NEWLINE NEWLINE WAIT SPEAKER NEWLINE NEWLINE END	E9:7F6A	CC 41 66 74 65 72 01 49 01 75 6E 65 61 72 74 68 65 64 01 74 68 65 C8 66 6F 73 73 69 6C 01 61 74 01 44 65 61 74 68 76 61 6C 6C 65 79 2C 01 49 01 77 65 6E 74 C8 64 65 65 70 65 72 01 61 6E 64 01 64 69 73 63 6F 76 65 72 65 64 01 61 01 63 6F 66 66 69 6E 21 C5 CC 49 74 01 77 61 73 01 65 6E 6F 72 6D 6F 75 73 2C 01 63 6F 6C 64 C8 61 73 01 69 63 65 2C 01 61 6E 64 01 67 6C 6F 77 69 6E 67 01 61 01 70 61 6C 65 01 62 6C 75 65 2E C5 CC 41 6E 63 69 65 6E 74 01 77 72 69 74 69 6E 67 C8 6F 6E 01 74 68 65 01 63 6F 66 66 69 6E 01 73 70 65 6C 6C 65 64 C8 74 68 65 01 6E 61 6D 65 01 4B 69 6E 67 01 42 61 72 6F 6E 2E C5 CC 54 68 65 01 6D 6F 6D 65 6E 74 01 49 01 6F 70 65 6E 65 64 C8 69 74 2C 01 73 6F 6D 65 74 68 69 6E 67 01 68 75 67 65 01 61 6E 64 01 70 75 72 70 6C 65 C8 69 6E 73 69 64 65 01 6F 70 65 6E 65 64 01 69 74 73 01 65 79 65 73 2E 2E 2E C5 CC 49 01 72 65 6D 65 6D 62 65 72 C8 6E 6F 74 68 69 6E 67 01 61 66 74 65 72 01 74 68 61 74 2E 01 57 68 65 6E C8 49 01 61 77 6F 6B 65 2C 01 79 6F 75 01 77 65 72 65 01 68 65 72 65 2E C5 CC 41 68 21 01 49 01 63 61 6E 6E 6F 74 01 73 74 61 79 01 68 65 72 65 21 01 49 C8 6D 75 73 74 01 73 65 65 01 4D 65 67 2C 01 6D 79 01 62 65 6C 6F 76 65 64 01 77 69 66 65 21 C5 CC 50 6C 65 61 73 65 01 76 69 73 69 74 01 6D 79 C8 68 6F 6D 65 01 6C 61 74 65 72 2E 01 49 74 01 69 73 01 74 68 65 C8 74 77 6F 2D 73 74 6F 72 79 01 68 6F 75 73 65 01 69 6E 01 52 69 76 65 72 74 6F 77 6E 2E C5 CC 49 01 77 69 6C 6C 01 6F 72 67 61 6E 69 7A 65 01 77 68 61 74 C8 49 01 6B 6E 6F 77 01 61 6E 64 01 66 69 6E 64 01 73 6F 6D 65 C8 77 61 79 01 74 6F 01 73 61 76 65 01 74 68 69 73 01 69 73 6C 61 6E 64 21 C5 CC 4F 68 2C 01 49 01 72 75 73 68 65 64 01 74 68 72 6F 75 67 68 C8 74 68 61 74 01 73 74 6F 72 79 2E 01 57 6F 75 6C 64 01 79 6F 75 C8 6C 69 6B 65 01 6D 65 01 74 6F 01 74 65 6C 6C 01 69 74 01 61 67 61 69 6E 3F C0	1CC 084 01B 021 029 001 084 054 04E 084 05B 06B 078 084 022 001 09E 09D 03C 1C8 11C 037 106 01B 01F 010 023 001 03B 01F 01B 029 001 01A 036 025 1C8 0ED 084 022 001 02A 021 084 016 03C 001 0C8 090 01B 01F 028 084 022 01C 07A 1C5 1CC 023 022 032 001 0AC 016 024 02A 021 084 016 084 022 1C8 019 014 037 028 035 012 025 001 021 031 01F 017 022 1C8 010 014 084 01B 03A 017 001 015 084 015 033 011 022 011 02E 01B 01F 1C5 1CC 02A 021 084 016 025 029 001 096 09F 152 153 084 022 1C8 048 06F 084 049 084 05B 06C 06F 001 023 001 015 015 039 022 011 02E 01B 01F 1C5 1CC 01E 01B 022 001 02A 021 084 016 03C 1C8 010 018 01F 023 01F 03D 001 0A1 028 001 030 036 01A 016 19E 028 1C8 0AC 016 024 001 093 015 084 015 001 0B6 03C 010 018 022 081 081 081 1C5 1CC 01E 028 010 023 028 001 016 014 017 029 1C8 010 037 02E 01D 03D 081 081 099 084 015 021 017 023 1C8 010 024 01F 01F 020 084 015 001 011 01F 028 084 022 01C 081 081 081 1C5 1CC 029 03E 07A 001 019 012 01B 022 029 001 011 036 039 024 011 1C8 01C 084 017 025 001 063 084 049 025 001 010 011 01F 011 07A 001 03B 01F 01B 028 1C8 011 023 01B 016 001 021 02E 001 063 084 049 07A 1C5 1CC 028 020 02D 084 023 001 03B 01F 01B 028 161 025 1C8 097 022 017 084 01F 01A 011 07A 001 069 084 05B 078 051 044 06F 028 1C8 004 015 011 084 01F 022 028 001 161 084 022 01C 07A 1C5 1CC 03B 01F 01B 024 037 025 001 0AD 0AE 03C 001 01D 011 037 01B 022 1C8 024 03D 023 015 001 08A 03C 001 01C 017 011 01F 011 028 084 022 01C 07A 1C5 1CC 014 03E 023 001 029 024 01B 03C 1C8 011 01E 084 016 01C 084 016 02E 01B 01F 027 081 081 081 1C8 032 012 011 020 084 023 001 014 0A0 01B 02E 01B 041 012 015 079 1C0
04	47	0x0447	"<SPEAKER>「そうですか
それでは しつれいします
ヤッホー! メグー!"	"<SPEAKER>I see. Then please
excuse me. Yaaahoo! Meeeg!"			SPEAKER NEWLINE END	E9:81C6	CC 49 01 73 65 65 2E 01 54 68 65 6E 01 70 6C 65 61 73 65 C8 65 78 63 75 73 65 01 6D 65 2E 01 59 61 61 61 68 6F 6F 21 01 4D 65 65 65 67 21 C0	1CC 01E 012 084 022 01C 015 1C8 01E 039 084 022 029 001 01B 021 039 011 01B 02E 01C 1C8 065 070 05F 078 07A 001 063 084 049 078 07A 1C0
04	48	0x0448	"<CLEAR>
「れいぞう中
と かいてある<WAIT>
<CLEAR>
食品の しんせんさを たもつため
とびらは とざされているようだ"	"<CLEAR>The sign says ""REFRIGERATED.""<WAIT><CLEAR>The door is sealed shut
to keep the food fresh.<LINE>"			CLEAR WAIT CLEAR NEWLINE LINE END	E9:81F5	D0 54 68 65 01 73 69 67 6E 01 73 61 79 73 01 22 52 45 46 52 49 47 45 52 41 54 45 44 2E 22 C5 D0 54 68 65 01 64 6F 6F 72 01 69 73 01 73 65 61 6C 65 64 01 73 68 75 74 C8 74 6F 01 6B 65 65 70 01 74 68 65 01 66 6F 6F 64 01 66 72 65 73 68 2E C3 C0	1D0 07D 039 011 084 01E 012 0A1 1C8 023 001 015 011 022 010 038 1C5 1D0 0E4 12B 028 001 01B 03D 01D 03D 01A 03C 001 01F 032 021 01F 031 1C8 023 084 02A 036 029 001 023 084 01A 01A 039 022 011 038 035 012 084 01F 1C3 1C0
04	49	0x0449	"<CLEAR>
こおりの中に 人かげが見える
とても すずしそうだ"	"<CLEAR>A human figure is visible in the
ice. It looks very cool in there."			CLEAR NEWLINE END	E9:8246	D0 41 01 68 75 6D 61 6E 01 66 69 67 75 72 65 01 69 73 01 76 69 73 69 62 6C 65 01 69 6E 01 74 68 65 C8 69 63 65 2E 01 49 74 01 6C 6F 6F 6B 73 01 76 65 72 79 01 63 6F 6F 6C 01 69 6E 01 74 68 65 72 65 2E C0	1D0 019 014 037 028 0A1 025 001 091 015 084 018 084 015 090 013 038 1C8 023 022 032 001 01C 084 01C 01B 01E 012 084 01F 1C0
04	4A	0x044A	"<SPEAKER>「レディどの!
お待ちしておりましたぞ!<WAIT><SPEAKER>「ボブの情報と わたしの
ちしきを せいりしてみたところ
おぼろげながら わかりましたぞ<WAIT><SPEAKER>「まず わたしが 発見した
ひつぎに 入っていたモンスターは
キングバロンでは ありませんな<WAIT><SPEAKER>「おそらく ジェイビーという
モンスターが なんらかの理由で
キングバロンの ひつぎに入った"	"<SPEAKER>Lady! I've been waiting!<WAIT><SPEAKER>I compared Bob's
information with what I know.
I think I understand now.<WAIT><SPEAKER>The monster in the coffin
I found was not King Baron.<WAIT><SPEAKER>I think J.B. entered
King Baron's coffin for
some unknown reason..."			SPEAKER WAIT SPEAKER NEWLINE NEWLINE WAIT SPEAKER NEWLINE WAIT SPEAKER NEWLINE NEWLINE END	E9:828A	CC 4C 61 64 79 21 01 49 27 76 65 01 62 65 65 6E 01 77 61 69 74 69 6E 67 21 C5 CC 49 01 63 6F 6D 70 61 72 65 64 01 42 6F 62 27 73 C8 69 6E 66 6F 72 6D 61 74 69 6F 6E 01 77 69 74 68 01 77 68 61 74 01 49 01 6B 6E 6F 77 2E C8 49 01 74 68 69 6E 6B 01 49 01 75 6E 64 65 72 73 74 61 6E 64 01 6E 6F 77 2E C5 CC 54 68 65 01 6D 6F 6E 73 74 65 72 01 69 6E 01 74 68 65 01 63 6F 66 66 69 6E C8 49 01 66 6F 75 6E 64 01 77 61 73 01 6E 6F 74 01 4B 69 6E 67 01 42 61 72 6F 6E 2E C5 CC 49 01 74 68 69 6E 6B 01 4A 2E 42 2E 01 65 6E 74 65 72 65 64 C8 4B 69 6E 67 01 42 61 72 6F 6E 27 73 01 63 6F 66 66 69 6E 01 66 6F 72 C8 73 6F 6D 65 01 75 6E 6B 6E 6F 77 6E 01 72 65 61 73 6F 6E 2E 2E 2E C0	1CC 06B 084 054 075 084 023 028 07A 1C8 014 16B 020 01B 022 014 037 02E 01B 01F 084 01E 07A 1C5 1CC 084 05F 084 05D 028 0AD 0AE 023 001 03B 01F 01B 028 1C8 020 01B 016 03C 001 01D 011 037 01B 022 02F 01F 023 019 03A 1C8 014 084 02D 03A 084 018 024 084 015 036 001 03B 015 037 02E 01B 01F 084 01E 1C5 1CC 02E 084 01C 001 03B 01F 01B 084 015 001 0C8 090 01B 01F 1C8 02A 021 084 016 025 001 08E 03E 022 011 01F 064 06F 04E 051 078 029 1C8 048 06F 084 049 084 05B 06C 06F 084 022 029 001 010 037 02E 01D 03D 024 1C5 1CC 014 01E 036 017 001 084 04D 076 043 084 05C 078 023 011 012 1C8 064 06F 04E 051 078 084 015 001 024 03D 036 015 028 165 163 084 022 1C8 048 06F 084 049 084 05B 06C 06F 028 001 02A 021 084 016 025 08E 03E 01F 1C0
04	4B	0x044B	<SPEAKER>「・・・と かんがえます	<SPEAKER>...That is my conclusion.			SPEAKER END	E9:836A	CC 2E 2E 2E 54 68 61 74 01 69 73 01 6D 79 01 63 6F 6E 63 6C 75 73 69 6F 6E 2E C0	1CC 081 081 081 023 001 015 03D 084 015 013 02E 01C 1C0
04	4C	0x044C	"<SPEAKER>「にげてきた 囚人の話でも
ジェイビーは キングバロンの
発明した 巨大化装置・・・・<WAIT><SPEAKER>「ぞくにいう 古代の装置を
復活させるのに ちまなこに
なっている と いうじゃねえか"	"<SPEAKER>Escaped prisoners say
J.B. is restoring King Baron's
Monster Enlarging Device...<WAIT><SPEAKER>the so-called
ancient device. He's
desperate to revive it."			SPEAKER NEWLINE NEWLINE WAIT SPEAKER NEWLINE NEWLINE END	E9:8385	CC 45 73 63 61 70 65 64 01 70 72 69 73 6F 6E 65 72 73 01 73 61 79 C8 4A 2E 42 2E 01 69 73 01 72 65 73 74 6F 72 69 6E 67 01 4B 69 6E 67 01 42 61 72 6F 6E 27 73 C8 4D 6F 6E 73 74 65 72 01 45 6E 6C 61 72 67 69 6E 67 01 44 65 76 69 63 65 2E 2E 2E C5 CC 74 68 65 01 73 6F 2D 63 61 6C 6C 65 64 C8 61 6E 63 69 65 6E 74 01 64 65 76 69 63 65 2E 01 48 65 27 73 C8 64 65 73 70 65 72 61 74 65 01 74 6F 01 72 65 76 69 76 65 01 69 74 2E C0	1CC 025 084 018 022 016 01F 001 113 091 028 0A0 084 022 032 1C8 084 04D 076 043 084 05C 078 029 001 048 06F 084 049 084 05B 06C 06F 028 1C8 0C8 0BF 01B 01F 001 0CC 0AC 09E 0C2 19F 081 081 081 081 1C5 1CC 084 01E 017 025 011 012 001 096 09F 028 0C2 19F 03C 1C8 18B 0B4 01A 01D 038 028 025 001 020 02E 024 019 025 1C8 024 03E 022 011 038 001 023 001 011 012 084 01B 03F 027 013 015 1C0
04	4D	0x044D	"<SPEAKER>「そのてんからも ジェイビーは
キングバロンでは ないでしょう<WAIT><SPEAKER>「では キングバロンの
古代の装置は いったい
どこにあるのか?<WAIT><SPEAKER>「その なぞは おそらく
この 地図にあると わたしは
思います!"	"<SPEAKER>That is further
proof J.B. is not King Baron.<WAIT><SPEAKER>Then where is
King Baron's ancient
device actually located?<WAIT><SPEAKER>I believe the answer
may be hidden in this map!"			SPEAKER NEWLINE WAIT SPEAKER NEWLINE NEWLINE WAIT SPEAKER NEWLINE END	E9:8413	CC 54 68 61 74 01 69 73 01 66 75 72 74 68 65 72 C8 70 72 6F 6F 66 01 4A 2E 42 2E 01 69 73 01 6E 6F 74 01 4B 69 6E 67 01 42 61 72 6F 6E 2E C5 CC 54 68 65 6E 01 77 68 65 72 65 01 69 73 C8 4B 69 6E 67 01 42 61 72 6F 6E 27 73 01 61 6E 63 69 65 6E 74 C8 64 65 76 69 63 65 01 61 63 74 75 61 6C 6C 79 01 6C 6F 63 61 74 65 64 3F C5 CC 49 01 62 65 6C 69 65 76 65 01 74 68 65 01 61 6E 73 77 65 72 C8 6D 61 79 01 62 65 01 68 69 64 64 65 6E 01 69 6E 01 74 68 69 73 01 6D 61 70 21 C0	1CC 01E 028 022 03D 015 036 032 001 084 04D 076 043 084 05C 078 029 1C8 048 06F 084 049 084 05B 06C 06F 084 022 029 001 024 011 084 022 01B 041 012 1C5 1CC 084 022 029 001 048 06F 084 049 084 05B 06C 06F 028 1C8 096 09F 028 0C2 19F 029 001 011 03E 01F 011 1C8 084 023 019 025 010 038 028 015 079 1C5 1CC 01E 028 001 024 084 01E 029 001 014 01E 036 017 1C8 019 028 001 0D5 160 025 010 038 023 001 03B 01F 01B 029 1C8 10F 011 02E 01C 07A 1C0
04	4E	0x044E	"<SPEAKER>「これも 掘り出した物で
過去の 考古学昔が 作った物と
思われますが・・・"	"<SPEAKER>I excavated this as well.
It seems to be a map made
by an archaeologist long ago..."			SPEAKER NEWLINE NEWLINE END	E9:84B0	CC 49 01 65 78 63 61 76 61 74 65 64 01 74 68 69 73 01 61 73 01 77 65 6C 6C 2E C8 49 74 01 73 65 65 6D 73 01 74 6F 01 62 65 01 61 01 6D 61 70 01 6D 61 64 65 C8 62 79 01 61 6E 01 61 72 63 68 61 65 6F 6C 6F 67 69 73 74 01 6C 6F 6E 67 01 61 67 6F 2E 2E 2E C0	1CC 019 039 032 001 11C 037 106 01B 01F 08B 084 022 1C8 18C 18D 028 001 0DB 096 0B7 0A7 084 015 001 0F6 03E 01F 08B 023 1C8 10F 03B 039 02E 01C 084 015 081 081 081 1C0
04	4F	0x044F	"<SPEAKER>「この部分 島からも はなれた
この時代では バロンロックと
よばれていた 巨大な 岩の島<WAIT><SPEAKER>「ここを キングバロンは
きょてんに していたものと
しるされています<WAIT><SPEAKER>「ただ ここには 誰も
たどりついた ことがない・・
とも かかれています・・"	"<SPEAKER>This shows a huge rock
island apart from the main
island. It was called Baron Rock.<WAIT><SPEAKER>The notes say King
Baron used it as his base.<WAIT><SPEAKER>But they also say nobody
ever managed to reach it..."			SPEAKER NEWLINE NEWLINE WAIT SPEAKER NEWLINE WAIT SPEAKER NEWLINE END	E9:8505	CC 54 68 69 73 01 73 68 6F 77 73 01 61 01 68 75 67 65 01 72 6F 63 6B C8 69 73 6C 61 6E 64 01 61 70 61 72 74 01 66 72 6F 6D 01 74 68 65 01 6D 61 69 6E C8 69 73 6C 61 6E 64 2E 01 49 74 01 77 61 73 01 63 61 6C 6C 65 64 01 42 61 72 6F 6E 01 52 6F 63 6B 2E C5 CC 54 68 65 01 6E 6F 74 65 73 01 73 61 79 01 4B 69 6E 67 C8 42 61 72 6F 6E 01 75 73 65 64 01 69 74 01 61 73 01 68 69 73 01 62 61 73 65 2E C5 CC 42 75 74 01 74 68 65 79 01 61 6C 73 6F 01 73 61 79 01 6E 6F 62 6F 64 79 C8 65 76 65 72 01 6D 61 6E 61 67 65 64 01 74 6F 01 72 65 61 63 68 01 69 74 2E 2E 2E C0	1CC 019 028 0DA 16C 001 08A 015 036 032 001 029 024 039 01F 1C8 019 028 164 09F 084 022 029 001 084 05B 06C 06F 06C 070 049 023 1C8 035 084 029 039 022 011 01F 001 0CC 0AC 024 001 158 028 08A 1C5 1CC 019 019 03C 001 048 06F 084 049 084 05B 06C 06F 029 1C8 016 041 022 03D 025 001 01B 022 011 01F 032 028 023 1C8 01B 038 01A 039 022 011 02E 01C 1C5 1CC 01F 084 01F 001 019 019 025 029 001 0FA 032 1C8 01F 084 023 037 021 011 01F 001 019 023 084 015 024 011 081 081 1C8 023 032 001 015 015 039 022 011 02E 01C 081 081 1C0
04	50	0x0450	"<SPEAKER>「この時代の 人たちは
王の めいれいで この塔を
建てた とも ありますな<WAIT><SPEAKER>「バロンロックを 見おろす
ばしょに 塔を建てて そこで
研究していたんでしょうな・・・"	"<SPEAKER>The people of that
age apparently built this
tower by order of their king.<WAIT><SPEAKER>They must have built
it overlooking Baron Rock
and conducted research here..."			SPEAKER NEWLINE NEWLINE WAIT SPEAKER NEWLINE NEWLINE END	E9:85BF	CC 54 68 65 01 70 65 6F 70 6C 65 01 6F 66 01 74 68 61 74 C8 61 67 65 01 61 70 70 61 72 65 6E 74 6C 79 01 62 75 69 6C 74 01 74 68 69 73 C8 74 6F 77 65 72 01 62 79 01 6F 72 64 65 72 01 6F 66 01 74 68 65 69 72 01 6B 69 6E 67 2E C5 CC 54 68 65 79 01 6D 75 73 74 01 68 61 76 65 01 62 75 69 6C 74 C8 69 74 01 6F 76 65 72 6C 6F 6F 6B 69 6E 67 01 42 61 72 6F 6E 01 52 6F 63 6B C8 61 6E 64 01 63 6F 6E 64 75 63 74 65 64 01 72 65 73 65 61 72 63 68 01 68 65 72 65 2E 2E 2E C0	1CC 019 028 164 09F 028 001 091 01F 020 029 1C8 155 028 001 031 011 039 011 084 022 001 019 028 154 03C 1C8 15A 022 01F 001 023 032 001 010 037 02E 01C 024 1C5 1CC 084 05B 06C 06F 06C 070 049 03C 001 090 014 03A 01C 1C8 084 029 01B 041 025 001 154 03C 15A 022 022 001 01E 019 084 022 1C8 0E5 0E7 01B 022 011 01F 03D 084 022 01B 041 012 024 081 081 081 1C0
04	51	0x0451	"<SPEAKER>「ん? この塔の このマークは
なんでえ? どっかで見たことが・・・
あっ! そうだ!"	"<SPEAKER>Huh? What is this
mark on the tower? I have
seen it... Ah! I remember!"			SPEAKER NEWLINE NEWLINE END	E9:865A	CC 48 75 68 3F 01 57 68 61 74 01 69 73 01 74 68 69 73 C8 6D 61 72 6B 01 6F 6E 01 74 68 65 01 74 6F 77 65 72 3F 01 49 01 68 61 76 65 C8 73 65 65 6E 01 69 74 2E 2E 2E 01 41 68 21 01 49 01 72 65 6D 65 6D 62 65 72 21 C0	1CC 03D 079 001 019 028 154 028 001 019 028 060 078 049 029 1C8 024 03D 084 022 013 079 001 084 023 03E 015 084 022 090 01F 019 023 084 015 081 081 081 1C8 010 03E 07A 001 01E 012 084 01F 07A 1C0
04	52	0x0452	"<SPEAKER>「こりゃあ 博物館にある
石像と そっくりだよ!"	"<SPEAKER>It looks exactly like
the statue in the museum!"			SPEAKER NEWLINE END	E9:86A2	CC 49 74 01 6C 6F 6F 6B 73 01 65 78 61 63 74 6C 79 01 6C 69 6B 65 C8 74 68 65 01 73 74 61 74 75 65 01 69 6E 01 74 68 65 01 6D 75 73 65 75 6D 21 C0	1CC 019 037 03F 010 001 0A4 08B 0A3 025 010 038 1C8 09D 159 023 001 01E 03E 017 037 084 01F 035 07A 1C0
04	53	0x0453	"<SPEAKER>「うーむ その石像と
この塔は いったい どういう
かんけいなのか? うーむ"	"<SPEAKER>Hmm... What connection
could that statue have
with this tower? Hmm..."			SPEAKER NEWLINE NEWLINE END	E9:86D3	CC 48 6D 6D 2E 2E 2E 01 57 68 61 74 01 63 6F 6E 6E 65 63 74 69 6F 6E C8 63 6F 75 6C 64 01 74 68 61 74 01 73 74 61 74 75 65 01 68 61 76 65 C8 77 69 74 68 01 74 68 69 73 01 74 6F 77 65 72 3F 01 48 6D 6D 2E 2E 2E C0	1CC 012 078 030 001 01E 028 09D 159 023 1C8 019 028 154 029 001 011 03E 01F 011 001 084 023 012 011 012 1C8 015 03D 018 011 024 028 015 079 001 012 078 030 1C0
04	54	0x0454	"<SPEAKER>「うぐおお! それは たしか
はるか むかしに どこかの商人が
持ってきた 空とぶじゅうたん!<WAIT><SPEAKER>「・・・だが だめじゃった・・ふん!
そんな たましいの ぬけた
じゅうたんを いまさら・・・・・・<WAIT><SPEAKER>「・・・・・・・・・・・・・・<WAIT><SPEAKER>「・・・そうかっ!・・・・・
わたしじしんが その じゅうたんの
たましいに なれば・・・!<WAIT><SPEAKER>「おお<PAUSE_30> 全能なる 神よ!<PAUSE_30>
200年の わが 思いを
いま かなえたまえ!"	"<SPEAKER>Ugh! That is the
flying carpet a merchant
brought here long ago!<WAIT><SPEAKER>...But it was useless.
Hmph! A carpet without
a soul cannot fly now...<WAIT><SPEAKER>................<WAIT><SPEAKER>Of course! If I myself
became the soul of that carpet...!<WAIT><SPEAKER>O almighty God!<PAUSE_30> Grant
the wish I have carried
for two hundred years!<PAUSE_30>"			SPEAKER NEWLINE NEWLINE WAIT SPEAKER NEWLINE NEWLINE WAIT SPEAKER WAIT SPEAKER NEWLINE WAIT SPEAKER PAUSE_30 NEWLINE NEWLINE PAUSE_30 END	E9:871A	CC 55 67 68 21 01 54 68 61 74 01 69 73 01 74 68 65 C8 66 6C 79 69 6E 67 01 63 61 72 70 65 74 01 61 01 6D 65 72 63 68 61 6E 74 C8 62 72 6F 75 67 68 74 01 68 65 72 65 01 6C 6F 6E 67 01 61 67 6F 21 C5 CC 2E 2E 2E 42 75 74 01 69 74 01 77 61 73 01 75 73 65 6C 65 73 73 2E C8 48 6D 70 68 21 01 41 01 63 61 72 70 65 74 01 77 69 74 68 6F 75 74 C8 61 01 73 6F 75 6C 01 63 61 6E 6E 6F 74 01 66 6C 79 01 6E 6F 77 2E 2E 2E C5 CC 2E 2E 2E 2E 2E 2E 2E 2E 2E 2E 2E 2E 2E 2E 2E 2E C5 CC 4F 66 01 63 6F 75 72 73 65 21 01 49 66 01 49 01 6D 79 73 65 6C 66 C8 62 65 63 61 6D 65 01 74 68 65 01 73 6F 75 6C 01 6F 66 01 74 68 61 74 01 63 61 72 70 65 74 2E 2E 2E 21 C5 CC 4F 01 61 6C 6D 69 67 68 74 79 01 47 6F 64 21 CD 01 47 72 61 6E 74 C8 74 68 65 01 77 69 73 68 01 49 01 68 61 76 65 01 63 61 72 72 69 65 64 C8 66 6F 72 01 74 77 6F 01 68 75 6E 64 72 65 64 01 79 65 61 72 73 21 CD C0	1CC 012 084 017 014 014 07A 001 01E 039 029 001 01F 01B 015 1C8 029 038 015 001 030 015 01B 025 001 084 023 019 015 028 109 091 084 015 1C8 0D3 03E 022 016 01F 001 156 023 084 02B 084 01B 040 012 01F 03D 07A 1C5 1CC 081 081 081 084 01F 084 015 001 084 01F 031 084 01B 03F 03E 01F 081 081 02B 03D 07A 1C8 01E 03D 024 001 01F 02E 01B 011 028 001 026 018 01F 1C8 084 01B 040 012 01F 03D 03C 001 011 02E 01A 036 081 081 081 081 081 081 1C5 1CC 081 081 081 081 081 081 081 081 081 081 081 081 081 081 1C5 1CC 081 081 081 01E 012 015 03E 07A 081 081 081 081 081 1C8 03B 01F 01B 084 01B 01B 03D 084 015 001 01E 028 001 084 01B 040 012 01F 03D 028 1C8 01F 02E 01B 011 025 001 024 039 084 029 081 081 081 07A 1C5 1CC 014 014 1CD 001 145 14C 024 038 001 0DC 035 07A 1CD 1C8 004 002 002 0CA 028 001 03B 084 015 001 10F 011 03C 1C8 011 02E 001 015 024 013 01F 02E 013 07A 1C0
04	55	0x0455	"<SPEAKER>「さあ わたしと 空をとび
バロンロックへ 行こうではないか!"	"<SPEAKER>Come! Fly with
me to Baron Rock!"			SPEAKER NEWLINE END	E9:8839	CC 43 6F 6D 65 21 01 46 6C 79 01 77 69 74 68 C8 6D 65 01 74 6F 01 42 61 72 6F 6E 01 52 6F 63 6B 21 C0	1CC 01A 010 001 03B 01F 01B 023 001 156 03C 023 084 02A 1C8 084 05B 06C 06F 06C 070 049 02C 001 08D 019 012 084 022 029 024 011 015 07A 1C0
04	56	0x0456	"<SPEAKER>「そこから わたしに
とびのるがよい! さあ おいで!"	"<SPEAKER>Climb aboard me
from there! Come on!"			SPEAKER NEWLINE END	E9:885B	CC 43 6C 69 6D 62 01 61 62 6F 61 72 64 01 6D 65 C8 66 72 6F 6D 01 74 68 65 72 65 21 01 43 6F 6D 65 01 6F 6E 21 C0	1CC 01E 019 015 036 001 03B 01F 01B 025 1C8 023 084 02A 028 038 084 015 035 011 07A 001 01A 010 001 014 011 084 022 07A 1C0
04	57	0x0457	"<SPEAKER>「なんと よく見れば
なかまが 死んでおるではないか!"	"<SPEAKER>Wait! One of
your companions is dead!"			SPEAKER NEWLINE END	E9:8881	CC 57 61 69 74 21 01 4F 6E 65 01 6F 66 C8 79 6F 75 72 01 63 6F 6D 70 61 6E 69 6F 6E 73 01 69 73 01 64 65 61 64 21 C0	1CC 024 03D 023 001 035 017 090 039 084 029 1C8 024 015 02E 084 015 001 0D6 03D 084 022 014 038 084 022 029 024 011 015 07A 1C0
04	58	0x0458	"<SPEAKER>「むう! さすがに 3人も
乗ると すこし おもいな!<WAIT><SPEAKER>「よし いきなり バロンロックに
行かないで すこし 島のようすを
空から 見てから 行くとしよう!"	"<SPEAKER>Hmm! Three
riders are a little heavy!<WAIT><SPEAKER>Before heading straight
to Baron Rock, let us survey
the island from the air."			SPEAKER NEWLINE WAIT SPEAKER NEWLINE NEWLINE END	E9:88A8	CC 48 6D 6D 21 01 54 68 72 65 65 C8 72 69 64 65 72 73 01 61 72 65 01 61 01 6C 69 74 74 6C 65 01 68 65 61 76 79 21 C5 CC 42 65 66 6F 72 65 01 68 65 61 64 69 6E 67 01 73 74 72 61 69 67 68 74 C8 74 6F 01 42 61 72 6F 6E 01 52 6F 63 6B 2C 01 6C 65 74 01 75 73 01 73 75 72 76 65 79 C8 74 68 65 01 69 73 6C 61 6E 64 01 66 72 6F 6D 01 74 68 65 01 61 69 72 2E C0	1CC 030 012 07A 001 01A 01C 084 015 025 001 005 091 032 1C8 13F 038 023 001 01C 019 01B 001 014 032 011 024 07A 1C5 1CC 035 01B 001 011 016 024 037 001 084 05B 06C 06F 06C 070 049 025 1C8 08D 015 024 011 084 022 001 01C 019 01B 001 08A 028 035 012 01C 03C 1C8 156 015 036 001 090 022 015 036 001 08D 017 023 01B 035 012 07A 1C0
04	59	0x0459	"<SPEAKER>「ここから さきは 海から
ふきあがる 強い風で 進めない
ここで おりるぞ!"	"<SPEAKER>The wind rising from
the sea is too strong to fly
any farther. We will land here!"			SPEAKER NEWLINE NEWLINE END	E9:891E	CC 54 68 65 01 77 69 6E 64 01 72 69 73 69 6E 67 01 66 72 6F 6D C8 74 68 65 01 73 65 61 01 69 73 01 74 6F 6F 01 73 74 72 6F 6E 67 01 74 6F 01 66 6C 79 C8 61 6E 79 01 66 61 72 74 68 65 72 2E 01 57 65 01 77 69 6C 6C 01 6C 61 6E 64 01 68 65 72 65 21 C0	1CC 019 019 015 036 001 01A 016 029 001 162 015 036 1C8 02B 016 010 084 015 038 001 138 011 168 084 022 001 15D 031 024 011 1C8 019 019 084 022 001 014 037 038 084 01E 07A 1C0
04	5A	0x045A	"<SPEAKER>「バロンロックは 謎だらけだ!
キングバロンが あらゆる 仕掛けを
実験した ところらしい・・・<WAIT><SPEAKER>「わたしは やっと この世から
すがたを けすことができる・・・<WAIT><SPEAKER>「塔にいる わが しもべたちも
やすらかに ねむれるだろう・・・<WAIT><SPEAKER>「ありがとう お嬢さん!
くれぐれも 気をつけてな・・・"	"<SPEAKER>Baron Rock is full of
mysteries. King Baron tested
every sort of contraption there...<WAIT><SPEAKER>At last I can vanish
from this world in peace...<WAIT><SPEAKER>My servants in the
tower may finally rest as well...<WAIT><SPEAKER>Thank you, young
lady. Please be very careful..."			SPEAKER NEWLINE NEWLINE WAIT SPEAKER NEWLINE WAIT SPEAKER NEWLINE WAIT SPEAKER NEWLINE END	E9:8971	CC 42 61 72 6F 6E 01 52 6F 63 6B 01 69 73 01 66 75 6C 6C 01 6F 66 C8 6D 79 73 74 65 72 69 65 73 2E 01 4B 69 6E 67 01 42 61 72 6F 6E 01 74 65 73 74 65 64 C8 65 76 65 72 79 01 73 6F 72 74 01 6F 66 01 63 6F 6E 74 72 61 70 74 69 6F 6E 01 74 68 65 72 65 2E 2E 2E C5 CC 41 74 01 6C 61 73 74 01 49 01 63 61 6E 01 76 61 6E 69 73 68 C8 66 72 6F 6D 01 74 68 69 73 01 77 6F 72 6C 64 01 69 6E 01 70 65 61 63 65 2E 2E 2E C5 CC 4D 79 01 73 65 72 76 61 6E 74 73 01 69 6E 01 74 68 65 C8 74 6F 77 65 72 01 6D 61 79 01 66 69 6E 61 6C 6C 79 01 72 65 73 74 01 61 73 01 77 65 6C 6C 2E 2E 2E C5 CC 54 68 61 6E 6B 01 79 6F 75 2C 01 79 6F 75 6E 67 C8 6C 61 64 79 2E 01 50 6C 65 61 73 65 01 62 65 01 76 65 72 79 01 63 61 72 65 66 75 6C 2E 2E 2E C0	1CC 084 05B 06C 06F 06C 070 049 029 001 0CF 084 01F 036 018 084 01F 07A 1C8 048 06F 084 049 084 05B 06C 06F 084 015 001 010 036 034 038 001 18F 195 018 03C 1C8 0DD 0F3 01B 01F 001 023 019 03A 036 01B 011 081 081 081 1C5 1CC 03B 01F 01B 029 001 033 03E 023 001 019 028 0A9 015 036 1C8 01C 084 015 01F 03C 001 018 01C 019 023 084 015 084 022 016 038 081 081 081 1C5 1CC 154 025 011 038 001 03B 084 015 001 01B 032 084 02C 01F 020 032 1C8 033 01C 036 015 025 001 027 030 039 038 084 01F 03A 012 081 081 081 1C5 1CC 010 037 084 015 023 012 001 014 0D8 01A 03D 07A 1C8 017 039 084 017 039 032 001 099 03C 021 018 022 024 081 081 081 1C0
04	5B	0x045B	"<SPEAKER>「お嬢さま このがけは
どうかんがえても なまみでは
のぼれそうに ないですぞ!<WAIT><SPEAKER>「ここは いったん 町に
もどって 島の人たちに
ちえを かしてもらいましょうぞ!"	"<SPEAKER>My lady, there
is no way we can climb
this cliff as we are!<WAIT><SPEAKER>Let us return to town
and ask the islanders for ideas."			SPEAKER NEWLINE NEWLINE WAIT SPEAKER NEWLINE END	E9:8A62	CC 4D 79 01 6C 61 64 79 2C 01 74 68 65 72 65 C8 69 73 01 6E 6F 01 77 61 79 01 77 65 01 63 61 6E 01 63 6C 69 6D 62 C8 74 68 69 73 01 63 6C 69 66 66 01 61 73 01 77 65 01 61 72 65 21 C5 CC 4C 65 74 01 75 73 01 72 65 74 75 72 6E 01 74 6F 01 74 6F 77 6E C8 61 6E 64 01 61 73 6B 01 74 68 65 01 69 73 6C 61 6E 64 65 72 73 01 66 6F 72 01 69 64 65 61 73 2E C0	1CC 014 0D8 01A 02E 001 019 028 084 015 018 029 1C8 084 023 012 015 03D 084 015 013 022 032 001 024 02E 02F 084 022 029 1C8 028 084 02D 039 01E 012 025 001 024 011 084 022 01C 084 01E 07A 1C5 1CC 019 019 029 001 011 03E 01F 03D 001 0C9 025 1C8 032 084 023 03E 022 001 08A 028 091 01F 020 025 1C8 020 013 03C 001 015 01B 022 032 036 011 02E 01B 041 012 084 01E 07A 1C0
04	5C	0x045C	"<CLEAR>
キングバロン
古代名 <ICON_170><ICON_171><ICON_172><ICON_173><ICON_1AF><ICON_174><WAIT>
<CLEAR>
古代の王に つかえた 神官<WAIT>
<CLEAR>
悪魔と 人間の あいだに
生まれた と つたえられている<WAIT>
<CLEAR>
神官でありながら 魔物の
生体実験などを くりかえしたため
ときの 王に 島流しに された<WAIT>
<CLEAR>
魔物の 体を 大きくする
装置を 作ったとされているが
かくにんは されていない・・・"	"<CLEAR>KING BARON Ancient
name: KING BARON<WAIT><CLEAR>A priest who served
an ancient king.<WAIT><CLEAR>Tradition says he was born
of a demon and a human.<WAIT><CLEAR>Though a priest, he performed
experiments on living monsters
and was exiled to this island.<WAIT><CLEAR>He is said to have built a
device that enlarged monsters, but
this has never been confirmed..."			CLEAR NEWLINE WAIT CLEAR NEWLINE WAIT CLEAR NEWLINE WAIT CLEAR NEWLINE NEWLINE WAIT CLEAR NEWLINE NEWLINE END	E9:8AD7	D0 4B 49 4E 47 01 42 41 52 4F 4E 01 41 6E 63 69 65 6E 74 C8 6E 61 6D 65 3A 01 4B 49 4E 47 01 42 41 52 4F 4E C5 D0 41 01 70 72 69 65 73 74 01 77 68 6F 01 73 65 72 76 65 64 C8 61 6E 01 61 6E 63 69 65 6E 74 01 6B 69 6E 67 2E C5 D0 54 72 61 64 69 74 69 6F 6E 01 73 61 79 73 01 68 65 01 77 61 73 01 62 6F 72 6E C8 6F 66 01 61 01 64 65 6D 6F 6E 01 61 6E 64 01 61 01 68 75 6D 61 6E 2E C5 D0 54 68 6F 75 67 68 01 61 01 70 72 69 65 73 74 2C 01 68 65 01 70 65 72 66 6F 72 6D 65 64 C8 65 78 70 65 72 69 6D 65 6E 74 73 01 6F 6E 01 6C 69 76 69 6E 67 01 6D 6F 6E 73 74 65 72 73 C8 61 6E 64 01 77 61 73 01 65 78 69 6C 65 64 01 74 6F 01 74 68 69 73 01 69 73 6C 61 6E 64 2E C5 D0 48 65 01 69 73 01 73 61 69 64 01 74 6F 01 68 61 76 65 01 62 75 69 6C 74 01 61 C8 64 65 76 69 63 65 01 74 68 61 74 01 65 6E 6C 61 72 67 65 64 01 6D 6F 6E 73 74 65 72 73 2C 01 62 75 74 C8 74 68 69 73 01 68 61 73 01 6E 65 76 65 72 01 62 65 65 6E 01 63 6F 6E 66 69 72 6D 65 64 2E 2E 2E C0	1D0 048 06F 084 049 084 05B 06C 06F 1C8 096 09F 0CD 001 170 171 172 173 1AF 174 1C5 1D0 096 09F 028 155 025 001 021 015 013 01F 001 0DC 136 1C5 1D0 0B5 09A 023 001 091 0E3 028 001 010 011 084 01F 025 1C8 09B 02E 039 01F 001 023 001 021 01F 013 036 039 022 011 038 1C5 1D0 0DC 136 084 022 010 037 024 084 015 036 001 09A 08B 028 1C8 09B 0F0 0DD 0F3 024 084 023 03C 001 017 037 015 013 01B 01F 01F 031 1C8 023 016 028 001 155 025 001 08A 198 01B 025 001 01A 039 01F 1C5 1D0 09A 08B 028 001 0F0 03C 001 0AC 016 017 01C 038 1C8 0C2 19F 03C 001 0F6 03E 01F 023 01A 039 022 011 038 084 015 1C8 015 017 025 03D 029 001 01A 039 022 011 024 011 081 081 081 1C0
04	5D	0x045D	<SPEAKER>「おい! 上に 誰か いるぞ!	"<SPEAKER>Hey! Someone
is up there!"			SPEAKER NEWLINE END	E9:8C13	CC 48 65 79 21 01 53 6F 6D 65 6F 6E 65 C8 69 73 01 75 70 01 74 68 65 72 65 21 C0	1CC 014 011 07A 001 128 025 001 0FA 015 001 011 038 084 01E 07A 1C0
04	5E	0x045E	"<SPEAKER>「人間だ! 人間だ!
きっと ジェイビーさまの いってた
寝入昔にちがいない!"	"<SPEAKER>Humans! Humans!
They must be the intruders
Lord J.B. warned us about!"			SPEAKER NEWLINE NEWLINE END	E9:8C2E	CC 48 75 6D 61 6E 73 21 01 48 75 6D 61 6E 73 21 C8 54 68 65 79 01 6D 75 73 74 01 62 65 01 74 68 65 01 69 6E 74 72 75 64 65 72 73 C8 4C 6F 72 64 01 4A 2E 42 2E 01 77 61 72 6E 65 64 01 75 73 01 61 62 6F 75 74 21 C0	1CC 091 0E3 084 01F 07A 001 091 0E3 084 01F 07A 1C8 016 03E 023 001 084 04D 076 043 084 05C 078 01A 02E 028 001 011 03E 022 01F 1C8 14D 08E 0A7 025 020 084 015 011 024 011 07A 1C0
04	5F	0x045F	"<SPEAKER>「よーし おれたちが やっつけて
ジェイビーさまに ほめてもらおう"	"<SPEAKER>All right! Let
us beat them and get
praised by Lord J.B.!"			SPEAKER NEWLINE NEWLINE END	E9:8C75	CC 41 6C 6C 01 72 69 67 68 74 21 01 4C 65 74 C8 75 73 01 62 65 61 74 01 74 68 65 6D 01 61 6E 64 01 67 65 74 C8 70 72 61 69 73 65 64 01 62 79 01 4C 6F 72 64 01 4A 2E 42 2E 21 C0	1CC 035 078 01B 001 014 039 01F 020 084 015 001 033 03E 021 018 022 1C8 084 04D 076 043 084 05C 078 01A 02E 025 001 02D 031 022 032 036 014 012 1C0
04	60	0x0460	"<SPEAKER>「じゃあ まずは おれから
行ってくるぜ! みんな!
見ててくれよ!"	"<SPEAKER>I will go first!
Everybody, watch me!"			SPEAKER NEWLINE END	E9:8CB0	CC 49 01 77 69 6C 6C 01 67 6F 01 66 69 72 73 74 21 C8 45 76 65 72 79 62 6F 64 79 2C 01 77 61 74 63 68 01 6D 65 21 C0	1CC 084 01B 03F 010 001 02E 084 01C 029 001 014 039 015 036 1C8 08D 03E 022 017 038 084 01D 07A 001 02F 03D 024 07A 1C8 090 022 022 017 039 035 07A 1C0
04	61	0x0461	"<SPEAKER>「くそー おれの ともだちを
よくも やっつけて くれたなー"	"<SPEAKER>Damn you!
You killed my friend!"			SPEAKER NEWLINE END	E9:8CD7	CC 44 61 6D 6E 01 79 6F 75 21 C8 59 6F 75 01 6B 69 6C 6C 65 64 01 6D 79 01 66 72 69 65 6E 64 21 C0	1CC 017 01E 078 001 014 039 028 001 023 032 084 01F 020 03C 1C8 035 017 032 001 033 03E 021 018 022 001 017 039 01F 024 078 1C0
04	62	0x0462	"<SPEAKER>「うわー 人間のくせに
やたらと 強いぞ こいつら!
しようがない・・・ にげろー"	"<SPEAKER>Whoa! They are only
humans, but they are crazy
strong! No choice... Run!"			SPEAKER NEWLINE NEWLINE END	E9:8CF8	CC 57 68 6F 61 21 01 54 68 65 79 01 61 72 65 01 6F 6E 6C 79 C8 68 75 6D 61 6E 73 2C 01 62 75 74 01 74 68 65 79 01 61 72 65 01 63 72 61 7A 79 C8 73 74 72 6F 6E 67 21 01 4E 6F 01 63 68 6F 69 63 65 2E 2E 2E 01 52 75 6E 21 C0	1CC 012 03B 078 001 091 0E3 028 017 01D 025 1C8 033 01F 036 023 001 138 011 084 01E 001 019 011 021 036 07A 1C8 01B 035 012 084 015 024 011 081 081 081 001 025 084 018 03A 078 1C0
04	63	0x0463	"<SPEAKER>「ジェイビーさまの じゃまを
するやつは ゆるさないぞ!<WAIT><SPEAKER>「こおりづけの おまえたちなんか
こなごなに してやる!"	"<SPEAKER>No one
interferes with Lord J.B.!<WAIT><SPEAKER>I will smash your
frozen bodies into tiny pieces!"			SPEAKER NEWLINE WAIT SPEAKER NEWLINE END	E9:8D42	CC 4E 6F 01 6F 6E 65 C8 69 6E 74 65 72 66 65 72 65 73 01 77 69 74 68 01 4C 6F 72 64 01 4A 2E 42 2E 21 C5 CC 49 01 77 69 6C 6C 01 73 6D 61 73 68 01 79 6F 75 72 C8 66 72 6F 7A 65 6E 01 62 6F 64 69 65 73 01 69 6E 74 6F 01 74 69 6E 79 01 70 69 65 63 65 73 21 C0	1CC 084 04D 076 043 084 05C 078 01A 02E 028 001 084 01B 03F 02E 03C 1C8 01C 038 033 021 029 001 034 038 01A 024 011 084 01E 07A 1C5 1CC 019 014 037 084 021 018 028 001 014 02E 013 01F 020 024 03D 015 1C8 019 024 084 019 024 025 001 01B 022 033 038 07A 1C0
04	64	0x0464	"<CLEAR>
レディの体力が回復した"	<CLEAR>Lady's HP was restored.			CLEAR END	E9:8D98	D0 4C 61 64 79 27 73 01 48 50 01 77 61 73 01 72 65 73 74 6F 72 65 64 2E C0	1D0 06B 084 054 075 028 0F0 107 084 015 169 18B 01B 01F 1C0
04	65	0x0465	"<CLEAR>
レディたちの体力が回復した"	<CLEAR>The party's HP was restored.			CLEAR END	E9:8DB1	D0 54 68 65 01 70 61 72 74 79 27 73 01 48 50 01 77 61 73 01 72 65 73 74 6F 72 65 64 2E C0	1D0 06B 084 054 075 01F 020 028 0F0 107 084 015 169 18B 01B 01F 1C0
04	66	0x0466	"<CLEAR>
ここでは ほのおが でない"	<CLEAR>Flames will not come out here.			CLEAR END	E9:8DCF	D0 46 6C 61 6D 65 73 01 77 69 6C 6C 01 6E 6F 74 01 63 6F 6D 65 01 6F 75 74 01 68 65 72 65 2E C0	1D0 019 019 084 022 029 001 02D 028 014 084 015 001 084 022 024 011 1C0
04	67	0x0467	"<CLEAR>
ガスが なくなった"	<CLEAR>The gas ran out.			CLEAR END	E9:8DEF	D0 54 68 65 01 67 61 73 01 72 61 6E 01 6F 75 74 2E C0	1D0 084 047 04E 084 015 001 024 017 024 03E 01F 1C0
04	68	0x0468	"<CLEAR>
ロケットぐつに ガスをじゅうてんした"	"<CLEAR>The Rocket Boots
were refilled with gas."			CLEAR NEWLINE END	E9:8E01	D0 54 68 65 01 52 6F 63 6B 65 74 01 42 6F 6F 74 73 C8 77 65 72 65 01 72 65 66 69 6C 6C 65 64 01 77 69 74 68 01 67 61 73 2E C0	1D0 06C 04A 070 055 084 017 021 025 001 084 047 04E 03C 084 01B 040 012 022 03D 01B 01F 1C0
04	69	0x0469	"<CLEAR>
あしもとの あなから ガスが
噴出している"	"<CLEAR>Gas is blasting from
a hole at your feet."			CLEAR NEWLINE END	E9:8E2B	D0 47 61 73 01 69 73 01 62 6C 61 73 74 69 6E 67 01 66 72 6F 6D C8 61 01 68 6F 6C 65 01 61 74 01 79 6F 75 72 01 66 65 65 74 2E C0	1D0 010 01B 032 023 028 001 010 024 015 036 001 084 047 04E 084 015 1C8 117 106 01B 022 011 038 1C0
04	6A	0x046A	"<SPEAKER>「おろかな昔に わが主の
いだいなる 遺産を
あたえる わけには いかぬ!<WAIT><SPEAKER>「たちさるが よい!"	"<SPEAKER>I cannot entrust my
master's great legacy to a fool!<WAIT><SPEAKER>Leave this place!"			SPEAKER NEWLINE WAIT SPEAKER END	E9:8E56	CC 49 01 63 61 6E 6E 6F 74 01 65 6E 74 72 75 73 74 01 6D 79 C8 6D 61 73 74 65 72 27 73 01 67 72 65 61 74 01 6C 65 67 61 63 79 01 74 6F 01 61 01 66 6F 6F 6C 21 C5 CC 4C 65 61 76 65 01 74 68 69 73 01 70 6C 61 63 65 21 C0	1CC 014 03A 015 024 0A7 025 001 03B 084 015 12C 028 1C8 011 084 01F 011 024 038 001 1B8 1B1 03C 1C8 010 01F 013 038 001 03B 018 025 029 001 011 015 026 07A 1C5 1CC 01F 020 01A 038 084 015 001 035 011 07A 1C0
04	6B	0x046B	"<SPEAKER>「わが主 キングバロンの名と
その 白く かがやく
ホワイトボール<WAIT><SPEAKER>「まさに キングバロンの
後続昔の あかし!<WAIT><SPEAKER>「いま しかと この目で
かくにんいたしましたぞ!<WAIT><SPEAKER>「キングバロンさまの
ごめいれいどおり ふたたび
魔物巨大化装置を 作行します!"	"<SPEAKER>My master King
Baron's name, and that
shining White Ball...<WAIT><SPEAKER>They are truly the
proof of King Baron's successor!<WAIT><SPEAKER>I have confirmed
it with my own eyes!<WAIT><SPEAKER>As King Baron
commanded, I will reactivate
the Monster Enlarging Device!"			SPEAKER NEWLINE NEWLINE WAIT SPEAKER NEWLINE WAIT SPEAKER NEWLINE WAIT SPEAKER NEWLINE NEWLINE END	E9:8E9F	CC 4D 79 01 6D 61 73 74 65 72 01 4B 69 6E 67 C8 42 61 72 6F 6E 27 73 01 6E 61 6D 65 2C 01 61 6E 64 01 74 68 61 74 C8 73 68 69 6E 69 6E 67 01 57 68 69 74 65 01 42 61 6C 6C 2E 2E 2E C5 CC 54 68 65 79 01 61 72 65 01 74 72 75 6C 79 01 74 68 65 C8 70 72 6F 6F 66 01 6F 66 01 4B 69 6E 67 01 42 61 72 6F 6E 27 73 01 73 75 63 63 65 73 73 6F 72 21 C5 CC 49 01 68 61 76 65 01 63 6F 6E 66 69 72 6D 65 64 C8 69 74 01 77 69 74 68 01 6D 79 01 6F 77 6E 01 65 79 65 73 21 C5 CC 41 73 01 4B 69 6E 67 01 42 61 72 6F 6E C8 63 6F 6D 6D 61 6E 64 65 64 2C 01 49 01 77 69 6C 6C 01 72 65 61 63 74 69 76 61 74 65 C8 74 68 65 01 4D 6F 6E 73 74 65 72 01 45 6E 6C 61 72 67 69 6E 67 01 44 65 76 69 63 65 21 C0	1CC 03B 084 015 12C 001 048 06F 084 049 084 05B 06C 06F 028 0CD 023 1C8 01E 028 001 141 017 001 015 084 015 033 017 1C8 05F 06D 043 055 084 05F 078 06A 1C5 1CC 02E 01A 025 001 048 06F 084 049 084 05B 06C 06F 028 1C8 1A6 1A5 0A7 028 001 010 015 01B 07A 1C5 1CC 011 02E 001 01B 015 023 001 019 028 0B6 084 022 1C8 015 017 025 03D 011 01F 01B 02E 01B 01F 084 01E 07A 1C5 1CC 048 06F 084 049 084 05B 06C 06F 01A 02E 028 1C8 084 019 031 011 039 011 084 023 014 037 001 02B 01F 01F 084 02A 1C8 09A 08B 0CC 0AC 09E 0C2 19F 03C 001 0F6 0B1 01B 02E 01C 07A 1C0
04	6C	0x046C	"<SPEAKER>「パチパチパチパチ! ゲルル
みごとな 謎解きだよ お嬢さん!"	"<SPEAKER>Clap, clap, clap! Grrr...
Nicely solved, young lady!"			SPEAKER NEWLINE END	E9:8F82	CC 43 6C 61 70 2C 01 63 6C 61 70 2C 01 63 6C 61 70 21 01 47 72 72 72 2E 2E 2E C8 4E 69 63 65 6C 79 01 73 6F 6C 76 65 64 2C 01 79 6F 75 6E 67 01 6C 61 64 79 21 C0	1CC 083 05B 052 083 05B 052 083 05B 052 083 05B 052 07A 001 084 04A 06A 06A 1C8 02F 084 019 023 024 001 0CF 0FE 016 084 01F 035 001 014 0D8 01A 03D 07A 1C0
04	6D	0x046D	"<SPEAKER>「おれは この部屋の 謎が
どうしても わからなかった・・・<WAIT><SPEAKER>「だが こんなところで
あきらめては 何千年もねむっていた
いみも なくなってしまう・・・<WAIT><SPEAKER>「そこで おれは 思いついた!<WAIT><SPEAKER>「はえのように おれのまわりを
とびまわる こざかしい こむすめに
この部屋の謎を 解かせることをな!<WAIT><SPEAKER>「ゲルルルルル あんたも
ほんとに おりこうさんだが<WAIT><SPEAKER>「ちょっとばかり この
ジェイビーさまの方が
ちえが まわるって ことよ!<WAIT><SPEAKER>「お嬢ちゃんの だいじに
持っていた ブラックボールはな!<WAIT><SPEAKER>「おれが ホワイトボールを
黒く ぬっといた物だったのさ!
本物は とっくに すててしまったのさ<WAIT><SPEAKER>「ゲルゲルゲル げははは
これで キングバロンの装置も
ついに 復活したぞ!<WAIT><SPEAKER>「お前らは この
バロンロックで のたれ死ぬがよい!<WAIT><SPEAKER>「おれさまに ころされずに
すむだけでも ありがたく思え!
げはははは ゲルゲルゲル!"	"<SPEAKER>I could never solve
the puzzle in this room...<WAIT><SPEAKER>But giving up here
would make my thousands of
years of sleep meaningless...<WAIT><SPEAKER>Then I had an idea!<WAIT><SPEAKER>I would make the pesky
girl buzzing around me like a
fly solve the puzzle instead!<WAIT><SPEAKER>Grrr... You really
are clever, young lady.<WAIT><SPEAKER>But Lord J.B. is still
one step smarter than you!<WAIT><SPEAKER>That precious Black
Ball you were carrying...<WAIT><SPEAKER>was a White Ball I
painted black! I threw the real
Black Ball away a long time ago!<WAIT><SPEAKER>Grrr, gehahaha!
King Baron's device has
finally been restored!<WAIT><SPEAKER>You can rot to death
right here on Baron Rock!<WAIT><SPEAKER>Be grateful I will
not bother killing you
myself! Gehahaha! Grrr!"			SPEAKER NEWLINE WAIT SPEAKER NEWLINE NEWLINE WAIT SPEAKER WAIT SPEAKER NEWLINE NEWLINE WAIT SPEAKER NEWLINE WAIT SPEAKER NEWLINE WAIT SPEAKER NEWLINE WAIT SPEAKER NEWLINE NEWLINE WAIT SPEAKER NEWLINE NEWLINE WAIT SPEAKER NEWLINE WAIT SPEAKER NEWLINE NEWLINE END	E9:8FB8	CC 49 01 63 6F 75 6C 64 01 6E 65 76 65 72 01 73 6F 6C 76 65 C8 74 68 65 01 70 75 7A 7A 6C 65 01 69 6E 01 74 68 69 73 01 72 6F 6F 6D 2E 2E 2E C5 CC 42 75 74 01 67 69 76 69 6E 67 01 75 70 01 68 65 72 65 C8 77 6F 75 6C 64 01 6D 61 6B 65 01 6D 79 01 74 68 6F 75 73 61 6E 64 73 01 6F 66 C8 79 65 61 72 73 01 6F 66 01 73 6C 65 65 70 01 6D 65 61 6E 69 6E 67 6C 65 73 73 2E 2E 2E C5 CC 54 68 65 6E 01 49 01 68 61 64 01 61 6E 01 69 64 65 61 21 C5 CC 49 01 77 6F 75 6C 64 01 6D 61 6B 65 01 74 68 65 01 70 65 73 6B 79 C8 67 69 72 6C 01 62 75 7A 7A 69 6E 67 01 61 72 6F 75 6E 64 01 6D 65 01 6C 69 6B 65 01 61 C8 66 6C 79 01 73 6F 6C 76 65 01 74 68 65 01 70 75 7A 7A 6C 65 01 69 6E 73 74 65 61 64 21 C5 CC 47 72 72 72 2E 2E 2E 01 59 6F 75 01 72 65 61 6C 6C 79 C8 61 72 65 01 63 6C 65 76 65 72 2C 01 79 6F 75 6E 67 01 6C 61 64 79 2E C5 CC 42 75 74 01 4C 6F 72 64 01 4A 2E 42 2E 01 69 73 01 73 74 69 6C 6C C8 6F 6E 65 01 73 74 65 70 01 73 6D 61 72 74 65 72 01 74 68 61 6E 01 79 6F 75 21 C5 CC 54 68 61 74 01 70 72 65 63 69 6F 75 73 01 42 6C 61 63 6B C8 42 61 6C 6C 01 79 6F 75 01 77 65 72 65 01 63 61 72 72 79 69 6E 67 2E 2E 2E C5 CC 77 61 73 01 61 01 57 68 69 74 65 01 42 61 6C 6C 01 49 C8 70 61 69 6E 74 65 64 01 62 6C 61 63 6B 21 01 49 01 74 68 72 65 77 01 74 68 65 01 72 65 61 6C C8 42 6C 61 63 6B 01 42 61 6C 6C 01 61 77 61 79 01 61 01 6C 6F 6E 67 01 74 69 6D 65 01 61 67 6F 21 C5 CC 47 72 72 72 2C 01 67 65 68 61 68 61 68 61 21 C8 4B 69 6E 67 01 42 61 72 6F 6E 27 73 01 64 65 76 69 63 65 01 68 61 73 C8 66 69 6E 61 6C 6C 79 01 62 65 65 6E 01 72 65 73 74 6F 72 65 64 21 C5 CC 59 6F 75 01 63 61 6E 01 72 6F 74 01 74 6F 01 64 65 61 74 68 C8 72 69 67 68 74 01 68 65 72 65 01 6F 6E 01 42 61 72 6F 6E 01 52 6F 63 6B 21 C5 CC 42 65 01 67 72 61 74 65 66 75 6C 01 49 01 77 69 6C 6C C8 6E 6F 74 01 62 6F 74 68 65 72 01 6B 69 6C 6C 69 6E 67 01 79 6F 75 C8 6D 79 73 65 6C 66 21 01 47 65 68 61 68 61 68 61 21 01 47 72 72 72 21 C0	1CC 014 039 029 001 019 028 0DA 0B3 028 001 0CF 084 015 1C8 084 023 012 01B 022 032 001 03B 015 036 024 015 03E 01F 081 081 081 1C5 1CC 084 01F 084 015 001 019 03D 024 023 019 03A 084 022 1C8 010 016 036 031 022 029 001 093 0BC 0CA 032 027 030 03E 022 011 01F 1C8 011 02F 032 001 024 017 024 03E 022 01B 02E 012 081 081 081 1C5 1CC 01E 019 084 022 001 014 039 029 001 10F 011 021 011 01F 07A 1C5 1CC 029 013 028 035 012 025 001 014 039 028 02E 03B 037 03C 1C8 023 084 02A 02E 03B 038 001 019 084 01A 015 01B 011 001 019 030 01C 031 025 1C8 019 028 0DA 0B3 028 0CF 03C 001 0FE 015 01D 038 019 023 03C 024 07A 1C5 1CC 084 04A 06A 06A 06A 06A 06A 001 010 03D 01F 032 1C8 02D 03D 023 025 001 014 037 019 012 01A 03D 084 01F 084 015 1C5 1CC 020 041 03E 023 084 029 015 037 001 019 028 1C8 084 04D 076 043 084 05C 078 01A 02E 028 0B9 084 015 1C8 020 013 084 015 001 02E 03B 038 03E 022 001 019 023 035 07A 1C5 1CC 014 0D8 020 03F 03D 028 001 084 01F 011 084 01B 025 1C8 0D3 03E 022 011 01F 001 084 05D 068 070 049 084 05F 078 06A 029 024 07A 1C5 1CC 014 039 084 015 001 05F 06D 043 055 084 05F 078 06A 03C 1C8 180 017 001 026 03E 023 011 01F 08B 084 01F 03E 01F 028 01A 07A 1C8 13A 08B 029 001 023 03E 017 025 001 01C 022 022 01B 02E 03E 01F 028 01A 1C5 1CC 084 04A 06A 084 04A 06A 084 04A 06A 001 084 018 029 029 029 1C8 019 039 084 022 001 048 06F 084 049 084 05B 06C 06F 028 0C2 19F 032 1C8 021 011 025 001 18B 0B4 01B 01F 084 01E 07A 1C5 1CC 014 0C3 036 029 001 019 028 1C8 084 05B 06C 06F 06C 070 049 084 022 001 028 01F 039 0D6 026 084 015 035 011 07A 1C5 1CC 014 039 01A 02E 025 001 019 03A 01A 039 084 01C 025 1C8 01C 030 084 01F 018 084 022 032 001 010 037 084 015 01F 017 10F 013 07A 1C8 084 018 029 029 029 029 001 084 04A 06A 084 04A 06A 084 04A 06A 07A 1C0
04	6E	0x046E	"<SPEAKER>「え?<PAUSE_30> これは? ・・・・・主人の!
・・・・・・・・・・・・・・・・・
う・・・う・・・サジク!<WAIT><SPEAKER>「わざわざ とどけていただいて
ありがとうございます<WAIT><SPEAKER>「主人は きっと 生きています!
レディさん! なんとか主人を!
主人を みつけてください!<WAIT><SPEAKER>「むりな おねがいだとは
わかって いるのですが・・・
あっ! そうだわ<WAIT><SPEAKER>「どうか これを お持ちください
ほんの おれいの 気持ちです"	"<SPEAKER>Huh?<PAUSE_30> This is...?
My husband's! ............ Sajik!<WAIT><SPEAKER>Thank you for bringing
this all the way to me.<WAIT><SPEAKER>My husband must still
be alive! Lady, please! Find
him! Please find my husband!<WAIT><SPEAKER>I know it is
a terrible thing to ask
of you... Ah! I know!<WAIT><SPEAKER>Please take this. It is
only a small token of thanks."			SPEAKER PAUSE_30 NEWLINE WAIT SPEAKER NEWLINE WAIT SPEAKER NEWLINE NEWLINE WAIT SPEAKER NEWLINE NEWLINE WAIT SPEAKER NEWLINE END	E9:9234	CC 48 75 68 3F CD 01 54 68 69 73 01 69 73 2E 2E 2E 3F C8 4D 79 01 68 75 73 62 61 6E 64 27 73 21 01 2E 2E 2E 2E 2E 2E 2E 2E 2E 2E 2E 2E 01 53 61 6A 69 6B 21 C5 CC 54 68 61 6E 6B 01 79 6F 75 01 66 6F 72 01 62 72 69 6E 67 69 6E 67 C8 74 68 69 73 01 61 6C 6C 01 74 68 65 01 77 61 79 01 74 6F 01 6D 65 2E C5 CC 4D 79 01 68 75 73 62 61 6E 64 01 6D 75 73 74 01 73 74 69 6C 6C C8 62 65 01 61 6C 69 76 65 21 01 4C 61 64 79 2C 01 70 6C 65 61 73 65 21 01 46 69 6E 64 C8 68 69 6D 21 01 50 6C 65 61 73 65 01 66 69 6E 64 01 6D 79 01 68 75 73 62 61 6E 64 21 C5 CC 49 01 6B 6E 6F 77 01 69 74 01 69 73 C8 61 01 74 65 72 72 69 62 6C 65 01 74 68 69 6E 67 01 74 6F 01 61 73 6B C8 6F 66 01 79 6F 75 2E 2E 2E 01 41 68 21 01 49 01 6B 6E 6F 77 21 C5 CC 50 6C 65 61 73 65 01 74 61 6B 65 01 74 68 69 73 2E 01 49 74 01 69 73 C8 6F 6E 6C 79 01 61 01 73 6D 61 6C 6C 01 74 6F 6B 65 6E 01 6F 66 01 74 68 61 6E 6B 73 2E C0	1CC 013 079 1CD 001 019 039 029 079 001 081 081 081 081 081 12C 091 028 07A 1C8 081 081 081 081 081 081 081 081 081 081 081 081 081 081 081 081 081 1C8 012 081 081 081 012 081 081 081 04C 084 04D 049 07A 1C5 1CC 03B 084 01A 03B 084 01A 001 023 084 023 018 022 011 01F 084 01F 011 022 1C8 010 037 084 015 023 012 084 019 084 01A 011 02E 01C 1C5 1CC 12C 091 029 001 016 03E 023 001 09B 016 022 011 02E 01C 07A 1C8 06B 084 054 075 01A 03D 07A 001 024 03D 023 015 12C 091 03C 07A 1C8 12C 091 03C 001 02F 021 018 022 017 084 01F 01A 011 07A 1C5 1CC 030 037 024 001 014 027 084 015 011 084 01F 023 029 1C8 03B 015 03E 022 001 011 038 028 084 022 01C 084 015 081 081 081 1C8 010 03E 07A 001 01E 012 084 01F 03B 1C5 1CC 084 023 012 015 001 019 039 03C 001 014 0D3 020 017 084 01F 01A 011 1C8 02D 03D 028 001 014 039 011 028 001 099 0D3 020 084 022 01C 1C0
04	6F	0x046F	"<SPEAKER>「ためしに かぶって
ごらんになります?"	"<SPEAKER>Would you
like to try it on?"			SPEAKER NEWLINE END	E9:935D	CC 57 6F 75 6C 64 01 79 6F 75 C8 6C 69 6B 65 01 74 6F 01 74 72 79 01 69 74 01 6F 6E 3F C0	1CC 01F 031 01B 025 001 015 084 02B 03E 022 1C8 084 019 036 03D 025 024 037 02E 01C 079 1C0
04	70	0x0470	<SPEAKER>「あらまあ ぴったり!	<SPEAKER>Oh my! It fits perfectly!			SPEAKER END	E9:937B	CC 4F 68 01 6D 79 21 01 49 74 01 66 69 74 73 01 70 65 72 66 65 63 74 6C 79 21 C0	1CC 010 036 02E 010 001 083 02A 03E 01F 037 07A 1C0
04	71	0x0471	"<SPEAKER>「とりゃー!<PAUSE_30> えいやー!<PAUSE_30>
はあ<PAUSE_30> はあ"	"<SPEAKER>Hyaa!<PAUSE_30> Take
that!<PAUSE_30> Huff...<PAUSE_30> huff..."			SPEAKER PAUSE_30 NEWLINE PAUSE_30 PAUSE_30 END	E9:9396	CC 48 79 61 61 21 CD 01 54 61 6B 65 C8 74 68 61 74 21 CD 01 48 75 66 66 2E 2E 2E CD 01 68 75 66 66 2E 2E 2E C0	1CC 023 037 03F 078 07A 1CD 001 013 011 033 078 07A 1CD 1C8 029 010 1CD 001 029 010 1C0
04	72	0x0472	"<SPEAKER>「わたしは しゅぎょう中の
神官です<WAIT><SPEAKER>「でも 山おくに こもっていると
すこし ストレスが たまります<WAIT><SPEAKER>「だから こうやって 体を
行かして はっさん してるんです"	"<SPEAKER>I am a priest in training.<WAIT><SPEAKER>But staying deep
in the mountains can
get a little stressful.<WAIT><SPEAKER>So I work it off
by exercising like this."			SPEAKER WAIT SPEAKER NEWLINE NEWLINE WAIT SPEAKER NEWLINE END	E9:93BB	CC 49 01 61 6D 01 61 01 70 72 69 65 73 74 01 69 6E 01 74 72 61 69 6E 69 6E 67 2E C5 CC 42 75 74 01 73 74 61 79 69 6E 67 01 64 65 65 70 C8 69 6E 01 74 68 65 01 6D 6F 75 6E 74 61 69 6E 73 01 63 61 6E C8 67 65 74 01 61 01 6C 69 74 74 6C 65 01 73 74 72 65 73 73 66 75 6C 2E C5 CC 53 6F 01 49 01 77 6F 72 6B 01 69 74 01 6F 66 66 C8 62 79 01 65 78 65 72 63 69 73 69 6E 67 01 6C 69 6B 65 01 74 68 69 73 2E C0	1CC 03B 01F 01B 029 001 01B 040 084 016 041 012 0A1 028 1C8 0DC 136 084 022 01C 1C5 1CC 084 022 032 001 10C 014 017 025 001 019 032 03E 022 011 038 023 1C8 01C 019 01B 001 04E 055 06B 04E 084 015 001 01F 02E 037 02E 01C 1C5 1CC 084 01F 015 036 001 019 012 033 03E 022 001 0F0 03C 1C8 0B1 015 01B 022 001 029 03E 01A 03D 001 01B 022 038 03D 084 022 01C 1C0
04	73	0x0473	"<SPEAKER>「あなたも どうですか? この
こおりの はしらに 向かって
Aやー と パンチするんですよ!<WAIT><SPEAKER>「この こおりが われれば
大きな岩をも
くだけるかも しれませんよ!"	"<SPEAKER>Want to try it
too? Punch this pillar of
ice with a mighty hyaa!<WAIT><SPEAKER>If you can shatter
this ice, you might even be
able to smash a giant boulder!"			SPEAKER NEWLINE NEWLINE WAIT SPEAKER NEWLINE NEWLINE END	E9:9441	CC 57 61 6E 74 01 74 6F 01 74 72 79 01 69 74 C8 74 6F 6F 3F 01 50 75 6E 63 68 01 74 68 69 73 01 70 69 6C 6C 61 72 01 6F 66 C8 69 63 65 01 77 69 74 68 01 61 01 6D 69 67 68 74 79 01 68 79 61 61 21 C5 CC 49 66 01 79 6F 75 01 63 61 6E 01 73 68 61 74 74 65 72 C8 74 68 69 73 01 69 63 65 2C 01 79 6F 75 01 6D 69 67 68 74 01 65 76 65 6E 01 62 65 C8 61 62 6C 65 01 74 6F 01 73 6D 61 73 68 01 61 01 67 69 61 6E 74 01 62 6F 75 6C 64 65 72 21 C0	1CC 010 024 01F 032 001 084 023 012 084 022 01C 015 079 001 019 028 1C8 019 014 037 028 001 029 01B 036 025 001 1AB 015 03E 022 1C8 16E 033 078 001 023 001 083 05B 06F 052 01C 038 03D 084 022 01C 035 07A 1C5 1CC 019 028 001 019 014 037 084 015 001 03B 039 039 084 029 1C8 0AC 016 024 158 03C 032 1C8 017 084 01F 018 038 015 032 001 01B 039 02E 01D 03D 035 07A 1C0
04	74	0x0474	"<SPEAKER>「あれっ いま何か ナイフみたいのが
見えなかった?<WAIT><SPEAKER>「えっ そんなことない?
げんかくを見るようでは
まだまだ しゅぎょうが たりないな"	"<SPEAKER>Huh? Did you just
see something like a knife?<WAIT><SPEAKER>No? If I am seeing
things, I still have a long
way to go in my training."			SPEAKER NEWLINE WAIT SPEAKER NEWLINE NEWLINE END	E9:94D2	CC 48 75 68 3F 01 44 69 64 01 79 6F 75 01 6A 75 73 74 C8 73 65 65 01 73 6F 6D 65 74 68 69 6E 67 01 6C 69 6B 65 01 61 01 6B 6E 69 66 65 3F C5 CC 4E 6F 3F 01 49 66 01 49 01 61 6D 01 73 65 65 69 6E 67 C8 74 68 69 6E 67 73 2C 01 49 01 73 74 69 6C 6C 01 68 61 76 65 01 61 01 6C 6F 6E 67 C8 77 61 79 01 74 6F 01 67 6F 01 69 6E 01 6D 79 01 74 72 61 69 6E 69 6E 67 2E C0	1CC 010 039 03E 001 011 02E 093 015 001 056 043 05D 02F 01F 011 028 084 015 1C8 090 013 024 015 03E 01F 079 1C5 1CC 013 03E 001 01E 03D 024 019 023 024 011 079 1C8 084 018 03D 015 017 03C 090 038 035 012 084 022 029 1C8 02E 084 01F 02E 084 01F 001 01B 040 084 016 041 012 084 015 001 01F 037 024 011 024 1C0
04	75	0x0475	"<SPEAKER>「しゅぎょうで あせをかいたら
そこの おんせんに はいるんですよ
あなたも どうですか?"	"<SPEAKER>After training up
a sweat, I soak in that
hot spring. Want to try it?"			SPEAKER NEWLINE NEWLINE END	E9:954B	CC 41 66 74 65 72 01 74 72 61 69 6E 69 6E 67 01 75 70 C8 61 01 73 77 65 61 74 2C 01 49 01 73 6F 61 6B 01 69 6E 01 74 68 61 74 C8 68 6F 74 01 73 70 72 69 6E 67 2E 01 57 61 6E 74 01 74 6F 01 74 72 79 01 69 74 3F C0	1CC 01B 040 084 016 041 012 084 022 001 010 01D 03C 015 011 01F 036 1C8 01E 019 028 001 014 03D 01D 03D 025 001 029 011 038 03D 084 022 01C 035 1C8 010 024 01F 032 001 084 023 012 084 022 01C 015 079 1C0
04	76	0x0476	"<SPEAKER>「ゲルゲルゲル
こんにちは よく 会いますねえ
ゲルゲルゲル・・・<WAIT><SPEAKER>「おーい! 聞こえてますかー?"	"<SPEAKER>Grrr, grrr, grrr...
Hello. We meet often,
do we not? Grrr...<WAIT><SPEAKER>Hellooo!
Can you hear me?!"			SPEAKER NEWLINE NEWLINE WAIT SPEAKER NEWLINE END	E9:9592	CC 47 72 72 72 2C 01 67 72 72 72 2C 01 67 72 72 72 2E 2E 2E C8 48 65 6C 6C 6F 2E 01 57 65 01 6D 65 65 74 01 6F 66 74 65 6E 2C C8 64 6F 01 77 65 01 6E 6F 74 3F 01 47 72 72 72 2E 2E 2E C5 CC 48 65 6C 6C 6F 6F 6F 21 C8 43 61 6E 01 79 6F 75 01 68 65 61 72 01 6D 65 3F 21 C0	1CC 084 04A 06A 084 04A 06A 084 04A 06A 1C8 019 03D 025 020 029 001 035 017 001 11E 011 02E 01C 027 013 1C8 084 04A 06A 084 04A 06A 084 04A 06A 081 081 081 1C5 1CC 014 078 011 07A 001 0A6 019 013 022 02E 01C 015 078 079 1C0
04	77	0x0477	"<SPEAKER>「おっとっとっと
いかん いかん あんまり
力を 入れては いかんな!<WAIT><SPEAKER>「ゲルゲルゲル
では さようなら<WAIT><SPEAKER>「いずれ
じごくで 会いましょう げへへ"	"<SPEAKER>Whoa, whoa,
whoa! No, no. I must not
use too much strength!<WAIT><SPEAKER>Grrr, grrr, grrr...
Well then, goodbye.<WAIT><SPEAKER>We will meet again
in hell. Geh heh heh."			SPEAKER NEWLINE NEWLINE WAIT SPEAKER NEWLINE WAIT SPEAKER NEWLINE END	E9:95EC	CC 57 68 6F 61 2C 01 77 68 6F 61 2C C8 77 68 6F 61 21 01 4E 6F 2C 01 6E 6F 2E 01 49 01 6D 75 73 74 01 6E 6F 74 C8 75 73 65 01 74 6F 6F 01 6D 75 63 68 01 73 74 72 65 6E 67 74 68 21 C5 CC 47 72 72 72 2C 01 67 72 72 72 2C 01 67 72 72 72 2E 2E 2E C8 57 65 6C 6C 01 74 68 65 6E 2C 01 67 6F 6F 64 62 79 65 2E C5 CC 57 65 01 77 69 6C 6C 01 6D 65 65 74 01 61 67 61 69 6E C8 69 6E 01 68 65 6C 6C 2E 01 47 65 68 01 68 65 68 01 68 65 68 2E C0	1CC 014 03E 023 03E 023 03E 023 1C8 011 015 03D 001 011 015 03D 001 010 03D 02E 037 1C8 107 03C 001 08E 039 022 029 001 011 015 03D 024 07A 1C5 1CC 084 04A 06A 084 04A 06A 084 04A 06A 1C8 084 022 029 001 01A 035 012 024 036 1C5 1CC 011 084 01C 039 1C8 084 01B 084 019 017 084 022 001 11E 011 02E 01B 041 012 001 084 018 02C 02C 1C0
04	78	0x0478	"<SPEAKER>「おっ そうだ お嬢さん!
じごくの みやげに いいことを
おしえてやろう! ゲルルルル<WAIT><SPEAKER>「この いせきの さいごの
部屋には 古代の装置を
作行させる しかけが あるんだよ<WAIT><SPEAKER>「ゲルルル でも そんなことは
死んでゆく おまえらには
なんの かんけいも ないな!<WAIT><SPEAKER>「こりゃ しつれい!"	"<SPEAKER>Oh, young lady!
Here's a tip to take
with you to hell! Grrr!<WAIT><SPEAKER>The last room of
these ruins has the mechanism
that starts the ancient device.<WAIT><SPEAKER>Grrr... but that won't
matter to people about to die!<WAIT><SPEAKER>How rude of me!"			SPEAKER NEWLINE NEWLINE WAIT SPEAKER NEWLINE NEWLINE WAIT SPEAKER NEWLINE WAIT SPEAKER END	E9:967C	CC 4F 68 2C 01 79 6F 75 6E 67 01 6C 61 64 79 21 C8 48 65 72 65 27 73 01 61 01 74 69 70 01 74 6F 01 74 61 6B 65 C8 77 69 74 68 01 79 6F 75 01 74 6F 01 68 65 6C 6C 21 01 47 72 72 72 21 C5 CC 54 68 65 01 6C 61 73 74 01 72 6F 6F 6D 01 6F 66 C8 74 68 65 73 65 01 72 75 69 6E 73 01 68 61 73 01 74 68 65 01 6D 65 63 68 61 6E 69 73 6D C8 74 68 61 74 01 73 74 61 72 74 73 01 74 68 65 01 61 6E 63 69 65 6E 74 01 64 65 76 69 63 65 2E C5 CC 47 72 72 72 2E 2E 2E 01 62 75 74 01 74 68 61 74 01 77 6F 6E 27 74 C8 6D 61 74 74 65 72 01 74 6F 01 70 65 6F 70 6C 65 01 61 62 6F 75 74 01 74 6F 01 64 69 65 21 C5 CC 48 6F 77 01 72 75 64 65 01 6F 66 01 6D 65 21 C0	1CC 014 03E 001 01E 012 084 01F 001 014 0D8 01A 03D 07A 1C8 084 01B 084 019 017 028 001 02F 033 084 018 025 001 011 011 019 023 03C 1C8 014 01B 013 022 033 03A 012 07A 001 084 04A 06A 06A 06A 06A 1C5 1CC 019 028 001 011 01D 016 028 001 01A 011 084 019 028 1C8 0DA 0B3 025 029 001 096 09F 028 0C2 19F 03C 1C8 0F6 0B1 01A 01D 038 001 01B 015 018 084 015 001 010 038 03D 084 01F 035 1C5 1CC 084 04A 06A 06A 06A 001 084 022 032 001 01E 03D 024 019 023 029 1C8 0D6 03D 084 022 034 017 001 014 02E 013 036 025 029 1C8 024 03D 028 001 015 03D 018 011 032 001 024 011 024 07A 1C5 1CC 019 037 03F 001 01B 021 039 011 07A 1C0
04	79	0x0479	"<CLEAR>
持っていた 石板を
かべの石板の下に はめこんだ<WAIT>
<CLEAR>
二枚の 石板は ぴったりと
一枚に つながった!"	"<CLEAR>Lady fitted her stone tablet
beneath the one on the wall.<WAIT><CLEAR>The two tablets joined
perfectly into a single slab!"			CLEAR NEWLINE WAIT CLEAR NEWLINE END	E9:9752	D0 4C 61 64 79 01 66 69 74 74 65 64 01 68 65 72 01 73 74 6F 6E 65 01 74 61 62 6C 65 74 C8 62 65 6E 65 61 74 68 01 74 68 65 01 6F 6E 65 01 6F 6E 01 74 68 65 01 77 61 6C 6C 2E C5 D0 54 68 65 01 74 77 6F 01 74 61 62 6C 65 74 73 01 6A 6F 69 6E 65 64 C8 70 65 72 66 65 63 74 6C 79 01 69 6E 74 6F 01 61 01 73 69 6E 67 6C 65 01 73 6C 61 62 21 C0	1D0 0D3 03E 022 011 01F 001 09D 147 03C 1C8 015 084 02C 028 09D 147 028 0B8 025 001 029 031 019 03D 084 01F 1C5 1D0 189 115 028 001 09D 147 029 001 083 02A 03E 01F 037 023 1C8 0AF 115 025 001 021 024 084 015 03E 01F 07A 1C0
04	7A	0x047A	"<CLEAR>
石板には 古代文字が かかれている
ヨシオの字で ふりがなが ふってある<WAIT>
<CLEAR>
「いつの日か おとずれる
いだいなる 後続昔へ<WAIT>
<CLEAR>
「巨大な 魔物どもに
とうとう かこまれてしまった<WAIT>
<CLEAR>
「ここで みずから つくった
化け物どもに 食われてしまっては
<ICON_170><ICON_171><ICON_172><ICON_173><ICON_1AF><ICON_174>の 名がすたる<WAIT>
<CLEAR>
「よって 装置を
封印することに きめた・・・
ふたたび 行かさんと するとき"	"<CLEAR>Ancient writing covers the tablet.
Yoshio added pronunciation guides.<WAIT><CLEAR>""To my great successor
who shall come one day:<WAIT><CLEAR>""At last I have been surrounded
by the giant monsters.<WAIT><CLEAR>""If the creatures I made eat
me here, the name King
Baron itself would be disgraced.<WAIT><CLEAR>""Therefore, I have decided
to seal the device away... If
one should awaken it again..."			CLEAR NEWLINE WAIT CLEAR NEWLINE WAIT CLEAR NEWLINE WAIT CLEAR NEWLINE NEWLINE WAIT CLEAR NEWLINE NEWLINE END	E9:97C3	D0 41 6E 63 69 65 6E 74 01 77 72 69 74 69 6E 67 01 63 6F 76 65 72 73 01 74 68 65 01 74 61 62 6C 65 74 2E C8 59 6F 73 68 69 6F 01 61 64 64 65 64 01 70 72 6F 6E 75 6E 63 69 61 74 69 6F 6E 01 67 75 69 64 65 73 2E C5 D0 22 54 6F 01 6D 79 01 67 72 65 61 74 01 73 75 63 63 65 73 73 6F 72 C8 77 68 6F 01 73 68 61 6C 6C 01 63 6F 6D 65 01 6F 6E 65 01 64 61 79 3A C5 D0 22 41 74 01 6C 61 73 74 01 49 01 68 61 76 65 01 62 65 65 6E 01 73 75 72 72 6F 75 6E 64 65 64 C8 62 79 01 74 68 65 01 67 69 61 6E 74 01 6D 6F 6E 73 74 65 72 73 2E C5 D0 22 49 66 01 74 68 65 01 63 72 65 61 74 75 72 65 73 01 49 01 6D 61 64 65 01 65 61 74 C8 6D 65 01 68 65 72 65 2C 01 74 68 65 01 6E 61 6D 65 01 4B 69 6E 67 C8 42 61 72 6F 6E 01 69 74 73 65 6C 66 01 77 6F 75 6C 64 01 62 65 01 64 69 73 67 72 61 63 65 64 2E C5 D0 22 54 68 65 72 65 66 6F 72 65 2C 01 49 01 68 61 76 65 01 64 65 63 69 64 65 64 C8 74 6F 01 73 65 61 6C 01 74 68 65 01 64 65 76 69 63 65 01 61 77 61 79 2E 2E 2E 01 49 66 C8 6F 6E 65 01 73 68 6F 75 6C 64 01 61 77 61 6B 65 6E 01 69 74 01 61 67 61 69 6E 2E 2E 2E C0	1D0 09D 147 025 029 001 096 09F 152 153 084 015 001 015 015 039 022 011 038 1C8 067 04D 046 028 153 084 022 001 02B 037 084 015 024 084 015 001 02B 03E 022 010 038 1C5 1D0 07D 011 021 028 120 015 001 014 023 084 01C 039 038 1C8 011 084 01F 011 024 038 001 1A6 1A5 0A7 02C 1C5 1D0 07D 0CC 0AC 024 001 09A 08B 084 023 032 025 1C8 023 012 023 012 001 015 019 02E 039 022 01B 02E 03E 01F 1C5 1D0 07D 019 019 084 022 001 02F 084 01C 015 036 001 021 017 03E 01F 1C8 09E 018 08B 084 023 032 025 001 0E4 03B 039 022 01B 02E 03E 022 029 1C8 170 171 172 173 1AF 174 028 001 0CD 084 015 01C 01F 038 1C5 1D0 07D 035 03E 022 001 0C2 19F 03C 1C8 134 133 01C 038 019 023 025 001 016 031 01F 081 081 081 1C8 02B 01F 01F 084 02A 001 0B1 015 01A 03D 023 001 01C 038 023 016 1C0
04	7B	0x047B	"<SPEAKER>「わたしの 後続昔よ
よくぞ ここまで 来た!<WAIT><SPEAKER>「だが ここから先の
しれんは いままでのような
なまやさしい ものではない・・・<WAIT><SPEAKER>「わたし以上の 頭脳を
持つ昔でなければ 古代の装置に
逆に しはいされてしまうからだ!<WAIT><SPEAKER>「わたしの やしきの
謎を解き そして おのれ自身に
勝利した時こそ・・・・・<WAIT><SPEAKER>「古代の装置へと
通じる道が ひらかれるだろう!<WAIT><SPEAKER>「こううんを いのる・・・"	"<SPEAKER>My successor, you have
done well to come this far!<WAIT><SPEAKER>But the trials ahead
will not be as easy as
those you have faced before...<WAIT><SPEAKER>Without a mind greater
than mine, the ancient device
will instead take control of you!<WAIT><SPEAKER>Solve the mystery
of my manor and triumph
over your own self.<WAIT><SPEAKER>Only then will the path
to the ancient device open!<WAIT><SPEAKER>I wish you good fortune..."			SPEAKER NEWLINE WAIT SPEAKER NEWLINE NEWLINE WAIT SPEAKER NEWLINE NEWLINE WAIT SPEAKER NEWLINE NEWLINE WAIT SPEAKER NEWLINE WAIT SPEAKER END	E9:9920	CC 4D 79 01 73 75 63 63 65 73 73 6F 72 2C 01 79 6F 75 01 68 61 76 65 C8 64 6F 6E 65 01 77 65 6C 6C 01 74 6F 01 63 6F 6D 65 01 74 68 69 73 01 66 61 72 21 C5 CC 42 75 74 01 74 68 65 01 74 72 69 61 6C 73 01 61 68 65 61 64 C8 77 69 6C 6C 01 6E 6F 74 01 62 65 01 61 73 01 65 61 73 79 01 61 73 C8 74 68 6F 73 65 01 79 6F 75 01 68 61 76 65 01 66 61 63 65 64 01 62 65 66 6F 72 65 2E 2E 2E C5 CC 57 69 74 68 6F 75 74 01 61 01 6D 69 6E 64 01 67 72 65 61 74 65 72 C8 74 68 61 6E 01 6D 69 6E 65 2C 01 74 68 65 01 61 6E 63 69 65 6E 74 01 64 65 76 69 63 65 C8 77 69 6C 6C 01 69 6E 73 74 65 61 64 01 74 61 6B 65 01 63 6F 6E 74 72 6F 6C 01 6F 66 01 79 6F 75 21 C5 CC 53 6F 6C 76 65 01 74 68 65 01 6D 79 73 74 65 72 79 C8 6F 66 01 6D 79 01 6D 61 6E 6F 72 01 61 6E 64 01 74 72 69 75 6D 70 68 C8 6F 76 65 72 01 79 6F 75 72 01 6F 77 6E 01 73 65 6C 66 2E C5 CC 4F 6E 6C 79 01 74 68 65 6E 01 77 69 6C 6C 01 74 68 65 01 70 61 74 68 C8 74 6F 01 74 68 65 01 61 6E 63 69 65 6E 74 01 64 65 76 69 63 65 01 6F 70 65 6E 21 C5 CC 49 01 77 69 73 68 01 79 6F 75 01 67 6F 6F 64 01 66 6F 72 74 75 6E 65 2E 2E 2E C0	1CC 03B 01F 01B 028 001 1A6 1A5 0A7 035 1C8 035 017 084 01E 001 019 019 02E 084 022 001 097 01F 07A 1C5 1CC 084 01F 084 015 001 019 019 015 036 0F8 028 1C8 01B 039 03D 029 001 011 02E 02E 084 022 028 035 012 024 1C8 024 02E 033 01A 01B 011 001 032 028 084 022 029 024 011 081 081 081 1C5 1CC 03B 01F 01B 0F4 128 028 001 1B9 1BB 03C 1C8 0D3 021 0A7 084 022 024 018 039 084 029 001 096 09F 028 0C2 19F 025 1C8 17E 025 001 01B 029 011 01A 039 022 01B 02E 012 015 036 084 01F 07A 1C5 1CC 03B 01F 01B 028 001 033 01B 016 028 1C8 0CF 03C 0FE 016 001 01E 01B 022 001 014 028 039 0E2 1BA 025 1C8 192 179 01B 01F 164 019 01E 081 081 081 081 081 1C5 1CC 096 09F 028 0C2 19F 02C 023 1C8 12E 084 01B 038 0C7 084 015 001 02A 036 015 039 038 084 01F 03A 012 07A 1C5 1CC 019 012 012 03D 03C 001 011 028 038 081 081 081 1C0
04	7C	0x047C	"<SPEAKER>「・・・さあ ここで
自分を 見つめなおすのだ<WAIT><SPEAKER>「にくしみ いかり うらみ
あらゆる うちなる 心こそ
おのれ自身の 最大の敵・・<WAIT><SPEAKER>「神に ちかづきたくば
まず おのれ自身に うち勝つのだ・・"	"<SPEAKER>Now, look within yourself.<WAIT><SPEAKER>Hatred, anger,
resentment... The heart within
is your greatest enemy.<WAIT><SPEAKER>If you would
approach the divine, first
conquer your own self..."			SPEAKER WAIT SPEAKER NEWLINE NEWLINE WAIT SPEAKER NEWLINE NEWLINE END	E9:9A88	CC 4E 6F 77 2C 01 6C 6F 6F 6B 01 77 69 74 68 69 6E 01 79 6F 75 72 73 65 6C 66 2E C5 CC 48 61 74 72 65 64 2C 01 61 6E 67 65 72 2C C8 72 65 73 65 6E 74 6D 65 6E 74 2E 2E 2E 01 54 68 65 01 68 65 61 72 74 01 77 69 74 68 69 6E C8 69 73 01 79 6F 75 72 01 67 72 65 61 74 65 73 74 01 65 6E 65 6D 79 2E C5 CC 49 66 01 79 6F 75 01 77 6F 75 6C 64 C8 61 70 70 72 6F 61 63 68 01 74 68 65 01 64 69 76 69 6E 65 2C 01 66 69 72 73 74 C8 63 6F 6E 71 75 65 72 01 79 6F 75 72 01 6F 77 6E 01 73 65 6C 66 2E 2E 2E C0	1CC 081 081 081 01A 010 001 019 019 084 022 1C8 0E2 16C 03C 001 090 021 031 024 014 01C 028 084 01F 1C5 1CC 025 017 01B 02F 001 011 015 037 001 012 036 02F 1C8 010 036 034 038 001 012 020 024 038 001 0D4 019 01E 1C8 014 028 039 0E2 1BA 028 001 18A 0AC 028 132 081 081 1C5 1CC 0DC 025 001 020 015 084 021 016 01F 017 084 029 1C8 02E 084 01C 001 014 028 039 0E2 1BA 025 001 012 020 192 021 028 084 01F 081 081 1C0
04	7D	0x047D	"<CLEAR>
大きな鏡がある<WAIT>
<CLEAR>
どうしたことか 自分のすがたが
うつっていない・・・"	"<CLEAR>There is a large mirror.<WAIT><CLEAR>Strangely, your reflections
do not appear in it..."			CLEAR WAIT CLEAR NEWLINE END	E9:9B2D	D0 54 68 65 72 65 01 69 73 01 61 01 6C 61 72 67 65 01 6D 69 72 72 6F 72 2E C5 D0 53 74 72 61 6E 67 65 6C 79 2C 01 79 6F 75 72 01 72 65 66 6C 65 63 74 69 6F 6E 73 C8 64 6F 01 6E 6F 74 01 61 70 70 65 61 72 01 69 6E 01 69 74 2E 2E 2E C0	1D0 0AC 016 024 0E9 084 015 010 038 1C5 1D0 084 023 012 01B 01F 019 023 015 001 0E2 16C 028 01C 084 015 01F 084 015 1C8 012 021 03E 022 011 024 011 081 081 081 1C0
04	7E	0x047E	"<CLEAR>
レディたちの体が
ちいさくなってしまった"	"<CLEAR>The party's bodies
have become tiny!"			CLEAR NEWLINE END	E9:9B7B	D0 54 68 65 01 70 61 72 74 79 27 73 01 62 6F 64 69 65 73 C8 68 61 76 65 01 62 65 63 6F 6D 65 01 74 69 6E 79 21 C0	1D0 06B 084 054 075 01F 020 028 0F0 084 015 1C8 020 011 01A 017 024 03E 022 01B 02E 03E 01F 1C0
04	7F	0x047F	"<SPEAKER>「ぶはっ ぶふぉ ばかめっ
ジェイビーさまに さからうなんて
1000年 はやいわいっ<WAIT><SPEAKER>「ふみつぶしてやるっ"	"<SPEAKER>Bwah! Bwoof! Fools!
Defying Lord J.B. is a
thousand years too soon!<WAIT><SPEAKER>I will crush you underfoot!"			SPEAKER NEWLINE NEWLINE WAIT SPEAKER END	E9:9BA1	CC 42 77 61 68 21 01 42 77 6F 6F 66 21 01 46 6F 6F 6C 73 21 C8 44 65 66 79 69 6E 67 01 4C 6F 72 64 01 4A 2E 42 2E 01 69 73 01 61 C8 74 68 6F 75 73 61 6E 64 01 79 65 61 72 73 01 74 6F 6F 01 73 6F 6F 6E 21 C5 CC 49 01 77 69 6C 6C 01 63 72 75 73 68 01 79 6F 75 01 75 6E 64 65 72 66 6F 6F 74 21 C0	1CC 084 02B 029 03E 001 084 02B 02B 082 001 084 029 015 031 03E 1C8 084 04D 076 043 084 05C 078 01A 02E 025 001 01A 015 036 012 024 03D 022 1C8 003 002 002 002 0CA 001 029 033 011 03B 011 03E 1C5 1CC 02B 02F 021 084 02B 01B 022 033 038 03E 1C0
04	80	0x0480	"<SPEAKER>「ジェイビーさまからは てごわい
こむすめと 聞いていたが
たいしたこと なかったな<WAIT><SPEAKER>「さてと ちょっくら
ひるねでも するか"	"<SPEAKER>Lord J.B. said you
were a tough little girl, but
that was nothing special.<WAIT><SPEAKER>Well then... I think
I will take a little nap."			SPEAKER NEWLINE NEWLINE WAIT SPEAKER NEWLINE END	E9:9C03	CC 4C 6F 72 64 01 4A 2E 42 2E 01 73 61 69 64 01 79 6F 75 C8 77 65 72 65 01 61 01 74 6F 75 67 68 01 6C 69 74 74 6C 65 01 67 69 72 6C 2C 01 62 75 74 C8 74 68 61 74 01 77 61 73 01 6E 6F 74 68 69 6E 67 01 73 70 65 63 69 61 6C 2E C5 CC 57 65 6C 6C 01 74 68 65 6E 2E 2E 2E 01 49 01 74 68 69 6E 6B C8 49 01 77 69 6C 6C 01 74 61 6B 65 01 61 01 6C 69 74 74 6C 65 01 6E 61 70 2E C0	1CC 084 04D 076 043 084 05C 078 01A 02E 015 036 029 001 022 084 019 03B 011 1C8 019 030 01C 031 023 001 0A6 011 022 011 01F 084 015 1C8 01F 011 01B 01F 019 023 001 024 015 03E 01F 024 1C5 1CC 01A 022 023 001 020 041 03E 017 036 1C8 02A 038 027 084 022 032 001 01C 038 015 1C0
04	81	0x0481	"<CLEAR>
ヨシオの たましいが
おたけびをあげた!"	"<CLEAR>Yoshio's soul lets
out a mighty roar!"			CLEAR NEWLINE END	E9:9C7F	D0 59 6F 73 68 69 6F 27 73 01 73 6F 75 6C 01 6C 65 74 73 C8 6F 75 74 01 61 01 6D 69 67 68 74 79 01 72 6F 61 72 21 C0	1D0 067 04D 046 028 001 01F 02E 01B 011 084 015 1C8 014 01F 018 084 02A 03C 010 084 018 01F 07A 1C0
04	82	0x0482	"<SPEAKER>「いやー お嬢さま
ききいっぱつ でしたのう!<WAIT><SPEAKER>「この ゆかの すきまが
なかったら ぺったんこでしたな!
いやいや よかったわい!<WAIT><SPEAKER>「と ひとあんしん してる
ばあいでも ありませんな<WAIT><SPEAKER>「なんとか もとの 大きさに
もどらないと・・・・・・"	"<SPEAKER>Whew, my lady!
That was a very close call!<WAIT><SPEAKER>If not for this gap
in the floor, we would have
been flattened! What a relief!<WAIT><SPEAKER>But this is
hardly the time to relax.<WAIT><SPEAKER>We must find some way
to return to our normal size..."			SPEAKER NEWLINE WAIT SPEAKER NEWLINE NEWLINE WAIT SPEAKER NEWLINE WAIT SPEAKER NEWLINE END	E9:9CA6	CC 57 68 65 77 2C 01 6D 79 01 6C 61 64 79 21 C8 54 68 61 74 01 77 61 73 01 61 01 76 65 72 79 01 63 6C 6F 73 65 01 63 61 6C 6C 21 C5 CC 49 66 01 6E 6F 74 01 66 6F 72 01 74 68 69 73 01 67 61 70 C8 69 6E 01 74 68 65 01 66 6C 6F 6F 72 2C 01 77 65 01 77 6F 75 6C 64 01 68 61 76 65 C8 62 65 65 6E 01 66 6C 61 74 74 65 6E 65 64 21 01 57 68 61 74 01 61 01 72 65 6C 69 65 66 21 C5 CC 42 75 74 01 74 68 69 73 01 69 73 C8 68 61 72 64 6C 79 01 74 68 65 01 74 69 6D 65 01 74 6F 01 72 65 6C 61 78 2E C5 CC 57 65 01 6D 75 73 74 01 66 69 6E 64 01 73 6F 6D 65 01 77 61 79 C8 74 6F 01 72 65 74 75 72 6E 01 74 6F 01 6F 75 72 01 6E 6F 72 6D 61 6C 01 73 69 7A 65 2E 2E 2E C0	1CC 011 033 078 001 014 0D8 01A 02E 1C8 016 016 011 03E 083 029 021 001 084 022 01B 01F 028 012 07A 1C5 1CC 019 028 001 034 015 028 001 01C 016 02E 084 015 1C8 024 015 03E 01F 036 001 083 02C 03E 01F 03D 019 084 022 01B 01F 024 07A 1C8 011 033 011 033 001 035 015 03E 01F 03B 011 07A 1C5 1CC 023 001 02A 023 010 03D 01B 03D 001 01B 022 038 1C8 084 029 010 011 084 022 032 001 010 037 02E 01D 03D 024 1C5 1CC 024 03D 023 015 001 032 023 028 001 0AC 016 01A 025 1C8 032 084 023 036 024 011 023 081 081 081 081 081 081 1C0
04	83	0x0483	"<SPEAKER>「ゲルおほほほ ゲルルル<WAIT><SPEAKER>「お前らの しつこさには
ほとほと 頭が下がるぜ ゲルルル<WAIT><SPEAKER>「おれが いったい 何を
したと いうのだ? ゲルルル?<WAIT><SPEAKER>「まだ なんにも しとらんよ<WAIT><SPEAKER>「魔物は ていこくを
きずいては いけないのか?<WAIT><SPEAKER>「人間は 国を
つくっているでは ないか!<WAIT><SPEAKER>「ふふゲルゲル! ふふふ
お嬢さんに むつかしいことを
いっても わかるまいな!<WAIT><SPEAKER>「だが おれは お嬢さんを
気に入ったよ ゲルルル ほんと!<WAIT><SPEAKER>「だから おしえてやろう!
この バロンの塔の おくに
古代の装置が あるのだ!<WAIT><SPEAKER>「古代の装置こそ
魔物の ていこくの ゲルっ
みなもとと なるのだ ゲルル<WAIT><SPEAKER>「ゲルゲル ぐわぐぶゲル
げごぐげええええ ゲルぐははひひ
げひひひひいひいひいひひいいー"	"<SPEAKER>Grr-hohoho! Grrrr...<WAIT><SPEAKER>I must admire your
persistence. You simply
refuse to give up. Grrr.<WAIT><SPEAKER>What exactly have I
done to deserve this? Grrr?<WAIT><SPEAKER>I have not
done anything yet!<WAIT><SPEAKER>Are monsters forbidden
from building an empire?<WAIT><SPEAKER>Humans build
countries, do they not?!<WAIT><SPEAKER>Heh, grr-grr! I suppose
that is too difficult a subject
for a young lady like you!<WAIT><SPEAKER>Still, I like you,
young lady. I really do. Grrr!<WAIT><SPEAKER>So I will tell you
something! The ancient device
lies deep inside this tower!<WAIT><SPEAKER>That ancient device
will become the foundation
of our monster empire!<WAIT><SPEAKER>Grrr-grr...
gwa-gub-grr! Geh-go-gyeee!
Grr-gahaha! Gehihihihihiii!"			SPEAKER WAIT SPEAKER NEWLINE NEWLINE WAIT SPEAKER NEWLINE WAIT SPEAKER NEWLINE WAIT SPEAKER NEWLINE WAIT SPEAKER NEWLINE WAIT SPEAKER NEWLINE NEWLINE WAIT SPEAKER NEWLINE WAIT SPEAKER NEWLINE NEWLINE WAIT SPEAKER NEWLINE NEWLINE WAIT SPEAKER NEWLINE NEWLINE END	E9:9D80	CC 47 72 72 2D 68 6F 68 6F 68 6F 21 01 47 72 72 72 72 2E 2E 2E C5 CC 49 01 6D 75 73 74 01 61 64 6D 69 72 65 01 79 6F 75 72 C8 70 65 72 73 69 73 74 65 6E 63 65 2E 01 59 6F 75 01 73 69 6D 70 6C 79 C8 72 65 66 75 73 65 01 74 6F 01 67 69 76 65 01 75 70 2E 01 47 72 72 72 2E C5 CC 57 68 61 74 01 65 78 61 63 74 6C 79 01 68 61 76 65 01 49 C8 64 6F 6E 65 01 74 6F 01 64 65 73 65 72 76 65 01 74 68 69 73 3F 01 47 72 72 72 3F C5 CC 49 01 68 61 76 65 01 6E 6F 74 C8 64 6F 6E 65 01 61 6E 79 74 68 69 6E 67 01 79 65 74 21 C5 CC 41 72 65 01 6D 6F 6E 73 74 65 72 73 01 66 6F 72 62 69 64 64 65 6E C8 66 72 6F 6D 01 62 75 69 6C 64 69 6E 67 01 61 6E 01 65 6D 70 69 72 65 3F C5 CC 48 75 6D 61 6E 73 01 62 75 69 6C 64 C8 63 6F 75 6E 74 72 69 65 73 2C 01 64 6F 01 74 68 65 79 01 6E 6F 74 3F 21 C5 CC 48 65 68 2C 01 67 72 72 2D 67 72 72 21 01 49 01 73 75 70 70 6F 73 65 C8 74 68 61 74 01 69 73 01 74 6F 6F 01 64 69 66 66 69 63 75 6C 74 01 61 01 73 75 62 6A 65 63 74 C8 66 6F 72 01 61 01 79 6F 75 6E 67 01 6C 61 64 79 01 6C 69 6B 65 01 79 6F 75 21 C5 CC 53 74 69 6C 6C 2C 01 49 01 6C 69 6B 65 01 79 6F 75 2C C8 79 6F 75 6E 67 01 6C 61 64 79 2E 01 49 01 72 65 61 6C 6C 79 01 64 6F 2E 01 47 72 72 72 21 C5 CC 53 6F 01 49 01 77 69 6C 6C 01 74 65 6C 6C 01 79 6F 75 C8 73 6F 6D 65 74 68 69 6E 67 21 01 54 68 65 01 61 6E 63 69 65 6E 74 01 64 65 76 69 63 65 C8 6C 69 65 73 01 64 65 65 70 01 69 6E 73 69 64 65 01 74 68 69 73 01 74 6F 77 65 72 21 C5 CC 54 68 61 74 01 61 6E 63 69 65 6E 74 01 64 65 76 69 63 65 C8 77 69 6C 6C 01 62 65 63 6F 6D 65 01 74 68 65 01 66 6F 75 6E 64 61 74 69 6F 6E C8 6F 66 01 6F 75 72 01 6D 6F 6E 73 74 65 72 01 65 6D 70 69 72 65 21 C5 CC 47 72 72 72 2D 67 72 72 2E 2E 2E C8 67 77 61 2D 67 75 62 2D 67 72 72 21 01 47 65 68 2D 67 6F 2D 67 79 65 65 65 21 C8 47 72 72 2D 67 61 68 61 68 61 21 01 47 65 68 69 68 69 68 69 68 69 68 69 69 69 21 C0	1CC 084 04A 06A 014 02D 02D 02D 001 084 04A 06A 06A 06A 1C5 1CC 014 0C3 036 028 001 01B 021 019 01A 025 029 1C8 02D 023 02D 023 001 1B9 084 015 0B8 084 015 038 084 01D 001 084 04A 06A 06A 06A 1C5 1CC 014 039 084 015 001 011 03E 01F 011 001 093 03C 1C8 01B 01F 023 001 011 012 028 084 01F 079 001 084 04A 06A 06A 06A 079 1C5 1CC 02E 084 01F 001 024 03D 025 032 001 01B 023 036 03D 035 1C5 1CC 09A 08B 029 001 022 011 019 017 03C 1C8 016 084 01C 011 022 029 001 011 018 024 011 028 015 079 1C5 1CC 091 0E3 029 001 0EB 03C 1C8 021 017 03E 022 011 038 084 022 029 001 024 011 015 07A 1C5 1CC 02B 02B 084 04A 06A 084 04A 06A 07A 001 02B 02B 02B 1C8 014 0D8 01A 03D 025 001 030 021 015 01B 011 019 023 03C 1C8 011 03E 022 032 001 03B 015 038 02E 011 024 07A 1C5 1CC 084 01F 084 015 001 014 039 029 001 014 0D8 01A 03D 03C 1C8 099 025 08E 03E 01F 035 001 084 04A 06A 06A 06A 001 02D 03D 023 07A 1C5 1CC 084 01F 015 036 001 014 01B 013 022 033 03A 012 07A 1C8 019 028 001 084 05B 06C 06F 028 154 028 001 014 017 025 1C8 096 09F 028 0C2 19F 084 015 001 010 038 028 084 01F 07A 1C5 1CC 096 09F 028 0C2 19F 019 01E 1C8 09A 08B 028 001 022 011 019 017 028 001 084 04A 06A 03E 1C8 02F 024 032 023 023 001 024 038 028 084 01F 001 084 04A 06A 06A 1C5 1CC 084 04A 06A 084 04A 06A 001 084 017 03B 084 017 084 02B 084 04A 06A 1C8 084 018 084 019 084 017 084 018 013 013 013 013 001 084 04A 06A 084 017 029 029 02A 02A 1C8 084 018 02A 02A 02A 02A 011 02A 011 02A 011 02A 02A 011 011 078 1C0
04	84	0x0484	"<SPEAKER>「とうとう ここまで 来たか
ならば とくと おがむがいい
この 古代の装置をなっ!<WAIT><SPEAKER>「そして おまえたちに
おれと おなじ くるしみを
あじあわせて やろう!<WAIT><SPEAKER>「ゲルルルルルルル
おまえら 3人まとめて
装置に たたきこんでやるっ!"	"<SPEAKER>So you finally made
it this far. Then feast your
eyes on the ancient device!<WAIT><SPEAKER>And now I will make
you suffer exactly as I did!<WAIT><SPEAKER>Grrrrrrrr! I will
throw all three of you
into the device together!"			SPEAKER NEWLINE NEWLINE WAIT SPEAKER NEWLINE WAIT SPEAKER NEWLINE NEWLINE END	E9:9FE4	CC 53 6F 01 79 6F 75 01 66 69 6E 61 6C 6C 79 01 6D 61 64 65 C8 69 74 01 74 68 69 73 01 66 61 72 2E 01 54 68 65 6E 01 66 65 61 73 74 01 79 6F 75 72 C8 65 79 65 73 01 6F 6E 01 74 68 65 01 61 6E 63 69 65 6E 74 01 64 65 76 69 63 65 21 C5 CC 41 6E 64 01 6E 6F 77 01 49 01 77 69 6C 6C 01 6D 61 6B 65 C8 79 6F 75 01 73 75 66 66 65 72 01 65 78 61 63 74 6C 79 01 61 73 01 49 01 64 69 64 21 C5 CC 47 72 72 72 72 72 72 72 72 21 01 49 01 77 69 6C 6C C8 74 68 72 6F 77 01 61 6C 6C 01 74 68 72 65 65 01 6F 66 01 79 6F 75 C8 69 6E 74 6F 01 74 68 65 01 64 65 76 69 63 65 01 74 6F 67 65 74 68 65 72 21 C0	1CC 023 012 023 012 001 019 019 02E 084 022 001 097 01F 015 1C8 024 036 084 029 001 023 017 023 001 014 084 015 030 084 015 011 011 1C8 019 028 001 096 09F 028 0C2 19F 03C 024 03E 07A 1C5 1CC 01E 01B 022 001 014 02E 013 01F 020 025 1C8 014 039 023 001 014 024 084 01B 001 017 038 01B 02F 03C 1C8 010 084 01B 010 03B 01D 022 001 033 03A 012 07A 1C5 1CC 084 04A 06A 06A 06A 06A 06A 06A 06A 1C8 014 02E 013 036 001 005 091 02E 023 031 022 1C8 0C2 19F 025 001 01F 01F 016 019 03D 084 022 033 038 03E 07A 1C0
04	85	0x0485	"<SPEAKER>「あぐぐ<PAUSE_30> あぐぐぐぐぐ<PAUSE_60>
あの日<PAUSE_30> おれは<PAUSE_30> もりを
さんぽしていた・・・・・"	"<SPEAKER>Agh...<PAUSE_30> aghghgh...<PAUSE_60> That day...<PAUSE_30>
I was<PAUSE_30> walking through the forest..."			SPEAKER PAUSE_30 PAUSE_60 PAUSE_30 NEWLINE PAUSE_30 END	E9:A0A8	CC 41 67 68 2E 2E 2E CD 01 61 67 68 67 68 67 68 2E 2E 2E CB 01 54 68 61 74 01 64 61 79 2E 2E 2E CD C8 49 01 77 61 73 CD 01 77 61 6C 6B 69 6E 67 01 74 68 72 6F 75 67 68 01 74 68 65 01 66 6F 72 65 73 74 2E 2E 2E C0	1CC 010 084 017 084 017 1CD 001 010 084 017 084 017 084 017 084 017 084 017 1CB 1C8 010 028 120 1CD 001 014 039 029 1CD 001 032 037 03C 1C8 01A 03D 083 02D 01B 022 011 01F 081 081 081 081 081 1C0
04	86	0x0486	"<CLEAR>
何千年もまえ デスランド島"	"<CLEAR>Thousands of years ago,
on Deathland Island..."			CLEAR NEWLINE END	E9:A0EF	D0 54 68 6F 75 73 61 6E 64 73 01 6F 66 01 79 65 61 72 73 01 61 67 6F 2C C8 6F 6E 01 44 65 61 74 68 6C 61 6E 64 01 49 73 6C 61 6E 64 2E 2E 2E C0	1D0 093 0BC 0CA 032 02E 013 001 084 054 04E 068 06F 084 055 08A 1C0
04	87	0x0487	"<SPEAKER>「らん らん らん
にんげんでも おどかそうかな"	"<SPEAKER>La, la, la... Maybe I
will go scare some humans."			SPEAKER NEWLINE END	E9:A11F	CC 4C 61 2C 01 6C 61 2C 01 6C 61 2E 2E 2E 01 4D 61 79 62 65 01 49 C8 77 69 6C 6C 01 67 6F 01 73 63 61 72 65 01 73 6F 6D 65 01 68 75 6D 61 6E 73 2E C0	1CC 036 03D 001 036 03D 001 036 03D 1C8 025 03D 084 018 03D 084 022 032 001 014 084 023 015 01E 012 015 024 1C0
04	88	0x0488	"<SPEAKER>「ぐはははは こんどは
ベビーバロンで 実験だ ひひひひ"	"<SPEAKER>Gwahahaha! This
time I will experiment on a
Baby Baron! Hee hee hee!"			SPEAKER NEWLINE NEWLINE END	E9:A151	CC 47 77 61 68 61 68 61 68 61 21 01 54 68 69 73 C8 74 69 6D 65 01 49 01 77 69 6C 6C 01 65 78 70 65 72 69 6D 65 6E 74 01 6F 6E 01 61 C8 42 61 62 79 01 42 61 72 6F 6E 21 01 48 65 65 01 68 65 65 01 68 65 65 21 C0	1CC 084 017 029 029 029 029 001 019 03D 084 023 029 1C8 084 05E 084 05C 078 084 05B 06C 06F 084 022 001 0DD 0F3 084 01F 001 02A 02A 02A 02A 1C0
04	89	0x0489	"<SPEAKER>「うわー なんだこれ
なんだこれ うわー"	"<SPEAKER>Waaah! What is
this?! What is this?! Waaah!"			SPEAKER NEWLINE END	E9:A197	CC 57 61 61 61 68 21 01 57 68 61 74 01 69 73 C8 74 68 69 73 3F 21 01 57 68 61 74 01 69 73 01 74 68 69 73 3F 21 01 57 61 61 61 68 21 C0	1CC 012 03B 078 001 024 03D 084 01F 019 039 1C8 024 03D 084 01F 019 039 001 012 03B 078 1C0
04	8A	0x048A	<SPEAKER>「うわー<PAUSE_30> や<PAUSE_30>め<PAUSE_30>てー	<SPEAKER>Waaah!<PAUSE_30> S<PAUSE_30> -sto<PAUSE_30>p!			SPEAKER PAUSE_30 PAUSE_30 PAUSE_30 END	E9:A1C4	CC 57 61 61 61 68 21 CD 01 53 CD 01 2D 73 74 6F CD 70 21 C0	1CC 012 03B 078 1CD 001 033 1CD 031 1CD 022 078 1C0
04	8B	0x048B	"<SPEAKER>「知能の高いベビーバロンが
どう 生まれ変わるかが
最大の 見どころじゃな・・ひひ"	"<SPEAKER>The most fascinating
part is seeing what an intelligent
Baby Baron becomes... hee hee."			SPEAKER NEWLINE NEWLINE END	E9:A1D8	CC 54 68 65 01 6D 6F 73 74 01 66 61 73 63 69 6E 61 74 69 6E 67 C8 70 61 72 74 01 69 73 01 73 65 65 69 6E 67 01 77 68 61 74 01 61 6E 01 69 6E 74 65 6C 6C 69 67 65 6E 74 C8 42 61 62 79 01 42 61 72 6F 6E 01 62 65 63 6F 6D 65 73 2E 2E 2E 01 68 65 65 01 68 65 65 2E C0	1CC 15C 14C 028 105 011 084 05E 084 05C 078 084 05B 06C 06F 084 015 1C8 084 023 012 001 09B 02E 039 178 03B 038 015 084 015 1C8 18A 0AC 028 001 090 084 023 019 03A 084 01B 03F 024 081 081 02A 02A 1C0
04	8C	0x048C	"<SPEAKER>「う<PAUSE_30>ぐ<PAUSE_30>おお あたまが・・<PAUSE_30>
あたまが いたい・・<PAUSE_30>
からだが おもい・・"	"<SPEAKER>U<PAUSE_30>gh<PAUSE_30>... my head...<PAUSE_30> My head
hurts...<PAUSE_30> My body feels so heavy..."			SPEAKER PAUSE_30 PAUSE_30 PAUSE_30 NEWLINE PAUSE_30 END	E9:A230	CC 55 CD 67 68 CD 2E 2E 2E 01 6D 79 01 68 65 61 64 2E 2E 2E CD 01 4D 79 01 68 65 61 64 C8 68 75 72 74 73 2E 2E 2E CD 01 4D 79 01 62 6F 64 79 01 66 65 65 6C 73 01 73 6F 01 68 65 61 76 79 2E 2E 2E C0	1CC 012 1CD 084 017 1CD 014 014 001 010 01F 02E 084 015 081 081 1CD 1C8 010 01F 02E 084 015 001 011 01F 011 081 081 1CD 1C8 015 036 084 01F 084 015 001 014 032 011 081 081 1C0
04	8D	0x048D	"<SPEAKER>「ひえひえひえっ
やったぞ しゃべりおった<WAIT><SPEAKER>「脳には 何も
えいきょうは ないぞ!
やったぞ やったぞ ひひひ"	"<SPEAKER>Hee hee hee! It
worked! He can still speak!<WAIT><SPEAKER>His brain is
completely unaffected! It
worked! It worked! Hee hee!"			SPEAKER NEWLINE WAIT SPEAKER NEWLINE NEWLINE END	E9:A272	CC 48 65 65 01 68 65 65 01 68 65 65 21 01 49 74 C8 77 6F 72 6B 65 64 21 01 48 65 01 63 61 6E 01 73 74 69 6C 6C 01 73 70 65 61 6B 21 C5 CC 48 69 73 01 62 72 61 69 6E 01 69 73 C8 63 6F 6D 70 6C 65 74 65 6C 79 01 75 6E 61 66 66 65 63 74 65 64 21 01 49 74 C8 77 6F 72 6B 65 64 21 01 49 74 01 77 6F 72 6B 65 64 21 01 48 65 65 01 68 65 65 21 C0	1CC 02A 013 02A 013 02A 013 03E 1C8 033 03E 01F 084 01E 001 01B 03F 084 02C 037 014 03E 01F 1C5 1CC 1BB 025 029 001 093 032 1C8 013 011 016 041 012 029 001 024 011 084 01E 07A 1C8 033 03E 01F 084 01E 001 033 03E 01F 084 01E 001 02A 02A 02A 1C0
04	8E	0x048E	"<SPEAKER>「ジェイビー!
ジェイビーは どこじゃ?<WAIT><SPEAKER>「もっと もっとじゃ!
どんどん 魔物を 大きくするのじゃ!
ぜんぶつかまえてくるのじゃ! ひひひ"	"<SPEAKER>J.B.! Where is J.B.?<WAIT><SPEAKER>More! More! Make more
monsters gigantic! Bring me
every one you can catch! Hee!"			SPEAKER WAIT SPEAKER NEWLINE NEWLINE END	E9:A2E3	CC 4A 2E 42 2E 21 01 57 68 65 72 65 01 69 73 01 4A 2E 42 2E 3F C5 CC 4D 6F 72 65 21 01 4D 6F 72 65 21 01 4D 61 6B 65 01 6D 6F 72 65 C8 6D 6F 6E 73 74 65 72 73 01 67 69 67 61 6E 74 69 63 21 01 42 72 69 6E 67 01 6D 65 C8 65 76 65 72 79 01 6F 6E 65 01 79 6F 75 01 63 61 6E 01 63 61 74 63 68 21 01 48 65 65 21 C0	1CC 084 04D 076 043 084 05C 078 07A 1C8 084 04D 076 043 084 05C 078 029 001 084 023 019 084 01B 03F 079 1C5 1CC 032 03E 023 001 032 03E 023 084 01B 03F 07A 1C8 084 023 03D 084 023 03D 001 09A 08B 03C 001 0AC 016 017 01C 038 028 084 01B 03F 07A 1C8 084 01D 03D 084 02B 021 015 02E 013 022 017 038 028 084 01B 03F 07A 001 02A 02A 02A 1C0
04	8F	0x048F	"<SPEAKER>「装置を 使って
でかくなった モンスターの中で
知能を 維持できたのは おれだけだ<WAIT><SPEAKER>「だから キングバロンは
おれを どれいのように
こきつかいやがった・・・<WAIT><SPEAKER>「島中の 魔物をつかまえて
装置に ほおりこみ・・・
おたけびを あげる キングバロン<WAIT><SPEAKER>「悪魔ぞくの おれが
いうのも 変な話だが<WAIT><SPEAKER>「あのときの キングバロンは
まさに 悪魔 そのものだった・・・<WAIT><SPEAKER>「見ろ おまえたち!
おれの この すがたを!"	"<SPEAKER>Of all monsters
enlarged by the device,
only I kept my intelligence.<WAIT><SPEAKER>So King Baron
worked me like a slave...<WAIT><SPEAKER>I caught monsters
island-wide and threw them in
the device as King Baron howled.<WAIT><SPEAKER>Strange for a demon
like me to say this, but...<WAIT><SPEAKER>King Baron truly
became a demon that day...<WAIT><SPEAKER>Look at me! Look
what became of my body!"			SPEAKER NEWLINE NEWLINE WAIT SPEAKER NEWLINE WAIT SPEAKER NEWLINE NEWLINE WAIT SPEAKER NEWLINE WAIT SPEAKER NEWLINE WAIT SPEAKER NEWLINE END	E9:A34A	CC 4F 66 01 61 6C 6C 01 6D 6F 6E 73 74 65 72 73 C8 65 6E 6C 61 72 67 65 64 01 62 79 01 74 68 65 01 64 65 76 69 63 65 2C C8 6F 6E 6C 79 01 49 01 6B 65 70 74 01 6D 79 01 69 6E 74 65 6C 6C 69 67 65 6E 63 65 2E C5 CC 53 6F 01 4B 69 6E 67 01 42 61 72 6F 6E C8 77 6F 72 6B 65 64 01 6D 65 01 6C 69 6B 65 01 61 01 73 6C 61 76 65 2E 2E 2E C5 CC 49 01 63 61 75 67 68 74 01 6D 6F 6E 73 74 65 72 73 C8 69 73 6C 61 6E 64 2D 77 69 64 65 01 61 6E 64 01 74 68 72 65 77 01 74 68 65 6D 01 69 6E C8 74 68 65 01 64 65 76 69 63 65 01 61 73 01 4B 69 6E 67 01 42 61 72 6F 6E 01 68 6F 77 6C 65 64 2E C5 CC 53 74 72 61 6E 67 65 01 66 6F 72 01 61 01 64 65 6D 6F 6E C8 6C 69 6B 65 01 6D 65 01 74 6F 01 73 61 79 01 74 68 69 73 2C 01 62 75 74 2E 2E 2E C5 CC 4B 69 6E 67 01 42 61 72 6F 6E 01 74 72 75 6C 79 C8 62 65 63 61 6D 65 01 61 01 64 65 6D 6F 6E 01 74 68 61 74 01 64 61 79 2E 2E 2E C5 CC 4C 6F 6F 6B 01 61 74 01 6D 65 21 01 4C 6F 6F 6B C8 77 68 61 74 01 62 65 63 61 6D 65 01 6F 66 01 6D 79 01 62 6F 64 79 21 C0	1CC 0C2 19F 03C 001 123 03E 022 1C8 084 022 015 017 024 03E 01F 001 064 06F 04E 051 078 028 0A1 084 022 1C8 15C 14C 03C 001 187 0D3 084 022 016 01F 028 029 001 014 039 084 01F 018 084 01F 1C5 1CC 084 01F 015 036 001 048 06F 084 049 084 05B 06C 06F 029 1C8 014 039 03C 001 084 023 039 011 028 035 012 025 1C8 019 016 021 015 011 033 084 015 03E 01F 081 081 081 1C5 1CC 08A 0A1 028 001 09A 08B 03C 021 015 02E 013 022 1C8 0C2 19F 025 001 02D 014 037 019 02F 081 081 081 1C8 014 01F 018 084 02A 03C 001 010 084 018 038 001 048 06F 084 049 084 05B 06C 06F 1C5 1CC 0B5 09A 084 01E 017 028 001 014 039 084 015 1C8 011 012 028 032 001 178 024 0A0 084 01F 084 015 1C5 1CC 010 028 023 016 028 001 048 06F 084 049 084 05B 06C 06F 029 1C8 02E 01A 025 001 0B5 09A 001 01E 028 032 028 084 01F 03E 01F 081 081 081 1C5 1CC 090 03A 001 014 02E 013 01F 020 07A 1C8 014 039 028 001 019 028 001 01C 084 015 01F 03C 07A 1C0
04	90	0x0490	"<SPEAKER>「この 悪魔の 発明は
おれの 体を
めちゃくちゃに しやがった<WAIT><SPEAKER>「おまえらも 大きく
なりたいだろう? ゲグググ<WAIT><SPEAKER>「くるしみを わかちあい
ともに じごくへ 行こうじゃないか!<WAIT><SPEAKER>「その前に 最後の
おくりものを やろう!"	"<SPEAKER>That devilish
invention destroyed my body.<WAIT><SPEAKER>You want to become huge
too, do you not? Geh-heh-heh!<WAIT><SPEAKER>Share my suffering, and
let us go to hell together!<WAIT><SPEAKER>But first, I have
one last gift for you!"			SPEAKER NEWLINE WAIT SPEAKER NEWLINE WAIT SPEAKER NEWLINE WAIT SPEAKER NEWLINE END	E9:A493	CC 54 68 61 74 01 64 65 76 69 6C 69 73 68 C8 69 6E 76 65 6E 74 69 6F 6E 01 64 65 73 74 72 6F 79 65 64 01 6D 79 01 62 6F 64 79 2E C5 CC 59 6F 75 01 77 61 6E 74 01 74 6F 01 62 65 63 6F 6D 65 01 68 75 67 65 C8 74 6F 6F 2C 01 64 6F 01 79 6F 75 01 6E 6F 74 3F 01 47 65 68 2D 68 65 68 2D 68 65 68 21 C5 CC 53 68 61 72 65 01 6D 79 01 73 75 66 66 65 72 69 6E 67 2C 01 61 6E 64 C8 6C 65 74 01 75 73 01 67 6F 01 74 6F 01 68 65 6C 6C 01 74 6F 67 65 74 68 65 72 21 C5 CC 42 75 74 01 66 69 72 73 74 2C 01 49 01 68 61 76 65 C8 6F 6E 65 01 6C 61 73 74 01 67 69 66 74 01 66 6F 72 01 79 6F 75 21 C0	1CC 019 028 001 0B5 09A 028 001 0C8 0BF 029 1C8 014 039 028 001 0F0 03C 1C8 031 020 03F 017 020 03F 025 001 01B 033 084 015 03E 01F 1C5 1CC 014 02E 013 036 032 001 0AC 016 017 1C8 024 037 01F 011 084 01F 03A 012 079 001 084 04A 084 049 084 049 084 049 1C5 1CC 017 038 01B 02F 03C 001 03B 015 020 010 011 1C8 023 032 025 001 084 01B 084 019 017 02C 001 08D 019 012 084 01B 03F 024 011 015 07A 1C5 1CC 01E 028 0C3 025 001 18A 1A6 028 1C8 014 017 037 032 028 03C 001 033 03A 012 07A 1C0
04	91	0x0491	"<SPEAKER>「見上げた こんじょうだな
記録は いらんというのか?"	"<SPEAKER>You have admirable nerve.
You really do not need to save?"			SPEAKER NEWLINE END	E9:A555	CC 59 6F 75 01 68 61 76 65 01 61 64 6D 69 72 61 62 6C 65 01 6E 65 72 76 65 2E C8 59 6F 75 01 72 65 61 6C 6C 79 01 64 6F 01 6E 6F 74 01 6E 65 65 64 01 74 6F 01 73 61 76 65 3F C0	1CC 090 128 084 018 01F 001 019 03D 084 01B 041 012 084 01F 024 1C8 11B 11A 029 001 011 036 03D 023 011 012 028 015 079 1C0
04	92	0x0492	<SPEAKER>「用意は いいな?	<SPEAKER>Are you ready?			SPEAKER END	E9:A590	CC 41 72 65 01 79 6F 75 01 72 65 61 64 79 3F C0	1CC 112 131 029 001 011 011 024 079 1C0
04	93	0x0493	"<SPEAKER>「ならば すぐに
装置に たたきこんでやる!"	"<SPEAKER>Then I will throw you
into the device right now!"			SPEAKER NEWLINE END	E9:A5A0	CC 54 68 65 6E 01 49 01 77 69 6C 6C 01 74 68 72 6F 77 01 79 6F 75 C8 69 6E 74 6F 01 74 68 65 01 64 65 76 69 63 65 01 72 69 67 68 74 01 6E 6F 77 21 C0	1CC 024 036 084 029 001 01C 084 017 025 1C8 0C2 19F 025 001 01F 01F 016 019 03D 084 022 033 038 07A 1C0
04	94	0x0494	"<SPEAKER>「う<PAUSE_30> ぐ<PAUSE_30> げ<PAUSE_30> ぐ<PAUSE_30> ぐぐ<WAIT><SPEAKER>「お おれは 島中が
でかい 魔物だらけになったとき
すぐに にげたんだ・・・うぐぐ<WAIT><SPEAKER>「そして やつの作った
冬眠用の ひつぎに はいって
時が たつのを 待った・・・<WAIT><SPEAKER>「うぐぐ だが けっきょく
ぶざまに じごくへ 行くのかっ
くくく<PAUSE_30> くくくくくく<PAUSE_30> げぼっ"	"<SPEAKER>U<PAUSE_30>gh<PAUSE_30>... g<PAUSE_30>eh<PAUSE_30> ... agh...<WAIT><SPEAKER>When the whole island
filled with giant monsters, I ran
away as fast as I could... agh...<WAIT><SPEAKER>I climbed into the
hibernation coffin he had built and
waited for the ages to pass...<WAIT><SPEAKER>Agh... and after all
that, I still die here like a
fool? Heh<PAUSE_30>... hehehehe...<PAUSE_30> blegh!"			SPEAKER PAUSE_30 PAUSE_30 PAUSE_30 PAUSE_30 WAIT SPEAKER NEWLINE NEWLINE WAIT SPEAKER NEWLINE NEWLINE WAIT SPEAKER NEWLINE NEWLINE PAUSE_30 PAUSE_30 END	E9:A5D2	CC 55 CD 67 68 CD 2E 2E 2E 01 67 CD 65 68 CD 01 2E 2E 2E 01 61 67 68 2E 2E 2E C5 CC 57 68 65 6E 01 74 68 65 01 77 68 6F 6C 65 01 69 73 6C 61 6E 64 C8 66 69 6C 6C 65 64 01 77 69 74 68 01 67 69 61 6E 74 01 6D 6F 6E 73 74 65 72 73 2C 01 49 01 72 61 6E C8 61 77 61 79 01 61 73 01 66 61 73 74 01 61 73 01 49 01 63 6F 75 6C 64 2E 2E 2E 01 61 67 68 2E 2E 2E C5 CC 49 01 63 6C 69 6D 62 65 64 01 69 6E 74 6F 01 74 68 65 C8 68 69 62 65 72 6E 61 74 69 6F 6E 01 63 6F 66 66 69 6E 01 68 65 01 68 61 64 01 62 75 69 6C 74 01 61 6E 64 C8 77 61 69 74 65 64 01 66 6F 72 01 74 68 65 01 61 67 65 73 01 74 6F 01 70 61 73 73 2E 2E 2E C5 CC 41 67 68 2E 2E 2E 01 61 6E 64 01 61 66 74 65 72 01 61 6C 6C C8 74 68 61 74 2C 01 49 01 73 74 69 6C 6C 01 64 69 65 01 68 65 72 65 01 6C 69 6B 65 01 61 C8 66 6F 6F 6C 3F 01 48 65 68 CD 2E 2E 2E 01 68 65 68 65 68 65 68 65 2E 2E 2E CD 01 62 6C 65 67 68 21 C0	1CC 012 1CD 001 084 017 1CD 001 084 018 1CD 001 084 017 1CD 001 084 017 084 017 1C5 1CC 014 001 014 039 029 001 08A 0A1 084 015 1C8 084 022 015 011 001 09A 08B 084 01F 036 018 025 024 03E 01F 023 016 1C8 01C 084 017 025 001 025 084 018 01F 03D 084 01F 081 081 081 012 084 017 084 017 1C5 1CC 01E 01B 022 001 033 021 028 0F6 03E 01F 1C8 1BC 1BD 112 028 001 02A 021 084 016 025 001 029 011 03E 022 1C8 164 084 015 001 01F 021 028 03C 001 16B 03E 01F 081 081 081 1C5 1CC 012 084 017 084 017 001 084 01F 084 015 001 018 03E 016 041 017 1C8 084 02B 084 01A 02E 025 001 084 01B 084 019 017 02C 001 08D 017 028 015 03E 1C8 017 017 017 1CD 001 017 017 017 017 017 017 1CD 001 084 018 084 02D 03E 1C0
04	95	0x0495	"<SPEAKER>「ぐおおおお<PAUSE_30> ぐぼぎああ<PAUSE_30>
体が あつい<PAUSE_30> うおおおおお
頭が われる<PAUSE_30> うおおおおお<WAIT><SPEAKER>「ジェイビーは どこじゃあ?
魔物が せめてきたぞおおお
おいはらええええ ぐばげぼおおおお"	"<SPEAKER>Gwoooo!<PAUSE_30> Gubogyaa!<PAUSE_30>
My body is burning!<PAUSE_30> Gwoooo!
My head is splitting!<PAUSE_30> Gwoooo!<WAIT><SPEAKER>Where is J.B.?! The
monsters are attacking! Drive
them awaaay! Gubagubooo!"			SPEAKER PAUSE_30 PAUSE_30 NEWLINE PAUSE_30 NEWLINE PAUSE_30 WAIT SPEAKER NEWLINE NEWLINE END	E9:A6F5	CC 47 77 6F 6F 6F 6F 21 CD 01 47 75 62 6F 67 79 61 61 21 CD C8 4D 79 01 62 6F 64 79 01 69 73 01 62 75 72 6E 69 6E 67 21 CD 01 47 77 6F 6F 6F 6F 21 C8 4D 79 01 68 65 61 64 01 69 73 01 73 70 6C 69 74 74 69 6E 67 21 CD 01 47 77 6F 6F 6F 6F 21 C5 CC 57 68 65 72 65 01 69 73 01 4A 2E 42 2E 3F 21 01 54 68 65 C8 6D 6F 6E 73 74 65 72 73 01 61 72 65 01 61 74 74 61 63 6B 69 6E 67 21 01 44 72 69 76 65 C8 74 68 65 6D 01 61 77 61 61 61 79 21 01 47 75 62 61 67 75 62 6F 6F 6F 21 C0	1CC 084 017 014 014 014 014 1CD 001 084 017 084 02D 084 016 010 010 1CD 1C8 0F0 084 015 001 010 021 011 1CD 001 012 014 014 014 014 014 1C8 1B9 084 015 001 03B 039 038 1CD 001 012 014 014 014 014 014 1C5 1CC 084 04D 076 043 084 05C 078 029 001 084 023 019 084 01B 03F 010 079 1C8 09A 08B 084 015 001 01D 031 022 016 01F 084 01E 014 014 014 1C8 014 011 029 036 013 013 013 013 001 084 017 084 029 084 018 084 02D 014 014 014 014 1C0
04	96	0x0496	"<SPEAKER>「ゲル ゲル ゲハハハ
ばかか おまえらは・・・
せっかく 命びろいをしたものを・・・<WAIT><SPEAKER>「わざわざ ころされに
もどって来るとはなっ!"	"<SPEAKER>Grr, grr,
gehahaha! You fools... You
escaped with your lives.<WAIT><SPEAKER>And yet you came all
the way back just to be killed!"			SPEAKER NEWLINE NEWLINE WAIT SPEAKER NEWLINE END	E9:A792	CC 47 72 72 2C 01 67 72 72 2C C8 67 65 68 61 68 61 68 61 21 01 59 6F 75 01 66 6F 6F 6C 73 2E 2E 2E 01 59 6F 75 C8 65 73 63 61 70 65 64 01 77 69 74 68 01 79 6F 75 72 01 6C 69 76 65 73 2E C5 CC 41 6E 64 01 79 65 74 01 79 6F 75 01 63 61 6D 65 01 61 6C 6C C8 74 68 65 01 77 61 79 01 62 61 63 6B 01 6A 75 73 74 01 74 6F 01 62 65 01 6B 69 6C 6C 65 64 21 C0	1CC 084 04A 06A 001 084 04A 06A 001 084 04A 05B 05B 05B 1C8 084 029 015 015 001 014 02E 013 036 029 081 081 081 1C8 01D 03E 015 017 001 0EE 084 02A 03A 011 03C 01B 01F 032 028 03C 081 081 081 1C5 1CC 03B 084 01A 03B 084 01A 001 019 03A 01A 039 025 1C8 032 084 023 03E 022 097 038 023 029 024 03E 07A 1C0
04	97	0x0497	"<CLEAR>
コックスの たましいが
おたけびを あげた!"	"<CLEAR>Cox's soul lets
out a mighty roar!"			CLEAR NEWLINE END	E9:A807	D0 43 6F 78 27 73 01 73 6F 75 6C 01 6C 65 74 73 C8 6F 75 74 01 61 01 6D 69 67 68 74 79 01 72 6F 61 72 21 C0	1D0 04B 070 049 04E 028 001 01F 02E 01B 011 084 015 1C8 014 01F 018 084 02A 03C 001 010 084 018 01F 07A 1C0
04	98	0x0498	"<SPEAKER>「あのー お嬢さま・・・
古代の装置を ほっといて
いいんでしょうか?<WAIT><SPEAKER>「何千年にも わたって
おおぜいの 人や 魔物の
うんめいをくるわせ 命をうばった・・<WAIT><SPEAKER>「ジェイビーが いってましたね
悪魔の発明と・・・<WAIT><SPEAKER>「こんな おそろしいことが
二度と おきないように こわして
しまったら いかがでしょう?"	"<SPEAKER>Um... my lady...
Should we really leave
the ancient device intact?<WAIT><SPEAKER>For thousands of years it
twisted the fates of humans and
monsters and took countless lives...<WAIT><SPEAKER>J.B. called it
a devilish invention.<WAIT><SPEAKER>So this horror can
never happen again, perhaps
we should destroy it."			SPEAKER NEWLINE NEWLINE WAIT SPEAKER NEWLINE NEWLINE WAIT SPEAKER NEWLINE WAIT SPEAKER NEWLINE NEWLINE END	E9:A82B	CC 55 6D 2E 2E 2E 01 6D 79 01 6C 61 64 79 2E 2E 2E C8 53 68 6F 75 6C 64 01 77 65 01 72 65 61 6C 6C 79 01 6C 65 61 76 65 C8 74 68 65 01 61 6E 63 69 65 6E 74 01 64 65 76 69 63 65 01 69 6E 74 61 63 74 3F C5 CC 46 6F 72 01 74 68 6F 75 73 61 6E 64 73 01 6F 66 01 79 65 61 72 73 01 69 74 C8 74 77 69 73 74 65 64 01 74 68 65 01 66 61 74 65 73 01 6F 66 01 68 75 6D 61 6E 73 01 61 6E 64 C8 6D 6F 6E 73 74 65 72 73 01 61 6E 64 01 74 6F 6F 6B 01 63 6F 75 6E 74 6C 65 73 73 01 6C 69 76 65 73 2E 2E 2E C5 CC 4A 2E 42 2E 01 63 61 6C 6C 65 64 01 69 74 C8 61 01 64 65 76 69 6C 69 73 68 01 69 6E 76 65 6E 74 69 6F 6E 2E C5 CC 53 6F 01 74 68 69 73 01 68 6F 72 72 6F 72 01 63 61 6E C8 6E 65 76 65 72 01 68 61 70 70 65 6E 01 61 67 61 69 6E 2C 01 70 65 72 68 61 70 73 C8 77 65 01 73 68 6F 75 6C 64 01 64 65 73 74 72 6F 79 01 69 74 2E C0	1CC 010 028 078 001 014 0D8 01A 02E 081 081 081 1C8 096 09F 028 0C2 19F 03C 001 02D 03E 023 011 022 1C8 011 011 03D 084 022 01B 041 012 015 079 1C5 1CC 093 0BC 0CA 025 032 001 03B 01F 03E 022 1C8 014 014 084 01D 011 028 001 091 033 001 09A 08B 028 1C8 012 03D 031 011 03C 017 038 03B 01D 001 0EE 03C 012 084 029 03E 01F 081 081 1C5 1CC 084 04D 076 043 084 05C 078 084 015 001 011 03E 022 02E 01B 01F 027 1C8 0B5 09A 028 0C8 0BF 023 081 081 081 1C5 1CC 019 03D 024 001 014 01E 03A 01B 011 019 023 084 015 1C8 189 13E 023 001 014 016 024 011 035 012 025 001 019 03B 01B 022 1C8 01B 02E 03E 01F 036 001 011 015 084 015 084 022 01B 041 012 079 1C0
04	99	0x0499	"ヨシオの たましいが
おたけびを あげた!<PAUSE_60><PAUSE_60><PAUSE_60><PAUSE_60>"	"Yoshio's soul lets
out a mighty roar!<PAUSE_60><PAUSE_60><PAUSE_60><PAUSE_60>"			NEWLINE PAUSE_60 PAUSE_60 PAUSE_60 PAUSE_60 END	E9:A93B	59 6F 73 68 69 6F 27 73 01 73 6F 75 6C 01 6C 65 74 73 C8 6F 75 74 01 61 01 6D 69 67 68 74 79 01 72 6F 61 72 21 CB CB CB CB C0	067 04D 046 028 001 01F 02E 01B 011 084 015 1C8 014 01F 018 084 02A 03C 001 010 084 018 01F 07A 1CB 1CB 1CB 1CB 1C0
04	9A	0x049A	"<SPEAKER>「自分のつくった装置に
ころされたような ものですな
・・・・・・・・<PAUSE_60>悲惨じゃ・・・<PAUSE_60><PAUSE_60><PAUSE_60><PAUSE_60>
<SPEAKER>「・・・・さあ お嬢さま
町へ もどりましょうぞ!
<PAUSE_60><PAUSE_60><PAUSE_60><PAUSE_60>"	"<SPEAKER>In a way, he was
killed by the device he created
himself... .........<PAUSE_60> How tragic...<PAUSE_60><PAUSE_60><PAUSE_60><PAUSE_60><SPEAKER>...Come, my lady.
Let us return to town!<LINE><PAUSE_60><PAUSE_60><PAUSE_60><PAUSE_60>"			SPEAKER NEWLINE NEWLINE PAUSE_60 PAUSE_60 PAUSE_60 PAUSE_60 PAUSE_60 SPEAKER NEWLINE LINE PAUSE_60 PAUSE_60 PAUSE_60 PAUSE_60 END	E9:A965	CC 49 6E 01 61 01 77 61 79 2C 01 68 65 01 77 61 73 C8 6B 69 6C 6C 65 64 01 62 79 01 74 68 65 01 64 65 76 69 63 65 01 68 65 01 63 72 65 61 74 65 64 C8 68 69 6D 73 65 6C 66 2E 2E 2E 01 2E 2E 2E 2E 2E 2E 2E 2E 2E CB 01 48 6F 77 01 74 72 61 67 69 63 2E 2E 2E CB CB CB CB CC 2E 2E 2E 43 6F 6D 65 2C 01 6D 79 01 6C 61 64 79 2E C8 4C 65 74 01 75 73 01 72 65 74 75 72 6E 01 74 6F 01 74 6F 77 6E 21 C3 CB CB CB CB C0	1CC 0E2 16C 028 021 017 03E 01F 0C2 19F 025 1C8 019 03A 01A 039 01F 035 012 024 001 032 028 084 022 01C 024 1C8 081 081 081 081 081 081 081 081 1CB 1BE 1BF 084 01B 03F 081 081 081 1CB 1CB 1CB 1CB 1C8 1CC 081 081 081 081 01A 010 001 014 0D8 01A 02E 1C8 0C9 02C 001 032 084 023 037 02E 01B 041 012 084 01E 07A 1C3 1CB 1CB 1CB 1CB 1C0
04	9B	0x049B	"<CLEAR>
見上げるような 大きな
きかいがある
<WAIT>
<CLEAR>
これが キングバロンの
魔物巨大化装置だ・・・
<WAIT>
<CLEAR>
中から かすかに こどうのような
音が 聞こえる・・・"	"<CLEAR>A towering machine stands here.<LINE><WAIT><CLEAR>This is King Baron's
Monster Enlarging Device...<LINE><WAIT><CLEAR>A faint, heartbeat-like sound
can be heard from within...<LINE>"			CLEAR LINE WAIT CLEAR NEWLINE LINE WAIT CLEAR NEWLINE LINE END	E9:A9ED	D0 41 01 74 6F 77 65 72 69 6E 67 01 6D 61 63 68 69 6E 65 01 73 74 61 6E 64 73 01 68 65 72 65 2E C3 C5 D0 54 68 69 73 01 69 73 01 4B 69 6E 67 01 42 61 72 6F 6E 27 73 C8 4D 6F 6E 73 74 65 72 01 45 6E 6C 61 72 67 69 6E 67 01 44 65 76 69 63 65 2E 2E 2E C3 C5 D0 41 01 66 61 69 6E 74 2C 01 68 65 61 72 74 62 65 61 74 2D 6C 69 6B 65 01 73 6F 75 6E 64 C8 63 61 6E 01 62 65 01 68 65 61 72 64 01 66 72 6F 6D 01 77 69 74 68 69 6E 2E 2E 2E C3 C0	1D0 090 128 084 018 038 035 012 024 001 0AC 016 024 1C8 016 015 011 084 015 010 038 1C3 1C5 1D0 019 039 084 015 001 048 06F 084 049 084 05B 06C 06F 028 1C8 09A 08B 0CC 0AC 09E 0C2 19F 084 01F 081 081 081 1C3 1C5 1D0 0A1 015 036 001 015 01C 015 025 001 019 084 023 012 028 035 012 024 1C8 0E0 084 015 001 0A6 019 013 038 081 081 081 1C3 1C0
04	9C	0x049C	"<SPEAKER>「ゲル ゲル ゲハハハ
よく もどって来たな 人間ども!
さあ 続きをやろうぜ!"	"<SPEAKER>Grr, grr, gehahaha! So
you came back, humans! Let
us continue where we left off!"			SPEAKER NEWLINE NEWLINE END	E9:AA7E	CC 47 72 72 2C 01 67 72 72 2C 01 67 65 68 61 68 61 68 61 21 01 53 6F C8 79 6F 75 01 63 61 6D 65 01 62 61 63 6B 2C 01 68 75 6D 61 6E 73 21 01 4C 65 74 C8 75 73 01 63 6F 6E 74 69 6E 75 65 01 77 68 65 72 65 01 77 65 01 6C 65 66 74 01 6F 66 66 21 C0	1CC 084 04A 06A 001 084 04A 06A 001 084 04A 05B 05B 05B 1C8 035 017 001 032 084 023 03E 022 097 01F 024 001 091 0E3 084 023 032 07A 1C8 01A 010 001 0F9 016 03C 033 03A 012 084 01D 07A 1C0
04	9D	0x049D	"<SPEAKER>「レディさん! ほんとうに
どうも ありがとう!<PAUSE_60><PAUSE_60><PAUSE_60><PAUSE_60>
<SPEAKER>「おかげで 島も もとの
活気を とりもどせそうです!
<PAUSE_60><PAUSE_60><PAUSE_60>
それにしても レディさん!<PAUSE_60><PAUSE_60>
<SPEAKER>「島の いせきを りようして
ゆうえんちに しようなんて
よく かんがえましたねえ!<PAUSE_60><PAUSE_60><PAUSE_60><PAUSE_60><PAUSE_60>"	"<SPEAKER>Lady! Thank
you so much!<PAUSE_60><PAUSE_60><PAUSE_60><PAUSE_60><SPEAKER>Thanks to you, the island
may finally regain its old vitality!<LINE><PAUSE_60><PAUSE_60><PAUSE_60>And Lady, I must say!<PAUSE_60><PAUSE_60><SPEAKER>Turning the island's
ruins into an amusement
park... what a brilliant idea!<PAUSE_60><PAUSE_60><PAUSE_60><PAUSE_60><PAUSE_60>"			SPEAKER NEWLINE PAUSE_60 PAUSE_60 PAUSE_60 PAUSE_60 SPEAKER NEWLINE LINE PAUSE_60 PAUSE_60 PAUSE_60 PAUSE_60 PAUSE_60 SPEAKER NEWLINE NEWLINE PAUSE_60 PAUSE_60 PAUSE_60 PAUSE_60 PAUSE_60 END	E9:AAD0	CC 4C 61 64 79 21 01 54 68 61 6E 6B C8 79 6F 75 01 73 6F 01 6D 75 63 68 21 CB CB CB CB CC 54 68 61 6E 6B 73 01 74 6F 01 79 6F 75 2C 01 74 68 65 01 69 73 6C 61 6E 64 C8 6D 61 79 01 66 69 6E 61 6C 6C 79 01 72 65 67 61 69 6E 01 69 74 73 01 6F 6C 64 01 76 69 74 61 6C 69 74 79 21 C3 CB CB CB 41 6E 64 01 4C 61 64 79 2C 01 49 01 6D 75 73 74 01 73 61 79 21 CB CB CC 54 75 72 6E 69 6E 67 01 74 68 65 01 69 73 6C 61 6E 64 27 73 C8 72 75 69 6E 73 01 69 6E 74 6F 01 61 6E 01 61 6D 75 73 65 6D 65 6E 74 C8 70 61 72 6B 2E 2E 2E 01 77 68 61 74 01 61 01 62 72 69 6C 6C 69 61 6E 74 01 69 64 65 61 21 CB CB CB CB CB C0	1CC 06B 084 054 075 01A 03D 07A 001 02D 03D 023 012 025 1C8 084 023 012 032 001 010 037 084 015 023 012 07A 1CB 1CB 1CB 1CB 1C8 1CC 014 015 084 018 084 022 001 08A 032 001 032 023 028 1C8 0B4 099 03C 001 023 037 032 084 023 01D 01E 012 084 022 01C 07A 1C3 1CB 1CB 1CB 1C8 01E 039 025 01B 022 032 001 06B 084 054 075 01A 03D 07A 1CB 1CB 1C8 1CC 08A 028 001 011 01D 016 03C 001 037 035 012 01B 022 1C8 034 012 013 03D 020 025 001 01B 035 012 024 03D 022 1C8 035 017 001 015 03D 084 015 013 02E 01B 01F 027 013 07A 1CB 1CB 1CB 1CB 1CB 1C0
04	9E	0x049E	"<SPEAKER>「それでね あたしらも
デスランドに かわる 新しい
名前を かんがえましたよ!<PAUSE_60><PAUSE_60><PAUSE_60><PAUSE_60><PAUSE_60>
<SPEAKER>「ほら 見てくださいよ!
上 ですよ! 上 上!
<PAUSE_60><PAUSE_60><PAUSE_60><PAUSE_60>"	"<SPEAKER>So we came up with a
new name to replace Deathland!<PAUSE_60><PAUSE_60><PAUSE_60><PAUSE_60><PAUSE_60><SPEAKER>There! Look
up! Up there! Up, up!<LINE><PAUSE_60><PAUSE_60><PAUSE_60><PAUSE_60>"			SPEAKER NEWLINE PAUSE_60 PAUSE_60 PAUSE_60 PAUSE_60 PAUSE_60 SPEAKER NEWLINE LINE PAUSE_60 PAUSE_60 PAUSE_60 PAUSE_60 END	E9:AB99	CC 53 6F 01 77 65 01 63 61 6D 65 01 75 70 01 77 69 74 68 01 61 C8 6E 65 77 01 6E 61 6D 65 01 74 6F 01 72 65 70 6C 61 63 65 01 44 65 61 74 68 6C 61 6E 64 21 CB CB CB CB CB CC 54 68 65 72 65 21 01 4C 6F 6F 6B C8 75 70 21 01 55 70 01 74 68 65 72 65 21 01 55 70 2C 01 75 70 21 C3 CB CB CB CB C0	1CC 01E 039 084 022 027 001 010 01F 01B 036 032 1C8 084 054 04E 068 06F 084 055 025 001 015 03B 038 001 197 01B 011 1C8 0CD 0C3 03C 001 015 03D 084 015 013 02E 01B 01F 035 07A 1CB 1CB 1CB 1CB 1CB 1C8 1CC 02D 036 001 090 022 017 084 01F 01A 011 035 07A 1C8 128 001 084 022 01C 035 07A 001 128 001 128 07A 1C3 1CB 1CB 1CB 1CB 1C0
04	9F	0x049F	"<SPEAKER>「レディさまに ちなんで
じゃじゃうまランド
あっしが 名づけたんでさあ!<PAUSE_60><PAUSE_60><PAUSE_60><PAUSE_60>
<SPEAKER>「ありゃ! あんなところに
ジェイビーの 像が!
誰が 置いたんだ? いったい?<PAUSE_60><PAUSE_60><PAUSE_60><PAUSE_60><PAUSE_60>"	"<SPEAKER>In honor of Lady, I
named it Wild Lady Land!<PAUSE_60><PAUSE_60><PAUSE_60><PAUSE_60><SPEAKER>Huh?! There is a statue
of J.B.! Who put that up there?!<PAUSE_60><PAUSE_60><PAUSE_60><PAUSE_60><PAUSE_60>"			SPEAKER NEWLINE PAUSE_60 PAUSE_60 PAUSE_60 PAUSE_60 SPEAKER NEWLINE PAUSE_60 PAUSE_60 PAUSE_60 PAUSE_60 PAUSE_60 END	E9:ABFA	CC 49 6E 01 68 6F 6E 6F 72 01 6F 66 01 4C 61 64 79 2C 01 49 C8 6E 61 6D 65 64 01 69 74 01 57 69 6C 64 01 4C 61 64 79 01 4C 61 6E 64 21 CB CB CB CB CC 48 75 68 3F 21 01 54 68 65 72 65 01 69 73 01 61 01 73 74 61 74 75 65 C8 6F 66 01 4A 2E 42 2E 21 01 57 68 6F 01 70 75 74 01 74 68 61 74 01 75 70 01 74 68 65 72 65 3F 21 CB CB CB CB CB C0	1CC 06B 084 054 075 01A 02E 025 001 020 024 03D 084 022 1C8 084 01B 03F 084 01B 03F 012 02E 068 06F 084 055 1C8 010 03E 01B 084 015 001 0CD 084 021 018 01F 03D 084 022 01A 010 07A 1CB 1CB 1CB 1CB 1C8 1CC 010 037 03F 07A 001 010 03D 024 023 019 03A 025 1C8 084 04D 076 043 084 05C 078 028 001 159 084 015 07A 1C8 0FA 084 015 001 19F 011 01F 03D 084 01F 079 001 011 03E 01F 011 079 1CB 1CB 1CB 1CB 1CB 1C0
04	A0	0x04A0	"<SPEAKER>「お嬢さまでしょ?
ジェイビー像を あそこに
置いたのは?<PAUSE_60><PAUSE_60><PAUSE_60><PAUSE_60><PAUSE_60>"	"<SPEAKER>My lady... You put that
J.B. statue there, did you not?<PAUSE_60><PAUSE_60><PAUSE_60><PAUSE_60><PAUSE_60>"			SPEAKER NEWLINE PAUSE_60 PAUSE_60 PAUSE_60 PAUSE_60 PAUSE_60 END	E9:AC6A	CC 4D 79 01 6C 61 64 79 2E 2E 2E 01 59 6F 75 01 70 75 74 01 74 68 61 74 C8 4A 2E 42 2E 01 73 74 61 74 75 65 01 74 68 65 72 65 2C 01 64 69 64 01 79 6F 75 01 6E 6F 74 3F CB CB CB CB CB C0	1CC 014 0D8 01A 02E 084 022 01B 041 079 1C8 084 04D 076 043 084 05C 078 159 03C 001 010 01E 019 025 1C8 19F 011 01F 028 029 079 1CB 1CB 1CB 1CB 1CB 1C0
04	A1	0x04A1	"<SPEAKER>「だって 花火くらい
見せて あげても いいじゃない?<PAUSE_60><PAUSE_60><PAUSE_60><PAUSE_60>"	"<SPEAKER>Come on! He deserves
to see some fireworks!<PAUSE_60><PAUSE_60><PAUSE_60><PAUSE_60>"			SPEAKER NEWLINE PAUSE_60 PAUSE_60 PAUSE_60 PAUSE_60 END	E9:ACA8	CC 43 6F 6D 65 01 6F 6E 21 01 48 65 01 64 65 73 65 72 76 65 73 C8 74 6F 01 73 65 65 01 73 6F 6D 65 01 66 69 72 65 77 6F 72 6B 73 21 CB CB CB CB C0	1CC 084 01F 03E 022 001 17C 110 017 036 011 1C8 090 01D 022 001 010 084 018 022 032 001 011 011 084 01B 03F 024 011 079 1CB 1CB 1CB 1CB 1C0
04	A2	0x04A2	<SPEAKER>「でやっ!	<SPEAKER>Hyaa!			SPEAKER END	E9:ACD9	CC 48 79 61 61 21 C0	1CC 084 022 033 03E 07A 1C0
04	A3	0x04A3	"<SPEAKER>「・・・・ええ・と・
5たす7から1ひくから・・・・
・・・・・・11ねっ! へへん!<PAUSE_60><PAUSE_60><PAUSE_60><PAUSE_60><PAUSE_60>"	"<SPEAKER>Umm... let me see...
Five plus seven, minus
one... ...Eleven! Heh heh!<PAUSE_60><PAUSE_60><PAUSE_60><PAUSE_60><PAUSE_60>"			SPEAKER NEWLINE NEWLINE PAUSE_60 PAUSE_60 PAUSE_60 PAUSE_60 PAUSE_60 END	E9:ACE0	CC 55 6D 6D 2E 2E 2E 01 6C 65 74 01 6D 65 01 73 65 65 2E 2E 2E C8 46 69 76 65 01 70 6C 75 73 01 73 65 76 65 6E 2C 01 6D 69 6E 75 73 C8 6F 6E 65 2E 2E 2E 01 2E 2E 2E 45 6C 65 76 65 6E 21 01 48 65 68 01 68 65 68 21 CB CB CB CB CB C0	1CC 081 081 081 081 013 013 081 023 081 1C8 007 01F 01C 009 015 036 003 02A 017 015 036 081 081 081 081 1C8 081 081 081 081 081 081 003 003 027 03E 07A 001 02C 02C 03D 07A 1CB 1CB 1CB 1CB 1CB 1C0
04	A4	0x04A4	"<SPEAKER>「・・むむう! 正解ですな!
それにしても お嬢様 今日は
やけに まじめですな・・・・<PAUSE_60><PAUSE_60><PAUSE_60><PAUSE_60><PAUSE_60>
<SPEAKER>「また何か わるさを
たくらんでおるんでしょう?
でへへ はくじょうせんかい!<PAUSE_60><PAUSE_60><PAUSE_60><PAUSE_60><PAUSE_60>"	"<SPEAKER>Hmm! Correct!
Still, my lady, you are
unusually serious today...<PAUSE_60><PAUSE_60><PAUSE_60><PAUSE_60><PAUSE_60><SPEAKER>You are plotting
some mischief again, are
you not? Heh heh! Confess!<PAUSE_60><PAUSE_60><PAUSE_60><PAUSE_60><PAUSE_60>"			SPEAKER NEWLINE NEWLINE PAUSE_60 PAUSE_60 PAUSE_60 PAUSE_60 PAUSE_60 SPEAKER NEWLINE NEWLINE PAUSE_60 PAUSE_60 PAUSE_60 PAUSE_60 PAUSE_60 END	E9:AD2D	CC 48 6D 6D 21 01 43 6F 72 72 65 63 74 21 C8 53 74 69 6C 6C 2C 01 6D 79 01 6C 61 64 79 2C 01 79 6F 75 01 61 72 65 C8 75 6E 75 73 75 61 6C 6C 79 01 73 65 72 69 6F 75 73 01 74 6F 64 61 79 2E 2E 2E CB CB CB CB CB CC 59 6F 75 01 61 72 65 01 70 6C 6F 74 74 69 6E 67 C8 73 6F 6D 65 01 6D 69 73 63 68 69 65 66 01 61 67 61 69 6E 2C 01 61 72 65 C8 79 6F 75 01 6E 6F 74 3F 01 48 65 68 01 68 65 68 21 01 43 6F 6E 66 65 73 73 21 CB CB CB CB CB C0	1CC 081 081 030 030 012 07A 001 15B 0FE 084 022 01C 024 07A 1C8 01E 039 025 01B 022 032 001 014 0D8 0D9 001 150 120 029 1C8 033 018 025 001 02E 084 01B 031 084 022 01C 024 081 081 081 081 1CB 1CB 1CB 1CB 1CB 1C8 1CC 02E 01F 093 015 001 03B 038 01A 03C 1C8 01F 017 036 03D 084 022 014 038 03D 084 022 01B 041 012 079 1C8 084 022 02C 02C 001 029 017 084 01B 041 012 01D 03D 015 011 07A 1CB 1CB 1CB 1CB 1CB 1C0
04	A5	0x04A5	"<SPEAKER>「あいかわらず
うたぐりぶかい じじいね!
ふん! 何にもたくらんでないわよっ<PAUSE_60><PAUSE_60><PAUSE_60><PAUSE_60><PAUSE_60>
<SPEAKER>「ほざいてないで つぎの
べんきょうの じゅんびを
さっさと しなよ!<PAUSE_60><PAUSE_60><PAUSE_60><PAUSE_60><PAUSE_60>"	"<SPEAKER>Still as suspicious as
ever, you old geezer! Hmph!
I'm not plotting anything!<PAUSE_60><PAUSE_60><PAUSE_60><PAUSE_60><PAUSE_60><SPEAKER>Quit your babbling
and get ready for your
next lesson. Hurry it up!<PAUSE_60><PAUSE_60><PAUSE_60><PAUSE_60><PAUSE_60>"			SPEAKER NEWLINE NEWLINE PAUSE_60 PAUSE_60 PAUSE_60 PAUSE_60 PAUSE_60 SPEAKER NEWLINE NEWLINE PAUSE_60 PAUSE_60 PAUSE_60 PAUSE_60 PAUSE_60 END	E9:ADBE	CC 53 74 69 6C 6C 01 61 73 01 73 75 73 70 69 63 69 6F 75 73 01 61 73 C8 65 76 65 72 2C 01 79 6F 75 01 6F 6C 64 01 67 65 65 7A 65 72 21 01 48 6D 70 68 21 C8 49 27 6D 01 6E 6F 74 01 70 6C 6F 74 74 69 6E 67 01 61 6E 79 74 68 69 6E 67 21 CB CB CB CB CB CC 51 75 69 74 01 79 6F 75 72 01 62 61 62 62 6C 69 6E 67 C8 61 6E 64 01 67 65 74 01 72 65 61 64 79 01 66 6F 72 01 79 6F 75 72 C8 6E 65 78 74 01 6C 65 73 73 6F 6E 2E 01 48 75 72 72 79 01 69 74 01 75 70 21 CB CB CB CB CB C0	1CC 010 011 015 03B 036 084 01C 1C8 012 01F 084 017 037 084 02B 015 011 001 084 01B 084 01B 011 027 07A 1C8 02B 03D 07A 001 093 025 032 01F 017 036 03D 084 022 024 011 03B 035 03E 1CB 1CB 1CB 1CB 1CB 1C8 1CC 02D 084 01A 011 022 024 011 084 022 001 021 084 016 028 1C8 084 02C 03D 016 041 012 028 001 084 01B 040 03D 084 02A 03C 1C8 01A 03E 01A 023 001 01B 024 035 07A 1CB 1CB 1CB 1CB 1CB 1C0
04	A6	0x04A6	"<SPEAKER>「いやいやいやいや わしは
しんじませんぞ! むむむ さては
また ばくだんを このへやに?<PAUSE_60><PAUSE_60><PAUSE_60><PAUSE_60><PAUSE_60>"	"<SPEAKER>No, no, no, no. I don't
believe you! Hmmm... You didn't
put bombs in this room again?<PAUSE_60><PAUSE_60><PAUSE_60><PAUSE_60><PAUSE_60>"			SPEAKER NEWLINE NEWLINE PAUSE_60 PAUSE_60 PAUSE_60 PAUSE_60 PAUSE_60 END	E9:AE5B	CC 4E 6F 2C 01 6E 6F 2C 01 6E 6F 2C 01 6E 6F 2E 01 49 01 64 6F 6E 27 74 C8 62 65 6C 69 65 76 65 01 79 6F 75 21 01 48 6D 6D 6D 2E 2E 2E 01 59 6F 75 01 64 69 64 6E 27 74 C8 70 75 74 01 62 6F 6D 62 73 01 69 6E 01 74 68 69 73 01 72 6F 6F 6D 01 61 67 61 69 6E 3F CB CB CB CB CB C0	1CC 011 033 011 033 011 033 011 033 001 03B 01B 029 1C8 01B 03D 084 01B 02E 01D 03D 084 01E 07A 001 030 030 030 001 01A 022 029 1C8 02E 01F 001 084 029 017 084 01F 03D 03C 001 019 028 02C 033 025 079 1CB 1CB 1CB 1CB 1CB 1C0
04	A7	0x04A7	"<SPEAKER>「はあ はあ はあ ぐはあー
どうやら わしの 思いちがいの
ようじゃのう ふあー よかった!<PAUSE_60><PAUSE_60><PAUSE_60><PAUSE_60><PAUSE_60>"	"<SPEAKER>Huff... huff... whew!
It seems I was mistaken.
Ahh... what a relief!<PAUSE_60><PAUSE_60><PAUSE_60><PAUSE_60><PAUSE_60>"			SPEAKER NEWLINE NEWLINE PAUSE_60 PAUSE_60 PAUSE_60 PAUSE_60 PAUSE_60 END	E9:AEB7	CC 48 75 66 66 2E 2E 2E 01 68 75 66 66 2E 2E 2E 01 77 68 65 77 21 C8 49 74 01 73 65 65 6D 73 01 49 01 77 61 73 01 6D 69 73 74 61 6B 65 6E 2E C8 41 68 68 2E 2E 2E 01 77 68 61 74 01 61 01 72 65 6C 69 65 66 21 CB CB CB CB CB C0	1CC 029 010 001 029 010 001 029 010 001 084 017 029 010 078 1C8 084 023 012 033 036 001 03B 01B 028 001 10F 011 020 084 015 011 028 1C8 035 012 084 01B 03F 028 012 001 02B 010 078 001 035 015 03E 01F 07A 1CB 1CB 1CB 1CB 1CB 1C0
04	A8	0x04A8	"<SPEAKER>「何が よかったよ
この あたしが おんなじことを
二度も やるわけないでしょ!<PAUSE_60><PAUSE_60><PAUSE_60><PAUSE_60><PAUSE_60>
<SPEAKER>「べんきょうするのか
しないのか どっちなのよ?
この かおでかじじいっ!<PAUSE_60><PAUSE_60><PAUSE_60><PAUSE_60><PAUSE_60>"	"<SPEAKER>What is so relieving
about that? As if I would
pull the same trick twice!<PAUSE_60><PAUSE_60><PAUSE_60><PAUSE_60><PAUSE_60><SPEAKER>Are we studying
or not? Which is it,
you big-faced old man?!<PAUSE_60><PAUSE_60><PAUSE_60><PAUSE_60><PAUSE_60>"			SPEAKER NEWLINE NEWLINE PAUSE_60 PAUSE_60 PAUSE_60 PAUSE_60 PAUSE_60 SPEAKER NEWLINE NEWLINE PAUSE_60 PAUSE_60 PAUSE_60 PAUSE_60 PAUSE_60 END	E9:AF02	CC 57 68 61 74 01 69 73 01 73 6F 01 72 65 6C 69 65 76 69 6E 67 C8 61 62 6F 75 74 01 74 68 61 74 3F 01 41 73 01 69 66 01 49 01 77 6F 75 6C 64 C8 70 75 6C 6C 01 74 68 65 01 73 61 6D 65 01 74 72 69 63 6B 01 74 77 69 63 65 21 CB CB CB CB CB CC 41 72 65 01 77 65 01 73 74 75 64 79 69 6E 67 C8 6F 72 01 6E 6F 74 3F 01 57 68 69 63 68 01 69 73 01 69 74 2C C8 79 6F 75 01 62 69 67 2D 66 61 63 65 64 01 6F 6C 64 01 6D 61 6E 3F 21 CB CB CB CB CB C0	1CC 093 084 015 001 035 015 03E 01F 035 1C8 019 028 001 010 01F 01B 084 015 001 014 03D 024 084 01B 019 023 03C 1C8 189 13E 032 001 033 038 03B 018 024 011 084 022 01B 041 07A 1CB 1CB 1CB 1CB 1CB 1C8 1CC 084 02C 03D 016 041 012 01C 038 028 015 1C8 01B 024 011 028 015 001 084 023 03E 020 024 028 035 079 1C8 019 028 001 015 014 084 022 015 084 01B 084 01B 011 03E 07A 1CB 1CB 1CB 1CB 1CB 1C0
04	A9	0x04A9	"<SPEAKER>「むふぉおおお!・・・・
い いかん ここでおこったら
お嬢様の 思うツボ・・・・<PAUSE_60><PAUSE_60><PAUSE_60><PAUSE_60><PAUSE_60>"	"<SPEAKER>Mwrrrgh...! N-no. If I
lose my temper now, I will
play right into her hands...<PAUSE_60><PAUSE_60><PAUSE_60><PAUSE_60><PAUSE_60>"			SPEAKER NEWLINE NEWLINE PAUSE_60 PAUSE_60 PAUSE_60 PAUSE_60 PAUSE_60 END	E9:AF94	CC 4D 77 72 72 72 67 68 2E 2E 2E 21 01 4E 2D 6E 6F 2E 01 49 66 01 49 C8 6C 6F 73 65 01 6D 79 01 74 65 6D 70 65 72 01 6E 6F 77 2C 01 49 01 77 69 6C 6C C8 70 6C 61 79 01 72 69 67 68 74 01 69 6E 74 6F 01 68 65 72 01 68 61 6E 64 73 2E 2E 2E CB CB CB CB CB C0	1CC 030 02B 082 014 014 014 07A 081 081 081 081 1C8 011 001 011 015 03D 001 019 019 084 022 014 019 03E 01F 036 1C8 014 0D8 0D9 028 001 10F 012 053 084 05F 081 081 081 081 1CB 1CB 1CB 1CB 1CB 1C0
04	AA	0x04AA	"<SPEAKER>「むふぉふぉ そうですな・・
ほいでゃあ こ これなんか
どうでげすかのう・・これ!<PAUSE_60><PAUSE_60><PAUSE_60><PAUSE_60><PAUSE_60>"	"<SPEAKER>Ho ho... Very well. Then
how about... this one here?<PAUSE_60><PAUSE_60><PAUSE_60><PAUSE_60><PAUSE_60>"			SPEAKER NEWLINE PAUSE_60 PAUSE_60 PAUSE_60 PAUSE_60 PAUSE_60 END	E9:AFE9	CC 48 6F 01 68 6F 2E 2E 2E 01 56 65 72 79 01 77 65 6C 6C 2E 01 54 68 65 6E C8 68 6F 77 01 61 62 6F 75 74 2E 2E 2E 01 74 68 69 73 01 6F 6E 65 01 68 65 72 65 3F CB CB CB CB CB C0	1CC 030 02B 082 02B 082 001 01E 012 084 022 01C 024 081 081 1C8 02D 011 084 022 03F 010 001 019 001 019 039 024 03D 015 1C8 084 023 012 084 022 084 018 01C 015 028 012 081 081 019 039 07A 1CB 1CB 1CB 1CB 1CB 1C0
04	AB	0x04AB	"<SPEAKER>「これですじゃよ! これこれ!
謎のデスランド島伝説! これは
お嬢様むきの 本ですぞ!<PAUSE_60><PAUSE_60><PAUSE_60><PAUSE_60><PAUSE_60>
<SPEAKER>「ちょっと 難解ですじゃが
読めるようになると お父様は
おおよろこびですぞ!<PAUSE_60><PAUSE_60><PAUSE_60><PAUSE_60><PAUSE_60>"	"<SPEAKER>This one! Right here! The
Mysterious Legends of Deathland!
Perfect for you, my lady!<PAUSE_60><PAUSE_60><PAUSE_60><PAUSE_60><PAUSE_60><SPEAKER>It is somewhat difficult,
but your father will be delighted
if you learn to read it!<PAUSE_60><PAUSE_60><PAUSE_60><PAUSE_60><PAUSE_60>"			SPEAKER NEWLINE NEWLINE PAUSE_60 PAUSE_60 PAUSE_60 PAUSE_60 PAUSE_60 SPEAKER NEWLINE NEWLINE PAUSE_60 PAUSE_60 PAUSE_60 PAUSE_60 PAUSE_60 END	E9:B024	CC 54 68 69 73 01 6F 6E 65 21 01 52 69 67 68 74 01 68 65 72 65 21 01 54 68 65 C8 4D 79 73 74 65 72 69 6F 75 73 01 4C 65 67 65 6E 64 73 01 6F 66 01 44 65 61 74 68 6C 61 6E 64 21 C8 50 65 72 66 65 63 74 01 66 6F 72 01 79 6F 75 2C 01 6D 79 01 6C 61 64 79 21 CB CB CB CB CB CC 49 74 01 69 73 01 73 6F 6D 65 77 68 61 74 01 64 69 66 66 69 63 75 6C 74 2C C8 62 75 74 01 79 6F 75 72 01 66 61 74 68 65 72 01 77 69 6C 6C 01 62 65 01 64 65 6C 69 67 68 74 65 64 C8 69 66 01 79 6F 75 01 6C 65 61 72 6E 01 74 6F 01 72 65 61 64 01 69 74 21 CB CB CB CB CB C0	1CC 019 039 084 022 01C 084 01B 03F 035 07A 001 019 039 019 039 07A 1C8 0CF 028 084 054 04E 068 06F 084 055 08A 092 08F 07A 001 019 039 029 1C8 014 0D8 0D9 030 016 028 001 13A 084 022 01C 084 01E 07A 1CB 1CB 1CB 1CB 1CB 1C8 1CC 020 041 03E 023 001 17A 0FE 084 022 01C 084 01B 03F 084 015 1C8 118 031 038 035 012 025 024 038 023 001 014 148 0D9 029 1C8 014 014 035 03A 019 084 02A 084 022 01C 084 01E 07A 1CB 1CB 1CB 1CB 1CB 1C0
04	AC	0x04AC	"<SPEAKER>「ふうん おもしろそうね
じゃあ 読むから しばらく
ひとりに してくれない?<PAUSE_60><PAUSE_60><PAUSE_60><PAUSE_60><PAUSE_60>"	"<SPEAKER>Hmm, this looks
interesting. I'm going to read,
so leave me alone for a while.<PAUSE_60><PAUSE_60><PAUSE_60><PAUSE_60><PAUSE_60>"			SPEAKER NEWLINE NEWLINE PAUSE_60 PAUSE_60 PAUSE_60 PAUSE_60 PAUSE_60 END	E9:B0D9	CC 48 6D 6D 2C 01 74 68 69 73 01 6C 6F 6F 6B 73 C8 69 6E 74 65 72 65 73 74 69 6E 67 2E 01 49 27 6D 01 67 6F 69 6E 67 01 74 6F 01 72 65 61 64 2C C8 73 6F 01 6C 65 61 76 65 01 6D 65 01 61 6C 6F 6E 65 01 66 6F 72 01 61 01 77 68 69 6C 65 2E CB CB CB CB CB C0	1CC 02B 012 03D 001 014 032 01B 03A 01E 012 027 1C8 084 01B 03F 010 001 118 030 015 036 001 01B 084 029 036 017 1C8 02A 023 037 025 001 01B 022 017 039 024 011 079 1CB 1CB 1CB 1CB 1CB 1C0
04	AD	0x04AD	"<SPEAKER>「おお! ワンダフルな!
お嬢様! ついに 知せいに
おめざめですな ひいひいひい<PAUSE_60><PAUSE_60><PAUSE_60><PAUSE_60><PAUSE_60>
<SPEAKER>「よろしいですとも!
何時間でも お読みくださいな
<PAUSE_60><PAUSE_60><PAUSE_60><PAUSE_60>"	"<SPEAKER>Wonderful! My lady!
At last you have awakened to
the joys of learning! Hee hee!<PAUSE_60><PAUSE_60><PAUSE_60><PAUSE_60><PAUSE_60><SPEAKER>Of course! Read
as long as you like!<LINE><PAUSE_60><PAUSE_60><PAUSE_60><PAUSE_60>"			SPEAKER NEWLINE NEWLINE PAUSE_60 PAUSE_60 PAUSE_60 PAUSE_60 PAUSE_60 SPEAKER NEWLINE LINE PAUSE_60 PAUSE_60 PAUSE_60 PAUSE_60 END	E9:B12E	CC 57 6F 6E 64 65 72 66 75 6C 21 01 4D 79 01 6C 61 64 79 21 C8 41 74 01 6C 61 73 74 01 79 6F 75 01 68 61 76 65 01 61 77 61 6B 65 6E 65 64 01 74 6F C8 74 68 65 01 6A 6F 79 73 01 6F 66 01 6C 65 61 72 6E 69 6E 67 21 01 48 65 65 01 68 65 65 21 CB CB CB CB CB CC 4F 66 01 63 6F 75 72 73 65 21 01 52 65 61 64 C8 61 73 01 6C 6F 6E 67 01 61 73 01 79 6F 75 01 6C 69 6B 65 21 C3 CB CB CB CB C0	1CC 014 014 07A 001 06D 06F 084 051 05D 06A 024 07A 1C8 014 0D8 0D9 07A 001 021 011 025 001 15C 01D 011 025 1C8 014 031 084 01A 031 084 022 01C 024 001 02A 011 02A 011 02A 011 1CB 1CB 1CB 1CB 1CB 1C8 1CC 035 03A 01B 011 084 022 01C 023 032 07A 1C8 093 164 0E3 084 022 032 001 014 118 02F 017 084 01F 01A 011 024 1C3 1CB 1CB 1CB 1CB 1C0
04	AE	0x04AE	"<SPEAKER>「へええ 魔物巨大化装置?
なんだか すごそうだわ<PAUSE_60><PAUSE_60><PAUSE_60><PAUSE_60><PAUSE_60>
<SPEAKER>「でも 古代文字ばっかりで
読めないわ! むかつくわ!
<PAUSE_60><PAUSE_60><PAUSE_60><PAUSE_60>"	"<SPEAKER>Whoa... Monster Enlarging
Device? Sounds amazing.<PAUSE_60><PAUSE_60><PAUSE_60><PAUSE_60><PAUSE_60><SPEAKER>But it's all ancient writing!
I can't read it! So annoying!<LINE><PAUSE_60><PAUSE_60><PAUSE_60><PAUSE_60>"			SPEAKER NEWLINE PAUSE_60 PAUSE_60 PAUSE_60 PAUSE_60 PAUSE_60 SPEAKER NEWLINE LINE PAUSE_60 PAUSE_60 PAUSE_60 PAUSE_60 END	E9:B1AE	CC 57 68 6F 61 2E 2E 2E 01 4D 6F 6E 73 74 65 72 01 45 6E 6C 61 72 67 69 6E 67 C8 44 65 76 69 63 65 3F 01 53 6F 75 6E 64 73 01 61 6D 61 7A 69 6E 67 2E CB CB CB CB CB CC 42 75 74 01 69 74 27 73 01 61 6C 6C 01 61 6E 63 69 65 6E 74 01 77 72 69 74 69 6E 67 21 C8 49 01 63 61 6E 27 74 01 72 65 61 64 01 69 74 21 01 53 6F 01 61 6E 6E 6F 79 69 6E 67 21 C3 CB CB CB CB C0	1CC 02C 013 013 001 09A 08B 0CC 0AC 09E 0C2 19F 079 1C8 024 03D 084 01F 015 001 01C 084 019 01E 012 084 01F 03B 1CB 1CB 1CB 1CB 1CB 1C8 1CC 084 022 032 001 096 09F 152 153 084 029 03E 015 037 084 022 1C8 118 031 024 011 03B 07A 001 030 015 021 017 03B 07A 1C3 1CB 1CB 1CB 1CB 1C0
04	AF	0x04AF	"<SPEAKER>「ヨシオさまは ほんとに
うたぐりぶかいですね だから
おくさん にげたんですよ<PAUSE_60><PAUSE_60><PAUSE_60><PAUSE_60><PAUSE_60>"	"<SPEAKER>Lord Yoshio really
is suspicious. No wonder
his wife ran away.<PAUSE_60><PAUSE_60><PAUSE_60><PAUSE_60><PAUSE_60>"			SPEAKER NEWLINE NEWLINE PAUSE_60 PAUSE_60 PAUSE_60 PAUSE_60 PAUSE_60 END	E9:B227	CC 4C 6F 72 64 01 59 6F 73 68 69 6F 01 72 65 61 6C 6C 79 C8 69 73 01 73 75 73 70 69 63 69 6F 75 73 2E 01 4E 6F 01 77 6F 6E 64 65 72 C8 68 69 73 01 77 69 66 65 01 72 61 6E 01 61 77 61 79 2E CB CB CB CB CB C0	1CC 067 04D 046 01A 02E 029 001 02D 03D 023 025 1C8 012 01F 084 017 037 084 02B 015 011 084 022 01C 027 001 084 01F 015 036 1C8 014 017 01A 03D 001 025 084 018 01F 03D 084 022 01C 035 1CB 1CB 1CB 1CB 1CB 1C0
04	B0	0x04B0	"<SPEAKER>「なんじゃと! いきなり
わけのわからんこと いうな!<PAUSE_60><PAUSE_60><PAUSE_60><PAUSE_60>
<SPEAKER>「おまえこそ なんじゃ!
オカマじゃという うわさじゃぞ!
<PAUSE_60><PAUSE_60><PAUSE_60><PAUSE_60>"	"<SPEAKER>What?! Do not
suddenly start talking nonsense!<PAUSE_60><PAUSE_60><PAUSE_60><PAUSE_60><SPEAKER>What about you?! I
hear you dress like a woman!<LINE><PAUSE_60><PAUSE_60><PAUSE_60><PAUSE_60>"			SPEAKER NEWLINE PAUSE_60 PAUSE_60 PAUSE_60 PAUSE_60 SPEAKER NEWLINE LINE PAUSE_60 PAUSE_60 PAUSE_60 PAUSE_60 END	E9:B26C	CC 57 68 61 74 3F 21 01 44 6F 01 6E 6F 74 C8 73 75 64 64 65 6E 6C 79 01 73 74 61 72 74 01 74 61 6C 6B 69 6E 67 01 6E 6F 6E 73 65 6E 73 65 21 CB CB CB CB CC 57 68 61 74 01 61 62 6F 75 74 01 79 6F 75 3F 21 01 49 C8 68 65 61 72 01 79 6F 75 01 64 72 65 73 73 01 6C 69 6B 65 01 61 01 77 6F 6D 61 6E 21 C3 CB CB CB CB C0	1CC 024 03D 084 01B 03F 023 07A 001 011 016 024 037 1C8 03B 018 028 03B 015 036 03D 019 023 001 011 012 024 07A 1CB 1CB 1CB 1CB 1C8 1CC 014 02E 013 019 01E 001 024 03D 084 01B 03F 07A 1C8 046 047 060 084 01B 03F 023 011 012 001 012 03B 01A 084 01B 03F 084 01E 07A 1C3 1CB 1CB 1CB 1CB 1C0
04	B1	0x04B1	"<SPEAKER>「うわあ そのとーりー!
チュー チュー チュー<PAUSE_60><PAUSE_60><PAUSE_60><PAUSE_60>"	"<SPEAKER>Waaah! You got
me! Kiss, kiss, kiss!<PAUSE_60><PAUSE_60><PAUSE_60><PAUSE_60>"			SPEAKER NEWLINE PAUSE_60 PAUSE_60 PAUSE_60 PAUSE_60 END	E9:B2D5	CC 57 61 61 61 68 21 01 59 6F 75 01 67 6F 74 C8 6D 65 21 01 4B 69 73 73 2C 01 6B 69 73 73 2C 01 6B 69 73 73 21 CB CB CB CB C0	1CC 012 03B 010 001 01E 028 023 078 037 078 07A 1C8 052 072 078 001 052 072 078 001 052 072 078 1CB 1CB 1CB 1CB 1C0
04	B2	0x04B2	"<SPEAKER>「うるさいわね! そとから
のぞいて ギャーギャー
わめいてんじゃないわよ!<PAUSE_60><PAUSE_60><PAUSE_60><PAUSE_60><PAUSE_60>
<SPEAKER>「あんたたち ほんとに
あたしに べんきょう
させる気があるの?<PAUSE_60><PAUSE_60><PAUSE_60><PAUSE_60><PAUSE_60>"	"<SPEAKER>Will you shut up?!
Stop peeking in from outside
and yelling your heads off!<PAUSE_60><PAUSE_60><PAUSE_60><PAUSE_60><PAUSE_60><SPEAKER>Do you people actually
want me to study or not?<PAUSE_60><PAUSE_60><PAUSE_60><PAUSE_60><PAUSE_60>"			SPEAKER NEWLINE NEWLINE PAUSE_60 PAUSE_60 PAUSE_60 PAUSE_60 PAUSE_60 SPEAKER NEWLINE PAUSE_60 PAUSE_60 PAUSE_60 PAUSE_60 PAUSE_60 END	E9:B2FF	CC 57 69 6C 6C 01 79 6F 75 01 73 68 75 74 01 75 70 3F 21 C8 53 74 6F 70 01 70 65 65 6B 69 6E 67 01 69 6E 01 66 72 6F 6D 01 6F 75 74 73 69 64 65 C8 61 6E 64 01 79 65 6C 6C 69 6E 67 01 79 6F 75 72 01 68 65 61 64 73 01 6F 66 66 21 CB CB CB CB CB CC 44 6F 01 79 6F 75 01 70 65 6F 70 6C 65 01 61 63 74 75 61 6C 6C 79 C8 77 61 6E 74 01 6D 65 01 74 6F 01 73 74 75 64 79 01 6F 72 01 6E 6F 74 3F CB CB CB CB CB C0	1CC 012 038 01A 011 03B 027 07A 001 01E 023 015 036 1C8 028 084 01E 011 022 001 084 048 071 078 084 048 071 078 1C8 03B 031 011 022 03D 084 01B 03F 024 011 03B 035 07A 1CB 1CB 1CB 1CB 1CB 1C8 1CC 010 03D 01F 01F 020 001 02D 03D 023 025 1C8 010 01F 01B 025 001 084 02C 03D 016 041 012 1C8 01A 01D 038 099 084 015 010 038 028 079 1CB 1CB 1CB 1CB 1CB 1C0
04	B3	0x04B3	"<SPEAKER>「行くわよ デスランド島へ!
ああ 体がうずく! ああ
はやく あばれまわりたい!<PAUSE_60><PAUSE_60><PAUSE_60><PAUSE_60><PAUSE_60>"	"<SPEAKER>We're going to Deathland
Island! Ahh, I'm itching for
action! I can't wait to run wild!<PAUSE_60><PAUSE_60><PAUSE_60><PAUSE_60><PAUSE_60>"			SPEAKER NEWLINE NEWLINE PAUSE_60 PAUSE_60 PAUSE_60 PAUSE_60 PAUSE_60 END	E9:B386	CC 57 65 27 72 65 01 67 6F 69 6E 67 01 74 6F 01 44 65 61 74 68 6C 61 6E 64 C8 49 73 6C 61 6E 64 21 01 41 68 68 2C 01 49 27 6D 01 69 74 63 68 69 6E 67 01 66 6F 72 C8 61 63 74 69 6F 6E 21 01 49 01 63 61 6E 27 74 01 77 61 69 74 01 74 6F 01 72 75 6E 01 77 69 6C 64 21 CB CB CB CB CB C0	1CC 08D 017 03B 035 001 084 054 04E 068 06F 084 055 08A 02C 07A 1C8 010 010 001 0F0 084 015 012 084 01C 017 07A 001 010 010 1C8 029 033 017 001 010 084 029 039 02E 03B 037 01F 011 07A 1CB 1CB 1CB 1CB 1CB 1C0
04	B4	0x04B4	"<SPEAKER>「今日は しくじれないわ!
・・・・・・・・・よおし!<PAUSE_60><PAUSE_60><PAUSE_60><PAUSE_60><PAUSE_60>"	"<SPEAKER>I cannot mess
up today! ........ All right!<PAUSE_60><PAUSE_60><PAUSE_60><PAUSE_60><PAUSE_60>"			SPEAKER NEWLINE PAUSE_60 PAUSE_60 PAUSE_60 PAUSE_60 PAUSE_60 END	E9:B3E4	CC 49 01 63 61 6E 6E 6F 74 01 6D 65 73 73 C8 75 70 01 74 6F 64 61 79 21 01 2E 2E 2E 2E 2E 2E 2E 2E 01 41 6C 6C 01 72 69 67 68 74 21 CB CB CB CB CB C0	1CC 150 120 029 001 01B 017 084 01B 039 024 011 03B 07A 1C8 081 081 081 081 081 081 081 081 081 035 014 01B 07A 1CB 1CB 1CB 1CB 1CB 1C0
04	B5	0x04B5	"<SPEAKER>「げはっはっはっ あまいですな
このヨシオ お嬢様の お考えは
すべて お見通しですわい<PAUSE_60><PAUSE_60><PAUSE_60><PAUSE_60><PAUSE_60>"	"<SPEAKER>Gehahaha! Too easy,
my lady. This Yoshio sees right
through everything you're planning!<PAUSE_60><PAUSE_60><PAUSE_60><PAUSE_60><PAUSE_60>"			SPEAKER NEWLINE NEWLINE PAUSE_60 PAUSE_60 PAUSE_60 PAUSE_60 PAUSE_60 END	E9:B416	CC 47 65 68 61 68 61 68 61 21 01 54 6F 6F 01 65 61 73 79 2C C8 6D 79 01 6C 61 64 79 2E 01 54 68 69 73 01 59 6F 73 68 69 6F 01 73 65 65 73 01 72 69 67 68 74 C8 74 68 72 6F 75 67 68 01 65 76 65 72 79 74 68 69 6E 67 01 79 6F 75 27 72 65 01 70 6C 61 6E 6E 69 6E 67 21 CB CB CB CB CB C0	1CC 084 018 029 03E 029 03E 029 03E 001 010 02E 011 084 022 01C 024 1C8 019 028 067 04D 046 001 014 0D8 0D9 028 001 014 0DB 013 029 1C8 01C 084 02C 022 001 014 090 12E 01B 084 022 01C 03B 011 1CB 1CB 1CB 1CB 1CB 1C0
04	B6	0x04B6	"<SPEAKER>「くっ あたしのやることを
わかってて 待ちぶせするなんて
ほんとに いやなやつね<PAUSE_60><PAUSE_60><PAUSE_60><PAUSE_60><PAUSE_60>
<SPEAKER>「かならず にげてやるわ!
この ハゲじじい!
<PAUSE_60><PAUSE_60><PAUSE_60><PAUSE_60><PAUSE_60>"	"<SPEAKER>Grr! You knew what I
would do and waited here for
me? You really are the worst!<PAUSE_60><PAUSE_60><PAUSE_60><PAUSE_60><PAUSE_60><SPEAKER>I am getting out of here
someday, you bald old geezer!<LINE><PAUSE_60><PAUSE_60><PAUSE_60><PAUSE_60><PAUSE_60>"			SPEAKER NEWLINE NEWLINE PAUSE_60 PAUSE_60 PAUSE_60 PAUSE_60 PAUSE_60 SPEAKER NEWLINE LINE PAUSE_60 PAUSE_60 PAUSE_60 PAUSE_60 PAUSE_60 END	E9:B474	CC 47 72 72 21 01 59 6F 75 01 6B 6E 65 77 01 77 68 61 74 01 49 C8 77 6F 75 6C 64 01 64 6F 01 61 6E 64 01 77 61 69 74 65 64 01 68 65 72 65 01 66 6F 72 C8 6D 65 3F 01 59 6F 75 01 72 65 61 6C 6C 79 01 61 72 65 01 74 68 65 01 77 6F 72 73 74 21 CB CB CB CB CB CC 49 01 61 6D 01 67 65 74 74 69 6E 67 01 6F 75 74 01 6F 66 01 68 65 72 65 C8 73 6F 6D 65 64 61 79 2C 01 79 6F 75 01 62 61 6C 64 01 6F 6C 64 01 67 65 65 7A 65 72 21 C3 CB CB CB CB CB C0	1CC 017 03E 001 010 01F 01B 028 033 038 019 023 03C 1C8 03B 015 03E 022 022 001 16B 020 084 02B 01D 01C 038 024 03D 022 1C8 02D 03D 023 025 001 011 033 024 033 021 027 1CB 1CB 1CB 1CB 1CB 1C8 1CC 015 024 036 084 01C 001 025 084 018 022 033 038 03B 07A 1C8 019 028 001 05B 084 04A 084 01B 084 01B 011 07A 1C3 1CB 1CB 1CB 1CB 1CB 1C0
04	B7	0x04B7	"<SPEAKER>「お嬢様 おねがいですから
おとなしくしてくださいよお!<PAUSE_60><PAUSE_60><PAUSE_60><PAUSE_60><PAUSE_60>"	"<SPEAKER>My lady, please!
Just behave yourself!<PAUSE_60><PAUSE_60><PAUSE_60><PAUSE_60><PAUSE_60>"			SPEAKER NEWLINE PAUSE_60 PAUSE_60 PAUSE_60 PAUSE_60 PAUSE_60 END	E9:B507	CC 4D 79 01 6C 61 64 79 2C 01 70 6C 65 61 73 65 21 C8 4A 75 73 74 01 62 65 68 61 76 65 01 79 6F 75 72 73 65 6C 66 21 CB CB CB CB CB C0	1CC 014 0D8 0D9 001 014 027 084 015 011 084 022 01C 015 036 1C8 014 023 024 01B 017 01B 022 017 084 01F 01A 011 035 014 07A 1CB 1CB 1CB 1CB 1CB 1C0
04	B8	0x04B8	"<SPEAKER>「いたいわね!
あんたも グルね!<PAUSE_60><PAUSE_60><PAUSE_60><PAUSE_60><PAUSE_60>"	"<SPEAKER>Ow! You
are in on this too!<PAUSE_60><PAUSE_60><PAUSE_60><PAUSE_60><PAUSE_60>"			SPEAKER NEWLINE PAUSE_60 PAUSE_60 PAUSE_60 PAUSE_60 PAUSE_60 END	E9:B534	CC 4F 77 21 01 59 6F 75 C8 61 72 65 01 69 6E 01 6F 6E 01 74 68 69 73 01 74 6F 6F 21 CB CB CB CB CB C0	1CC 011 01F 011 03B 027 07A 1C8 010 03D 01F 032 001 084 049 06A 027 07A 1CB 1CB 1CB 1CB 1CB 1C0
04	B9	0x04B9	"<SPEAKER>「げふぉっふぉっふぉ
何をやっても われわれからは
にげられませんよ!<PAUSE_60><PAUSE_60><PAUSE_60><PAUSE_60><PAUSE_60>
<SPEAKER>「あきらめて くだされ

<PAUSE_60><PAUSE_60><PAUSE_60>"	"<SPEAKER>Geh-ho-ho-ho! No
matter what you try,
you cannot escape us!<PAUSE_60><PAUSE_60><PAUSE_60><PAUSE_60><PAUSE_60><SPEAKER>Please give up, my lady.<LINE><LINE><PAUSE_60><PAUSE_60><PAUSE_60>"			SPEAKER NEWLINE NEWLINE PAUSE_60 PAUSE_60 PAUSE_60 PAUSE_60 PAUSE_60 SPEAKER LINE LINE PAUSE_60 PAUSE_60 PAUSE_60 END	E9:B556	CC 47 65 68 2D 68 6F 2D 68 6F 2D 68 6F 21 01 4E 6F C8 6D 61 74 74 65 72 01 77 68 61 74 01 79 6F 75 01 74 72 79 2C C8 79 6F 75 01 63 61 6E 6E 6F 74 01 65 73 63 61 70 65 01 75 73 21 CB CB CB CB CB CC 50 6C 65 61 73 65 01 67 69 76 65 01 75 70 2C 01 6D 79 01 6C 61 64 79 2E C3 C3 CB CB CB C0	1CC 084 018 02B 082 03E 02B 082 03E 02B 082 1C8 093 03C 033 03E 022 032 001 03B 039 03B 039 015 036 029 1C8 025 084 018 036 039 02E 01D 03D 035 07A 1CB 1CB 1CB 1CB 1CB 1C8 1CC 010 016 036 031 022 001 017 084 01F 01A 039 1C3 1C3 1CB 1CB 1CB 1C0
04	BA	0x04BA	"<SPEAKER>「ヨシオぬかったわね
向こうのドアが あいてるわよ!<PAUSE_60><PAUSE_60><PAUSE_60><PAUSE_60>"	"<SPEAKER>Yoshio, you slipped up!
That door over there is open!<PAUSE_60><PAUSE_60><PAUSE_60><PAUSE_60>"			SPEAKER NEWLINE PAUSE_60 PAUSE_60 PAUSE_60 PAUSE_60 END	E9:B5B6	CC 59 6F 73 68 69 6F 2C 01 79 6F 75 01 73 6C 69 70 70 65 64 01 75 70 21 C8 54 68 61 74 01 64 6F 6F 72 01 6F 76 65 72 01 74 68 65 72 65 01 69 73 01 6F 70 65 6E 21 CB CB CB CB C0	1CC 067 04D 046 026 015 03E 01F 03B 027 1C8 1AB 019 012 028 084 055 042 084 015 001 010 011 022 038 03B 035 07A 1CB 1CB 1CB 1CB 1C0
04	BB	0x04BB	<SPEAKER>「しかたがありませんな<PAUSE_60><PAUSE_60><PAUSE_60><PAUSE_60>	<SPEAKER>It cannot be helped.<PAUSE_60><PAUSE_60><PAUSE_60><PAUSE_60>			SPEAKER PAUSE_60 PAUSE_60 PAUSE_60 PAUSE_60 END	E9:B5F1	CC 49 74 01 63 61 6E 6E 6F 74 01 62 65 01 68 65 6C 70 65 64 2E CB CB CB CB C0	1CC 01B 015 01F 084 015 010 037 02E 01D 03D 024 1CB 1CB 1CB 1CB 1C0
04	BC	0x04BC	"<SPEAKER>「そんなものには
あたらないよーだっ!<PAUSE_60><PAUSE_60><PAUSE_60><PAUSE_60>"	"<SPEAKER>Like that
could ever hit me!<PAUSE_60><PAUSE_60><PAUSE_60><PAUSE_60>"			SPEAKER NEWLINE PAUSE_60 PAUSE_60 PAUSE_60 PAUSE_60 END	E9:B60B	CC 4C 69 6B 65 01 74 68 61 74 C8 63 6F 75 6C 64 01 65 76 65 72 01 68 69 74 01 6D 65 21 CB CB CB CB C0	1CC 01E 03D 024 032 028 025 029 1C8 010 01F 036 024 011 035 078 084 01F 03E 07A 1CB 1CB 1CB 1CB 1C0
04	BD	0x04BD	"<SPEAKER>「な なんですと
と とりゃー<PAUSE_60><PAUSE_60><PAUSE_60><PAUSE_60>"	<SPEAKER>W-what?! T-take this!<PAUSE_60><PAUSE_60><PAUSE_60><PAUSE_60>			SPEAKER PAUSE_60 PAUSE_60 PAUSE_60 PAUSE_60 END	E9:B62D	CC 57 2D 77 68 61 74 3F 21 01 54 2D 74 61 6B 65 01 74 68 69 73 21 CB CB CB CB C0	1CC 024 001 024 03D 084 022 01C 023 1C8 023 001 023 037 03F 078 1CB 1CB 1CB 1CB 1C0
04	BE	0x04BE	"<SPEAKER>「ヨ ヨシオさまー
やめてくだされー 火じだー<PAUSE_60><PAUSE_60><PAUSE_60><PAUSE_60>"	"<SPEAKER>L-Lord Yoshio!
Stop! There is a fire!<PAUSE_60><PAUSE_60><PAUSE_60><PAUSE_60>"			SPEAKER NEWLINE PAUSE_60 PAUSE_60 PAUSE_60 PAUSE_60 END	E9:B648	CC 4C 2D 4C 6F 72 64 01 59 6F 73 68 69 6F 21 C8 53 74 6F 70 21 01 54 68 65 72 65 01 69 73 01 61 01 66 69 72 65 21 CB CB CB CB C0	1CC 067 001 067 04D 046 01A 02E 078 1C8 033 031 022 017 084 01F 01A 039 078 001 110 084 01B 084 01F 078 1CB 1CB 1CB 1CB 1C0
04	BF	0x04BF	<SPEAKER>「お お嬢様ー<PAUSE_60><PAUSE_60><PAUSE_60><PAUSE_60>	<SPEAKER>M-my lady!<PAUSE_60><PAUSE_60><PAUSE_60><PAUSE_60>			SPEAKER PAUSE_60 PAUSE_60 PAUSE_60 PAUSE_60 END	E9:B673	CC 4D 2D 6D 79 01 6C 61 64 79 21 CB CB CB CB C0	1CC 014 001 014 0D8 0D9 078 1CB 1CB 1CB 1CB 1C0
04	C0	0x04C0	"<SPEAKER>「帰るまでには
家を なおしておいてね<PAUSE_60><PAUSE_60><PAUSE_60><PAUSE_60><PAUSE_60>"	"<SPEAKER>Fix the house
before I get back, okay?<PAUSE_60><PAUSE_60><PAUSE_60><PAUSE_60><PAUSE_60>"			SPEAKER NEWLINE PAUSE_60 PAUSE_60 PAUSE_60 PAUSE_60 PAUSE_60 END	E9:B683	CC 46 69 78 01 74 68 65 01 68 6F 75 73 65 C8 62 65 66 6F 72 65 01 49 01 67 65 74 01 62 61 63 6B 2C 01 6F 6B 61 79 3F CB CB CB CB CB C0	1CC 13D 038 02E 084 022 025 029 1C8 161 03C 001 024 014 01B 022 014 011 022 027 1CB 1CB 1CB 1CB 1CB 1C0
04	C1	0x04C1	"<CLEAR>
ビーカーの中に
まものエキスを みつけた"	"<CLEAR>Lady found Monster
Extract inside the beaker."			CLEAR NEWLINE END	E9:B6B0	D0 4C 61 64 79 01 66 6F 75 6E 64 01 4D 6F 6E 73 74 65 72 C8 45 78 74 72 61 63 74 01 69 6E 73 69 64 65 01 74 68 65 01 62 65 61 6B 65 72 2E C0	1D0 084 05C 078 047 078 028 0A1 025 1C8 02E 032 028 045 048 04E 03C 001 02F 021 018 01F 1C0
04	C2	0x04C2	"<CLEAR>
ビーカーの中に
まものエキスが 入っている
持っていきますか?"	"<CLEAR>There is Monster Extract
inside the beaker. Take it?"			CLEAR NEWLINE END	E9:B6DF	D0 54 68 65 72 65 01 69 73 01 4D 6F 6E 73 74 65 72 01 45 78 74 72 61 63 74 C8 69 6E 73 69 64 65 01 74 68 65 01 62 65 61 6B 65 72 2E 01 54 61 6B 65 01 69 74 3F C0	1D0 084 05C 078 047 078 028 0A1 025 1C8 02E 032 028 045 048 04E 084 015 001 08E 03E 022 011 038 1C8 0D3 03E 022 011 016 02E 01C 015 079 1C0
04	C3	0x04C3	"<SPEAKER>「もしもし! こちらデスランド
テレショッピングサーヴィスだ!
まいど ありがとうよ!<WAIT><SPEAKER>「どこでも 一発道具を
おとどけするぜ!"	"<SPEAKER>Hello! Deathland
Teleshopping Service here!
Thanks for your business!<WAIT><SPEAKER>We deliver useful
items anywhere, instantly!"			SPEAKER NEWLINE NEWLINE WAIT SPEAKER NEWLINE END	E9:B715	CC 48 65 6C 6C 6F 21 01 44 65 61 74 68 6C 61 6E 64 C8 54 65 6C 65 73 68 6F 70 70 69 6E 67 01 53 65 72 76 69 63 65 01 68 65 72 65 21 C8 54 68 61 6E 6B 73 01 66 6F 72 01 79 6F 75 72 01 62 75 73 69 6E 65 73 73 21 C5 CC 57 65 01 64 65 6C 69 76 65 72 01 75 73 65 66 75 6C C8 69 74 65 6D 73 01 61 6E 79 77 68 65 72 65 2C 01 69 6E 73 74 61 6E 74 6C 79 21 C0	1CC 032 01B 032 01B 07A 001 019 020 036 084 054 04E 068 06F 084 055 1C8 054 06B 04D 073 070 083 05C 06F 084 049 04C 078 084 044 075 04E 084 01F 07A 1C8 02E 011 084 023 001 010 037 084 015 023 012 035 07A 1C5 1CC 084 023 019 084 022 032 001 0AF 0C8 0C7 124 03C 1C8 014 023 084 023 018 01C 038 084 01D 07A 1C0
